question,context,initial_answer,answer,retrieve_time_sec,generate_time_sec
"According to IEEE Standard 729 terminology, what is a fault?","
[0]
[SECTION]: Why Software Engineering? > 1.2 How Successful Have We Been? > SIDEBAR 1.1 TERMINOLOGY FOR DESCRIBING BUGS
[CONTENT]: O ften, we talk about 'bugs'in software,meaning many things that depend on the context.A 'bug' can be a mistake in interpreting a requirement, a syntax error in a piece of code, or the (as-yet-unknown) cause of a system crash. The Institute of Electrical and Electronics Engineers (IEEE) has suggested a standard terminology (in IEEE Standard 729) for describing 'bugs' in our software products (IEEE 1983).
A fault occurs when a human makes a mistake, called an error , in performing some software activity. For example, a designer may misunderstand a requirement and create a design that does not match the actual intent of the requirements analyst and the user.This design fault is an encoding of the error, and it can lead to other faults, such as incorrect code and an incorrect description in a user manual.Thus, a single error can generate many faults, and a fault can reside in any development or maintenance product.
A failure is a departure from the system's required behavior. It can be discovered before or after system delivery, during testing, or during operation and maintenance. As we will see in Chapter 4, the requirements documents can contain faults. So a failure may indicate that the system is not performing as required, even though it may be performing as specified.
Thus, a  fault  is  an  inside  view  of  the  system, as  seen  by  the  eyes  of  the  developers, whereas a failure is an outside view: a problem that the user sees. Not every fault corresponds to a failure; for example, if faulty code is never executed or a particular state is never entered, then the fault will never cause the code to fail. Figure 1.4 shows the genesis of a failure.
[FIGURE 1.4 How human error causes a failure.] 
[FIGURE_DESCRIPTIONS]
[0] Diagram showing a human figure sitting in a chair on the left, labeled as 'human error' with a stack of blocks or scribbled cube above head, connected by an arrow to a central icon of a bug representing 'fault'. To the right of the fault icon, another arrow leads to a large question mark and exclamations '?!' indicating a potential 'failure' state. Text elements include 'can lead to' between each stage. The visual chain illustrates a causal sequence: human error → fault → failure, highlighting the propagation of errors into system faults and eventual failures. The minimalistic icons emphasize sequential progression with a linear flow, using simple black icons on a light background. The left figure appears seated with a disorganized stack, suggesting ergonomic or cognitive misstep. Overall, the diagram conveys error propagation in a reliability or safety context.



[1]
[SECTION]: Designing the Architecture > 5.5 Achieving Quality Attributes > SIDEBAR 5.6 THE NEED FOR SAFE DESIGN
[CONTENT]: How do faults occur? As we saw in Chapter 1, a fault in a software product is the result  of  some  human  error. For  example, we  might  misunderstand  a  user-interface requirement and create a design that reflects our misunderstanding. The design fault can be propagated as incorrect code, incorrect instructions in the user manual, or incorrect test scripts. In this way, a single error can generate one or more faults, in one or more development products.
We distinguish faults from failures. A failure is an observable departure of the system from its required behavior. Failures can be discovered both before and after system delivery,because they can occur in testing as well as during operation.In some sense,faults and failures refer respectively to invisible and visible flaws. In other words, faults represent flaws that only developers see, whereas failures are problems that users or customers see.
It is important to realize that not every fault corresponds to a failure, since the conditions  under  which  a  fault  manifests  itself  as  an  observable  failure  may  never be met. For example, fault-containing code may never be executed or may not exceed the boundaries of correct behavior (as with Ariane-4).
We make our software more reliable by preventing or tolerating faults. That is, rather than waiting for the software to fail and then fixing the problem, we anticipate what might happen and construct the system to react in an acceptable way.
Active Fault Detection. When we design a system to wait until a failure occurs during execution, we are practicing passive fault detection . However, if we periodically check for symptoms of faults, or try to anticipate when failures will occur, we are performing active fault detection . A common method for detecting faults within a process is  to  identify  known exceptions -that is, situations that cause the system to deviate from its desired behavior. Then, we include exception handling in our design, so that the system addresses each exception in a satisfactory way and returns the system to an acceptable state.Thus, for each service we want our system to provide, we identify ways it may fail and ways to detect that it has failed.Typical exceptions include For example, we can detect data problems by identifying relationships or invariants that should hold among data values and checking regularly at runtime that these invariants still hold at runtime. Such checks can be embedded in the same code that manipulates the data. We say more in Chapter 6 about how to use exceptions and exception handling effectively.
 - failing to provide a service
 - providing the wrong service
 - corrupting data
 - violating a system invariant (e.g., security property)
 - deadlocking


[2]
[SECTION]: Testing the Programs > 8.1 Software Faults And Failures > Types of Faults
[CONTENT]: For many systems, some of the hardware and related system software are prescribed in the requirements, and the components are designed according to the specifications of the reused or purchased programs. For example, if a prescribed modem is used for communications, the modem driver generates the commands expected by the modem and reads commands received from the modem. However, hardware and system software faults can arise when the supplied hardware and system software do not actually work according to the documented operating conditions and procedures.
Finally, the code should be reviewed to confirm that organizational standards and procedures have been followed. Standards and procedure faults may not always affect the running of the programs, but they may foster an environment where faults are created as the system is tested and modified. By failing to follow the required standards, one programmer may make it difficult for another to understand the code's logic or to find the data descriptions needed for solving a problem.
","[
  {
    ""role"": ""sentence"",
    ""segment"": ""A fault occurs when a human makes a mistake, called an error, in performing some software activity."",
    ""citations"": [
      {
        ""type"": ""source_text"",
        ""content"": ""A fault occurs when a human makes a mistake, called an error , in performing some software activity."",
        ""img_id"": null
      }
      ,
      {
        ""type"": ""source_text"",
        ""content"": ""IEEE has suggested a standard terminology (in IEEE Standard 729) for describing 'bugs' in our software products (IEEE 1983)."",
        ""img_id"": null
      }
    ],
    ""type"": null
  }
]","A fault occurs when a human makes a mistake, called an error, in performing some software activity.",2.214,6.423
"According to IEEE Standard 729 terminology, what is a failure?","
[0]
[SECTION]: Why Software Engineering? > 1.2 How Successful Have We Been? > SIDEBAR 1.1 TERMINOLOGY FOR DESCRIBING BUGS
[CONTENT]: O ften, we talk about 'bugs'in software,meaning many things that depend on the context.A 'bug' can be a mistake in interpreting a requirement, a syntax error in a piece of code, or the (as-yet-unknown) cause of a system crash. The Institute of Electrical and Electronics Engineers (IEEE) has suggested a standard terminology (in IEEE Standard 729) for describing 'bugs' in our software products (IEEE 1983).
A fault occurs when a human makes a mistake, called an error , in performing some software activity. For example, a designer may misunderstand a requirement and create a design that does not match the actual intent of the requirements analyst and the user.This design fault is an encoding of the error, and it can lead to other faults, such as incorrect code and an incorrect description in a user manual.Thus, a single error can generate many faults, and a fault can reside in any development or maintenance product.
A failure is a departure from the system's required behavior. It can be discovered before or after system delivery, during testing, or during operation and maintenance. As we will see in Chapter 4, the requirements documents can contain faults. So a failure may indicate that the system is not performing as required, even though it may be performing as specified.
Thus, a  fault  is  an  inside  view  of  the  system, as  seen  by  the  eyes  of  the  developers, whereas a failure is an outside view: a problem that the user sees. Not every fault corresponds to a failure; for example, if faulty code is never executed or a particular state is never entered, then the fault will never cause the code to fail. Figure 1.4 shows the genesis of a failure.
[FIGURE 1.4 How human error causes a failure.] 
[FIGURE_DESCRIPTIONS]
[0] Diagram showing a human figure sitting in a chair on the left, labeled as 'human error' with a stack of blocks or scribbled cube above head, connected by an arrow to a central icon of a bug representing 'fault'. To the right of the fault icon, another arrow leads to a large question mark and exclamations '?!' indicating a potential 'failure' state. Text elements include 'can lead to' between each stage. The visual chain illustrates a causal sequence: human error → fault → failure, highlighting the propagation of errors into system faults and eventual failures. The minimalistic icons emphasize sequential progression with a linear flow, using simple black icons on a light background. The left figure appears seated with a disorganized stack, suggesting ergonomic or cognitive misstep. Overall, the diagram conveys error propagation in a reliability or safety context.



[1]
[SECTION]: Testing the Programs > 8.1 Software Faults And Failures
[CONTENT]: In an ideal situation, we as programmers become so good at our craft that every program we produce works properly every time it is run. Unfortunately, this ideal is not reality. The difference between the two is the result of several things. First, many software systems deal with large numbers of states and with complex formulas, activities, and algorithms. In addition to that, we use the tools at our disposal to implement a customer's conception of a system when the customer is sometimes uncertain of exactly what is needed. Finally, the size of a project and the number of people involved can add complexity.Thus, the presence of faults is a function not just of the software, but also of user and customer expectations.
What do we mean when we say that our software has failed? Usually,we mean that the software does not do what the requirements describe. For example, the specification may state that the system must respond to a particular query only when the user is authorized to see the data. If the program responds to an unauthorized user, we say that the system has failed.The failure may be the result of any of several reasons:
 - The specification may be wrong or have a missing requirement. The specification may not state exactly what the customer wants or needs. In our example, the customer may actually want to have several categories of authorization, with each category having a different kind of access, but has never stated that need explicitly.
 - The specification  may  contain  a  requirement  that  is  impossible  to  implement, given the prescribed hardware and software.
 - The system design may contain a fault. Perhaps the database and query-language designs make it impossible to authorize users.
 - The program design may contain a fault. The component descriptions may contain an access control algorithm that does not handle this case correctly.
 - The program code may be wrong. It may implement the algorithm improperly or incompletely.
Thus, the failure is the result of one or more faults in some aspect of the system.
No matter how capably we write programs, it is clear from the variety of possible faults that we should check to ensure that our components are coded correctly. Many programmers view testing as a demonstration that their programs perform properly. However, the idea of demonstrating correctness is really the reverse of what testing is all about.We test a program to demonstrate the existence of a fault. Because our goal is to discover faults, we consider a test successful only when a fault is discovered or a failure occurs as a result of our testing procedures. Fault identification is the process of determining what fault or faults caused the failure, and fault correction or removal is the process of making changes to the system so that the faults are removed.


[2]
[SECTION]: Testing the Programs > 8.1 Software Faults And Failures > Types of Faults
[CONTENT]: For many systems, some of the hardware and related system software are prescribed in the requirements, and the components are designed according to the specifications of the reused or purchased programs. For example, if a prescribed modem is used for communications, the modem driver generates the commands expected by the modem and reads commands received from the modem. However, hardware and system software faults can arise when the supplied hardware and system software do not actually work according to the documented operating conditions and procedures.
Finally, the code should be reviewed to confirm that organizational standards and procedures have been followed. Standards and procedure faults may not always affect the running of the programs, but they may foster an environment where faults are created as the system is tested and modified. By failing to follow the required standards, one programmer may make it difficult for another to understand the code's logic or to find the data descriptions needed for solving a problem.
","[
  {
    ""role"": ""paragraph"",
    ""segment"": ""A failure is a departure from the system's required behavior. Not every fault corresponds to a failure; for example, if faulty code is never executed or a particular state is never entered, then the fault will never cause the code to fail."",
    ""citations"": [
      {
        ""type"": ""source_text"",
        ""content"": ""A failure is a departure from the system's required behavior."",
        ""img_id"": null
      },
      {
        ""type"": ""source_text"",
        ""content"": ""Not every fault corresponds to a failure; for example, if faulty code is never executed or a particular state is never entered, then the fault will never cause the code to fail."",
        ""img_id"": null
      }
    ],
    ""type"": null
  }
]","A failure is a departure from the system's required behavior. Not every fault corresponds to a failure; for example, if faulty code is never executed or a particular state is never entered, then the fault will never cause the code to fail.",1.73,4.206
"In Garvin's five perspectives on quality, what does the manufacturing view examine?","
[0]
[SECTION]: Why Software Engineering? > 1.3 What Is Good Software? > SIDEBAR 1.2 PERSPECTIVES ON QUALITY
[CONTENT]: G arvin (1984) discusses about how different people perceive quality. He describes quality from five different perspectives:
 - the transcendental view , where quality is something we can recognize but not define
 - the user view , where quality is fitness for purpose
 - the manufacturing view , where quality is conformance to specification
 - the product view , where quality is tied to inherent product characteristics
 - the value-based view , where quality depends on the amount the customer is willing to pay for it The transcendental view is much like Plato's description of the ideal or Aristotle's concept of form. In other words, just as every actual table is an approximation of an ideal table, we can think of software quality as an ideal toward which we strive; however, we may never be able to implement it completely.
The transcendental view is ethereal, in contrast to the more concrete view of the user. We take a user view when we measure product characteristics, such as defect density or reliability, in order to understand the overall product quality.
The manufacturing view looks at quality during production and after delivery. In particular, it examines whether the product was built right the first time, avoiding costly rework to fix delivered faults. Thus, the manufacturing view is a process view, advocating conformance to good process. However, there is little evidence that conformance to process actually results in products with fewer faults and failures; process may indeed lead to high-quality products, but it may possibly institutionalize the production of mediocre products.We examine some of these issues in Chapter 12.
The user and manufacturing views look at the product from the outside, but the product view peers inside and evaluates a product's inherent characteristics.This view is the one often advocated by software metrics experts; they assume that good internal quality indicators will lead to good external ones, such as reliability and maintainability. However, more research is needed to verify these assumptions and to determine which aspects of quality affect the product's actual use.We may have to develop models that link the product view to the user view.


[1]
[SECTION]: Why Software Engineering? > 1.3 What Is Good Software? > SIDEBAR 1.2 PERSPECTIVES ON QUALITY
[CONTENT]: Customers or marketers often take a user view of quality. Researchers sometimes hold a product view, and the development team has a manufacturing view. If the differences in viewpoints are not made explicit, then confusion and misunderstanding can lead to bad decisions and  poor  products. The  value-based  view  can  link  these  disparate  pictures  of  quality. By equating quality to what the customer is willing to pay, we can look at trade-offs between cost and  quality, and  we  can  manage  conflicts  when  they  arise. Similarly, purchasers  compare product costs with potential benefits, thinking of quality as value for money.
Kitchenham and Pfleeger (1996) investigated the answer to this question in their introduction to a special issue of IEEE Software on quality. They note that the context helps to determine the answer. Faults tolerated in word processing software may not be acceptable in safety-critical or mission-critical systems. Thus, we must consider quality in at least three ways: the quality of the product, the quality of the process that results in the product, and the quality of the product in the context of the business environment in which the product will be used.


[2]
[SECTION]: Why Software Engineering? > 1.3 What Is Good Software? > Quality in the Context of the Business Environment
[CONTENT]: When the focus of quality assessment is on products and processes, we usually measure quality with mathematical expressions involving faults, failures, and timing. Rarely is the scope broadened to include a business perspective, where quality is viewed in terms of the products and services being provided by the business in which the software is embedded. That is, we look at the technical value of our products, rather than more broadly at their business value, and we make decisions based only on the resulting products' technical quality. In other words, we assume that improving technical quality will automatically translate into business value.
Several researchers have taken a close look at the relationships between business value and technical value. For example, Simmons interviewed many Australian businesses  to  determine  how  they  make  their  information  technology-related  business decisions. She  proposes  a  framework  for  understanding  what  companies  mean  by 'business value' (Simmons 1996). In a report by Favaro and Pfleeger (1997), Steve Andriole, chief information officer for Cigna Corporation, a large U.S. insurance company, described how his company distinguishes technical value from business value:
We measure the quality [of our software] by the obvious metrics: up versus down time, maintenance costs, costs connected with modifications, and the like. In other words, we manage development based on operational performance within cost parameters. HOW the vendor provides cost-effective performance is less of a concern than the results of the effort. . . . The issue of business versus technical value is near and dear to our heart . . . and one [on] which we focus a great deal of attention. I guess I am surprised to learn that companies would contract with companies for their technical value, at the relative expense of business value. If anything, we err on the other side! If there is not clear (expected) business  value  (expressed  quantitatively: number  of  claims  processed, etc.)  then  we  can't launch a systems project. We take very seriously the 'purposeful' requirement phase of the project, when we ask:'why do we want this system?' and 'why do we care?'


[3]
[SECTION]: Why Software Engineering? > 1.3 What Is Good Software?
[CONTENT]: Just as manufacturers look for ways to ensure the quality of the products they produce, so too must software engineers find methods to ensure that their products are of acceptable quality and utility.Thus,good software engineering must always include a strategy for producing quality software.But before we can devise a strategy,we must understand what we mean by quality software. Sidebar 1.2 shows us how perspective influences what we mean by 'quality.' In this section, we examine what distinguishes good software from bad.
","[
  {
    ""role"": ""sentence"",
    ""segment"": ""The manufacturing view looks at quality during production and after delivery, and examines whether the product was built right the first time, avoiding costly rework to fix delivered faults."",
    ""citations"": [
      {
        ""type"": ""source_text"",
        ""content"": ""The manufacturing view looks at quality during production and after delivery. In particular, it examines whether the product was built right the first time, avoiding costly rework to fix delivered faults."",
        ""img_id"": null
      }
    ],
    ""type"": null
  }
]","The manufacturing view looks at quality during production and after delivery, and examines whether the product was built right the first time, avoiding costly rework to fix delivered faults.",2.206,3.546
What are the three categories into which participants in a software project usually fall?,"
[0]
[SECTION]: Why Software Engineering? > 1.4 Who Does Software Engineering?
[CONTENT]: A key component of software development is communication between customer and developer; if that fails, so too will the system. We must understand what the customer wants and needs before we can build a system to help solve the customer's problem.To do this, let us turn our attention to the people involved in software development.
The  number  of  people  working  on  software  development  depends  on  the project's  size  and  degree  of  difficulty. However, no  matter  how  many  people  are involved, the roles played throughout the life of the project can be distinguished.Thus, for a large project, one person or a group may be assigned to each of the roles identified; on a small project, one person or group may take on several roles at once.
Usually, the participants in a project fall into one of three categories: customer, user, or developer.The customer is the company, organization, or person who is paying for the software system to be developed.The developer is the company, organization, or person who is building the software system for the customer.This category includes any managers needed to coordinate and guide the programmers and testers.The user is the person or people who will actually use the system: the ones who sit at the terminal or submit the data or read the output. Although for some projects the customer, user, and developer are the same person or group,often these are different sets of people.Figure 1.7 shows the basic relationships among the three types of participants.
[FIGURE 1.7 Participants in software development.] 
[FIGURE_DESCRIPTIONS]
[0] Diagrammatic illustration of software development interaction among stakeholders. Left side shows a user with a label ‘USER’ and caption ‘Uses system’. A person at a desk labeled ‘CUSTOMER’ with a note ‘Sponsors system development’ is at top left, connected by a diagonal line to the developer on the right. The developer workstation is labeled ‘DEVELOPER’ with a person standing at a desk building a stack of blocks; a label ‘Builds system’ nearby. Between user and developer, arrows indicate flow of ‘Needs’ vs ‘Software system’ and ‘Contractual obligation’ and ‘SaaS’ style interaction. Top right shows “Sponsors system development” with dollar signs indicating funding. The diagram conveys the relationship: user needs feed software system through contractual obligations leading to a developed system. Visible text includes: USER, Uses system, CUSTOMER, Sponsors system development, DEVELOPER, Builds system, Needs, Software system, Contractual obligation. The image uses simple black-and-white line art with three primary actors and directional arrows illustrating flow and responsibility in a software project lifecycle.



[1]
[SECTION]: Why Software Engineering? > 1.4 Who Does Software Engineering?
[CONTENT]: The customer, being in control of the funds, usually negotiates the contract and signs  the  acceptance  papers. However, sometimes  the  customer  is  not  a  user. For example, suppose Wittenberg Water Works signs a contract with Gentle Systems, Inc., to build a computerized accounting system for the company. The president of Wittenberg may describe to the representatives of Gentle Systems exactly what is needed, and she will sign the contract. However, the president will not use the accounting system directly; the users will be the bookkeepers and accounting clerks.Thus,it is important that the developers understand exactly what both the customer and users want and need.
On the other hand, suppose Wittenberg Water Works is so large that it has its own computer systems development division.The division may decide that it needs an automated tool to keep track of its own project costs and schedules. By building the tool itself, the division is at the same time the user, customer, and developer.
In recent years, the simple distinctions among customer, user, and developer have become more complex. Customers and users have been involved in the development process in a variety of ways.The customer may decide to purchase Commercial Off-TheShelf ( COTS ) software to be incorporated in the final product that the developer will supply and support. When this happens, the customer is involved in system architecture decisions, and there are many more constraints on development. Similarly, the developer may choose to use additional developers, called subcontractors , who build a subsystem and deliver it to the developers to be included in the final product. The subcontractors may work side by side with the primary developers, or they may work at a different site,
coordinating their work with the primary developers and delivering the subsystem late in the development process. The subsystem may be a turnkey system , where the code is incorporated whole (without additional code for integration), or it may require a separate integration process for building the links from the major system to the subsystem(s).
Thus, the  notion  of 'system' is  important  in  software  engineering, not  only  for understanding the problem analysis and solution synthesis, but also for organizing the development process and for assigning appropriate roles to the participants. In the next section, we look at the role of a systems approach in good software engineering practice.


[2]
[SECTION]: Why Software Engineering? > 1.5 A Systems Approach
[CONTENT]: The projects we develop do not exist in a vacuum. Often, the hardware and software we put together must interact with users, with other software tasks, with other pieces of hardware, with existing databases (i.e., with carefully defined sets of data and data relationships), or even with other computer systems.Therefore, it is important to provide a context for any project by knowing the boundaries of the project: what is included in the project and what is not. For example, suppose you are asked by your supervisor to write  a  program  to  print  paychecks  for  the  people  in  your  office. You  must  know whether your program simply reads hours worked from another system and prints the results  or  whether you must also calculate the pay information. Similarly, you must know whether the program is to calculate taxes, pensions, and benefits or whether a report of these items is to be provided with each paycheck. What you are really asking is: Where does the project begin and end? The same question applies to any system. A system is a collection of objects and activities, plus a description of the relationships that tie the objects and activities together. Typically, our system definition includes, for each activity, a list of inputs required, actions taken, and outputs produced. Thus, to begin, we must know whether any object or activity is included in the system or not.
","[
  {
    ""role"": ""sentence"",
    ""segment"": ""The three categories are customer, user, or developer."",
    ""citations"": [
      {
        ""type"": ""source_text"",
        ""content"": ""Usually, the participants in a project fall into one of three categories: customer, user, or developer."",
        ""img_id"": null
      }
    ],
    ""type"": null
  }
]","The three categories are customer, user, or developer.",1.603,2.74
What is the purpose of McCall’s quality model?,"
[0]
[SECTION]: Evaluating Products, Processes, and Resources > 12.4 Evaluating Products > Product Quality Models
[CONTENT]: There are several quality models that suggest ways to tie together different quality attributes. Each model helps us to understand how the several facets contribute to the whole. Often, we narrow our focus and think only about faults and failures; these models show us that quality is much broader.When we evaluate the quality of development products, we must see this bigger picture.
Boehm's Model. There are many software quality models, and Boehm and colleagues have constructed one of the best-known, shown in Figure 12.2. It is similar to McCall's in that it presents a hierarchy of characteristics, each of which contributes to overall quality (Boehm et al. 1978). Note that Boehm's notion of successful software includes the needs and expectations of users, as does McCall's; however, Boehm also includes characteristics of hardware performance that are missing in the McCall model. Let us examine Boehm's model in more detail.
Boehm's model begins with the general utility of the software. Thus, Boehm and his colleagues are asserting that first and foremost, a software system must be useful. If it is not, then its development has been a waste of time, money, and effort.We can consider utility in several ways, corresponding to the types of users who remain involved once the system is delivered.
The first type of user is the original customer, who is pleased with the utility of the system if it does what the customer wants it to do. However, there may be others who want to use the system on another computer or at another location. In this case, the system must be portable so that it can be moved from one computer to another and still function properly. The system should also be portable in a slightly different sense. Sometimes, an overall configuration remains the same, but the hardware or software is upgraded to a newer model or version. In this case, the system should be able to be moved to the new or different model or version without disturbing the functionality of the system. For example, if one programming language compiler is replaced by another compiler for the same language, the system's functions should not be degraded.Thus, the second type of user of a system is the one involved with this upgraded or changed system.
Finally, the third type of user is the programmer who maintains the system, making any changes that may be needed as customer requirements change or as errors are detected. Programmers must be able to locate the source of an error, find the modules that perform a particular function, understand the code, and modify it.
All three types of users hope that the system is reliable and efficient.As we noted in Chapter 9, reliability means that the system runs properly for very long periods of time without failure. According to Boehm's model, many software characteristics contribute to reliability, including accuracy, robustness, and completeness. In particular, if the system produces the correct result to the correct degree of accuracy, we say that the system has integrity , an attribute necessary for reliability. Moreover, if the same set of input data is submitted to the system many times under the same conditions, the results should match; this characteristic is called consistency of function.


[1]
[SECTION]: Evaluating Products, Processes, and Resources > 12.4 Evaluating Products
[CONTENT]: We have seen that software development produces a large number of artifacts: requirements, designs, code components, test cases, test scripts, user guides, cross-references, and more.In each case, we can examine a product to determine if it has desirable attributes.That is, we can ask whether a document, file, or system has certain properties, such as completeness, consistency, reliability, or maintainability. And we can use the notions of quality, such as the McCall model introduced in Chapter 1, to provide a framework for our questions.


[2]
[SECTION]: Why Software Engineering? > 1.3 What Is Good Software? > The Quality of the Product
[CONTENT]: [FIGURE 1.5 McCall's quality model.] 
[FIGURE_DESCRIPTIONS]
[0] Diagram illustrating a mapping between qualitative software quality attributes. Left column lists core non-functional requirements and quality characteristics such as Correctness, Reliability, Efficiency, Integrity, Usability, Maintainability, Testability, Flexibility, Portability, Reusability, and Interoperability. Each item connects via arrows to right-side labels representing measurable or observable properties (e.g., Traceability, Consistency, Accuracy, Error tolerance, Availability, Training, Adaptability, Simplicity, Instrumentation, Self-descriptiveness, Resources, Generality, Modularity). The right column includes terms like Flexibility, Consistency, Accessibility, Availability, Efficiency, Integrity, Adaptability, Common sense, and Managed dimensions. The diagram emphasizes relationships between high-level quality attributes and their concrete indicators or sub-attributes, forming a network of interdependencies. Visual cues show multi-edge connectivity, with several left nodes linking to multiple right nodes, suggesting cross-cutting quality concerns and traceability paths within software engineering theory and practice. Readable labels are aligned in two vertical stacks with connecting arrows indicating dependency and influence flows.



[3]
[SECTION]: Why Software Engineering? > 1.3 What Is Good Software? > The Quality of the Process
[CONTENT]: There are many activities that affect the ultimate product quality; if any of the activities go awry, the product quality may suffer. For this reason, many software engineers feel that the quality of the development and maintenance process is as important as product quality. One of the advantages of modeling the process is that we can examine it and look for ways to improve it. For example, we can ask questions such as:
 - Where and when are we likely to find a particular kind of fault?
 - How can we find faults earlier in the development process?
 - How can we build in fault tolerance so that we minimize the likelihood that a fault will become a failure?
 - How can we design secure, high-quality systems?
 - Are there alternative activities that can make our process more effective or efficient at ensuring quality?
These questions can be applied to the whole development process or to a subprocess, such as configuration management, reuse, or testing; we will investigate these processes in later chapters.
In the 1990s, there was a well-publicized focus on process modeling and process improvement  in  software  engineering. Inspired  by  the  work  of  Deming  and  Juran, and implemented by companies such as IBM, process guidelines such as the Capability Maturity Model (CMM), ISO 9000, and Software Process Improvement and Capability dEtermination (SPICE) suggested that by improving the software development process, we can improve the quality of the resulting products.In Chapter 2,we will see how to identify relevant process activities and model their effects on intermediate and final products. Chapters 12 and 13 will examine process models and improvement frameworks in depth.
","[
  {
    ""role"": ""paragraph"",
    ""segment"": ""The McCall quality model is used to provide a framework for evaluating software quality, guiding questions about what makes a product desirable."",
    ""citations"": [
      {
        ""type"": ""source_text"",
        ""content"": ""we can examine a product to determine if it has desirable attributes."",
        ""img_id"": null
      },
      {
        ""type"": ""source_text"",
        ""content"": ""And we can use the notions of quality, such as the McCall model introduced in Chapter 1, to provide a framework for our questions."",
        ""img_id"": null
      }
    ],
    ""type"": null
  }
]","The McCall quality model is used to provide a framework for evaluating software quality, guiding questions about what makes a product desirable.",1.679,6.294
"What does a software engineer focus on, as opposed to investigating hardware design or proving algorithms?","
[0]
[SECTION]: The Future of Software Engineering > 14.4 The Professionalization Of Software Engineering: Licensing, Certification, And Ethics > Software Engineering Education
[CONTENT]: A traditional engineering education also includes a solid foundation in mathematics and science and an exposure to other engineering disciplines. Engineers use mathematics to model and analyze their designs. A science background is important because engineers must understand how to react to and control the physical world. Exposure to other engineering disciplines helps an engineer to understand and work more effectively with engineers from other disciplines, and to build components that interoperate better with other engineered components.
Software  engineering  courses  build  on  these  foundations  in  computing  and engineering, and introduce the concepts that we cover in this book, including requirements elicitation, software design principles, technical documentation, project management, testing, and verification. In addition, a software engineering curriculum is likely to  include  nontechnical  courses  in  communications, humanities, and  social  sciences. Software engineering projects tend to involve large numbers of people, so software engineers need to understand the dynamics of group interaction to know how to motivate individuals to pursue a common goal. They need to consider the impact of their technology on users and on society as a whole, and they may need to make decisions that take human and social values into account. They may also have to interact with specialists  from  other  disciplines  who  have  varied  levels  of  software  expertise. This work calls for strong communication, business, and reasoning skills.
As such, software engineering is more general, is more applied, and has a broader scope than computer science. At its core, computer science focuses on data, data transformation, and algorithms; advanced courses present designs and programming techniques for specific  application  domains. In  contrast, software  engineering  focuses  on building software products. It looks at all the activities involved in developing a software system from initial idea to final product. Moreover, software engineering design concepts tend  to  focus  on  general-purpose  design  principles, patterns, and  criteria; advanced courses present design and analysis techniques that scale to large software systems.


[1]
[SECTION]: Why Software Engineering? > 1.1 What Is Software Engineering? > Where Does the Software Engineer Fit In?
[CONTENT]: To understand how a software engineer fits into the computer science world, let us look to another discipline for an example. Consider the study of chemistry and its use to solve problems. The chemist investigates chemicals: their structure, their interactions, and  the  theory  behind  their  behavior. Chemical  engineers  apply  the  results  of  the chemist's studies to a variety of problems. Chemistry as viewed by chemists is the object of study. On the other hand, for a chemical engineer, chemistry is a tool to be used to address a general problem (which may not even be 'chemical' in nature).
We can view computing in a similar light. We can concentrate on the computers and programming languages, or we can view them as tools to be used in designing and implementing a solution to a problem. Software engineering takes the latter view, as shown in  Figure  1.3. Instead  of  investigating  hardware  design  or  proving  theorems about how algorithms work,a software engineer focuses on the computer as a problemsolving tool. We will see later in this chapter that a software engineer works with the functions of a computer as part of a general solution, rather than with the structure or theory of the computer itself.
[FIGURE 1.3 The relationship between computer science and software engineering.] 
[FIGURE_DESCRIPTIONS]
[0] Flowchart diagram illustrating a software engineering workflow. At the top left, a rectangular box labeled 'COMPUTER SCIENCE' connects downward to a hexagonal node labeled 'Theories', and to the right a hexagonal node labeled 'Computer Functions' receiving arrows from the top box. On the top right, a rectangular box labeled 'CUSTOMER' links downward to a hexagonal node labeled 'Problem'. All three branches funnel into a central rectangular box labeled 'SOFTWARE ENGINEERING' via arrows from 'Theories' and 'Computer Functions' and directly from 'Problem'. From 'SOFTWARE ENGINEERING', a downward arrow leads to a hexagonal node labeled 'Tools and Techniques to Solve Problem'. The diagram emphasizes a hierarchical flow from foundational domains through problem-driven inputs to actionable toolsets. Visible text includes exact labels: COMPUTER SCIENCE, Theories, Computer Functions, CUSTOMER, Problem, SOFTWARE ENGINEERING, Tools and Techniques to Solve Problem. Diagram uses a combination of rectangular and hexagonal shapes with arrows indicating data or process flow, suggesting a model of theory and function feeding software engineering practice and eventual solution methods.



[2]
[SECTION]: Why Software Engineering? > 1.1 What Is Software Engineering?
[CONTENT]: As software engineers, we use our knowledge of computers and computing to help solve problems. Often the problem with which we are dealing is related to a computer or an existing computer system, but sometimes the difficulties underlying the problem have nothing to do with computers.Therefore, it is essential that we first understand the nature of the problem. In particular, we must be very careful not to impose computing machinery or techniques on every problem that comes our way. We must solve the problem first. Then, if need be, we can use technology as a tool to implement our solution. For the remainder of this book, we assume that our analysis has shown that some kind of computer system is necessary or desirable to solve a particular problem at hand.


[3]
[SECTION]: Why Software Engineering? > 1.6 An Engineering Approach
[CONTENT]: Once we understand the system's nature, we are ready to begin its construction.At this point, the 'engineering' part of software engineering becomes relevant and complements what we have done so far. Recall that we began this chapter by acknowledging that writing software is an art as well as a science.The art of producing systems involves the craft of software production. As artists, we develop techniques and tools that have proven helpful in producing useful, high-quality products. For instance, we may use an optimizing compiler as a tool to generate programs that run fast on the machines we are using. Or we can include special sort or search routines as techniques for saving time or space in our system. These software-based techniques are used just as techniques and tools are used in crafting a fine piece of furniture or in building a house. Indeed, a popular collection of programming tools is called the Programmer's Workbench, because programmers rely on them as a carpenter relies on a workbench.
Because building a system is similar to building a house, we can look to house building for other examples of why the 'artistic' approach to software development is important.
","[
  {
    ""role"": ""sentence"",
    ""segment"": ""Instead of investigating hardware design or proving theorems about how algorithms work, a software engineer focuses on the computer as a problem-solving tool."",
    ""citations"": [
      {
        ""type"": ""source_text"",
        ""content"": ""Instead of investigating hardware design or proving theorems about how algorithms work,a software engineer focuses on the computer as a problemsolving tool."",
        ""img_id"": null
      }
    ],
    ""type"": null
  }
]","Instead of investigating hardware design or proving theorems about how algorithms work, a software engineer focuses on the computer as a problem-solving tool.",1.813,4.36
What is an abstraction?,"
[0]
[SECTION]: Designing the Modules > 6.2 Design Principles > Abstraction
[CONTENT]: An abstraction is a model or representation that omits some details so that it can focus on other details. The definition is vague about which details are left out of a model,
because  different  abstractions, built  for  different  purposes, omit  different  kinds  of details. For this reason, it may be easier to understand the general notion of abstraction by reviewing the types of abstractions we have encountered already.
We  discussed  decomposition  in  Chapter  5. Figure  5.5  was  an  example  of  a decomposition hierarchy : a frequently used form of abstraction in which the system is divided into subsystems, which in turn are divided into sub-subsystems, and so on. The top level of the decomposition provides a system-level overview of the solution, hiding details that might otherwise distract us from the design functions and features we want to study and understand.As we move to lower levels of abstraction, we find more detail about each software unit, in terms of its major elements and the relations among those elements. In this way, each level of abstraction hides information about how its elements  are  further  decomposed. Instead, each  element  is  described  by  an interface specification , another type of abstraction that focuses on the element's external behaviors and avoids any reference to the element's internal design details; those details are revealed in models at the next level of decomposition.
As we saw in Chapter 5, there may not be a single decomposition of the system. Rather, we  may  create  several  decompositions  that  show  different  structures. For instance, one view may show the system's different runtime processes and their interconnections, and another view may show the system's decomposition into code units. Each of these views is an abstraction that highlights one aspect of the system's structural  design  (e.g., runtime  processes)  and  ignores  other  structural  information  (e.g., code units) and nonstructural details.
A fourth type of abstraction is the virtual machine , such as that in a layered architecture. Each layer i in the architecture uses the services provided by the layer i -1 below it, to create more powerful and reliable services, which it then offers to the layer i + 1 above it. Recall that in a true layered architecture, a layer can access only those services offered by the layer directly below it, and cannot access the services of lowerlevel layers (and certainly not the services of the higher-level layers).As such, layer i is a virtual machine that abstracts away the details of the lower-level layers and presents only its services to the next layer; the guiding design principle is that layer i 's services are improvements over the lower-layers' services and thus supersede them.


[1]
[SECTION]: Designing the Modules > 6.2 Design Principles > Abstraction
[CONTENT]: The key to writing good abstractions is determining, for a particular model, which details  are  extraneous  and  can  therefore  be  ignored. The  nature  of  the  abstraction depends on why we are building the model in the first place: what information we want to communicate, or what analysis we want to perform. Sidebar 6.3 illustrates how we can model different abstractions of an algorithm for different purposes.


[2]
[SECTION]: The Future of Software Engineering > 14.1 How Have We Done? > Wasserman's Steps to Maturity
[CONTENT]: We began this book by presenting Wasserman's eight steps toward a more mature discipline of software engineering. Having examined current software engineering practices in  more  depth  in  the  intervening  chapters, we  return  to  Wasserman's  points  as  a roadmap for future work.
 - Abstraction . We have seen how abstraction helps us to focus on the essence of a problem, and  how  it  differs  from  transformation. We  must  continue  to  use abstraction to find patterns not only in designs and code but also in requirements, in work habits, in user preferences, in test cases and strategies, and in the general way we approach a problem and try to solve it. Abstraction can be the basis for new ways of learning, teaching, and problem solving.
 - Analysis  and  design  methods  and  notations. We  still  use  a  wide  variety  of methods and notations to represent our problems and solutions. Each of us has particular preferences, influenced by the ways we understand and learn. Some prefer pictorial representations, while others like text. Multimedia software also encourages us to represent things using color, sound, position, or other characteristics. But comfort and preference conflict with the goal of having a common notation understandable by all.The solution is not to abandon all but one method and notation. Rather, our goal should be to develop transformations from each representation and method to a common one, useful for discussion and archiving. Just as the European Union preserves its own languages but uses English for common communication and understanding, so can we find a common way to express our requirements and designs while preserving the value of alternative expressions.
 - User interface prototyping. The role of the user becomes more and more important as we inject software into critical areas of our lives. We must learn how the user thinks about problems and exercises solutions, so that our software supports and encourages the appropriate user behaviors. We have seen examples of software that prevents users from doing their jobs, or prevents businesses from providing new products and services. By concentrating on user needs and business needs, we can build products that are more responsive and useful.
 - Software architecture. Shaw and Garlan have shown us how different architectures reflect different solutions to the same problem. Each architectural solution has pros and cons, and we must allow the desirable characteristics of the solution to drive our choice of architecture. We have also seen how the identification of
 - architectural styles and patterns is in its infancy. We must expand our architectural study to gain a better understanding of patterns,components,and the meaning of style.
","[
  {
    ""role"": ""paragraph"",
    ""segment"": ""An abstraction is a model or representation that omits some details so that it can focus on other details."",
    ""citations"": [
      {
        ""type"": ""source_text"",
        ""content"": ""An abstraction is a model or representation that omits some details so that it can focus on other details."",
        ""img_id"": null
      }
    ],
    ""type"": null
  }
]",An abstraction is a model or representation that omits some details so that it can focus on other details.,2.969,3.01
What does a process prescribe?,"
[0]
[SECTION]: Modeling the Process and Life Cycle > 2.1 The Meaning Of Process
[CONTENT]: When we provide a service or create a product, whether it be developing software, writing  a  report, or  taking  a  business  trip, we  always  follow  a  sequence  of  steps  to accomplish a set of tasks.The tasks are usually performed in the same order each time; for example, you do not usually put up the drywall before the wiring for a house is installed or bake a cake before all the ingredients are mixed together.We can think of a set of ordered tasks as a process : a series of steps involving activities, constraints, and resources that produce an intended output of some kind.
A process usually involves a set of tools and techniques, as we defined them in Chapter 1.Any process has the following characteristics:
 - The process prescribes all of the major process activities.
 - The process uses resources, subject to a set of constraints (such as a schedule), and produces intermediate and final products.
 - The process may be composed of subprocesses that are linked in some way. The process may be defined as a hierarchy of processes, organized so that each subprocess has its own process model.
 - Each process activity has entry and exit criteria, so that we know when the activity begins and ends.
 - The activities are organized in a sequence, so that it is clear when one activity is performed relative to the other activities.
 - Every process has a set of guiding principles that explain the goals of each activity.
 - Constraints  or  controls  may  apply  to  an  activity, resource, or  product. For example, the budget or schedule may constrain the length of time an activity may take or a tool may limit the way in which a resource may be used.
When the process involves the building of some product, we sometimes refer to the process as a life cycle . Thus, the software development process is sometimes called the software life cycle , because it describes the life of a software product from its conception to its implementation, delivery, use, and maintenance.


[1]
[SECTION]: Evaluating Products, Processes, and Resources > 12.5 Evaluating Processes > Process Maturity Models
[CONTENT]: It is important to remember that capability maturity does not involve a discrete set of five possible ratings. Instead, maturity represents relative locations on a continuum from 1 to 5.An individual process is assessed or evaluated along many dimensions, and some parts of the process can be more mature or visible than others. For example, a repeatable process may not have well-defined intermediate activities, but the design activity may indeed be clearly defined and managed. The process visibility diagrams presented here are meant only to give a general depiction of typical processes. It is essential to examine each project's process to determine what is visible.The figures and tables should not proscribe activities simply because the overall maturity level is a particular integer; if one part of a process is more mature than the rest, an activity or tool can enhance the visibility of that part and help to meet overall project goals, at the same time bringing the rest of the process up to a higher level of maturity. Thus, in a repeatable process with a well-defined design activity, design quality metrics may be appropriate and desirable, even though they are not generally recommended for level 2.
The CMM has another level of granularity not shown in the table: Each process area comprises a set of key practices whose presence indicates that the developer has implemented and institutionalized the process area. The key practices are supposed to provide evidence that the process area is effective, repeatable, and long-lasting (Paulk et al. 1993b).
The key practices are organized by these common features:
 - Commitment to perform: What actions ensure that the process is established and will continue to be used? This category includes policy and leadership practices.
 - Ability to perform: What preconditions ensure that the organization is capable of implementing the process? Practices here address resources, training, orientation, tools, and organizational structure.
 - Activities performed: What roles and procedures are necessary to implement a key process area? This category includes practices on plans, procedures, work performed, corrective action, and tracking.
 - Measurement and analysis: What procedures measure the process and analyze the measurements? The practices in this category include process measurement and analysis.
 - Verifying  implementation: What ensures  that  activities  comply  with  the  established process? The practices include management reviews and audits.
An organization is said to satisfy a key process area only when the process area is both implemented and institutionalized. Implementation is determined by the answers to the activities performed questions; the other practices address institutionalization.


[2]
[SECTION]: Why Software Engineering? > 1.6 An Engineering Approach > Building a House
[CONTENT]: At the same time,we must recognize that we cannot prescribe the activities of building a house exactly; we must leave room for decisions based on experience, to deal with unexpected or nonstandard situations. For example, many houses are fashioned from preexisting components; doors are supplied already in the frame, bathrooms use pre-made shower stalls, and so on. But the standard house-building process may have to be altered to accommodate an unusual feature or request. Suppose that the framing is done, the drywall is up, the subfloor is laid, and the next step is putting down tile on the bathroom floor. The builders find, much to their dismay, that the walls and floor are not exactly square. This problem may not be the result of a poor process;houses are built from parts that have some natural or manufacturing variation,so problems of inexactitude can occur.The floor tile, being composed of small squares, will highlight the inexactitude if laid the standard way. It is here that art and expertise come to play.The builder is likely to remove the tiles from their backing,and lay them one at a time,making small adjustments with each one so that the overall variation is imperceptible to all but the most discerning eyes.
Thus,house building is a complex task with many opportunities for change in processes, products, or resources along the way, tempered by a healthy dose of art and expertise.The house-building process can be standardized, but there is always need for expert judgment and creativity.
","[
  {
    ""role"": ""sentence"",
    ""segment"": ""The process prescribes all of the major process activities."",
    ""citations"": [
      {
        ""type"": ""source_text"",
        ""content"": ""The process prescribes all of the major process activities."",
        ""img_id"": null
      }
    ],
    ""type"": null
  }
]",The process prescribes all of the major process activities.,1.856,2.965
What does prototyping mean in the context of user interface prototyping?,"
[0]
[SECTION]: Why Software Engineering? > 1.8 How Has Software Engineering Changed? > Wasserman's Discipline of Software Engineering
[CONTENT]: But there are many open questions to be resolved before we can settle on a common set of methods and tools.As we will see in later chapters, different tools and techniques address different aspects of a problem, and we need to identify the modeling primitives that will allow us to capture all the important aspects of a problem with a single technique. Or we need to develop a representation technique that can be used with all methods, possibly tailored in some way.
User Interface Prototyping. Prototyping means building a small version of a system, usually with limited functionality, that can be used to Often, the prototyping process is iterative: We build a prototype, evaluate it (with user and customer feedback), consider how changes might improve the product or design, and then build another prototype.The iteration ends when we and our customers think we have a satisfactory solution to the problem at hand.
 - help the user or customer identify the key requirements of a system
 - demonstrate the feasibility of a design or approach Prototyping is often used to design a good user interface : the part of the system with which the user interacts. However, there are other opportunities for using prototypes, even in embedded systems (i.e., in systems where the software functions are not explicitly visible to the user). The prototype can show the user what functions will be available, regardless of whether they are implemented in software or hardware. Since the user interface is, in a sense, a bridge between the application domain and the software development team, prototyping can bring to the surface issues and assumptions that may not have been clear using other approaches to requirements analysis.We will consider the role of user interface prototyping in Chapters 4 and 5.
Software Architecture. The overall architecture of a system is important not only to the ease of implementing and testing it, but also to the speed and effectiveness of maintaining  and  changing  it. The  quality  of  the  architecture  can  make  or  break  a  system; indeed, Shaw and Garlan (1996) present architecture as a discipline on its own whose effects are felt throughout the entire development process.The architectural structure of a system should reflect the principles of good design that we will study in Chapters 5 and 7.
A system's architecture describes the system in terms of a set of architectural units, and a map of how the units relate to one another. The more independent the units, the more modular the architecture and the more easily we can design and develop the pieces separately. Wasserman (1996) points out that there are at least five ways that we can partition the system into units:
 - modular decomposition: based on assigning functions to modules
 - data-oriented decomposition: based on external data structures


[1]
[SECTION]: Designing the Architecture > 5.7 Architecture Evaluation And Refinement > Prototyping
[CONTENT]: Some design questions are best answered by prototyping.A prototype is an executable model of the system we are developing, built to answer specific  questions  we  have about the system. For example, we may want to test that our protocols for signaling, synchronizing, coordinating, and  sharing  data  among  concurrent  processes  work  as expected. We can develop a prototype that implements processes as stubs and that exercises our communication protocols, so that we can work out the kinks and gain confidence in our plans for how the processes will interact. We may also learn something about the limits (e.g., minimum response times) of our design.
Prototyping offers  different  advantages  in  the  design  stage  from  those  gained during requirements analysis. As we saw in Chapter 4, prototyping is an effective tool for testing the feasibility of questionable requirements and for exploring user-interface alternatives. The process of developing the prototype encourages us to communicate with our customers and to explore areas of uncertainty that emerge as we think about the system's requirements. As long as our customers understand that the prototype is an exploratory model, not a beta-version of the product, prototyping can be useful in helping both us and our customers understand what the system is to do.
In the design phase, prototyping is used to answer design questions, compare design alternatives, test complex interactions, or explore the effects of change requests.A prototype omits many of the details of functionality and performance that will be part of the real  system, so  that  we  can  focus  narrowly  on  particular  aspects  of  the  system. For example,a small team may generate a prototype for each design issue to be resolved: one prototype for modeling the user interface, one for certifying that a purchased component is compatible with our design, one for testing the network performance between remote processes,one for each security tactic being considered,and so on.The final design is then a synthesis of the answers obtained from the individual prototypes.
If a prototype is intended only to explore design issues, we may not give its development the same careful attention that we would give to a real system. For this reason, we frequently discard the prototype and build the actual system from scratch, rather than try to salvage parts from the prototype. In these cases, the throw-away prototype is meant to be discarded; its development is intended only to assess the feasibility or particular characteristics in a proposed design. In fact, Brooks (1995) recommends building a system, throwing it away, and building it again.The second version of the system benefits from the learning and the mistakes made in the process of building the first system.


[2]
[SECTION]: Preface > xvi Preface
[CONTENT]: Wasserman's key factors that help define software engineering: abstraction, analysis and design methods and notations, modularity and architecture, software life cycle and process, reuse, measurement, tools and integrated environments, and user interface and prototyping. We discuss the difference between computer science and software engineering, explaining some of the major types of problems that can be encountered, and laying the groundwork for the rest of the book.We also explore the need to take a systems approach to building software, and we introduce the two common examples that will  be  used  in  every  chapter. It  is  here  that  we  introduce  the  context  for  the  term project.
","[
  {
    ""role"": ""sentence"",
    ""segment"": ""Prototyping means building a small version of a system, usually with limited functionality, that can be used to Often, the prototyping process is iterative: We build a prototype, evaluate it (with user and customer feedback), consider how changes might improve the product or design, and then build another prototype.The iteration ends when we and our customers think we have a satisfactory solution to the problem at hand."",
    ""citations"": [
      {
        ""type"": ""source_text"",
        ""content"": ""Prototyping means building a small version of a system, usually with limited functionality, that can be used to Often, the prototyping process is iterative: We build a prototype, evaluate it (with user and customer feedback), consider how changes might improve the product or design, and then build another prototype.The iteration ends when we and our customers think we have a satisfactory solution to the problem at hand."",
        ""img_id"": null
      }
    ],
    ""type"": null
  }
]","Prototyping means building a small version of a system, usually with limited functionality, that can be used to Often, the prototyping process is iterative: We build a prototype, evaluate it (with user and customer feedback), consider how changes might improve the product or design, and then build another prototype.The iteration ends when we and our customers think we have a satisfactory solution to the problem at hand.",1.351,6.976
What is a process?,"
[0]
[SECTION]: Modeling the Process and Life Cycle > 2.1 The Meaning Of Process
[CONTENT]: Processes are important because they impose consistency and structure on a set of activities. These characteristics are useful when we know how to do something well and we want to ensure that others do it the same way. For example, if Sam is a good bricklayer, he may write down a description of the bricklaying process he uses so that Sara can learn how to do it as well. He may take into account the differences in the way people prefer to do things; for instance, he may write his instructions so that Sara can lay bricks whether she is right- or left-handed. Similarly, a software development process can be described in flexible ways that allow people to design and build software using  preferred  techniques  and  tools; a  process  model  may  require  design  to  occur before coding, but may allow many different design techniques to be used. For this reason, the process helps to maintain a level of consistency and quality in products or services that are produced by many different people.
A process is more than a procedure.We saw in Chapter 1 that a procedure is like a recipe: a structured way of combining tools and techniques to produce a product. A process is a collection of procedures, organized so that we build products to satisfy a set of goals or standards. In fact, the process may suggest that we choose from several procedures, as long as the goal we are addressing is met. For instance, the process may require that we check our design components before coding begins. The checking can be done using informal reviews or formal inspections, each an activity with its own procedure, but both addressing the same goal.
The process structure guides our actions by allowing us to examine, understand, control, and improve the activities that comprise the process. To see how, consider the process of making chocolate cake with chocolate icing.The process may contain several procedures, such as buying the ingredients and finding the appropriate cooking utensils.


[1]
[SECTION]: Modeling the Process and Life Cycle > 2.1 The Meaning Of Process
[CONTENT]: When we provide a service or create a product, whether it be developing software, writing  a  report, or  taking  a  business  trip, we  always  follow  a  sequence  of  steps  to accomplish a set of tasks.The tasks are usually performed in the same order each time; for example, you do not usually put up the drywall before the wiring for a house is installed or bake a cake before all the ingredients are mixed together.We can think of a set of ordered tasks as a process : a series of steps involving activities, constraints, and resources that produce an intended output of some kind.
A process usually involves a set of tools and techniques, as we defined them in Chapter 1.Any process has the following characteristics:
 - The process prescribes all of the major process activities.
 - The process uses resources, subject to a set of constraints (such as a schedule), and produces intermediate and final products.
 - The process may be composed of subprocesses that are linked in some way. The process may be defined as a hierarchy of processes, organized so that each subprocess has its own process model.
 - Each process activity has entry and exit criteria, so that we know when the activity begins and ends.
 - The activities are organized in a sequence, so that it is clear when one activity is performed relative to the other activities.
 - Every process has a set of guiding principles that explain the goals of each activity.
 - Constraints  or  controls  may  apply  to  an  activity, resource, or  product. For example, the budget or schedule may constrain the length of time an activity may take or a tool may limit the way in which a resource may be used.
When the process involves the building of some product, we sometimes refer to the process as a life cycle . Thus, the software development process is sometimes called the software life cycle , because it describes the life of a software product from its conception to its implementation, delivery, use, and maintenance.


[2]
[SECTION]: Modeling the Process and Life Cycle > 2.7 What This Chapter Means For You
[CONTENT]: In this chapter, we have seen that the software development process involves activities, resources, and products.A process model is useful for guiding your behavior when you are working with a group. Detailed process models tell you how to coordinate and collaborate with your colleagues as you design and build a system.We have also seen that process models include organizational, functional, behavioral, and other perspectives, so you can focus on particular aspects of the development process to enhance your understanding or guide your actions.


[3]
[SECTION]: Modeling the Process and Life Cycle > 2.1 The Meaning Of Process
[CONTENT]: Each stage is itself a process (or collection of processes) that can be described as a set  of  activities. And  each  activity  involves  constraints, outputs, and  resources. For example, the requirements analysis and definitions stage need as initial input a statement of desired functions and features that the user expresses in some way. The final output from this stage is a set of requirements, but there may be intermediate products as the dialog between user and developer results in changes and alternatives. We have constraints, too, such as a budget and schedule for producing the requirements document, and standards about the kinds of requirements to include and perhaps the notation used to express them.
Each of these stages is addressed in this book. For each one, we will take a close look at the processes, resources, activities, and outputs that are involved, and we will learn how they contribute to the quality of the final product: useful software.There are many ways to address each stage of development;each configuration of activities, resources, and outputs constitutes a process, and a collection of processes describes what happens at each stage. For instance,design can involve a prototyping process,where many of the design decisions are explored so that developers can choose an appropriate approach, and a reuse process, where previously generated design components are included in the current design.
Each process can be described in a variety of ways, using text, pictures, or a combination. Software engineering researchers have suggested a variety of formats for such descriptions, usually organized as a model that contains key process features. For the remainder of this chapter, we examine a variety of software development process models, to see how organizing process activities can make development more effective.
","[
  {
    ""role"": ""paragraph"",
    ""segment"": ""A process is a collection of procedures, organized so that we build products to satisfy a set of goals or standards. We can think of a set of ordered tasks as a process : a series of steps involving activities, constraints, and resources that produce an intended output of some kind."",
    ""citations"": [
      {
        ""type"": ""source_text"",
        ""content"": ""A process is a collection of procedures, organized so that we build products to satisfy a set of goals or standards."",
        ""img_id"": null
      },
      {
        ""type"": ""source_text"",
        ""content"": ""We can think of a set of ordered tasks as a process : a series of steps involving activities, constraints, and resources that produce an intended output of some kind."",
        ""img_id"": null
      }
    ],
    ""type"": null
  }
]","A process is a collection of procedures, organized so that we build products to satisfy a set of goals or standards. We can think of a set of ordered tasks as a process : a series of steps involving activities, constraints, and resources that produce an intended output of some kind.",1.649,8.501
"In the V model, what can unit and integration testing also be used to verify?","
[0]
[SECTION]: Modeling the Process and Life Cycle > 2.2 Software Process Models > V Model
[CONTENT]: The V model is a variation of the waterfall model that demonstrates how the testing activities are related to analysis and design (German Ministry of Defense 1992). As shown in Figure 2.4, coding forms the point of the V, with analysis and design on the left, testing and maintenance on the right. Unit and integration testing addresses the correctness of programs, as we shall see in later chapters. The V model suggests that unit and integration testing can also be used to verify the program design. That is, during unit and integration testing, the coders and test team members should ensure that all aspects of the program design have been implemented correctly in the code. Similarly, system testing should verify the system design, making sure that all system design aspects are correctly implemented. Acceptance testing, which is conducted by the customer rather than the developer, validates the requirements by associating a testing step with each element of the specification; this type of testing checks to see that all requirements have been fully implemented before the system is accepted and paid for.
The model's linkage of the left side with the right side of the V implies that if problems are found during verification and validation, then the left side of the V can be reexecuted to fix and improve the requirements, design, and code before the testing steps on the right side are reenacted. In other words, the V model makes more explicit some of the iteration and rework that are hidden in the waterfall depiction. Whereas the focus of the waterfall is often documents and artifacts, the focus of the V model is activity and correctness.
[FIGURE 2.4 The V model.] 
[FIGURE_DESCRIPTIONS]
[0] Diagram illustrating software development lifecycle and V-model relationships. Top-left block labeled REQUIREMENTS ANALYSIS connects via a dashed line to VALIDATE requirements? with a curved path toward OPERATION & MAINTENANCE on top-right. Downward flow from REQUIREMENTS ANALYSIS to SYSTEM DESIGN, then to PROGRAM DESIGN, and further to CODING at bottom center. Side branches show SYSTEM DESIGN and PROGRAM DESIGN feeding into UNIT & INTEGRATION TESTING and SYSTEM TESTING respectively, with arrows indicating verification activities. ACCEPTANCE TESTING sits to the right with a solid line from SYSTEM TESTING, implying validation of system readiness. Labels include VERIFY design, Validate requirements, and the dashed lines suggest verification and validation steps between design, testing, and requirements. The figure caption reads FIGURE 2.4 The V-model.



[1]
[SECTION]: Testing the Programs > 8.2 Testing Issues > Test Organization
[CONTENT]: In developing a large system, testing usually involves several stages. First, each program component is tested on its own, isolated from the other components in the system. Such testing, known as module testing , component testing , or unit  testing , verifies  that  the component functions properly with the types of input expected from studying the component's design. Unit testing is done in a controlled environment whenever possible, so that the test team can feed a predetermined set of data to the component being tested and observe what output actions and data are produced. In addition, the test team checks the internal data structures, logic, and boundary conditions for the input and output data.
When collections of components have been unit-tested, the next step is ensuring that the interfaces among the components are defined and handled properly. Integration testing is the process of verifying that the system components work together as described in the system and program design specifications.
Once we are sure that information is passed among components in accordance with the design, we test the system to ensure that it has the desired functionality.A function test evaluates the system to determine if the functions described by the requirements specification are actually performed by the integrated system. The result is a functioning system.
Recall  that  the  requirements  were  documented  in  two  ways: first  in  the  customer's terminology, and again as a set of software and hardware requirements the developers could use.The function test compares the system being built with the functions described in the developer's requirements specification.Then, a performance test compares the system with the remainder of these software and hardware requirements. When the test is performed successfully in a customer's actual working environment, it yields a validated system .
When the performance test is complete, we developers are certain that the system functions according to our understanding of the system description.The next step is conferring with the customer to make certain that the system works according to customer expectations. We join the customer to perform an acceptance test , where the system is checked against the customer's requirements description. Upon completion of acceptance testing, the accepted system is installed in the environment in which it will be used; a final installation test is run to make sure that the system still functions as it should.


[2]
[SECTION]: Testing the System > 9.1 Principles Of System Testing
[CONTENT]: The objective of unit and integration testing was to ensure that the code implemented the design properly; that is, that the programmers wrote code to do what the designers intended.In system testing, we have a very different objective: to ensure that the system does what the customer wants it to do. To understand how to meet this objective, we first must understand where faults in the system come from.


[3]
[SECTION]: Testing the Programs > 8.11 What This Chapter Means For You
[CONTENT]: This chapter describes many techniques that you can use to test your code components individually and as they are integrated with those of your colleagues. It is important for you  to  understand  the  difference  between  a  fault  (a  problem  in  the  requirements, design, code, documentation, or test cases) and a failure (a problem in the functioning of the system).Testing looks for faults, sometimes by forcing code to fail and then seeking the root cause. Unit testing is the development activity that exercises each component separately; integration testing puts components together in an organized way to help you isolate faults as the combined components are tested together.
The goal of testing is to find faults, not to prove correctness. Indeed, the absence of faults does not guarantee correctness. There are many manual and automated techniques to help you find faults in your code, as well as testing tools to show you how much has been tested and when to stop testing.
","[
  {
    ""role"": ""sentence"",
    ""segment"": ""The V model suggests that unit and integration testing can also be used to verify the program design."",
    ""citations"": [
      {
        ""type"": ""source_text"",
        ""content"": ""The V model suggests that unit and integration testing can also be used to verify the program design."",
        ""img_id"": null
      }
    ],
    ""type"": null
  }
]",The V model suggests that unit and integration testing can also be used to verify the program design.,1.853,3.118
What does the operational specification model allow to be merged?,"
[0]
[SECTION]: Modeling the Process and Life Cycle > 2.2 Software Process Models > Operational Specification
[CONTENT]: For many systems, uncertainty about the requirements leads to changes and problems later in development.Zave (1984) suggests a process model that allows the developers and customers to examine the requirements and their implications early in the development process, where they can discuss and resolve some of the uncertainty. In the operational specification  model , the system requirements are evaluated or executed in a way that demonstrates the behavior of the system.That is,once the requirements are specified,they can be enacted using a software package, so their implications can be assessed before design begins. For example, if the specification requires the proposed system to handle 24 users, an executable form of the specification can help analysts determine whether that number of users puts too much of a performance burden on the system.
This type of process is very different from traditional models such as the waterfall model. The waterfall model separates the functionality of the system from the design (i.e., what the system is to do is separated from how the system does it), intending to keep the customer needs apart from the implementation. However,an operational specification allows the functionality and the design to be merged.Figure 2.6 illustrates how an operational specification works.Notice that the operational specification is similar to prototyping; the process enables user and developer to examine requirements early on.


[1]
[SECTION]: Capturing the Requirements > 4.5 Modeling Notations > Logic
[CONTENT]: With the exception of ER diagrams, the notations we have considered so far have been model-based and are said to be operational.An operational notation is a notation used to describe a problem or a proposed software solution in terms of situational behavior: how a software system should respond to different input events, how a computation should flow from one step to another, and what a system should output under various conditions. The result is a model of case-based behavior that is particularly useful for answering questions about what the desired response should be to a particular situation: for example, what the next state or system output should be, given the current state, input event, process completion, and variable values. Such models also help the reader to visualize global behavior, in the form of paths representing allowable execution traces through the model.
Operational notations are less effective at expressing global properties or constraints. Suppose we were modeling a traffic light, and we wanted to assert that the lights controlling traffic in cross directions are never green at the same time, or that the lights in each direction are periodically green. We could build an operational model that exhibits these behaviors implicitly, in that all paths through the model satisfy these properties. However, unless the model is closed -meaning that the model expresses all of the desired behavior, and that any implementation that performs additional functionality is incorrect-it is ambiguous as to whether these properties are requirements to be satisfied or simply are accidental effects of the modeling decisions made.
Instead, global properties and constraints are better expressed using a descriptive notation, such as logic. A descriptive notation is a notation that describes a problem or a proposed solution in terms of its properties or its invariant behaviors. For example, ER diagrams are descriptive, in that they express relationship properties among entities.A logic consists of a language for expressing properties, plus a set of inference rules for deriving new, consequent properties from the stated properties. In mathematics, a logical expression, 5 called a formula , evaluates to either true or false, depending on the values of the variables that appear in the formula. In contrast, when logic is used to express a property of a software problem or system, the property is an assertion about the problem or system that should be true . As such, a property specification represents only those values of the property's variables for which the property's expression evaluates to true .


[2]
[SECTION]: Modeling the Process and Life Cycle > 2.2 Software Process Models > Transformational Model
[CONTENT]: Balzer's transformational model tries to reduce the opportunity for error by eliminating several major development steps. Using automated support, the transformational process applies a series of transformations to change a specification into a deliverable system (Balzer 1981a).
[FIGURE 2.6 The operational specification model.] 
Sample transformations can include Because many paths can be taken from the specification to the delivered system, the sequence of transformations and the decisions they reflect are kept as a formal development record.
 - changing the data representations
 - selecting algorithms
 - optimizing
 - compiling
The transformational approach holds great promise. However, a major impediment to its use is the need for a formal specification expressed precisely so the transformations can operate on it, as shown in Figure 2.7. As formal specification methods become more popular, the transformational model may gain wider acceptance.
[FIGURE_DESCRIPTIONS]
[0] Flow diagram illustrating the Software Engineering lifecycle with emphasis on theory-to-practice alignment. At left, a rounded rectangle labeled Execute and Revise feeds upward to a vertical line from the top and down to two parallel paths: Operational Specification (problem-oriented) and Transformed Specification (implementation-oriented). Operational Specification is placed before Transformed Specification, connected by arrows indicating refinement or transformation. The two specifications converge toward a box labeled TES? or TEST? (text partially obscured) which then points to a final block labeled DELIVERED SYSTEM. To the far left and bottom, text notes SYSTEM REQUIREMENTS (sometimes informal or incomplete). The diagram emphasizes iterative feedback from delivered system back to execution and revision loop, with arrows illustrating requirements informing specifications and the potential for revisions based on testing or deployment outcomes. Visible textual elements include the three main labeled blocks and the surrounding annotations indicating the nature of the relationships (problem-oriented vs implementation-oriented) and the iterative assessment loop.



[3]
[SECTION]: Capturing the Requirements > 4.5 Modeling Notations > Algebraic Specifications
[CONTENT]: Algebraic  specification  notations  are  not  popular  among  software  developers because, for a collection of operations, it can be tricky to construct a concise set of axioms that is complete and consistent-and correct! Despite their complexity, algebraic notations have been added to several formal specification languages, to enable specifiers to define their own abstract data types for their specifications.
","[
  {
    ""role"": ""sentence"",
    ""segment"": ""The operational specification model allows the functionality and the design to be merged."",
    ""citations"": [
      {
        ""type"": ""source_text"",
        ""content"": ""However,an operational specification allows the functionality and the design to be merged."",
        ""img_id"": null
      }
    ],
    ""type"": null
  }
]",The operational specification model allows the functionality and the design to be merged.,1.482,2.732
What does the transformational process use to change a specification into a deliverable system?,"
[0]
[SECTION]: Modeling the Process and Life Cycle > 2.2 Software Process Models > Transformational Model
[CONTENT]: Balzer's transformational model tries to reduce the opportunity for error by eliminating several major development steps. Using automated support, the transformational process applies a series of transformations to change a specification into a deliverable system (Balzer 1981a).
[FIGURE 2.6 The operational specification model.] 
Sample transformations can include Because many paths can be taken from the specification to the delivered system, the sequence of transformations and the decisions they reflect are kept as a formal development record.
 - changing the data representations
 - selecting algorithms
 - optimizing
 - compiling
The transformational approach holds great promise. However, a major impediment to its use is the need for a formal specification expressed precisely so the transformations can operate on it, as shown in Figure 2.7. As formal specification methods become more popular, the transformational model may gain wider acceptance.
[FIGURE_DESCRIPTIONS]
[0] Flow diagram illustrating the Software Engineering lifecycle with emphasis on theory-to-practice alignment. At left, a rounded rectangle labeled Execute and Revise feeds upward to a vertical line from the top and down to two parallel paths: Operational Specification (problem-oriented) and Transformed Specification (implementation-oriented). Operational Specification is placed before Transformed Specification, connected by arrows indicating refinement or transformation. The two specifications converge toward a box labeled TES? or TEST? (text partially obscured) which then points to a final block labeled DELIVERED SYSTEM. To the far left and bottom, text notes SYSTEM REQUIREMENTS (sometimes informal or incomplete). The diagram emphasizes iterative feedback from delivered system back to execution and revision loop, with arrows illustrating requirements informing specifications and the potential for revisions based on testing or deployment outcomes. Visible textual elements include the three main labeled blocks and the surrounding annotations indicating the nature of the relationships (problem-oriented vs implementation-oriented) and the iterative assessment loop.



[1]
[SECTION]: Capturing the Requirements > 4.11 Choosing A Specification Technique
[CONTENT]: More generally, if a system has real-time requirements, we need a specification technique that supports the notion of time. Any need for phased development means that we will be tracking requirements through several intermediate systems, which not only complicates the requirements tracking, but also increases the likelihood that the requirements will change over the life of the system.As the users work with intermediate versions of the system, they may see the need for new features, or want to change existing features.Thus, we need a sophisticated method that can handle change easily. If we want our requirements to have all of the desirable characteristics listed early in the chapter, then we look for a method that helps us to revise the requirements, track the changes, cross-reference the data and functional items, and analyze the requirements for as many characteristics as possible.
Ardis and his colleagues (1996) have proposed a set of criteria for evaluating specification methods.They associate with each criterion a list of questions to help us to determine how well a particular method satisfies that  criterion. These  criteria  were intended for evaluating techniques for specifying reactive systems, but as you will see, most of the criteria are quite general:
 - Applicability: Can the technique describe real-world problems and solutions in a natural and realistic way? If the technique makes assumptions about the environment, are  the  assumptions  reasonable?  Is  the  technique  compatible  with  the other techniques that will be used on the project?
 - Implementability: Can the specification be refined or translated easily into an implementation? How difficult is the translation? Is it automated? If so, is the generated code efficient? Is the generated code in the same language as is used in the  manually  produced  parts  of  the  implementation?  Is  there  a  clean, welldefined interface between the code that is machine-generated and the code that is not?
 - Testability/simulation: Can the specification be used to test the implementation? Is every statement in the specification testable by the implementation? Is it possible to execute the specification?
 - Checkability: Are the specifications readable by nondevelopers, such as the customer? Can domain experts (i.e., experts on the problem being specified) check the specification for accuracy? Are there automated specification checkers?
 - Maintainability: Will the specification be useful in making changes to the system? Is it easy to change the specification as the system evolves?
 - Modularity: Does the method allow a large specification to be decomposed into smaller parts that are easier to write and to understand? Can changes be made to the smaller parts without rewriting the entire specification?


[2]
[SECTION]: Capturing the Requirements > 4.6 Requirements And Specification Languages > Specification and Description Language (SDL)
[CONTENT]:  - SDL process diagram (a state-machine model): An SDL process, shown in Figure 4.21(c), is a state machine, whose transitions are sequences of language constructs (input, decisions, tasks, outputs) that start and end at state constructs. In each execution step, the process removes a signal from the head of its input queue and compares the signal to the input constructs that follow the process's current state. If the signal matches one of the state's inputs, the process executes all of the constructs that follow the matching input, until the execution reaches the next state construct.
 - SDL data type (algebraic specification): An SDL process may declare local variables, and SDL data type definitions are used to declare complex, user-defined variable types.
In addition, an SDL specification is often accompanied by a set of Message Sequence Charts (MSC) (ITU 1996), each of which illustrates a single execution of the specification in terms of the messages passed between the specification's processes.
","[
  {
    ""role"": ""sentence"",
    ""segment"": ""It uses a series of transformations, supported by automated tools, to change a specification into a deliverable system."",
    ""citations"": [
      {
        ""type"": ""source_text"",
        ""content"": ""Using automated support, the transformational process applies a series of transformations to change a specification into a deliverable system (Balzer 1981a)."",
        ""img_id"": null
      }
    ],
    ""type"": null
  }
]","It uses a series of transformations, supported by automated tools, to change a specification into a deliverable system.",1.756,3.537
How does incremental development build up a system?,"
[0]
[SECTION]: Modeling the Process and Life Cycle > 2.2 Software Process Models > Phased Development: Increments and Iterations
[CONTENT]: There are many ways for the developers to decide how to organize development into releases.The two most popular approaches are incremental development and iterative development. In incremental development , the system as specified in the requirements  documents  is  partitioned  into  subsystems  by  functionality. The  releases  are defined by beginning with one small,functional subsystem and then adding functionality with each new release.The top of Figure 2.9 shows how incremental development slowly builds up to full functionality with each new release.
[FIGURE 2.8 The phased-development model.] 
[FIGURE 2.9 The incremental and iterative models.] 
[FIGURE_DESCRIPTIONS]
[0] Diagram illustrating a development workflow with two horizontal axes: a developer timeline and user timeline separated by a dashed line representing Time. Top row labeled DEVELOPERS contains three grey rounded-rectangle blocks: Build Release 1, Build Release 2, Build Release 3 aligned left to right. A diagonal arrow connects each build release block to corresponding lower-level user blocks labeled USE Release 1, USE Release 2, Use Release 3 positioned along a lower production path. Production systems appear as a sequence of systems below, with arrows indicating progression in time. The leftmost path begins with Build Release 1 feeding into Use Release 1; subsequent blocks show continued integration and deployment across builds and releases. Visible text includes: BUILD RELEASE 1, BUILD RELEASE 2, BUILD RELEASE 3, USE Release 1, Use Release 2, Use Release 3, Time. The diagram emphasizes relationships between developer builds and user-facing releases over time.
[1] Two-part diagram contrasting development strategies under incremental and iterative development labels. The top section titled INCREMENTAL DEVELOPMENT shows a sequence of increasing bar charts, with arrows suggesting gradual addition of functionality across successive steps. The lower section titled ITERATIVE DEVELOPMENT shows a repeating pattern of interface-like blocks with grey shading on some segments, connected by arrows to indicate repeated cycles of design, build, and evaluation. Each step depicts evolving architectural components and UI-like blocks, with emphasis on modular composition and refinement through iterations. The figure communicates the difference between cumulative addition (incremental) versus repeated refinement cycles (iterative) in software development workflows.



[1]
[SECTION]: Designing the Modules > 6.2 Design Principles > Incremental Development
[CONTENT]: The best uses graph has a tree structure or is a forest of tree structures. In such a structure, every subtree is a subset of our system, so we can incrementally develop our system one software unit at a time. Each completed unit is a correct implementation of part of our system. Each increment is easier to test and correct because faults are more likely to be found in the new code, not in the called units that have already been tested and deemed correct. In addition, we always have a working version of a system subset to demonstrate to our customer. Moreover, morale among developers is high, because they  frequently  make  visible  progress  on  the  system  (Brooks  1995). Contrast  these advantages of incremental development to its alternative, in which nothing works until everything works.


[2]
[SECTION]: Why Software Engineering? > 1.5 A Systems Approach > Interrelated Systems
[CONTENT]: In our example,the two systems are very similar; the functions are the same, but the style in which they are implemented differs. However, the target system is often vastly different from the existing one. In particular, it is usually desirable that the target be free of constraints imposed by existing hardware or software. An incremental development approach may incorporate a series of stages,each of which frees the previous system from another such constraint. For example, stage 1 may add a new piece of hardware, stage 2 may replace the software performing a particular set of functions, and so on.The system is slowly drawn away from old software and hardware until it reflects the new system design.
Thus, system development can first incorporate a set of changes to an actual system and then add a series of changes to generate a complete design scheme, rather than trying to jump from present to future in one move. With such an approach, we must view the system in two different ways simultaneously: statically and dynamically. The static view tells us how the system is working today, whereas the dynamic view shows us how the system is changing into what it will eventually become. One view is not complete without the other.


[3]
[SECTION]: Maintaining the System > 11.1 The Changing System > The System Life Span
[CONTENT]: Laws of Software Evolution. Our maintenance decisions are aided by understanding what happens to systems over time. We are interested in changes in size, complexity, resources, and ease of maintenance.We can learn a lot about evolutionary trends by examining large systems to see how they have changed. For example, Sidebar 11.1 describes the evolution of a large system at Bell Atlantic.
Throughout his career, Lehman has observed the behavior of systems as they evolve. He has summarized his findings in five laws of program evolution (Lehman 1980):
 - Continuing  change. A  program  that  is  used  undergoes  continual  change  or becomes progressively less useful. The change or decay process continues until it is more cost-effective to replace the system with a re-created version.
 - Increasing complexity. As an evolving program is continually changed, its structure deteriorates. Reflecting this, its complexity increases unless work is done to maintain or reduce it.
 - Fundamental  law  of  program  evolution. Program  evolution  is  subject  to  a dynamic  that  makes  the  programming  process, and  hence  measures  of  global project  and system  attributes, self-regulating  with  statistically  determinable trends and invariances.
 - Conservation of organizational stability (invariant work rate). During the active life of a program, the global activity rate in a programming project is statistically invariant.
 - Conservation of familiarity (perceived complexity). During the active life of a program,the release content (changes, additions, deletions) of the successive releases of an evolving program is statistically invariant.
","[
    {
        ""role"": ""paragraph"",
        ""segment"": ""Incremental development builds up a system by partitioning the system into subsystems by functionality and defining releases that begin with one small functional subsystem and then add functionality with each new release, gradually building to full functionality."",
        ""citations"": [
            {
                ""type"": ""source_text"",
                ""content"": ""in incremental development , the system as specified in the requirements  documents  is  partitioned  into  subsystems  by  functionality. The  releases  are defined by beginning with one small,functional subsystem and then adding functionality with each new release."",
                ""img_id"": null
            }
        ],
        ""type"": null
    }
]","Incremental development builds up a system by partitioning the system into subsystems by functionality and defining releases that begin with one small functional subsystem and then add functionality with each new release, gradually building to full functionality.",1.579,5.409
What four characteristics of agility are emphasized by proponents of extreme programming (XP)?,"
[0]
[SECTION]: Modeling the Process and Life Cycle > 2.2 Software Process Models > Agile Methods
[CONTENT]:  - Crystal is a collection of approaches based on the notion that every project needs a different set of policies, conventions, and methodologies. Cockburn (2002), the creator of Crystal, believes that people have a major influence on software quality, and thus the quality of projects and processes improves as the quality of the
 - people involved improves. Productivity increases through better communication and frequent delivery, because there is less need for intermediate work products.
 - Scrum was created at Object Technology in 1994 and was subsequently commercialized  by  Schwaber  and  Beedle  (2002). It  uses  iterative  development, where each 30-day iteration is called a 'sprint,' to implement the product's backlog of prioritized requirements. Multiple self-organizing and autonomous teams implement product increments in parallel. Coordination is done at a brief daily status meeting called a 'scrum' (as in rugby).
 - Adaptive software development (ASD) has six basic principles.There is a mission that acts as a guideline, setting out the destination but not prescribing how to get there. Features are viewed as the crux of customer value, so the project is organized around building components to provide the features. Iteration is important, so redoing is as critical is doing; change is embraced, so that a change is viewed not as a correction but as an adjustment to the realities of software development. Fixed delivery times force developers to scope down the requirements essential for each version produced. At the same time, risk is embraced, so that the developers tackle the hardest problems first.
Often, the phrase 'extreme programming' is used to describe the more general concept of agile methods. In fact, XP is a particular form of agile process, with guiding principles that reflect the more general tenets of the agile manifesto. Proponents of XP emphasize four characteristics of agility: communication, simplicity, courage, and feedback. Communication involves  the  continual  interchange  between  customers  and developers. Simplicity encourages developers to select the simplest design or implementation to address the needs of their customers. Courage is described by XP creators as commitment to delivering functionality early and often. Feedback loops are built into the various activities during the development process. For example, programmers work together to give each other feedback on the best way to implement a design, and customers work with developers to perform planning exercises.
These characteristics are embedded in what are known as the twelve facets of XP .


[1]
[SECTION]: Writing the Programs > 7.4 The Programming Process > Whither Programming?
[CONTENT]: As with almost anything, the answer may be 'all things in moderation.' Drobka, Noftz, and Raghu (2004) describe their use of extreme programming on four mission-critical projects. They found that extra steps were needed to adjust extreme programming to the realities of large-scale, mission-critical software. For example, with no architectural guidelines, each programmer had his or her own vision of what the overall architecture should be, and the visions differed considerably.Thus, the high-level architecture document was used as a roadmap to assist the developers in planning. Rather than use prioritized stories, the researchers found it essential to define baseline architectures, using documented scenarios to help describe key abstractions, and to define system boundaries. Finally, documentation was used to assist in communicating among team members. Strict  agile-methods advocates eschew documentation, but Drobke, Noftz, and Raghu found it to be essential. So, too, were design reviews to ensure that the software being built would be maintainable over its likely 30-year life span.
Thus, in the future, programming is likely to be a blend of the good practices that have been advocated for decades and the flexible approaches being espoused by the agile-methods proponents.We will see in Chapter 14 that software engineers are defining a software engineering body of knowledge that describes the information and practices  that  a  good  software  engineer  should  master  in  order  to  produce  high-quality systems.


[2]
[SECTION]: Modeling the Process and Life Cycle > 2.2 Software Process Models > Agile Methods
[CONTENT]:  - Refactoring: As  the  system  is  built, it  is  likely  that  requirements  will  change. Because  a  major  characteristic  of  XP  philosophy  is  to  design  only  to  current requirements, it is often the case that new requirements force the developers to reconsider their existing design. Refactoring refers to revisiting the requirements and  design, reformulating  them  to  match  new  and  existing  needs. Sometimes refactoring addresses ways to restructure design and code without perturbing the system's external behavior. The refactoring is done in small steps, supported by unit tests and pair programming, with simplicity guiding the effort.We will discuss the difficulties of refactoring in Chapter 5.
 - Pair programming: As noted in Chapter 1, there is a tension between viewing software engineering as an art and as a science. Pair programming attempts to address  the  artistic  side  of  software  development, acknowledging  that  the apprentice-master metaphor can be useful in teaching novice software developers how to develop the instincts of masters. Using one keyboard, two paired programmers develop a system from the specifications and design. One person has responsibility for finishing the code, but the pairing is flexible: a developer may have more than one partner on a given day.We will see in Chapter 7 how pair programming compares with the more traditional approach of individuals working separately until their modules have been unit-tested.
 - Collective ownership: In XP, any developer can make a change to any part of the system as it is being developed. In Chapter 11, we will address the difficulties in managing change, including the errors introduced when two people try to change the same module simultaneously.
 - Continuous integration: Delivering functionality quickly means that working systems  can  be  promised  to  the  customer  daily  and  sometimes  even  hourly. The emphasis is on small increments or improvements rather than on grand leaps from one revision to the next.
 - Sustainable pace: XP's emphasis on people includes acknowledging that fatigue can produce errors. So proponents of XP suggest a goal of 40 hours for each work week; pushing developers to devote heroic amounts of time to meeting deadlines is  a  signal  that  the  deadlines  are  unreasonable  or  that  there  are  insufficient resources for meeting them.
 - On-site customer: Ideally, a customer should be present on-site, working with the developers to determine requirements and providing feedback about how to test them.
","[
  {
    ""role"": ""sentence"",
    ""segment"": ""Proponents of XP emphasize four characteristics of agility: communication, simplicity, courage, and feedback."",
    ""citations"": [
      {
        ""type"": ""source_text"",
        ""content"": ""Proponents of XP emphasize four characteristics of agility: communication, simplicity, courage, and feedback."",
        ""img_id"": null
      }
    ],
    ""type"": null
  }
]","Proponents of XP emphasize four characteristics of agility: communication, simplicity, courage, and feedback.",2.301,4.159
What does refactoring refer to in extreme programming?,"
[0]
[SECTION]: Modeling the Process and Life Cycle > 2.2 Software Process Models > Agile Methods
[CONTENT]:  - Refactoring: As  the  system  is  built, it  is  likely  that  requirements  will  change. Because  a  major  characteristic  of  XP  philosophy  is  to  design  only  to  current requirements, it is often the case that new requirements force the developers to reconsider their existing design. Refactoring refers to revisiting the requirements and  design, reformulating  them  to  match  new  and  existing  needs. Sometimes refactoring addresses ways to restructure design and code without perturbing the system's external behavior. The refactoring is done in small steps, supported by unit tests and pair programming, with simplicity guiding the effort.We will discuss the difficulties of refactoring in Chapter 5.
 - Pair programming: As noted in Chapter 1, there is a tension between viewing software engineering as an art and as a science. Pair programming attempts to address  the  artistic  side  of  software  development, acknowledging  that  the apprentice-master metaphor can be useful in teaching novice software developers how to develop the instincts of masters. Using one keyboard, two paired programmers develop a system from the specifications and design. One person has responsibility for finishing the code, but the pairing is flexible: a developer may have more than one partner on a given day.We will see in Chapter 7 how pair programming compares with the more traditional approach of individuals working separately until their modules have been unit-tested.
 - Collective ownership: In XP, any developer can make a change to any part of the system as it is being developed. In Chapter 11, we will address the difficulties in managing change, including the errors introduced when two people try to change the same module simultaneously.
 - Continuous integration: Delivering functionality quickly means that working systems  can  be  promised  to  the  customer  daily  and  sometimes  even  hourly. The emphasis is on small increments or improvements rather than on grand leaps from one revision to the next.
 - Sustainable pace: XP's emphasis on people includes acknowledging that fatigue can produce errors. So proponents of XP suggest a goal of 40 hours for each work week; pushing developers to devote heroic amounts of time to meeting deadlines is  a  signal  that  the  deadlines  are  unreasonable  or  that  there  are  insufficient resources for meeting them.
 - On-site customer: Ideally, a customer should be present on-site, working with the developers to determine requirements and providing feedback about how to test them.


[1]
[SECTION]: Modeling the Process and Life Cycle > 2.11 Key References > TABLE 2.3 ( continued )
[CONTENT]: There are many resources available for learning about agile methods. The Agile Manifesto is posted at http://www.agilealliance.org. Kent Beck's (1999) is the seminal book on extreme programming, and Alistair Cockburn (2002) describes the Crystal family of methodologies. Martin Beck (1999) explains refactoring, which is one of the most difficult steps of XP . Two excellent references on agile methods are Robert C. Martin's  (2003)  book  on  agile  software  development, and  Daniel  H. Steinberg  and Daniel  W. Palmer's  (2004)  book  on  extreme  software  engineering. Two  Web  sites providing additional information about extreme programming  are http://www. xprgramming.com and http://www.extremeprogramming.org.


[2]
[SECTION]: Modeling the Process and Life Cycle > 2.2 Software Process Models > SIDEBAR 2.2 WHEN IS EXTREME TOO EXTREME?
[CONTENT]: A s with most software development approaches, agile methods are not without their critics. For example, Stephens and Rosenberg (2003) point out that many of extreme programming's practices are interdependent, a vulnerability if one of them is modified. To see why, suppose some people are uncomfortable with pair programming. More coordination and documentation may be required to address the shared vision that is missing when people work on their own. Similarly, many developers prefer to do some design before they write code. Scrum addresses this preference by organizing around monthly sprints. Elssamadissy and Schalliol (2002) note that, in extreme programming, requirements are expressed as a set of test cases that must be passed by the software.This approach may cause customer representatives to focus on the test cases instead of the requirements. Because the test cases are a detailed expression of the requirements and may be solution oriented, the emphasis on test cases can distract the representatives from the project's underlying goals and can lead to a situation where the system passes all the tests but is not what the customers thought they were paying for.As we will see in Chapter 5, refactoring may be the Achilles heel of agile methods; it is difficult to rework a software system without degrading its architecture.


[3]
[SECTION]: Modeling the Process and Life Cycle > 2.2 Software Process Models > Agile Methods
[CONTENT]:  - Coding standards: Many observers think of XP and other agile methods as providing an unconstrained environment where anything goes. But in fact XP advocates clear definition of coding standards, to encourage teams to be able to understand and change each other's work. These standards support other practices, such as testing and refactoring. The result should be a body of code that appears to have been written by one person, and is consistent in its approach and expression.
Extreme programming and agile methods are relatively new.The body of evidence for its effectiveness is small but growing. We will revisit many agile methods and concepts, and their empirical evaluation, in later chapters, as we discuss their related activities.
The process models presented in this chapter are only a few of those that are used or discussed. Other process models can be defined and tailored to the needs of the user, customer,and developer.As Sidebar 2.3 notes,we should really capture the development process as a collection of process models, rather than focusing on a single model or view.
","[
    {
        ""role"": ""sentence"",
        ""segment"": ""Refactoring refers to revisiting the requirements and design, reformulating them to match new and existing needs, and is done in small steps, supported by unit tests and pair programming, with simplicity guiding the effort."",
        ""citations"": [
            {
                ""type"": ""source_text"",
                ""content"": ""Refactoring refers to revisiting the requirements and  design, reformulating  them  to  match new  and  existing  needs."",
                ""img_id"": null
            },
            {
                ""type"": ""source_text"",
                ""content"": ""The refactoring is done in small steps, supported by unit tests and pair programming, with simplicity guiding the effort."",
                ""img_id"": null
            }
        ],
        ""type"": null
    }
]","Refactoring refers to revisiting the requirements and design, reformulating them to match new and existing needs, and is done in small steps, supported by unit tests and pair programming, with simplicity guiding the effort.",2.078,7.16
"In Lai's notation for process modeling, what is ""Control""?","
[0]
[SECTION]: Modeling the Process and Life Cycle > 2.3 Tools And Techniques For Process Modeling > Static Modeling: Lai Notation
[CONTENT]: There are many ways to model a process statically. In the early 1990s, Lai (1991) developed a comprehensive process notation that is intended to enable someone to model any process at any level of detail. It builds on a paradigm where people perform roles while resources perform activities, leading to the production of artifacts. The process model shows the relationships among the roles, activities, and artifacts, and state tables show information about the completeness of each artifact at a given time.
In particular, the elements of a process are viewed in terms of seven types:
 - Activity: Something that will happen in a process. This element can be related to what  happens  before  and  after, what  resources  are  needed, what  triggers  the activity's start, what rules govern the activity, how to describe the algorithms and lessons learned, and how to relate the activity to the project team.
 - Sequence: The order of activities. The sequence can be described using triggers, programming constructs, transformations, ordering, or satisfaction of conditions.
 - Process model: A view of interest about the system. Thus, parts of the process may be represented as a separate model, either to predict process behavior or to examine certain characteristics.
 - Resource: A necessary item, tool, or person. Resources can include equipment, time, office space, people, techniques, and so on.The process model identifies how much of each resource is needed for each activity.
 - Control: An  external  influence  over  process  enactment. The  controls  may  be manual or automatic, human or mechanical.
 - Policy: A guiding principle. This high-level process constraint influences process enactment. It may include a prescribed development process, a tool that must be used, or a mandatory management style.
 - Organization: The hierarchical structure of process agents, with physical grouping corresponding to logical grouping and related roles. The mapping from physical to logical grouping should be flexible enough to reflect changes in physical environment.
The process description itself has several levels of abstraction, including the software development process that directs certain resources to be used in constructing specific modules, as well as generic models that may resemble the spiral or waterfall models. Lai's  notation  includes  several  templates, such  as  an  Artifact  Definition  Template, which records information about particular artifacts.


[1]
[SECTION]: Modeling the Process and Life Cycle > 2.3 Tools And Techniques For Process Modeling > Static Modeling: Lai Notation
[CONTENT]: Lai's approach can be applied to modeling software development processes; later in  this  chapter, we  use  it  to  model  the  risk  involved  in  development. However, to demonstrate its use and its ability to capture many facets of a complex activity, we apply it to a relatively simple but familiar process, driving an automobile. Table 2.1 contains a description of the key resource in this process, a car.
Other templates define relations, process states, operations, analysis, actions, and roles. Graphical diagrams represent the relationships between elements, capturing the main relationships and secondary ones. For example, Figure 2.11 illustrates the process of starting a car. The 'initiate' box represents the entrance conditions, and the 'park' box represents an exit condition.The left-hand column of a condition box lists artifacts, and the right-hand column is the artifact state.


[2]
[SECTION]: Modeling the Process and Life Cycle > 2.3 Tools And Techniques For Process Modeling > Static Modeling: Lai Notation
[CONTENT]: [FIGURE 2.11 The process of starting a car (Lai 1991).] 
Transition diagrams supplement the process model by showing how the states are related to one another. For example, Figure 2.12 illustrates the transitions for a car.
Lai's notation is a good example of how multiple structures and strategies can be used to capture a great deal of information about the software development process. But it is also useful in organizing and depicting process information about user requirements, as the car example demonstrates.
[FIGURE 2.12 Transition diagram for a car (Lai 1991).] 
[FIGURE_DESCRIPTIONS]
[0] Dense UML-like state-transition diagram showing a vehicle control system with numerous states and transitions. Central cluster fed by multiple incoming edges, interfaces labeled with actions such as accelerate, decelerate, drive, park, open_door, close_door, release_key, unlock, ready_for_tow, forward, turn, stop, and various gear and speed related states. Boxes representing states are connected by arrows, many small labeled transition conditions indicate sequencing and control flow. Text labels include car.speed, car.garage, car.door, car.gear, car.brake, and vehicle commands like stand, move, in_gear, out_of_gear. Complex topology suggests a finite-state machine for autonomous or manual vehicle behavior with states like off, on, parked, moving, initiated, ready_for_tow, and unlock. Visual emphasis on relationships between components through many bridged arrows and nested groupings.
[1] Three-state machine diagram illustrating a parking workflow. Three labeled states: PARKED, INITIATED, and MOVING represented as rounded nodes with bold captions. Arrows indicate transitions: INITIATED to PARKED via initiate, PARKED to MOVING via get-out, and MOVING to INITIATED or PARKED via stop and go? Directional flow emphasized by arrows. A small label near the transitions specifies trigger events such as initiate and get-out, while a curved arrow from MOVING back to INITIATED suggests a retry or reset. Overall diagram conveys parking initiation, departure, and return cycles with simple state relationships and minimal branching, focusing on high-level process control between the three states.



[3]
[SECTION]: Modeling the Process and Life Cycle > 2.11 Key References
[CONTENT]: As a result of the Fifth International Software Process Workshop,a working group chaired by Kellner formulated a standard problem, to be used to evaluate and compare some of the more popular process modeling techniques.The problem was designed to be complex enough so that it would test a technique's ability to include each of the following:
 - multiple levels of abstraction
 - control flow, sequencing, and constraints on sequencing
","[
  {
    ""role"": ""sentence"",
    ""segment"": ""Control is an external influence over process enactment, and controls may be manual or automatic, human or mechanical."",
    ""citations"": [
      {
        ""type"": ""source_text"",
        ""content"": ""- Control: An  external  influence  over  process  enactment. The  controls  may  be manual or automatic, human or mechanical."",
        ""img_id"": null
      }
    ],
    ""type"": null
  }
]","Control is an external influence over process enactment, and controls may be manual or automatic, human or mechanical.",1.652,5.049
What is the difference between an activity and a milestone?,"
[0]
[SECTION]: Planning and Managing the Project > 3.1 Tracking Progress
[CONTENT]:  - documents
 - demonstrations of function
 - demonstrations of subsystems
 - demonstrations of accuracy
 - demonstrations of reliability, security, or performance In our analysis of the project, we must distinguish clearly between milestones and activities. An activity is  a  part  of  the  project  that  takes place over a period of time, whereas a milestone is the completion of an activity-a particular point in time. Thus, an activity has a beginning and an end, whereas a milestone is the end of a specially designated activity. For example, the customer may want the system to be accompanied by an online operator tutorial. The development of the tutorial and its associated programs is an activity; it culminates in the demonstration of those functions to the customer: the milestone.
By examining the project carefully in this way, we can separate development into a succession of phases. Each phase is composed of steps, and each step can be subdivided further if necessary, as shown in Figure 3.1.
To see how this analysis works, consider the phases, steps, and activities of Table 3.1, which describes the building of a house. First, we consider two phases: landscaping the lot and building the house itself. Then, we break each phase into smaller steps, such as PROJECT clearing and grubbing, seeding the turf, and planting trees and shrubs. Where necessary, we can divide the steps into activities; for example, finishing the interior involves completing the interior plumbing, interior electrical work, wallboard, interior painting, floor covering, doors, and fixtures. Each activity is a measurable event and we have objective criteria to determine when the activity is complete.Thus, any activity's end can be a milestone, and Table 3.2 lists the milestones for phase 2.


[1]
[SECTION]: Planning and Managing the Project > 3.1 Tracking Progress > Work Breakdown and Activity Graphs
[CONTENT]: Analysis of this kind is sometimes described as generating a work breakdown structure for a given project, because it depicts the project as a set of discrete pieces of work. Notice that the activities and milestones are items that both customer and developer can use to track development or maintenance.At any point in the process, the customer may want to follow our progress.We developers can point to activities, indicating what work is under way, and to milestones, indicating what work has been completed. However, a project's work breakdown structure gives no indication of the interdependence of the work units or of the parts of the project that can be developed concurrently.
We can describe each activity with four parameters: the precursor, duration, due date, and endpoint. A precursor is an event or set of events that must occur before the activity can begin; it describes the set of conditions that allows the activity to begin. The duration is the length of time needed to complete the activity. The due date is the date by which the activity must be completed, frequently determined by contractual deadlines. Signifying that the activity has ended, the endpoint is usually a milestone or deliverable.We can illustrate the relationships among activities by using these parameters. In particular, we can draw an activity graph to depict the dependencies; the nodes of the graph are the project milestones, and the lines linking the nodes represent the activities involved. Figure 3.2 is an activity graph for the work described in phase 2 of Table 3.1.


[2]
[SECTION]: Planning and Managing the Project > 3.1 Tracking Progress > Estimating Completion
[CONTENT]: To see how CPM works, consider again our house-building example. First, we notice that the activities leading to milestones 1.1 (surveying) and 1.2 (requesting permits) can occur concurrently. Since excavation (the activity culminating in milestone 1.3) cannot begin until day 16, surveying has 15 days in which to be completed, even though it is only 3 days in duration. Thus, surveying has 15 days of available time, but requires only 3 days of real time. In the same way, for each activity in our graph, we can compute a pair of times: real time and available time.The real time or actual time for an activity is the estimated amount of time required for the activity to be completed, and the available time is the amount of time available in the schedule for the activity's completion. Slack time or float for an activity is the difference between the available time and the real time for that activity:
Slack time = available time -real time 1.1 FINISH Another way of looking at slack time is to compare the earliest time an activity may begin  with  the  latest  time  the  activity  may  begin  without  delaying  the  project. For example, surveying may begin on day 1, so the earliest start time is day 1. However, because it will take 15 days to request and receive permits, surveying can begin as late as day 13 and still not hold up the project schedule.Therefore,
[FIGURE_DESCRIPTIONS]
[0] Graph-like activity diagram labeled FIGURE 3.3. Activity graph with durations. Nodes are circular with numeric labels (e.g., 1, 2, 3, …) and multiple branches connecting to a central path that runs from START to FINISH. Distinct labeled edges carry duration values such as 10, 12, 15, 20, 0, 18, 9, 7, and 6, indicating time costs associated with transitions. A vertical progression from START through sequential nodes (1.1, 1.2, 1.3, 1.4 etc.) forms a main line, while diagonal and curved branches connect to side nodes, forming a network-like process map. Text annotations: “START” near the initial node and “FINISH” near the terminal node, with an emphasis on durations and flow between activities. The top right contains a caption label “FIGURE 3.3 Activity graph with durations.” The diagram emphasizes process sequencing, parallel paths, and edge weights representing time. Readable node labels include composite numbers such as 2.3, 2.4, 3.1, 3.2, 3.3, etc., implying hierarchical steps and sub-activities.

","[
  {
    ""role"": ""paragraph"",
    ""segment"": ""An activity is  a  part  of  the  project  that  takes place over a period of time, whereas a milestone is the end of a specially designated activity. Thus, an activity has a beginning and an end, whereas a milestone is the end of a specially designated activity."",
    ""citations"": [
      {
        ""type"": ""source_text"",
        ""content"": ""An activity is  a  part  of  the  project  that  takes place over a period of time, whereas a milestone is the end of a specially designated activity. Thus, any activity's end can be a milestone, and Table 3.2 lists the milestones for phase 2."",
        ""img_id"": null
      }
    ],
    ""type"": null
  }
]",The chatbot can't answer this question. Please try again with another question.,1.686,5.203
What is a precursor?,"
[0]
[SECTION]: Planning and Managing the Project > 3.1 Tracking Progress > Work Breakdown and Activity Graphs
[CONTENT]: Analysis of this kind is sometimes described as generating a work breakdown structure for a given project, because it depicts the project as a set of discrete pieces of work. Notice that the activities and milestones are items that both customer and developer can use to track development or maintenance.At any point in the process, the customer may want to follow our progress.We developers can point to activities, indicating what work is under way, and to milestones, indicating what work has been completed. However, a project's work breakdown structure gives no indication of the interdependence of the work units or of the parts of the project that can be developed concurrently.
We can describe each activity with four parameters: the precursor, duration, due date, and endpoint. A precursor is an event or set of events that must occur before the activity can begin; it describes the set of conditions that allows the activity to begin. The duration is the length of time needed to complete the activity. The due date is the date by which the activity must be completed, frequently determined by contractual deadlines. Signifying that the activity has ended, the endpoint is usually a milestone or deliverable.We can illustrate the relationships among activities by using these parameters. In particular, we can draw an activity graph to depict the dependencies; the nodes of the graph are the project milestones, and the lines linking the nodes represent the activities involved. Figure 3.2 is an activity graph for the work described in phase 2 of Table 3.1.


[1]
[SECTION]: Evaluating Products, Processes, and Resources > 12.5 Evaluating Processes > Process Maturity Models
[CONTENT]: It is important to remember that capability maturity does not involve a discrete set of five possible ratings. Instead, maturity represents relative locations on a continuum from 1 to 5.An individual process is assessed or evaluated along many dimensions, and some parts of the process can be more mature or visible than others. For example, a repeatable process may not have well-defined intermediate activities, but the design activity may indeed be clearly defined and managed. The process visibility diagrams presented here are meant only to give a general depiction of typical processes. It is essential to examine each project's process to determine what is visible.The figures and tables should not proscribe activities simply because the overall maturity level is a particular integer; if one part of a process is more mature than the rest, an activity or tool can enhance the visibility of that part and help to meet overall project goals, at the same time bringing the rest of the process up to a higher level of maturity. Thus, in a repeatable process with a well-defined design activity, design quality metrics may be appropriate and desirable, even though they are not generally recommended for level 2.
The CMM has another level of granularity not shown in the table: Each process area comprises a set of key practices whose presence indicates that the developer has implemented and institutionalized the process area. The key practices are supposed to provide evidence that the process area is effective, repeatable, and long-lasting (Paulk et al. 1993b).
The key practices are organized by these common features:
 - Commitment to perform: What actions ensure that the process is established and will continue to be used? This category includes policy and leadership practices.
 - Ability to perform: What preconditions ensure that the organization is capable of implementing the process? Practices here address resources, training, orientation, tools, and organizational structure.
 - Activities performed: What roles and procedures are necessary to implement a key process area? This category includes practices on plans, procedures, work performed, corrective action, and tracking.
 - Measurement and analysis: What procedures measure the process and analyze the measurements? The practices in this category include process measurement and analysis.
 - Verifying  implementation: What ensures  that  activities  comply  with  the  established process? The practices include management reviews and audits.
An organization is said to satisfy a key process area only when the process area is both implemented and institutionalized. Implementation is determined by the answers to the activities performed questions; the other practices address institutionalization.


[2]
[SECTION]: Why Software Engineering? > 1.5 A Systems Approach
[CONTENT]: The projects we develop do not exist in a vacuum. Often, the hardware and software we put together must interact with users, with other software tasks, with other pieces of hardware, with existing databases (i.e., with carefully defined sets of data and data relationships), or even with other computer systems.Therefore, it is important to provide a context for any project by knowing the boundaries of the project: what is included in the project and what is not. For example, suppose you are asked by your supervisor to write  a  program  to  print  paychecks  for  the  people  in  your  office. You  must  know whether your program simply reads hours worked from another system and prints the results  or  whether you must also calculate the pay information. Similarly, you must know whether the program is to calculate taxes, pensions, and benefits or whether a report of these items is to be provided with each paycheck. What you are really asking is: Where does the project begin and end? The same question applies to any system. A system is a collection of objects and activities, plus a description of the relationships that tie the objects and activities together. Typically, our system definition includes, for each activity, a list of inputs required, actions taken, and outputs produced. Thus, to begin, we must know whether any object or activity is included in the system or not.


[3]
[SECTION]: Capturing the Requirements > 4.2 Requirements Elicitation
[CONTENT]: Requirements elicitation is an especially critical part of the process.We must use a variety of techniques to determine what the users and customers really want. Sometimes, we are automating a manual system, so it is easy to examine what the system already does. But often, we must work with users and customers to understand a completely new problem.This task is rarely as simple as asking the right questions to pluck the requirements from the customer's head. At the early stage of a project, requirements are illformed and ill-understood by everyone. Customers are not always good at describing exactly what they want or need, and we are not always good at understanding someone else's business concerns.The customers know their business, but they cannot always describe their business problems to outsiders; their descriptions are full of jargon and
","[
  {
    ""role"": ""sentence"",
    ""segment"": ""A precursor is an event or set of events that must occur before the activity can begin; it describes the set of conditions that allows the activity to begin."",
    ""citations"": [
      {
        ""type"": ""source_text"",
        ""content"": ""A precursor is an event or set of events that must occur before the activity can begin; it describes the set of conditions that allows the activity to begin."",
        ""img_id"": null
      }
    ],
    ""type"": null
  }
]",A precursor is an event or set of events that must occur before the activity can begin; it describes the set of conditions that allows the activity to begin.,1.748,2.765
How is slack time computed using available time and real time?,"
[0]
[SECTION]: Planning and Managing the Project > 3.1 Tracking Progress > Slack time = latest start time -earliest start time
[CONTENT]: Let us compute the slack for our example's activities to see what it tells us about the project schedule. We compute slack by examining all paths from the start to the finish. As we have seen, it must take 15 days to complete milestones 1.1 and 1.2.An additional 55 days are used in completing milestones 1.3, 1.4, 2.1, and 2.2. At this point, there are four possible paths to be taken:
 - Following milestones 2.3 through 2.7 on the graph requires 39 days.
 - Following milestones 2.3 through 2.8 on the graph requires 42 days.
 - Following milestones 3.1 through 3.4 on the graph requires 54 days.
 - Following milestones 3.1 through 3.6 on the graph requires 54 days.
Because milestones 2.7, 2.8, 3.4, and 3.6 must be met before the project is finished, our schedule is constrained by the longest path.As you can see from Figure 3.3 and our preceding calculations, the two paths on the right require 124 days to complete, and the two paths on the left require fewer days. To calculate the slack, we can work backward along the path to see how much slack time there is for each activity leading to a node. First, we note that there is zero slack on the longest path.Then, we examine each of the remaining nodes to calculate the slack for the activities leading to them. For example,
54 days are available to complete the activities leading to milestones 2.3, 2.4, 2.5, 2.6, and 2.8, but only 42 days are needed to complete these. Thus, this portion of the graph has 12 days of slack. Similarly, the portion of the graph for activities 2.3 through 2.7 requires only 39 days, so we have 15 days of slack along this route. By working forward through the graph in this way, we can compute the earliest start time and slack for each of the activities.Then, we compute the latest start time for each activity by moving from the finish back through each node to the start. Table 3.4 shows the results: the slack time for each activity in Figure 3.3. (At milestone 2.6, the path can branch to 2.7 or 2.8. The latest start times in Table 3.4 are calculated by using the route from 2.6 to 2.8, rather than from 2.6 to 2.7.)
The longest path has a slack of zero for each of its nodes, because it is the path that determines whether or not the project is on schedule. For this reason, it is called the critical path. Thus, the critical path is  the  one for which the slack at every node is zero. As you can see from our example, there may be more than one critical path.


[1]
[SECTION]: Planning and Managing the Project > 3.1 Tracking Progress > Estimating Completion
[CONTENT]: To see how CPM works, consider again our house-building example. First, we notice that the activities leading to milestones 1.1 (surveying) and 1.2 (requesting permits) can occur concurrently. Since excavation (the activity culminating in milestone 1.3) cannot begin until day 16, surveying has 15 days in which to be completed, even though it is only 3 days in duration. Thus, surveying has 15 days of available time, but requires only 3 days of real time. In the same way, for each activity in our graph, we can compute a pair of times: real time and available time.The real time or actual time for an activity is the estimated amount of time required for the activity to be completed, and the available time is the amount of time available in the schedule for the activity's completion. Slack time or float for an activity is the difference between the available time and the real time for that activity:
Slack time = available time -real time 1.1 FINISH Another way of looking at slack time is to compare the earliest time an activity may begin  with  the  latest  time  the  activity  may  begin  without  delaying  the  project. For example, surveying may begin on day 1, so the earliest start time is day 1. However, because it will take 15 days to request and receive permits, surveying can begin as late as day 13 and still not hold up the project schedule.Therefore,
[FIGURE_DESCRIPTIONS]
[0] Graph-like activity diagram labeled FIGURE 3.3. Activity graph with durations. Nodes are circular with numeric labels (e.g., 1, 2, 3, …) and multiple branches connecting to a central path that runs from START to FINISH. Distinct labeled edges carry duration values such as 10, 12, 15, 20, 0, 18, 9, 7, and 6, indicating time costs associated with transitions. A vertical progression from START through sequential nodes (1.1, 1.2, 1.3, 1.4 etc.) forms a main line, while diagonal and curved branches connect to side nodes, forming a network-like process map. Text annotations: “START” near the initial node and “FINISH” near the terminal node, with an emphasis on durations and flow between activities. The top right contains a caption label “FIGURE 3.3 Activity graph with durations.” The diagram emphasizes process sequencing, parallel paths, and edge weights representing time. Readable node labels include composite numbers such as 2.3, 2.4, 3.1, 3.2, 3.3, etc., implying hierarchical steps and sub-activities.



[2]
[SECTION]: Improving Predictions, Products, Processes, and Resources > 13.4 Improving Resources > Cost and Schedule Trade-Offs
[CONTENT]: Time is a key resource. Given enough time, a development team can produce a highquality product by designing carefully, testing thoroughly, and spending enough time with customers and users to ensure that all have a common understanding of the problem and its solution.
Unfortunately, time is not always available. Market pressures require us to sell products  before  our  competitors  do  or  offer  services  when  our  customers  demand them. Coordination  pressures  force  us  to  make  our  products  available  when  other products are delivered, driven by integration and testing schedules. Thus, understanding the relationships among cost, schedule, and quality helps us plan our development and maintenance without sacrificing function or quality.
Many effort and schedule estimation models include this type of trade-off analysis. For example, COCOMO describes the interaction between effort and schedule and suggests nominal effort and schedule measures based on project parameters (Boehm 1981). Other models, such as Putnam's SLIM, illustrate the effects of compressing the schedule, usually  resulting  in  an  increasing  need  for  staff. However, Brooks  (1995) warns us that adding staff to a late project only makes it later. Similarly, Lister tells us that  people  under  pressure  do  not  think  any  faster, so  there  must  be  a  minimum amount of time needed to perform a task well (DeMarco 1997).
","[
  {
    ""role"": ""sentence"",
    ""segment"": ""Slack time or float for an activity is the difference between the available time and the real time for that activity: Slack time = available time -real time."",
    ""citations"": [
      {
        ""type"": ""source_text"",
        ""content"": ""Slack time or float for an activity is the difference between the available time and the real time for that activity: Slack time = available time -real time 1.1 FINISH"",
        ""img_id"": null
      }
    ],
    ""type"": null
  }
]",Slack time or float for an activity is the difference between the available time and the real time for that activity: Slack time = available time -real time.,1.393,5.533
What is the critical path?,"
[0]
[SECTION]: Planning and Managing the Project > 3.14 Exercises
[CONTENT]:  - You are about to bake a two-layer birthday cake with icing. Describe the cake-baking project as a work breakdown structure. Generate an activity graph from that structure. What is the critical path?
 - Figure 3.23 is an activity graph for a software development project. The number corresponding to each edge of the graph indicates the number of days required to complete the activity represented by that branch. For example, it will take four days to complete the E activity that ends in milestone E. For each activity, list its precursors and compute the earliest start time, the latest start time, and the slack.Then, identify the critical path.
 - Figure 3.24 is an activity graph. Find the critical path.
 - On a software development project, what kinds of activities can be performed in parallel? Explain why the activity graph sometimes hides the interdependencies of these activities.
 - Describe  how  adding  personnel  to  a  project  that  is  behind  schedule  might  make  the project completion date even later.
 - A large government agency wants to contract with a software development firm for a project involving 20,000 lines of code.The Hardand Software Company uses Walston and Felix's estimating technique for determining the number of people required for the time needed to write that much code. How many person-months does Hardand estimate will be needed? If the government's estimate of size is 10% too low (i.e., 20,000 lines of code represent  only  90%  of  the  actual  size), how  many  additional  person-months  will  be needed? In general, if the government's size estimate is k % too low, by how much must the person-month estimate change?
[FIGURE_DESCRIPTIONS]
[0] Diagram of an activity graph for Exercise 2. Nodes labeled with letters A through L form a directed network with labeled edges indicating durations or weights. The start node at left is A, leading to B and C through edges with weights 3 and 5 respectively, continuing along a multi-path structure to a finish node on the far right. The graph comprises two horizontal rows with E, F, G, H on the lower path and D, I, J, K on the upper path, plus intermediate cross-links such as edges from B to D and from G to I. Numerical edge labels include values like 3, 4, 5, 6, 8, 2, and 7, suggesting activity durations or costs. The layout shows parallel chains with shared intersections at nodes E–G and I–K, and a final convergence to FINISH via a rightmost edge. The figure caption reads: FIGURE 3.23 Activity graph for Exercise 2.



[1]
[SECTION]: Planning and Managing the Project > 3.1 Tracking Progress > Slack time = latest start time -earliest start time
[CONTENT]: Since the critical path has no slack, there is no margin for error when performing the activities along its route.
Notice what happens when an activity on the critical path begins late (i.e., later than its earliest start time). The late start pushes all subsequent critical path activities forward, forcing them to be late, too, if there is no slack. And for activities not on the critical path, the subsequent activities may also lose slack time. Thus, the activity graph helps us to understand the impact of any schedule slippage.
Consider what happens if the activity graph has several loops in it. Loops may occur when an activity must be repeated. For instance, in our house-building example, the building inspector may require the plumbing to be redone.In software development, a design inspection may require design or requirements to be respecified. The appearance of these loops may change the critical path as the loop activities are exercised more than once. In this case, the effects on the schedule are far less easy to evaluate.
Figure 3.4 is a bar chart that shows some software development project activities, including information about the early and late start dates; this chart is typical of those produced by automated project management tools. The horizontal bars represent the duration of each activity; those bars composed of asterisks indicate the critical path. Activities depicted by dashes and Fs are not on the critical path, and an F represents float or slack time.
Critical path analysis of a project schedule tells us who must wait for what as the project is being developed. It also tells us which activities must be completed on schedule to avoid delay. This kind of analysis can be enhanced in many ways. For instance, our house-building example supposes that we know exactly how long each activity will take. Often, this is not the case. Instead, we have only an estimated duration for an activity, based on our knowledge of similar projects and events. Thus, to each activity, we can ***********************


[2]
[SECTION]: Planning and Managing the Project > 3.1 Tracking Progress > Estimating Completion
[CONTENT]: We can make an activity  graph  more  useful  by  adding  to  it  information  about  the estimated time it will take to complete each activity. For a given activity, we label the corresponding edge of the graph with the estimate. For example, for the activities in phase 2 of Table 2.1, we can append to the activity graph of Figure 3.2 estimates of the number of days it will take to complete each activity. Table 3.3 contains the estimates for each activity.
The result is the graph shown in Figure 3.3. Notice that milestones 2.7, 2.8, 3.4, and 3.6 are precursors to the finish.That is, these milestones must all be reached in order to consider the project complete. The zeros on the links from those nodes to the finish show that no additional time is needed. There is also an implicit zero on the link from node 1.2 to 1.1, since no additional time is accrued on the dashed link.
This graphical depiction of the project tells us a lot about the project's schedule. For example,since we estimated that the first activity would take 3 days to complete, we cannot hope to reach milestone 1.1 before the end of day 3. Similarly, we cannot reach milestone 1.2 before the end of day 15. Because the beginning of excavation (activity 1.3)  cannot  begin  until  milestones  1.1  and  1.2  are  both  reached, excavation  cannot begin until the beginning of day 16.
Analyzing the paths among the milestones of a project in this way is called the Critical Path Method (CPM) . The paths can show us the minimum amount of time it will take to complete the project, given our estimates of each activity's duration. Moreover, CPM reveals those activities that are most critical to completing the project on time.
","[
  {
    ""role"": ""paragraph"",
    ""segment"": ""The critical path is the sequence of activities that has no slack, i.e., no margin for delay, so delays on these activities push the whole project schedule forward."",
    ""citations"": [
      {
        ""type"": ""source_text"",
        ""content"": ""Slack time = latest start time -earliest start time"",
        ""img_id"": null
      },
      {
        ""type"": ""source_text"",
        ""content"": ""Since the critical path has no slack, there is no margin for error when performing the activities along its route."",
        ""img_id"": null
      },
      {
        ""type"": ""source_text"",
        ""content"": ""Figure 3.4 is a bar chart that shows some software development project activities, including information about the early and late start dates; this chart is typical of those produced by automated project management tools. The horizontal bars represent the duration of each activity; those bars composed of asterisks indicate the critical path."",
        ""img_id"": null
      }
    ],
    ""type"": null
  }
]","The critical path is the sequence of activities that has no slack, i.e., no margin for delay, so delays on these activities push the whole project schedule forward.",1.631,6.972
What are the two components used to describe a preferred work style?,"
[0]
[SECTION]: Planning and Managing the Project > 3.2 Project Personnel > Work Styles
[CONTENT]: Different people have different preferred styles for interacting with others on the job and for understanding problems that arise in the course of their work. For example, you may prefer to do a detailed analysis of all possible information before making a decision, whereas your colleague may rely on 'gut feeling' for most of his important decisions. You can think of your preferred work style in terms of two components: the way in which your thoughts are communicated and ideas gathered, and the degree to which your emotions affect decision making. When communicating ideas, some people tell others their thoughts, and some people ask for suggestions from others before forming an opinion. Jung (1959) calls the former extroverts and the latter introverts . Clearly, your communication style affects the way you interact with others on a project. Similarly, intuitive people base their decisions on feelings about and emotional reactions to a problem. Others are rational , deciding primarily by examining the facts and carefully considering all options.
We can describe the variety of work styles by considering the graph of Figure 3.10, where communication style forms the horizontal axis and decision style the vertical one.The more extroverted you are, the farther to the right your work style falls on the graph. Similarly, the more emotions play a part in your decisions, the higher up you go. Thus, we can define four basic work styles, corresponding to the four quadrants of the graph. The rational extroverts tend to assert their ideas and not let 'gut feeling' affect their decision making.They tell their colleagues what they want them to know, but they rarely ask for more information before doing so.When reasoning,they rely on logic, not emotion.The rational introverts also avoid emotional decisions, but they are willing to take time to consider all possible courses of action. Rational introverts are information gatherers; they do not feel comfortable making a decision unless they are convinced that all the facts are at hand.
In  contrast, intuitive  extroverts base  many  decisions  on  emotional  reactions, tending to want to tell others about them rather than ask for input.They use their intuition to be creative, and they often suggest unusual approaches to solving a problem. The intuitive introvert is creative, too, but applies creativity only after having gathered INTUITIVE sufficient information on which to base a decision. Winston Churchill was an intuitive introvert; when he wanted to learn about an issue, he read every bit of material available that addressed it. He often made his decisions based on how he felt about what he had learned (Manchester 1983).


[1]
[SECTION]: Modeling the Process and Life Cycle > 2.3 Tools And Techniques For Process Modeling
[CONTENT]: There are many choices for modeling tools and techniques, once you decide what you want to capture in your process model; we have seen several modeling approaches in our  model  depictions  in  the  preceding  section. The  appropriate  technique  for  you depends on your goals and your preferred work style. In particular, your choice for notation depends on what you want to capture in your model.The notations range from textual ones that express processes as functions, to graphical ones that depict processes as hierarchies of boxes and arrows, to combinations of pictures and text that link the graphical depiction to tables and functions elaborating on the high-level illustration. Many of the modeling notations can also be used for representing requirements and designs; we examine some of them in later chapters.
In this chapter, the notation is secondary to the type of model, and we focus on two major categories, static and dynamic. A static model depicts the process, showing that the inputs are transformed to outputs.A dynamic model enacts the process, so the user can see how intermediate and final products are transformed over time.


[2]
[SECTION]: Designing the Architecture > 5.4 Architectural Styles And Strategies > Repositories
[CONTENT]: A repository style of architecture consists of two types of components: a central data store and associated data-accessing components. Shared data are stockpiled in the data store, and the data accessors are computational units that store, retrieve, and update the information. It is challenging to design such a system, because we must decide how the two types of components will interact. In a traditional database , the data store acts like a server component, and the data-accessing clients request information from the data store, perform calculations, and request that results be written back to the data store. In such a system, the data-accessing components are active , in that they initiate the system's computations.
However, in the blackboard type of repository (illustrated in Figure 5.8), the dataaccessing components are reactive : they execute in reaction to the current contents of the data store. Typically, the blackboard contains information about the current state of the system's  execution  that  triggers  the  execution  of  individual  data  accessors, called knowledge sources . For example, the blackboard may store computation tasks, and an idle knowledge source checks a task out of the blackboard, performs the computation locally, and checks the result back into the blackboard. More commonly, the blackboard stores the current state of the system's computation,and knowledge sources detect pieces of the unsolved problem to tackle. For example, in a rule-based system, the current state of the solution is stored in the blackboard, and knowledge sources iteratively revise and improve the solution by applying rewriting rules.The style is analogous to a computation or proof that is written on a real-world blackboard, where people (knowledge sources) iteratively improve the write-up by walking up to the blackboard, erasing some part of the writing, and replacing it with new writing (Shaw and Garlan 1996).


[3]
[SECTION]: Maintaining the System > 11.10 What This Chapter Means For Your Development Team
[CONTENT]: Maintenance is definitely a team activity. A great deal of coordination must be used when checking out a component, changing and testing the component, and putting the revised  component  back  into  the  working  system. Moreover, many  failures  are the result  of  complex  interactions  among  components, so  you  must  communicate with your team members to get a big picture of how the software interoperates with its environment.
Your people skills are especially important during maintenance. As you seek the cause of a problem, you must talk with your colleagues, users, and customers, and each will have a different work style (as we saw in Chapter 2). So you must learn how to extract the information you need from documents and from people in the most effective ways possible, using your understanding of work styles.
","[
  {
    ""role"": ""sentence"",
    ""segment"": ""The two components are: the way in which your thoughts are communicated and ideas gathered, and the degree to which your emotions affect decision making."",
    ""citations"": [
      {
        ""type"": ""source_text"",
        ""content"": ""You can think of your preferred work style in terms of two components: the way in which your thoughts are communicated and ideas gathered, and the degree to which your emotions affect decision making."",
        ""img_id"": null
      }
    ],
    ""type"": null
  }
]","The two components are: the way in which your thoughts are communicated and ideas gathered, and the degree to which your emotions affect decision making.",1.695,2.88
How do rational extroverts make decisions according to the work styles framework?,"
[0]
[SECTION]: Planning and Managing the Project > 3.2 Project Personnel > Work Styles
[CONTENT]: Different people have different preferred styles for interacting with others on the job and for understanding problems that arise in the course of their work. For example, you may prefer to do a detailed analysis of all possible information before making a decision, whereas your colleague may rely on 'gut feeling' for most of his important decisions. You can think of your preferred work style in terms of two components: the way in which your thoughts are communicated and ideas gathered, and the degree to which your emotions affect decision making. When communicating ideas, some people tell others their thoughts, and some people ask for suggestions from others before forming an opinion. Jung (1959) calls the former extroverts and the latter introverts . Clearly, your communication style affects the way you interact with others on a project. Similarly, intuitive people base their decisions on feelings about and emotional reactions to a problem. Others are rational , deciding primarily by examining the facts and carefully considering all options.
We can describe the variety of work styles by considering the graph of Figure 3.10, where communication style forms the horizontal axis and decision style the vertical one.The more extroverted you are, the farther to the right your work style falls on the graph. Similarly, the more emotions play a part in your decisions, the higher up you go. Thus, we can define four basic work styles, corresponding to the four quadrants of the graph. The rational extroverts tend to assert their ideas and not let 'gut feeling' affect their decision making.They tell their colleagues what they want them to know, but they rarely ask for more information before doing so.When reasoning,they rely on logic, not emotion.The rational introverts also avoid emotional decisions, but they are willing to take time to consider all possible courses of action. Rational introverts are information gatherers; they do not feel comfortable making a decision unless they are convinced that all the facts are at hand.
In  contrast, intuitive  extroverts base  many  decisions  on  emotional  reactions, tending to want to tell others about them rather than ask for input.They use their intuition to be creative, and they often suggest unusual approaches to solving a problem. The intuitive introvert is creative, too, but applies creativity only after having gathered INTUITIVE sufficient information on which to base a decision. Winston Churchill was an intuitive introvert; when he wanted to learn about an issue, he read every bit of material available that addressed it. He often made his decisions based on how he felt about what he had learned (Manchester 1983).


[1]
[SECTION]: Planning and Managing the Project > 3.2 Project Personnel > Work Styles
[CONTENT]: To see how work styles affect interactions on a project, consider several typical staff profiles. Kai, a rational extrovert, judges her colleagues by the results they produce. When making a decision, her top priority is efficiency. Thus, she wants to know only the bottom line. She examines her options and their probable effects, but she does not need to see documents or hear explanations supporting each option. If her time is wasted or her efficiency is hampered in some way, she asserts her authority to regain control of the situation.Thus, Kai is good at making sound decisions quickly.
Marcel, a rational introvert, is very different from his colleague Kai. He judges his peers by how busy they are, and he has little tolerance for those who appear not to be working hard all the time. He is a good worker, admired for the energy he devotes to his work. His reputation as a good worker is very important to him, and he prides himself on being accurate and thorough. He does not like to make decisions without complete information. When asked to make a presentation, Marcel does so only after gathering all relevant information on the subject.
Marcel shares an office with David, an intuitive extrovert. Whereas Marcel will not make a decision without complete knowledge of the situation, David prefers to follow his feelings. Often, he will trust his intuition about a problem, basing his decision on professional judgment rather than a slow, careful analysis of the information at hand. Since he is assertive, David tends to tell the others on his project about his new ideas. He is creative, and he enjoys when others recognize his ideas. David likes to work in an environment where there is a great deal of interaction among the staff members.
[FIGURE_DESCRIPTIONS]
[0] Diagram showing a two-axis model with axes labeled INWARD-OUTWARD (horizontal) and INTUITIVE-EXPERIMENTAL (vertical). At the top left, text blocks read INTUITIVE, INTR0VERT; at the top right INTUITIVE, EXTR0VERT; bottom left RATIONAL, INTROVERT; bottom right RATIONAL, EXTROVERT. Each quadrant contains small descriptors: left side includes 'Asks others', 'Acknowledges feelings', 'Decides logically' appears in both left quadrants, while right side includes similar labels but oriented to external perspectives. The vertical axis on the left reads INWARD at bottom and INTUITIVE at top; the right side shows EXPERT? with 'Work styles' label on the far right. The diagram emphasizes opposing cognitive styles: intuitive vs rational and inward vs outward, with brief cues such as 'asks others', 'acknowledges feelings', and 'decides logically' situated in respective quadrants. The overall layout resembles a 2x2 trait space illustrating personal work styles or decision approaches.



[2]
[SECTION]: The Future of Software Engineering > 14.3 Decision-Making In Software Engineering > How Groups Really Make Decisions
[CONTENT]: Many organizations use group decision-making techniques to derive important projections or estimates. For example, the Delphi technique (see Sidebar 14.1) enables several estimators to combine their disparate estimates into one with which all can feel comfortable.


[3]
[SECTION]: The Future of Software Engineering > 14.3 Decision-Making In Software Engineering > Lots of Decisions
[CONTENT]: Each of these approaches suggests the 'right' choice, but it may not always be the optimum choice. Or it may involve many calculations or comparisons. In reality, we may use a heuristic approach that gives us a pretty good answer.


[4]
[SECTION]: The Future of Software Engineering > 14.3 Decision-Making In Software Engineering
[CONTENT]: Coupled with the need for evidence about new technologies is the need to make decisions about them. How do we decide what technologies to use on our next project?
How do we allocate the right resources to a team? And how do we weigh the risks of one choice over another? As with technology transfer, we can look to other disciplines to see how research on decision-making can help us improve our software engineeringrelated choices.
","[
    {
        ""role"": ""paragraph"",
        ""segment"": ""Rational extroverts tend to assert their ideas and not let 'gut feeling' affect their decision making. They tell their colleagues what they want them to know, but they rarely ask for more information before doing so. When reasoning, they rely on logic, not emotion."",
        ""citations"": [
            {
                ""type"": ""source_text"",
                ""content"": ""The rational extroverts tend to assert their ideas and not let 'gut feeling' affect their decision making.They tell their colleagues what they want them to know, but they rarely ask for more information before doing so.When reasoning,they rely on logic, not emotion."",
                ""img_id"": null
            }
        ]
    }
]","Rational extroverts tend to assert their ideas and not let 'gut feeling' affect their decision making. They tell their colleagues what they want them to know, but they rarely ask for more information before doing so. When reasoning, they rely on logic, not emotion.",1.556,6.206
How does an egoless programming team approach responsibility?,"
[0]
[SECTION]: Planning and Managing the Project > 3.2 Project Personnel > Project Organization
[CONTENT]: [FIGURE 3.11 Chief programmer team organization.] 
Clearly, the chief programmer must be good at making decisions quickly, so the chief is likely to be an extrovert. However, if most of the team members are introverts, the chief programmer team may not be the best structure for the project. An alternative is based on the idea of 'egoless' programming, as described by Weinberg (1971). Instead of a single point of responsibility, an egoless approach holds everyone equally responsible. Moreover, the process is separated from the individuals; criticism is made of  the  product  or  the  result, not  the  people  involved. The  egoless  team  structure  is democratic, and all team members vote on a decision, whether it concerns design considerations or testing techniques.
Of course, there are many other ways to organize a development or maintenance project, and the two described above represent extremes.Which structure is preferable? The more people on the project, the more need there is for a formal structure. Certainly, a development team with only three or four members does not always need an elaborate organizational structure. However, a team of several dozen workers must have a welldefined organization.In fact, your company or your customer may impose a structure on the development team, based on past success, on the need to track progress in a certain way, or on the desire to minimize points of contact. For example, your customer may insist that the test team be totally independent of program design and development.
[FIGURE_DESCRIPTIONS]
[0] Organizational chart illustrating a hierarchical software team structure. At the top is Chief programmer, followed by Assistant chief programmer directly beneath. A level below shows four parallel departments: Senior programmers, Librarians, Administration, and Test team. Under Senior programmers, there is a subordinate Junior programmers unit. The diagram uses rectangular nodes with connecting lines to indicate reporting relationships. The visible text within nodes includes: 'Chief programmer', 'Assistant chief programmer', 'Senior programmers', 'Librarians', 'Administration', 'Test team', and 'Junior programmers'. The layout presents a classic pyramid-like management hierarchy with a single top role, a mid-level management layer, and a bottom tier of developers, emphasizing the division of responsibilities across functions.



[1]
[SECTION]: Testing the Programs > 8.2 Testing Issues > Who Performs the Tests?
[CONTENT]: Even when a system is developed with an egoless approach, we sometimes have difficulty removing our personal feelings from the testing process. Thus, we often use an independent test team to test a system. In this way, we avoid conflict between personal responsibility for faults and the need to discover as many faults as possible.
In addition, several other factors justify an independent team. First, we may inadvertently introduce faults when interpreting the design, determining the program logic, writing descriptive documentation, or implementing the algorithms. Clearly, we would not have submitted our code for testing if we did not think the code performed according to specification. But we may be too close to the code to be objective and to recognize some of the more subtle faults.
Furthermore, an independent test team can participate in reviewing the components throughout development. The team can be part of the requirements and design reviews, can test the code components individually, and can test the system as it is integrated and presented to the customers for acceptance. In this way, testing can proceed concurrently with coding; the test team can test components as they are completed and begin to piece them together while the programming staff continues to code other components.


[2]
[SECTION]: Planning and Managing the Project > 3.10 What This Chapter Means For Your Development Team
[CONTENT]: At  the  same  time, you  have  learned  how  to  organize  a  development  team  so  that team interaction helps produce a better product. There are several choices for team structure, from  a  hierarchical  chief  programmer  team  to  a  loose, egoless  approach. Each has its benefits, and each depends to some degree on the uncertainty and size of the project.
We have also seen how the team can work to anticipate and reduce risk from the project's beginning. Redundant functionality, team reviews, and other techniques can help us catch errors early, before they become embedded in the code as faults waiting to cause failures.
Similarly, cost estimation should be done early and often, including input from team members about progress in specifying, designing, coding, and testing the system. Cost estimation and risk management can work hand in hand; as cost estimates raise concerns about finishing on time and within budget, risk management techniques can be used to mitigate or even eliminate risks.


[3]
[SECTION]: Testing the Programs > 8.12 What This Chapter Means For Your Development Team
[CONTENT]: Testing is both an individual and a group activity. Once a component is written, it can be inspected by some or all of the development team to look for faults that were not apparent to the person who wrote it. The research literature clearly shows that inspections  are  very  effective  at  finding  faults  early  in  the  development  process. But  it  is equally  clear  that  other  techniques  find  faults  that  inspections  often  miss. So  it  is important for you to work with your team in an egoless way, using the many methods at your disposal, to find faults as early as possible during development.
Integration testing is a team activity, too, and you must coordinate with other team members in choosing an integration strategy, planning your tests, generating test cases, and running the tests. Automated tools are useful in these activities, and they help you and your teammates scrutinize the test results to identify problems and their causes.


[4]
[SECTION]: Writing the Programs > 7.8 What This Chapter Means For Your Development Team
[CONTENT]: Although much of coding is an individual endeavor, all of coding must be done with your team in mind.Your use of information hiding allows you to reveal only the essential information about your components so that your colleagues can invoke them or reuse them. Your use of standards enhances communication among team members. And your use of common design techniques and strategies makes your code easier to test, maintain, and reuse.
","[
  {
    ""role"": ""paragraph"",
    ""segment"": ""An egoless programming team holds everyone equally responsible, the process is separated from the individuals; criticism is made of the product, or the result, not the people involved, and it is democratic, with all team members voting on decisions."",
    ""citations"": [
      {
        ""type"": ""source_text"",
        ""content"": ""Instead of a single point of responsibility, an egoless approach holds everyone equally responsible."",
        ""img_id"": null
      },
      {
        ""type"": ""source_text"",
        ""content"": ""the process is separated from the individuals; criticism is made of  the  product  or  the  result, not  the  people involved."",
        ""img_id"": null
      },
      {
        ""type"": ""source_text"",
        ""content"": ""The  egoless  team  structure  is democratic, and all team members vote on a decision, whether it concerns design considerations or testing techniques."",
        ""img_id"": null
      }
    ],
    ""type"": null
  }
]","An egoless programming team holds everyone equally responsible, the process is separated from the individuals; criticism is made of the product, or the result, not the people involved, and it is democratic, with all team members voting on decisions.",1.69,6.273
How do you quantify the risk exposure for an identified risk?,"
[0]
[SECTION]: Planning and Managing the Project > 3.4 Risk Management > Risk Management Activities
[CONTENT]: Once we have itemized all the risks, we use our understanding to assign priorities them. A priority scheme enables us to devote our limited resources only to the most threatening risks. Usually, priorities are based on the risk exposure, which takes into account not only likely impact, but also the probability of occurrence.
The risk exposure is computed from the risk impact and the risk probability, so we must estimate each of these risk aspects. To see how the quantification is done, consider the analysis depicted in Figure 3.16. Suppose we have analyzed the system development process and we know we are working under tight deadlines for delivery.We have decided to build the system in a series of releases, where each release has more functionality than the one that preceded it. Because the system is designed so that functions are relatively independent, we consider testing only the new functions for a release, and we assume that the existing functions still work as they did before. However, we may worry that there are risks associated with not performing regression testing : the assurance that existing functionality still works correctly.
For  each  possible  outcome, we  estimate  two  quantities: the  probability  of  an unwanted  outcome, P(UO), and  the  loss  associated  with  the  unwanted  outcome,
[FIGURE 3.16 Example of risk exposure calculation.] 
[FIGURE_DESCRIPTIONS]
[0] Diagram illustrating risk exposure and combined risk exposure with hierarchical decision nodes. The top section shows P(U0) = 0.75 and L(U0) = 5M, then progression through if-else branches: Find critical fault, Don’t find critical fault, Don’t fault with No regression testing? pathways. Nodes labeled Yes/No direct to a sequential decision tree leading to final exposure values: $1.875M, $1.5M, $16.625M, etc. Left side features a decision diamond labeled Do regression testing? with Yes/No branches, leading to subsequent branches where P(U0) and L(U0) values update. The right side aggregates risk exposure into Combined Risk Exposure with currency values. Visible text includes P(U0) and L(U0) values at each branch, and monetary amounts in dollars. The diagram emphasizes a logic flow for risk assessment in software testing, comparing outcomes with and without regression testing, and the impact on exposure totals.



[1]
[SECTION]: Planning and Managing the Project > 3.4 Risk Management > SIDEBAR 3.4 BOEHM'S TOP TEN RISK ITEMS
[CONTENT]:  - The degree to which we can change the outcome. For each risk, we must determine what we can do to minimize or avoid the impact of the event. Risk control involves a set of actions taken to reduce or eliminate a risk. For example, if the requirements may change after design, we can minimize the impact of the change by creating a flexible design. If the second machine is not ready when the software is tested, we may be able to identify other models or brands that have the same functionality and performance and can run our new software until the new model is delivered.
We can quantify the effects of the risks we identify by multiplying the risk impact by the risk probability, to yield the risk exposure . For example, if the likelihood that the requirements will change after design is 0.3, and the cost to redesign to new requirements is $50,000, then the risk exposure is $15,000. Clearly, the risk probability can change over time, as can the impact, so part of a project manager's job is to track these values over time and plan for the events accordingly.
There  are  two  major  sources  of  risk: generic  risks  and  project-specific  risks. Generic risks are those common to all software projects, such as misunderstanding the requirements, losing key personnel, or allowing insufficient time for testing. Projectspecific  risks are  threats  that  result  from  the  particular  vulnerabilities  of  the  given project. For example, a vendor may be promising network software by a particular date, but there is some risk that the network software will not be ready on time.


[2]
[SECTION]: Planning and Managing the Project > 3.4 Risk Management > Risk Management Activities
[CONTENT]: Risk  management  involves  several  important  steps, each  of  which  is  illustrated  in Figure 3.15. First, we assess the risks on a project, so that we understand what may occur during the course of development or maintenance. The assessment consists of three activities: identifying the risks, analyzing them, and assigning priorities to each of them. To identify them, we may use many different techniques.
If the system we are building is similar in some way to a system we have built before, we may have a checklist of problems that may occur; we can review the checklist to determine if the new project is likely to be subject to the risks listed. For systems that are new in some way, we may augment the checklist with an analysis of each of the activities in the development cycle; by decomposing the process into small pieces, we may be able to anticipate problems that may arise. For example, we may decide that there is a risk of the chief designer leaving during the design process. Similarly, we may analyze the assumptions or decisions we make about how the project will be done, who will do it, and with what resources. Then, each assumption is assessed to determine the risks involved.
[FIGURE 3.15 Steps in risk management (Rook 1993).] 
Finally, we  analyze  the  risks  we  have  identified, so  that  we  can  understand  as much as possible about when, why, and where they might occur. There are many techniques we can use to enhance our understanding, including system dynamics models, cost models, performance models, network analysis, and more.
[FIGURE_DESCRIPTIONS]
[0] Diagram depicting risk management process with a hierarchical flow from Risk assessment to Risk management and Risk control. Central node shows Risk assessment branching into Risk analysis and Risk prioritization. Risk analysis further splits into components labeled Risk identification, Risk evaluation, and Decision driver analysis. The diagram includes sub-branches such as Checklist, Decomposition, Assumption analysis, and Decision model elements. Additional branches show Risk dynamics, Performance models, Cost models, Network analysis, and Quality risk factor analysis. At lower levels, nodes include Product information like Buying information, Risk avoidance, Risk transfer, Risk reduction leverage, and Development process nodes. Labels such as Risk management planning, Risk monitoring and reporting, Risk element planning, and Risk reassessment appear. The overall layout resembles a tree with multiple offshoots associated with risk management activities and their interrelations.

","[
  {
    ""role"": ""sentence"",
    ""segment"": ""We can quantify the effects of the risks we identify by multiplying the risk impact by the risk probability, to yield the risk exposure."",
    ""citations"": [
      {
        ""type"": ""source_text"",
        ""content"": ""We can quantify the effects of the risks we identify by multiplying the risk impact by the risk probability, to yield the risk exposure ."",
        ""img_id"": null
      }
      ,
      {
        ""type"": ""source_text"",
        ""content"": ""The risk exposure is computed from the risk impact and the risk probability, so we must estimate each of these risk aspects."",
        ""img_id"": null
      }
    ],
    ""type"": null
  }
]","We can quantify the effects of the risks we identify by multiplying the risk impact by the risk probability, to yield the risk exposure.",1.653,5.405
What are the three strategies for risk reduction?,"
[0]
[SECTION]: Planning and Managing the Project > 3.4 Risk Management > Risk Management Activities
[CONTENT]: L(UO). For instance, there are three possible consequences of performing regression testing: finding a critical fault if one exists, not finding the critical fault (even though it exists), or deciding (correctly) that there is no critical fault. As the figure illustrates, we have estimated the probability of the first case to be 0.75, of the second to be 0.05, and of the third to be 0.20. The loss associated with an unwanted outcome is estimated to be $500,000 if a critical fault is found, so that the risk exposure is $375,000. Similarly, we calculate the risk exposure for the other branches of this decision tree, and we find that our risk exposure if we perform regression testing is almost $2 million. However, the same kind of analysis shows us that the risk exposure if we do not perform regression testing is almost $17 million. Thus, we say (loosely) that more is at risk if we do not perform regression testing.
Risk exposure helps us to list the risks in priority order, with the risks of most concern given the highest priority. Next, we must take steps to control the risks.The notion of control acknowledges that we may not be able to eliminate all risks. Instead, we may be able to minimize the risk or mitigate it by taking action to handle the unwanted outcome in an acceptable way. Therefore, risk control involves risk reduction, risk planning, and risk resolution.
There are three strategies for risk reduction:
 - avoiding the risk, by changing requirements for performance or functionality
 - transferring the risk, by allocating risks to other systems or by buying insurance to cover any financial loss should the risk become a reality
 - assuming the risk, by accepting it and controlling it with the project's resources To aid decision making about risk reduction, we must take into account the cost of reducing the risk. We call risk leverage the difference in risk exposure divided by the cost of reducing the risk. In other words, risk reduction leverage is If the leverage value is not high enough to justify the action, then we can look for other less costly or more effective reduction techniques.
/ 1 cost of risk reduction 2 1 Risk exposure before reduction -risk exposure after reduction 2 In some cases, we can choose a development process to help reduce the risk. For example,we saw in Chapter 2 that prototyping can improve understanding of the requirements and design,so selecting a prototyping process can reduce many project risks.
It is useful to record decisions in a risk management plan , so that both customer and development team can review how problems are to be avoided, as well as how they are to be  handled  should  they  arise. Then, we  should  monitor  the  project  as  development progresses, periodically reevaluating the risks, their probability, and their likely impact.


[1]
[SECTION]: Planning and Managing the Project > 3.8 Real-Time Example
[CONTENT]: Risk control involves risk reduction, management planning, and risk resolution. Even if the risk assessment activities had missed the problems inherent in reusing the SRI from Ariane-4, risk reduction techniques including risk avoidance analysis might have noted that both SRIs could have been shut down for the same underlying cause. Risk avoidance might have involved using SRIs with two different designs, so that the design error would have shut down one but not the other. Or the fact that the SRI calculations were not needed after lift-off might have prompted the designers or implementers  to  shut  down  the  SRI  earlier, before  it  corrupted  the  data  for  the  angle calculations. Similarly, risk  resolution  includes  plans  for  mitigation  and  continual reassessment of risk. Even if the risk of SRI failure had not been caught earlier, a risk reassessment during design or even during unit testing might have revealed the problem in the middle of development.A redesign or development at that stage would have been costly, but not as costly as the complete loss of Ariane-5 on its maiden voyage.


[2]
[SECTION]: Planning and Managing the Project > 3.4 Risk Management > SIDEBAR 3.4 BOEHM'S TOP TEN RISK ITEMS
[CONTENT]:  - The degree to which we can change the outcome. For each risk, we must determine what we can do to minimize or avoid the impact of the event. Risk control involves a set of actions taken to reduce or eliminate a risk. For example, if the requirements may change after design, we can minimize the impact of the change by creating a flexible design. If the second machine is not ready when the software is tested, we may be able to identify other models or brands that have the same functionality and performance and can run our new software until the new model is delivered.
We can quantify the effects of the risks we identify by multiplying the risk impact by the risk probability, to yield the risk exposure . For example, if the likelihood that the requirements will change after design is 0.3, and the cost to redesign to new requirements is $50,000, then the risk exposure is $15,000. Clearly, the risk probability can change over time, as can the impact, so part of a project manager's job is to track these values over time and plan for the events accordingly.
There  are  two  major  sources  of  risk: generic  risks  and  project-specific  risks. Generic risks are those common to all software projects, such as misunderstanding the requirements, losing key personnel, or allowing insufficient time for testing. Projectspecific  risks are  threats  that  result  from  the  particular  vulnerabilities  of  the  given project. For example, a vendor may be promising network software by a particular date, but there is some risk that the network software will not be ready on time.


[3]
[SECTION]: Planning and Managing the Project > 3.4 Risk Management > What Is a Risk?
[CONTENT]: Many events occur during software development; Sidebar 3.4 lists Boehm's view of some of the riskiest ones.We distinguish risks from other project events by looking for three things (Rook 1993):
 - A loss associated with the event. The event must create a situation where something  negative  happens  to  the  project: a  loss  of  time, quality, money, control, understanding, and so on. For example, if requirements change dramatically after


[4]
[SECTION]: Planning and Managing the Project > 3.4 Risk Management
[CONTENT]: As  we  have  seen, many  software  project  managers  take  steps  to  ensure  that  their projects are done on time and within effort and cost constraints. However, project management involves far more than tracking effort and schedule. Managers must determine whether  any  unwelcome  events  may  occur  during  development  or  maintenance  and make plans to avoid these events or, if they are inevitable, minimize their negative consequences. A risk is an unwanted event that has negative consequences. Project managers must engage in risk management to understand and control the risks on their projects.
","[
  {
    ""role"": ""bullet_intro"",
    ""segment"": ""The three strategies for risk reduction are:"",
    ""citations"": [
      {
        ""type"": ""source_text"",
        ""content"": ""There are three strategies for risk reduction:"",
        ""img_id"": null
      }
      ]
    ,
    ""type"": null
  },
  {
    ""role"": ""bullet"",
    ""segment"": ""- avoiding the risk, by changing requirements for performance or functionality"",
    ""citations"": [
      {
        ""type"": ""source_text"",
        ""content"": ""- avoiding the risk, by changing requirements for performance or functionality"",
        ""img_id"": null
      }
    ],
    ""type"": null
  },
  {
    ""role"": ""bullet"",
    ""segment"": ""- transferring the risk, by allocating risks to other systems or by buying insurance to cover any financial loss should the risk become a reality"",
    ""citations"": [
      {
        ""type"": ""source_text"",
        ""content"": ""- transferring the risk, by allocating risks to other systems or by buying insurance to cover any financial loss should the risk become a reality"",
        ""img_id"": null
      }
    ],
    ""type"": null
  },
  {
    ""role"": ""bullet"",
    ""segment"": ""- assuming the risk, by accepting it and controlling it with the project's resources"",
    ""citations"": [
      {
        ""type"": ""source_text"",
        ""content"": ""- assuming the risk, by accepting it and controlling it with the project's resources"",
        ""img_id"": null
      }
    ],
    ""type"": null
  }
]","The three strategies for risk reduction are:
- - avoiding the risk, by changing requirements for performance or functionality
- - transferring the risk, by allocating risks to other systems or by buying insurance to cover any financial loss should the risk become a reality
- - assuming the risk, by accepting it and controlling it with the project's resources",1.715,5.431
What three milestones common to all software development processes were identified by Boehm?,"
[0]
[SECTION]: Planning and Managing the Project > 3.6 Process Models And Project Management > Anchoring Milestones
[CONTENT]: In  Chapter  2, we  examined  many  process  models  that  described  how  the  technical activities of software development should progress. Then, in this chapter, we looked at several methods to organize projects to perform those activities. The Alpha AXP and F-16 examples have shown us that project management must be tightly integrated with the  development  process, not  just  for  tracking  progress, but, more  importantly, for effective  planning  and  decision  making  to  prevent  major  problems  from  derailing the project. Boehm  (1996)  has  identified  three  milestones  common  to  all  software development processes that can serve as a basis for both technical process and project management:
 - life-cycle objectives
 - life-cycle architecture
 - initial operational capability We can examine each milestone in more detail.
The purpose of the life-cycle objectives milestone is to make sure the stakeholders agree with the system's goals. The key stakeholders act as a team to determine the system boundary, the environment in which the system will operate, and the external systems with which the system must interact.Then, the stakeholders work through scenarios of how the system will be used.The scenarios can be expressed in terms of prototypes, screen layouts, data flows, or other representations, some of which we will learn about in later chapters. If the system is business- or safety-critical, the scenarios should also include instances where the system fails, so that designers can determine how the system is supposed to react to or even avoid a critical failure. Similarly, other essential features of the system are derived and agreed upon. The result is an initial life-cycle plan that lays out (Boehm 1996):
 - Objectives: Why is the system being developed?
 - Milestones and schedules: What will be done by when?
 - Responsibilities: Who is responsible for a function?
 - Approach: How will the job be done, technically and managerially?
 - Resources: How much of each resource is needed?
 - Feasibility: Can this be done, and is there a good business reason for doing it?
The life-cycle architecture is coordinated with the life-cycle objectives. The purpose of the life-cycle architecture milestone is defining both the system and the software architectures, the components of which we will study in Chapters 5, 6, and 7. The architectural choices must address the project risks addressed by the risk management plan, focusing on system evolution in the long term as well as system requirements in the short term.


[1]
[SECTION]: Planning and Managing the Project > 3.6 Process Models And Project Management > Anchoring Milestones
[CONTENT]: The key elements of the initial operational capability are the readiness of the software itself, the site at which the system will be used, and the selection and training of the team that will use it. Boehm notes that different processes can be used to implement  the  initial  operational  capability, and  different  estimating  techniques  can  be applied at different stages.
To  supplement  these  milestones, Boehm  suggests  using  the  Win-Win  spiral model, illustrated in Figure 3.22 and intended to be an extension of the spiral model we examined in Chapter 2. The model encourages participants to converge on a common understanding of the system's next-level objectives, alternatives, and constraints.
Boehm applied Win-Win, called the Theory W approach, to the U.S. Department of Defense's STARS program, whose focus was developing a set of prototype software 1.  Identify engineering environments. The project was a good candidate for Theory W, because there was a great mismatch between what the government was planning to build and what the potential users needed and wanted. The Win-Win model led to several key compromises,including negotiation of a set of common, open interface specifications to enable tool vendors to reach a larger marketplace at reduced cost, and the inclusion of three demonstration projects to reduce risk. Boehm reports that Air Force costs on the project  were  reduced  from  $140  to  $57  per  delivered  line  of  code  and  that  quality improved  from  3  to  0.035  faults  per  thousand  delivered  lines  of  code. Several  other projects report similar success.TRW developed over half a million lines of code for complex distributed software within budget and schedule using Boehm's milestones with five increments. The first increment included distributed kernel software as part of the lifecycle architecture milestone; the project was required to demonstrate its ability to meet projections that the number of requirements would grow over time (Royce 1990).


[2]
[SECTION]: Modeling the Process and Life Cycle > 2.2 Software Process Models > Spiral Model
[CONTENT]: Boehm (1988) viewed the software development process in light of the risks involved, suggesting that a spiral model could combine development activities with risk management to minimize and control risk. The spiral model, shown in Figure 2.10, is in some sense like the iterative development shown in Figure 2.9. Beginning with the requirements and an initial plan for development (including a budget, constraints, and alternatives for staffing, design, and development environment), the process inserts a step to evaluate risks and prototype alternatives before a 'concept of operations' document is produced to describe at a high level how the system should work. From that document, a set of requirements is specified and scrutinized to ensure that the requirements are as complete and consistent as possible.Thus, the concept of operations is the product of the first iteration, and the requirements are the principal product of the second. In the third iteration, system development produces the design, and the fourth enables testing.
With each iteration, the risk analysis weighs different alternatives in light of the requirements and constraints, and prototyping verifies feasibility or desirability before a particular  alternative  is  chosen. When  risks  are  identified, the  project  managers  must decide how to eliminate or minimize the risk. For example, designers may not be sure whether users will prefer one type of interface over another. To minimize the risk of choosing an interface that will prevent productive use of the new system,the designers can prototype each interface and run tests to see which is preferred, or even choose to include PLAN one to a point-and-click interface, using the expertise of the user-interface specialists; another release can focus on improving system performance.
","[
  {
    ""role"": ""sentence"",
    ""segment"": ""The three milestones are life-cycle objectives, life-cycle architecture, and initial operational capability."",
    ""citations"": [
      {
        ""type"": ""source_text"",
        ""content"": ""- life-cycle objectives"",
        ""img_id"": null
      },
      {
        ""type"": ""source_text"",
        ""content"": ""- life-cycle architecture"",
        ""img_id"": null
      },
      {
        ""type"": ""source_text"",
        ""content"": ""- initial operational capability"",
        ""img_id"": null
      }
    ],
    ""type"": null
  }
]","The three milestones are life-cycle objectives, life-cycle architecture, and initial operational capability.",1.626,25.257
What is a functional requirement?,"
[0]
[SECTION]: Capturing the Requirements > 4.3 Types Of Requirements
[CONTENT]: When most people think about requirements, they think about required functionality : What  services  should  be  provided?  What  operations  should  be  performed?  What should be the reaction to certain stimuli? How does required behavior change over time  and  in  response  to  the  history  of  events? A functional  requirement describes required behavior in terms of required activities, such as reactions to inputs, and the state of each entity before and after an activity occurs. For instance, for a payroll system, the functional requirements state how often paychecks are issued, what input is necessary for a paycheck to be printed, under what conditions the amount of pay can be changed, and what causes the removal of an employee from the payroll list.
Requirements template The functional requirements define the boundaries of the solution space for our problem.The solution space is the set of possible ways that software can be designed to implement the requirements, and initially that set can be very large. However, in practice it is usually not enough for a software product to compute correct outputs; there are other types of requirements that also distinguish between acceptable and unacceptable products. A quality requirement , or nonfunctional requirement , describes some quality  characteristic  that  the  software  solution  must  possess, such  as  fast  response time, ease of use, high reliability, or low maintenance costs. A design constraint is  a design decision, such as choice of platform or interface components, that has already been made and that restricts the set of solutions to our problem.A process constraint is a restriction on the techniques or resources that can be used to build the system. For example, customers may insist that we use agile methods, so that they can use early versions  of  the  system  while  we  continue  to  add  features. Thus, quality  requirements, design constraints, and process constraints further restrict our solution space by differentiating  acceptable, well-liked  solutions  from  unused  products. Table  4.2 gives examples of each kind of requirement.
Quality requirements sometimes sound like 'motherhood' characteristics that all products ought to possess. After all, who is going to ask for a slow, unfriendly, unreliable, unmaintainable software system? It is better to think of quality requirements as design criteria  that  can  be  optimized  and  can  be  used  to  choose  among  alternative implementations of functional requirements. Given this approach, the question to be answered by the requirements is: To what extent must a product satisfy these quality requirements to be acceptable? Sidebar 4.4 explains how to express quality requirements such that we can test whether they are met.
[FIGURE_DESCRIPTIONS]
[0] Diagram illustrating elicitation of requirements. Central ellipse labeled ""Elicitation requirements"" connected to surrounding elements: ""Current situation model"" at top right; ""Current organization and systems"" at left; ""Existing documents"" at bottom left; ""Stakeholder wants and needs"" at top left; ""Domain models"" at top; ""Suggested types of requirements"" near bottom center; ""Reusable requirements"" at bottom right; ""Requirements template"" at bottom left of the central area; base layer and base library annotations appear along bottom; arrows indicate relationships between the central elicitation requirements and input/output components. Small caption in upper right reads ""FIGURE 4.2 (Sources of possible requirements) (Robertsen 1999)"". The diagram presents a circular/elliptical layout with labeled nodes and connecting lines to convey linkage between current state, domain context, and future requirement types. Readable text includes: ""Current situation model"", ""Domain models"", ""Stakeholder wants and needs"", ""Existing documents"", ""Current organization and systems"", ""Suggested types of requirements"", ""Reusable requirements"", and ""Requirements template"".



[1]
[SECTION]: Capturing the Requirements > 4.5 Modeling Notations > Functions and Relations
[CONTENT]: Together, the  above  functions  are  semantically  equivalent  to  the  graphical  statemachine model of the turnstile shown in Figure 4.8.
Because it maps each input to a single output, a function is by definition consistent. If the function specifies an output for every distinct input, it is called a total function and is by definition complete. Thus, functional specifications lend themselves to systematic and straightforward tests for consistency and completeness.
[FIGURE 4.16 Decision table for library functions.] 
[FIGURE_DESCRIPTIONS]
[0] The image shows a tabular diagram with multiple labeled rows and columns, containing a grid of letters (mostly T) and some F entries. Visible text includes terms such as “Observe,” “event,” “return,” “terminate,” “reject,” and phrases like “Option 1” or “Select on” depending on the column headings. There are also recognizable phrases like “Re-Calculate due date” and “Put item in same task” appearing as row labels, indicating a decision matrix or workflow table. The rightmost portion features a dense column of T entries, contrasted by several F entries interspersed across the grid. The bottom-left quadrant contains rows with actions such as “keep as-is,” “omit on loan,” and “compare items,” suggesting a process evaluation or policy decision table. The overall layout resembles a grid-based policy or rules matrix used for decision making in theory and practice material.



[2]
[SECTION]: Capturing the Requirements > 4.17 Term Project > Functional Requirements
[CONTENT]:  - Creating a bundle consists of two steps. First, the loan analyst works with the Loan Arranger to create a bundle according to the criteria as described above. Then the candidate bundle can be accepted, rejected, or modified. Modifying a
 - bundle means that the analyst may accept some but not all of the loans suggested by  the  Loan Arranger  for  a  bundle, and  can  add  specific  loans  to  the  bundle before accepting it.
 - The loan analyst must be able to mark loans for possible inclusion in a loan bundle. Once a loan is so marked, it is not available for inclusion in any other bundle. If the loan analyst marks a loan and decides not to include it in the bundle, the marking  must  be  removed  and  the  loan  made  available  for  other  bundling decisions.
 - When a candidate bundle is accepted, its loans are removed from consideration for use in other bundles.
 - All current transactions must be resolved before a loan analyst can exit the Loan Arranger system.
 - A loan analyst can access a repository of investment requests.This repository may be empty. For each investment request, the analyst uses the request constraints (on risk, profit, and term) to define the parameters of a bundle. Then, the Loan Arranger system identifies loans to be bundled to meet the request constraints.
","[
  {
    ""role"": ""paragraph"",
    ""segment"": ""A functional  requirement describes required behavior in terms of required activities, such as reactions to inputs, and the state of each entity before and after an activity occurs."",
    ""citations"": [
      {
        ""type"": ""source_text"",
        ""content"": ""A functional  requirement describes required behavior in terms of required activities, such as reactions to inputs, and the state of each entity before and after an activity occurs."",
        ""img_id"": null
      }
    ],
    ""type"": null
  }
]","A functional  requirement describes required behavior in terms of required activities, such as reactions to inputs, and the state of each entity before and after an activity occurs.",2.264,4.709
What is a design constraint?,"
[0]
[SECTION]: Capturing the Requirements > 4.3 Types Of Requirements
[CONTENT]: When most people think about requirements, they think about required functionality : What  services  should  be  provided?  What  operations  should  be  performed?  What should be the reaction to certain stimuli? How does required behavior change over time  and  in  response  to  the  history  of  events? A functional  requirement describes required behavior in terms of required activities, such as reactions to inputs, and the state of each entity before and after an activity occurs. For instance, for a payroll system, the functional requirements state how often paychecks are issued, what input is necessary for a paycheck to be printed, under what conditions the amount of pay can be changed, and what causes the removal of an employee from the payroll list.
Requirements template The functional requirements define the boundaries of the solution space for our problem.The solution space is the set of possible ways that software can be designed to implement the requirements, and initially that set can be very large. However, in practice it is usually not enough for a software product to compute correct outputs; there are other types of requirements that also distinguish between acceptable and unacceptable products. A quality requirement , or nonfunctional requirement , describes some quality  characteristic  that  the  software  solution  must  possess, such  as  fast  response time, ease of use, high reliability, or low maintenance costs. A design constraint is  a design decision, such as choice of platform or interface components, that has already been made and that restricts the set of solutions to our problem.A process constraint is a restriction on the techniques or resources that can be used to build the system. For example, customers may insist that we use agile methods, so that they can use early versions  of  the  system  while  we  continue  to  add  features. Thus, quality  requirements, design constraints, and process constraints further restrict our solution space by differentiating  acceptable, well-liked  solutions  from  unused  products. Table  4.2 gives examples of each kind of requirement.
Quality requirements sometimes sound like 'motherhood' characteristics that all products ought to possess. After all, who is going to ask for a slow, unfriendly, unreliable, unmaintainable software system? It is better to think of quality requirements as design criteria  that  can  be  optimized  and  can  be  used  to  choose  among  alternative implementations of functional requirements. Given this approach, the question to be answered by the requirements is: To what extent must a product satisfy these quality requirements to be acceptable? Sidebar 4.4 explains how to express quality requirements such that we can test whether they are met.
[FIGURE_DESCRIPTIONS]
[0] Diagram illustrating elicitation of requirements. Central ellipse labeled ""Elicitation requirements"" connected to surrounding elements: ""Current situation model"" at top right; ""Current organization and systems"" at left; ""Existing documents"" at bottom left; ""Stakeholder wants and needs"" at top left; ""Domain models"" at top; ""Suggested types of requirements"" near bottom center; ""Reusable requirements"" at bottom right; ""Requirements template"" at bottom left of the central area; base layer and base library annotations appear along bottom; arrows indicate relationships between the central elicitation requirements and input/output components. Small caption in upper right reads ""FIGURE 4.2 (Sources of possible requirements) (Robertsen 1999)"". The diagram presents a circular/elliptical layout with labeled nodes and connecting lines to convey linkage between current state, domain context, and future requirement types. Readable text includes: ""Current situation model"", ""Domain models"", ""Stakeholder wants and needs"", ""Existing documents"", ""Current organization and systems"", ""Suggested types of requirements"", ""Reusable requirements"", and ""Requirements template"".



[1]
[SECTION]: Capturing the Requirements > 4.5 Modeling Notations > Example: Object Constraint Language (OCL)
[CONTENT]: The Object Constraint Language (OCL) is an attempt to create a constraint language that is both mathematically precise and easy for nonmathematicians, like customers, to read, write, and  understand. The  language  is  specially  designed  for  expressing  constraints on object models (i.e., ER diagrams), and introduces language constructs for navigating from one object to another via association paths, for dealing with collections of objects, and for expressing queries on object type.
A partial Library class model from Figure 4.5 appears in Figure 4.18, in which three classes have been detailed and annotated with OCL constraints. The leftmost constraint is an invariant on the Patron class, and specifies that no patron's fines may have  a  negative  value  (i.e., the  library  always  makes  change  if  a  patron's  payment exceeds his or her fines). The topmost constraint is an invariant on the Publication class, and specifies that call numbers are unique.This constraint introduces Thus, the constraint literally says that for any two publications, p1 and p2 , returned by allinstances, if p1 and p2 are not the same publication, then they have different call numbers.The third constraint, attached to the method borrow() , expresses the operation's pre- and post-conditions. One of the pre-conditions concerns an attribute in the Patron class, which is accessible via the borrow association; the patron object can be referenced either by its role name, borrower , or by the class name written in lowercase letters, if the association's far end has no role name. If the association's multiplicity were greater than 0..1, then  navigating  the  association  would  return  a  collection  of objects, and we would use notation, rather than dot notation, to access the objects' attributes. :


[2]
[SECTION]: Designing the Architecture > 5.13 What This Chapter Means For You
[CONTENT]: In this chapter, we have investigated what it means to design a system based on carefully expressed requirements. We have seen that design begins with a high-level architecture, where architectural decisions are based not only on system functionality and required constraints but also on desirable attributes and the long-term intended use of the system (including product lines, reuse, and likely modification).You should keep in mind several characteristics of good architecture as you go, including appropriate user interfaces, performance,modularity,security,and fault tolerance.You may want to build a prototype to evaluate several options or to demonstrate possibilities to your customers.
The goal is not to design the ideal software architecture for a system, because such an architecture might not even exist. Rather, the goal is to design an architecture that meets all of the customer's requirements while staying within the cost and schedule constraints that we discussed in Chapter 3.
","[
  {
    ""role"": ""paragraph"",
    ""segment"": ""A design constraint is a design decision, such as choice of platform or interface components, that has already been made and that restricts the set of solutions to our problem."",
    ""citations"": [
      {
        ""type"": ""source_text"",
        ""content"": ""A design constraint is  a design decision, such as choice of platform or interface components, that has already been made and that restricts the set of solutions to our problem."",
        ""img_id"": null
      }
    ],
    ""type"": null
  }
]","A design constraint is a design decision, such as choice of platform or interface components, that has already been made and that restricts the set of solutions to our problem.",1.782,2.761
When are two requirements considered inconsistent?,"
[0]
[SECTION]: Capturing the Requirements > 4.4 Characteristics Of Requirements
[CONTENT]: To ensure that the eventual product is successful, it is important that the requirements be of high quality; what is not specified usually is not built.We discuss later in this chapter how to validate and verify requirements. In the meantime, we list below the desirable characteristics for which we should check.
 - Are the requirements correct? Both we and the customer should review the documented requirements, to ensure that they conform to our understanding of the requirements.
 - Are the requirements consistent? That is, are there any conflicting requirements? For example, if one requirement states that a maximum of 10 users can be using the system at one time, and another requirement says that in a certain situation there may be 20 simultaneous users, the two requirements are said to be inconsistent. In general, two requirements are inconsistent if  it  is  impossible  to  satisfy both simultaneously.
 - Are the requirements unambiguous? The requirements are ambiguous if multiple readers of the requirements can walk away with different but valid interpretations. Suppose a customer for a satellite control system requires the accuracy to be sufficient to support mission planning. The requirement does not tell us what mission  planning  requires  for  support. The  customer  and  the  developers  may have very different ideas as to what level of accuracy is needed. Further discussion of the meaning of 'mission planning' may result in a more precise requirement:'In identifying the position of the satellite, position error shall be less then 50 feet along orbit, less than 30 feet off orbit.' Given this more detailed requirement,we can test for position error and know exactly whether or not we have met the requirement.
 - Are the requirements complete? The set of requirements is complete if it specifies required behavior and output for all possible inputs in all possible states under all possible constraints. Thus, a payroll system should describe what happens when an employee takes a leave without pay, gets a raise, or needs an advance. We say that the requirements are externally complete if all states, state changes, inputs,
products, and constraints are described by some requirement. A requirements description  is internally  complete if  there  are  no  undefined  terms  among  the requirements.


[1]
[SECTION]: Capturing the Requirements > 4.3 Types Of Requirements > Two Kinds of Requirements Documents
[CONTENT]: In the end, the requirements are used by many different people and for different purposes. Requirements analysts and their clients use requirements to explain their understanding of how the system should behave. Designers treat requirements as constraints on what would be considered an acceptable solution. The test team derives from the requirements a suite of acceptance tests , which will be used to demonstrate to the customer that the system being delivered is indeed what was ordered. The maintenance team uses the requirements to help ensure that system enhancements (repairs and new features) do not interfere with the system's original intent. Sometimes a single document can serve all of these needs, leading to a common understanding among customers, requirements analysts, and developers. But often two documents are needed: a requirements definition that is aimed at a business audience, such as clients, customers, and users, and a requirements specification that is aimed at a technical audience, such as designers, testers, and project managers.
We illustrate  the  distinction  using  a  small  running  example  from  Jackson  and Zave (1995). Consider a software-controlled turnstile situated at the entrance to a zoo.
When the turnstile is fed a coin, it unlocks, allowing a visitor to push through the turnstile and enter the zoo. Once an unlocked turnstile has rotated enough to allow one entry, the turnstile locks again, to prevent another person from entering without payment.
A requirements definition is a complete listing of everything the customer wants to achieve.The document expresses requirements by describing the entities in the environment in which the proposed system will be installed, and by describing the desired constraints on, monitoring of, or transformations of those entities. The purpose of the proposed system is to realize these requirements (Zave and Jackson 1997). Thus, the requirements are written entirely in terms of the environment, describing how the environment will be affected by the proposed system. Our turnstile example has two requirements: (1) no one should enter the zoo without paying an entrance fee, and (2) for every entrance fee paid, the system should not prevent a corresponding entry. 1 The requirements definition is typically written jointly by the client and the requirements analyst, and it represents a contract describing what functionality the developer promises to deliver to the client.


[2]
[SECTION]: Capturing the Requirements > 4.3 Types Of Requirements > SIDEBAR 4.4 MAKING REQUIREMENTS TESTABLE
[CONTENT]: Prioritization  can  be  especially  helpful  in  resolving  conflicts  among  quality requirements; often, two quality attributes will conflict, so that it is impossible to optimize for both. For example, suppose a system is required to be maintainable and deliver responses  quickly. A  design  that  emphasizes  maintainability  through  separation  of concerns and encapsulation may slow the performance. Likewise, tweaking a system to perform especially well on one platform affects its portability to other platforms, and secure  systems  necessarily  control  access  and  restrict  availability  to  some  users. Emphasizing  security, reliability, robustness, usability, or  performance  can  all  affect maintainability, in  that  realizing  any  of  these  characteristics  increases  the  design's complexity and decreases its coherence. Prioritizing quality requirements forces the customer  to  choose  those  software-quality  factors  about  which  the  customer  cares most-which helps us to provide a reasonable, if not optimal, solution to the customer's quality requirements.
","[
    {
        ""role"": ""sentence"",
        ""segment"": ""In general, two requirements are inconsistent if  it  is  impossible  to  satisfy both simultaneously."",
        ""citations"": [
            {
                ""type"": ""source_text"",
                ""content"": ""In general, two requirements are inconsistent if  it  is  impossible  to  satisfy both simultaneously."",
                ""img_id"": null
            }
            ,
            {
                ""type"": ""source_text"",
                ""content"": ""Are the requirements inconsistent? That is, are there any conflicting requirements?"",
                ""img_id"": null
            }
        ],
        ""type"": null
    }
]","In general, two requirements are inconsistent if  it  is  impossible  to  satisfy both simultaneously.",1.54,16.804
When are requirements considered externally complete?,"
[0]
[SECTION]: Capturing the Requirements > 4.4 Characteristics Of Requirements
[CONTENT]: To ensure that the eventual product is successful, it is important that the requirements be of high quality; what is not specified usually is not built.We discuss later in this chapter how to validate and verify requirements. In the meantime, we list below the desirable characteristics for which we should check.
 - Are the requirements correct? Both we and the customer should review the documented requirements, to ensure that they conform to our understanding of the requirements.
 - Are the requirements consistent? That is, are there any conflicting requirements? For example, if one requirement states that a maximum of 10 users can be using the system at one time, and another requirement says that in a certain situation there may be 20 simultaneous users, the two requirements are said to be inconsistent. In general, two requirements are inconsistent if  it  is  impossible  to  satisfy both simultaneously.
 - Are the requirements unambiguous? The requirements are ambiguous if multiple readers of the requirements can walk away with different but valid interpretations. Suppose a customer for a satellite control system requires the accuracy to be sufficient to support mission planning. The requirement does not tell us what mission  planning  requires  for  support. The  customer  and  the  developers  may have very different ideas as to what level of accuracy is needed. Further discussion of the meaning of 'mission planning' may result in a more precise requirement:'In identifying the position of the satellite, position error shall be less then 50 feet along orbit, less than 30 feet off orbit.' Given this more detailed requirement,we can test for position error and know exactly whether or not we have met the requirement.
 - Are the requirements complete? The set of requirements is complete if it specifies required behavior and output for all possible inputs in all possible states under all possible constraints. Thus, a payroll system should describe what happens when an employee takes a leave without pay, gets a raise, or needs an advance. We say that the requirements are externally complete if all states, state changes, inputs,
products, and constraints are described by some requirement. A requirements description  is internally  complete if  there  are  no  undefined  terms  among  the requirements.


[1]
[SECTION]: Capturing the Requirements > 4.19 Exercises
[CONTENT]:  - Developers work together with customers and users to define requirements and specify what the proposed system will do. If, once it is built, the system works according to specification but harms someone physically or financially, who is responsible?
 - Among the many nonfunctional requirements that can be included in a specification are those related to safety and reliability. How can we ensure that these requirements are testable, in the sense defined by the Robertsons? In particular, how can we demonstrate the reliability of a system that is required never to fail?
 - In an early meeting with your customer, the customer lists the following 'requirements' for a system he wants you to build:
 - (a) The client daemon must be invisible to the user
 - (b) The system should provide automatic verification of corrupted links or outdated data
 - (c) An internal naming convention should ensure that records are unique
 - (d) Communication between the database and servers should be encrypted
 - (e) Relationships may exist between title groups [a type of record in the database]
 - (f) Files should be organizable into groups of file dependencies
 - (g) The system must interface with an Oracle database
 - (h) The system must handle 50,000 users concurrently Classify each of the above as a functional requirement, a quality requirement, a design constraint, or a process constraint. Which of the above might be premature design decisions? Re-express each of these decisions as a requirement that the design decision was meant to achieve.
 - Write a decision table that specifies the rules for the game of checkers.
 - If a decision table has two identical columns, then the requirements specification is redundant. How can we tell if the specification is contradictory? What other characteristics of a decision table warn us of problems with the requirements?
 - Write a Parnas table that describes the output of the algorithm for finding the roots of a quadratic equation using the quadratic formula.
 - Write a state-machine specification to illustrate the requirements of an automatic banking machine (ABM).
 - A state-machine specification is complete if and only if there is a transition specified for every possible combination of state and input symbol.We can change an incomplete specification to a complete one by adding an extra state, called a trap state. Once a transition is made to the trap state, the system remains in the trap state, no matter the input. For example, if 0, 1, and 2 are the only possible inputs, the system depicted by Figure 4.33 can be completed by adding a trap state as shown in Figure 4.34. In same manner, complete your state-machine specification from Exercise 7.


[2]
[SECTION]: Capturing the Requirements > 4.17 Term Project
[CONTENT]: Your clients  at  FCO  have  prepared  the  following  set  of  English-language  requirements for the Loan Arranger system. Like most sets of requirements, this set must be scrutinized in several ways to determine if it is correct, complete, and consistent. Using the  requirements  here  and  in  supplementary  material  about  the  Loan Arranger  in earlier chapters, evaluate and improve this set of requirements. Use many of the techniques presented in this  chapter, including  requirements  measurement  and Ardis's list. If  necessary, express  the  requirements  in  a  requirements  language  or  modeling technique, to  make  sure  that  the  static  and  dynamic  properties  of  the  system  are expressed well.


[3]
[SECTION]: Capturing the Requirements > 4.11 Choosing A Specification Technique
[CONTENT]: |    | R   | D   | I   | T   | M   | O   | Criteria                                       |
|---:|:----|:----|:----|:----|:----|:----|:-----------------------------------------------|
|  0 | +   |     | + + |     | +   |     | Applicability Implementability                 |
|  1 | +   | +   |     | +   |     |     | Testability/simulation                         |
|  2 | +   | + + |     | +   | + + |     | Checkability Maintainability                   |
|  3 | +   |     |     | +   |     |     | Modularity Level of abstraction/expressability |
|  4 | + + | +   | +   | + + | +   |     | Soundness Verifiability                        |
|  5 | +   |     |     |     |     |     | Runtime safety                                 |
|  6 |     |     | + + | +   | + + |     | Tools maturity Looseness                       |
|  7 | +   | + + | +   |     | +   |     | Data modeling Discipline                       |
","[
    {
        ""role"": ""paragraph"",
        ""segment"": ""A requirements description  is externally complete if all states, state changes, inputs, products, and constraints are described by some requirement."",
        ""citations"": [
            {
                ""type"": ""source_text"",
                ""content"": ""A requirements description  is externally complete if all states, state changes, inputs, products, and constraints are described by some requirement."",
                ""img_id"": null
            }
        ],
        ""type"": null
    }
]","A requirements description  is externally complete if all states, state changes, inputs, products, and constraints are described by some requirement.",1.373,3.679
What does an entity in an entity-relationship diagram represent?,"
[0]
[SECTION]: Capturing the Requirements > 4.5 Modeling Notations > Entity-Relationship Diagrams
[CONTENT]: ER diagrams have three core constructs-entities, attributes, and relations-that are combined to specify a problem's elements and their interrelationships. Figure 4.4 is an ER diagram of the turnstile. An entity , depicted as a rectangle, represents a collection (sometimes called a class) of real-world objects that have common properties and behaviors. For example, the world contains many Coins , but for the purpose of modeling the turnstile problem, we treat all Coins as being equivalent to one another in all aspects (such as size, shape, and weight) except perhaps for their monetary value . A relationship is depicted as an edge between two entities, with a diamond in the middle of  the  edge  specifying  the  type  of  relationship. An attribute is  an  annotation  on  an entity that describes data or properties associated with the entity. For example, in the turnstile problem, we are most interested in the Coins that are inserted into the turnstile's CoinSlot (a relationship), and how their monetary values compare to the price of admission into the zoo (comparison of attribute values).Variant ER notations introduce additional constructs, such as attributes on relationships, one-to-many relationships, many-to-many relationships, special relationships like inheritance, and class-based in addition to individual-entity-based attributes. For example, our turnstile model shows the cardinality (sometimes called the 'arity') of the relationships, asserting  that  the  turnstile  is  to  admit  multiple Visitors . More sophisticated notations have the concept of a mutable entity , whose membership or whose relations to members of other entities may change over time. For example, in an ER diagram depicting a family, family  members  and  their  interrelations  change  as  they  get  married, have children, and die. By convention, the entities and relationships are laid out so that relationships are read from left to right, or from top to bottom.


[1]
[SECTION]: Capturing the Requirements > 4.5 Modeling Notations > Entity-Relationship Diagrams
[CONTENT]: Early in the requirements phase, it is convenient to build a conceptual model of the problem that identifies what objects or entities are involved, what they look like (by defining their attributes), and how they relate to one another. Such a model designates names for the basic elements of the problem. These elements are then reused in other descriptions of the requirements (possibly written in other notations) that specify how the objects, their attributes, and their relationships would change in the course of the proposed system's execution.Thus, the conceptual model helps to tie together multiple views and descriptions of the requirements.
The entity-relationship diagram (ER diagram) (Chen 1976) is a popular graphical notational paradigm for representing conceptual models.As we will see in Chapter 6, it forms the basis of most object-oriented requirements and design notations, where it is used to model the relationships among objects in a problem description or to model the structure of a software application. This notation paradigm is also popular for describing database schema (i.e., describing the logical structure of data stored in a database).


[2]
[SECTION]: Capturing the Requirements > 4.5 Modeling Notations > Entity-Relationship Diagrams
[CONTENT]: [FIGURE 4.4 Entity-relationship diagram of turnstile problem.] 
ER diagrams are popular because they provide an overview of the problem to be addressed (i.e., they depict all of the parties involved), and because this view is relatively  stable  when  changes  are  made  to  the  problem's  requirements. A  change  in requirements is more likely to be a change in how one or more entities behave than to be a change in the set of participating entities. For these two reasons, an ER diagram is likely to be used to model a problem early in the requirements process.
The simplicity of ER notations is deceptive; in fact, it is quite difficult to use ER modeling notations well in practice. It is not always obvious at what level of detail to model a particular problem, even though there are only three major language constructs. For example, should the barrier and coin slot be modeled as entities, or should they  be  represented  by  a  more  abstract  turnstile  entity? Also, it  can  be  difficult  to decide what data are entities and what data are attributes. For example, should the lock be an entity? There are arguments for and against each of these choices. The primary criteria for making decisions are whether a choice results in a clearer description, and whether a choice unnecessarily constrains design decisions.
[FIGURE_DESCRIPTIONS]
[0] Diagrammatic representation of a system flow with labeled blocks and directional arrows. The top sequence shows a decision flow from a starting point to a block labeled 'Value' then to a block 'Coin' connected by a line labeled 'owns' and an arrow to 'Coins' which leads to 'price of admission' and then to a block 'CoinSlot' or similar, with a parallel subpath below. The lower branch begins with a decision node labeled 'enters' that splits into a 'Barrier' box containing nested items 'blocked' and 'entries'. Visual elements include a rectangular 'Barrier' component, a 'Counter' style label inside with small text, and a sequence of arrows indicating data or value transfer between 'Value', 'Coin', 'Coins', and 'CoinSlot' or 'price of admission'. The overall scene resembles a small state- or sequence-diagram with limited annotations and minimal styling, focusing on entity relationships and control flow involved in an admission process.



[3]
[SECTION]: Designing the Modules > 6.4 Representing Oo Designs In The Uml > Similarly, the ninth requirement says,
[CONTENT]: [FIGURE 6.19 Types of class relationships.] 
[FIGURE_DESCRIPTIONS]
[0] Diagram showing a multi-layered mapping between left and right columns of rectangular blocks connected by various connectors. Left column contains stacked gray rounded-rectangle bars with uniform width; right column mirrors blocks with labels on the far right. Central region features a sequence of connector types: a solid diamond-like node, solid lines, and a dashed line with an arrowhead, indicating different relationships. Visible right-side labels aligned with each corresponding right-column block read: association, composition, aggregation, generalization, dependency, navigation. Each left block appears to pair with a right block through the directional connectors, suggesting a UML-like or conceptual relationship table. The top-to-bottom flow implies ordering from association through navigation, with varying line styles to denote relationship semantics. The overall image resembles a legend or taxonomy diagram mapping left-side entities to right-side relationship types, used to illustrate object-oriented or system design concepts.

","[
  {
    ""role"": ""paragraph"",
    ""segment"": ""An entity , depicted as a rectangle, represents a collection (sometimes called a class) of real-world objects that have common properties and behaviors."",
    ""citations"": [
      {
        ""type"": ""source_text"",
        ""content"": ""An entity , depicted as a rectangle, represents a collection (sometimes called a class) of real-world objects that have common properties and behaviors."",
        ""img_id"": null
      }
    ],
    ""type"": null
  }
]","An entity , depicted as a rectangle, represents a collection (sometimes called a class) of real-world objects that have common properties and behaviors.",2.305,2.843
What system functionality do UML use cases model?,"
[0]
[SECTION]: Capturing the Requirements > 4.5 Modeling Notations > Example: Use Cases
[CONTENT]: A UML use-case diagram (OMG 2003) is similar to a top-level data-flow diagram that depicts observable, user-initiated functionality in terms of interactions between the system and its environment.A large box represents the system boundary. Stick figures outside the box portray actors, both humans and systems, and each oval inside the box is a use  case  that  represents  some  major  required  functionality  and  its  variants. A  line between an actor and a use case indicates that the actor participates in the use case. Use cases are not meant to model all the tasks that the system should provide. Rather, they are used to specify user views of essential system behavior. As such, they model only system  functionality  that  can  be  initiated  by  some  actor  in  the  environment. For example, in Figure 4.15, key library uses include borrowing a book, returning a borrowed book, and paying a library fine.
[FIGURE 4.15 Library use cases.] 
[FIGURE_DESCRIPTIONS]
[0] System-level diagram depicting interactions between a Patron and Librarian within a library inventory subsystem. Visual elements include two user icons labeled Patron and Librarian on the left, each connected by lines into a rectangular boundary representing the system. Inside, process ovals such as “find item,” “return item,” “borrow item,” “pay fines,” and “check fines” are connected by arrows and dashed lines to indicate include or extend relationships. The “extend” annotations appear near dashed arrows linking use cases like “find item” to “borrow item” and “return item” to “recall item” or “reserve item.” A right-hand boundary labeled Library inventory suggests data or domain boundary. Additional ovals “reserve item,” “unreserve item,” and “unreserve item” (duplicate label) appear under the librarian, with lines indicating interactions and extension to main use cases. The diagram emphasizes use-case relationships: include and extend between core functions and inventory operations. Readable text includes exact labels and dashed vs solid connectors, illustrating a typical ULM (use-case) style for library system functionality. 



[1]
[SECTION]: Capturing the Requirements > 4.5 Modeling Notations > Example: Use Cases
[CONTENT]: Each use case encompasses several possible scenarios, some successful and some not, but all related to some usage of the system. External to the use-case diagram, the use cases and their variants are detailed as textual event traces. Each use case identifies pre-conditions and alternative behavior if the pre-conditions are not met, such as looking for a lost book; post-conditions, which summarize the effects of the use case; and a normal, error-free scenario comprising a sequence of steps performed by actors or by the system.A completely detailed use case specifies all possible variations of each step in the normal scenario, including both valid behaviors and errors. It also describes the possible scenarios that stem from the valid variations and from recoverable failures. If there is a sequence of steps common to several use cases, the sequence can be extracted out to form a subcase that can be called by a base use case like a procedure call. In the use-case diagram, we draw a dashed arrow from a base case to each of its subcases and annotate  these  arrows  with  stereotype <<include>> . 4 A  use  case  can  also  be appended with an extension subcase that adds functionality to the end of the use case. In the use-case diagram, we draw a dashed arrow from the extension subcase to the base  use  case  and  annotate  the  arrow  with  stereotype <<extend>> . Examples  of stereotypes are included in Figure 4.15.
(footnote: 4 In UML, a stereotype is a meta-language facility for extending a modeling notation, allowing the user to augment one of the notation's constructs with a new < <keyword> >.)


[2]
[SECTION]: Capturing the Requirements > 4.6 Requirements And Specification Languages > Unified Modeling Language (UML)
[CONTENT]: The Unified Modeling Language (UML) (OMG 2003) is the language best known for combining  multiple  notation  paradigms. Altogether, the  UML  standard  comprises eight graphical modeling notations, plus the OCL constraint language.The UML notations that are used during requirements definition and specification include Most of these notations were discussed in the preceding section, as examples of different notation paradigms. In Chapter 6, we will see more details about how UML works, by applying it to a real-world problem for both specification and design.
 - Use-case diagram (a high-level DFD): A use-case diagram is used at the start of a new project, to record the essential top-level functions that the to-be-developed product should provide. In the course of detailing the use cases' scenarios, we may identify important entities that play a role in the problem being modeled.
 - Class diagram (an ER diagram): As mentioned previously, the class diagram is the flagship model of a UML specification, emphasizing the problem's entities and their interrelationships. The remaining UML specification models provide more detail about how the classes' objects behave and how they interact with one another. As we gain a better understanding of the problem being modeled, we detail the class diagram, with additional attributes, attribute classes, operations, and  signatures. Ideally, new  insight  into  the  problem  is  more  likely  to  cause changes to these details than to affect the model's entities or relationships.
 - Sequence  diagram  (an  event  trace): Sequence  diagrams  are  early  behavioral models that depict traces of messages passed between class instances. They are best used to document important scenarios that involve multiple objects. When creating sequence diagrams, we look for common subsequences that appear in several diagrams; these subsequences may help us to identify states (e.g., the start and end points of the subsequence) in the objects' local behaviors.
 - Collaboration diagram (an event trace): A collaboration diagram illustrates one or more event traces, overlayed on the class diagram.As such, a collaboration diagram presents the same information as a sequence diagram.The difference is that the  sequence  diagram  emphasizes  a  scenario's  temporal  ordering  of  messages because it organizes messages along a timeline. On the other hand, the collaboration  diagram  emphasizes  the  classes'  relationships, and  treats  the  messages  as elaborations  of  those  relationships  in  the  way  that  it  represents  messages  as arrows between classes in the class diagram.
","[
  {
    ""role"": ""sentence"",
    ""segment"": ""UML use cases model observable, user-initiated functionality in terms of interactions between the system and its environment."",
    ""citations"": [
      {
        ""type"": ""source_text"",
        ""content"": ""A UML use-case diagram (OMG 2003) is similar to a top-level data-flow diagram that depicts observable, user-initiated functionality in terms of interactions between the system and its environment."",
        ""img_id"": null
      }
    ],
    ""type"": null
  }
]","UML use cases model observable, user-initiated functionality in terms of interactions between the system and its environment.",1.517,3.062
"In an object model, what does an aggregate association indicate?","
[0]
[SECTION]: Capturing the Requirements > 4.5 Modeling Notations > Example: UML Class Diagrams
[CONTENT]: Composition association is a special type of aggregation, in which instances of the compound class are physically constructed from instances of the component classes (e.g., a bike consists of wheels, gears, pedals, a handlebar); it is represented as an aggregation with a black diamond. In our library model, each Periodical , such as a newspaper or magazine, is composed of Articles .
An association with a triangle on one end represents a generalization association, also called a sub-type relation or an 'is-a' relation, where the class at the triangle end of the association is the parent class of the classes at the other ends of the association, called subclasses . A subclass inherits all of the parent class's attributes, operations, and associations. Thus, we  do  not  need  to  specify  explicitly  that Patrons may borrow Books , because  this  association  is  inherited  from  the  association  between Patron and Publication . A subclass extends its inherited behavior with additional attributes, operations, and associations. In fact, a good clue as to whether we want to model an entity as a new subclass, as opposed to as an instance of an existing class, is whether we really need new attributes, operations, or associations to model the class variant. In many cases, we can model variants as class instances that have different attribute values. In  our  library  problem, we  represent  whether  an  item  is  on  reserve  or  on loan using Publication attributes 2 rather than by creating Reserved and OnLoan subclasses.
Associations can have labels, usually verbs, that describe the relationship between associated entities.An end of an association can also be labeled, to describe the role that entity plays in the association. Such role names are useful for specifying the context of an entity with respect to a particular association. In the library example, we might keep track of which patrons are married, so that we can warn someone whose spouse has overdue books.Association ends can also be annotated with multiplicities , which specify constraints on the number of entities and the number of links between associated entities. Multiplicities can be expressed as specific numbers, ranges of numbers, or unlimited numbers (designated '*'). A multiplicity on one end of an association indicates how many instances of that class can be linked to one instance of the associated class.Thus at any point in time, a Patron may borrow zero or more Publications , but an individual Publication can be borrowed by at most one Patron .
(footnote: 2 In later examples,we model an item's loan state and reserve state as states in a state-machine model (Figure 4.9), and this information is included in the library's detailed class model (Figure 4.18).)


[1]
[SECTION]: Capturing the Requirements > 4.5 Modeling Notations > Example: UML Class Diagrams
[CONTENT]: [FIGURE 4.5 UML class model of the library problem.] 
UML also allows the specifier to designate attributes and operations as being associated  with  the  class  rather  than  with  instances  of  the  class. A class-scope  attribute , represented as an underlined attribute,is a data value that is shared by all instances of the class. In the library class diagram, the attributes reserve loan period and reserve fine rate are values that apply to all publications on reserve. Thus in this model, the librarian can set and modify the loan duration for classes of items (e.g., books, periodicals, items on reserve) but not for individual items. Similarly, a class-scope operation , written  as  an  underlined  operation, is  an  operation  performed  by  the  abstract  class, rather than by class instances, on a new instance or on the whole collection of instances; create() , search() , and delete() are common class-scope operations.
A line between two classes, called an association , indicates a relationship between the classes' entities. An association may represent interactions or events that involve objects in the associated classes, such as when a Patron borrows a Publication . Alternatively, an association might relate classes in which one class is a property or element of the other class, such as the relationship between a Patron and his Credit Card . Sometimes these latter types of associations are aggregate associations , or ' has-a' relationships, as in our example. An aggregate association is drawn as an association with a white diamond on one end, where the class at the diamond end is the aggregate and it includes or owns instances of the class(es) at the other end(s) of the association.
[FIGURE_DESCRIPTIONS]
[0] Diagrammatic UML-like schema depicting relationships between publishing system entities. Prominent boxes labeled Patron, Publication, Book, Periodical, and Article form a hierarchical network. Text within nodes includes attributes such as patron_id, name, address, and contact, plus relationships like loans, borrows, and returns. The Publication node contains fields: call number, title, volume, issue, year, and publisher, with a downline braced relationship to Periodical containing editor, volume, number, and fine rate. The Book node lists author and attribute lines; the Article node shows author. Arcs indicate interactions: a Patron can borrow or renew a loan, loans link to a publication item, and a Periodical links back to Publication components. Visual cues show inheritance-like connections and aggregation between Book, Periodical, and Publication, with dependent sub-entities for loan and return operations. The diagram emphasizes data entities, their attributes, and the cardinalities of relationships in a library/periodical cataloging system.



[2]
[SECTION]: Capturing the Requirements > 4.5 Modeling Notations > Example: UML Class Diagrams
[CONTENT]: The Loan class in the library model is an association class , which relates attributes and operations to an association. Association classes are used to collect information that cannot be attributed solely to one class or another. For example, the Loan attributes are not properties of the borrower or of the item borrowed, but rather of the loan transaction or contract. An association class has exactly one instantiation per link in the association, so our modeling Loan as an association class is correct only if we want to model snapshots of the library inventory (i.e., model only current loans). If we wanted instead to maintain a history of all loan transactions, then (because a patron might borrow an item multiple times), we would model Loan as a full-fledged class.
","[
  {
    ""role"": ""paragraph"",
    ""segment"": ""An aggregate association is drawn as an association with a white diamond on one end, where the class at the diamond end is the aggregate and it includes or owns instances of the class(es) at the other end(s) of the association."",
    ""citations"": [
      {
        ""type"": ""source_text"",
        ""content"": ""An aggregate association is drawn as an association with a white diamond on one end, where the class at the diamond end is the aggregate and it includes or owns instances of the class(es) at the other end(s) of the association."",
        ""img_id"": null
      }
    ],
    ""type"": null
  }
]","An aggregate association is drawn as an association with a white diamond on one end, where the class at the diamond end is the aggregate and it includes or owns instances of the class(es) at the other end(s) of the association.",2.402,5.787
How is a message depicted in a Message Sequence Chart?,"
[0]
[SECTION]: Capturing the Requirements > 4.5 Modeling Notations > Example: Message Sequence Chart
[CONTENT]: Message Sequence Charts (ITU 1996) are an enhanced event-trace notation, with facilities for creating and destroying entities, specifying actions and timers, and composing traces. Figure 4.7 displays an example Message Sequence Chart (MSC) for a loan transaction in our library problem. Each vertical line represents a participating entity , and a message is  depicted as an arrow from the sending entity to the receiving entity; the arrow's label specifies the message name and data parameters, if any.A message arrow may slope downwards (e.g., message recall notice ) to reflect the passage of time between when the message is sent and when it is received. Entities may come and go during the course of a trace; a dashed arrow, optionally annotated with data parameters, represents a create event that spawns a new entity, and a cross at the bottom of an entity line represents the end of that entity's execution. In contrast, a solid rectangle at the end of the line represents the end of an entity's specification without meaning the end of its execution. Actions , such as invoked operations or changes to variable values, are specified as labeled rectangles positioned on an entity's execution line, located at the point in the trace where the action occurs.Thus, in our MSC model of a library loan, loan requests are sent to the Publication to be borrowed, and the Publication entity is responsible for creating a Loan entity that manages loan-specific data, such as the due date . Reserving an item that is out on loan results in a recall of that item. Returning  the  borrowed  item  terminates  the  loan, but  not  before  calculating  the overdue fine , if any, for returning the item after the loan's due date .
[FIGURE_DESCRIPTIONS]
[0] A sequence diagram showing interactions among Publication, Patron, and Librarian (Patron) entities with labeled lifelines and arrows. Visible labels include: publication, patrons, loan, checkin/checkout, fine, overdue, return, reserve, real, recall, recall notification (publications), deletion, insertions, and office desk-like symbols representing actors. The diagram features horizontal lifelines for Publication (left), Patron (center), and Librarian/Patron (right) with vertical alignment indicating message passing. Arrows indicate actions: issue loan, check fines, return items, record late fines, recall notices, and publication on loan. Notable text segments: 'Publication', 'Patron', 'loan', 'checkfines', 'no fine', 'invoice due date' or 'date due', 'remember', 'recall notification (publications)', 'return', 'reserve', 'delete', 'cala overdue fine' (likely 'calculate overdue fines'). The diagram appears to model library circulation workflow including loans, recalls, fines, and notifications, with dashed lines signifying optional/alternative flows and solid lines for core events. There is a visual emphasis on the sequence and timing of actions across the three entities.



[1]
[SECTION]: Designing the Modules > 6.4 Representing Oo Designs In The Uml > Other UML Diagrams
[CONTENT]: There are two kinds of interaction diagrams: sequence and communication. A sequence diagram shows the sequence in which activities or behaviors occur.An object is depicted as a box at the top of a vertical line, known as the object's lifeline . A narrow box on the lifeline indicates a period of time when the object is actively computing, usually in response to a received message. An arrow between two lifelines represents a message between the two objects, and it is labeled with the message's name and sometimes with the condition that must be met for the message to be sent.An asterisk on the arrow  indicates  that  the  message  is  sent  many  times, to  several  different  receiving objects. When the message arrow loops back to its starting box on the same object, the object is sending a message to itself. Figure 6.23 is an example of a sequence diagram for the Royal Service Station, showing the use case for the Refuel class.
A communication diagram also depicts a sequence of messages between objects, but it is superimposed on an object model and uses the links between objects as implicit communication channels.As with sequence diagrams, the objects are icons, and arrows are used to depict the messages. However, unlike sequence diagrams, the sequence of messages is indicated by a numbering scheme. For example, the communication diagram  in  Figure  6.24 shows  the Parking use  case. First, the parking() message, labeled '1,' is sent from the Customer class to the Service station class.Then, the check_availability() message is sent from Service station to Parking ; it is labeled with a '2.'There are five messages sent within this single use case.
[FIGURE 6.23 Sequence diagram for the Refuel use case.] 
[FIGURE_DESCRIPTIONS]
[0] Diagram illustrating a credit card workflow. Entities labeled at the top include Customer, Service Station, Credit Card System, and Fuel. A horizontal sequence flow shows a customer action refuel() interacting with the Service Station and Credit Card System, followed by verify_credit and new_purchase events. Within the Service Station lane, blocks labeled credit card approved and refuel() indicate validation and authorization steps. The Credit Card System lane contains a verify_credit call, with outputs to new_purchase (account, date, refuel, gallons) and purchase, which then connects to new_fuel (account, date, gallons) and update(gallons). The Fuel lane ends with an update of gallons. Visual cues include dashed lines for verification and solid lines for process progression, capturing cross-system communication and data fields like account, date, refuel, and gallons. Readable labels emphasize a sequence of refuel, purchase authorization, new_purchase data, and fuel update events, suitable for understanding inter-system interactions in a service-oriented diagram.



[2]
[SECTION]: Capturing the Requirements > 4.5 Modeling Notations > Example: Message Sequence Chart
[CONTENT]: [FIGURE 4.7 Message Sequence Chart for library loan transaction.] 
There  are  facilities  for  composing  and  refining  Message  Sequence  Charts. For example, important states in an entity's evolution can be specified as conditions , represented as labeled hexagons.We can then specify a small collection of subtraces between conditions, and derive a variety of traces by composing the charts at points where the entities' states are the same. For example there are multiple scenarios between state publication on loan and the end of the loan transition: the patron renews the loan once, the patron renews the loan twice, the patron returns the publication, the patron reports the publication as being lost. Each of these subscenarios could be appended to a prefix trace of a patron successfully borrowing the publication. Such composition and refinement features help to reduce the number of MSCs one would need to write to specify a problem completely. However, these features do not completely address the trace-explosion  problem, so  Message  Sequences  Charts  are  usually  used  only  to describe key scenarios rather than to specify entire problems.
","[
  {
    ""role"": ""paragraph"",
    ""segment"": ""A message is depicted as an arrow from the sending entity to the receiving entity; the arrow's label specifies the message name and data parameters, if any."",
    ""citations"": [
      {
        ""type"": ""source_text"",
        ""content"": ""A message is depicted as an arrow from the sending entity to the receiving entity; the arrow's label specifies the message name and data parameters, if any."",
        ""img_id"": null
      }
    ],
    ""type"": null
  }
]","A message is depicted as an arrow from the sending entity to the receiving entity; the arrow's label specifies the message name and data parameters, if any.",1.54,3.099
What happens when a transition fires in a Petri net?,"
[0]
[SECTION]: Capturing the Requirements > 4.5 Modeling Notations > Example: Petri Nets
[CONTENT]: UML statechart diagrams nicely modularize a problem's dynamic behavior into the behaviors of individual class objects, with the effect that it may be easier to consider each class's behavior separately than it is to specify the whole problem in one diagram. This modularization makes it harder, though, to see how objects interact with each other. Looking at an individual statechart diagram, we can see when an object sends a message to another object. However, we have to examine the two objects' diagrams simultaneously to see that a message sent by one object can be received by the other. In fact, to be completely sure, we would have to search the possible executions (event traces) of the two machines, to confirm that whenever one object sends a message to the other, the target object is ready to receive and react to the message.
Petri nets (Peterson 1977) are a form of state-transition notation that is used to model concurrent activities and their interactions. Figure 4.12 shows a basic Petri net specifying the behavior of a book loan. The circles in the net are places that represent activities or conditions, and the bars represent transitions . Directed arrows, called arcs , connect a transition with its input places and its output places . The places are populated with tokens , which act as enabling conditions for the transitions.When a transition fires , it removes tokens from each of its input places and inserts tokens into each of its output places. Each arc can be assigned a weight that specifies how many tokens are removed from the arc's input place, or inserted into the arc's output place, when the transition fires. A transition is enabled if each of its input places contains enough tokens to contribute its arc's weight's worth of tokens, should the enabled transition actually fire.Thus, in  Figure  4.12, transitions Return,Withdraw  Return  Request , and Withdraw Loan Request are all enabled; firing transition Return removes a token from each of the places ReturnRequest and OnLoan , and inserts a token into Avail . The net's marking , which is the distribution of tokens among places, changes as transitions fire. In each execution step, the marking determines the set of enabled transitions; one enabled transition is nondeterministically selected to fire; the firing of this transition produces a new marking, which may enable a different set of transitions.We can model concurrent behavior by combining into a single net the activities, transitions, and tokens for several executing entities. Concurrent entities are synchronized whenever their activities, or places, act as input places to the same transition. This synchronization ensures that all of the pre-transition activities occur before the transition fires, but does not constrain the order in which these activities occur.


[1]
[SECTION]: Capturing the Requirements > 4.5 Modeling Notations > Example: Petri Nets
[CONTENT]: Basic Petri nets are fine for modeling how control flows through events or among concurrent entities. But if we want to model control that depends on the value of data (e.g., borrowing a particular book from a collection of books), then we need to use a high-level Petri net notation.A number of extensions to basic Petri nets have been proposed to improve the notation's expressibility, including inhibitor arcs, which enable a transition only if the input place is empty of tokens; priority among transitions; timing constraints; and structured tokens, which have values.
To model our library problem, which tracks information and events for multiple patrons and publications, we need a Petri net notation that supports structured tokens and transition actions (Ghezzi et al. 1991). A transition action constrains which tokens in  the  input  places  can  enable  the  transition  and  specifies  the  values  of  the  output tokens. Figure 4.13 is a high-level Petri net specification for the library problem. Each place stores tokens of a different data type. Avail stores a token for every library item that is not currently out on loan.A token in Fines is an n -tuple (i.e., an ordered set of n elements, sometimes called a tuple for short) that maps a patron to the value of his or her total outstanding library fines.A token in OnLoan is another type of tuple that maps a patron and a library item to a due date . A few of the transition predicates and actions are shown in Figure 4.13, such as the action on Process Payment , where the inputs are a payment and the patron's current fines , and the output is a new Fines tuple. The predicates not shown assert that if the token elements in a transition's input or output tokens have the same name, they must have the same value. So in  transition Borrow , the patron making  the Loan  Request must  match  the patron with no outstanding Fines and match the patron who appears in the generated OnLoan tuple; at the same time, the item being borrowed must match an item in Avail . Otherwise, those tuples do not enable the transition. The net starts with an initial marking of item tuples in Avail and ( patron, 0 ) tuples in Fines . As library users trigger input transitions Pay , Initiate Loan , and Initiate Return , new tokens are introduced to the system, which enable the library transitions, which in turn fire and update the Fines tokens and the Avail and OnLoan tokens, and so on.


[2]
[SECTION]: Capturing the Requirements > 4.5 Modeling Notations > Example: Petri Nets
[CONTENT]: [FIGURE 4.13 Petri net of the library problem.] 
[FIGURE_DESCRIPTIONS]
[0] Diagrammatic flowchart illustrating a financial loan lifecycle with labeled nodes and transitions. Key visible elements include: a central 'Pay' bar at the top, a circular node labeled 'Payment' connected to a smaller circle 'Patron, paymen/t' and subsequent branches showing 'Fines' and 'Payment' flows. The diagram contains actions such as 'Acquire', 'Avail', 'OnLoan', 'Return' and 'Withdrew Loan Request', as well as branches for 'Increase Fines' and 'Overdue fine' leading to 'Return' and 'Loan Request'. There are text labels describing each transition: 'patron, fines + payment', 'patron, fines - payment', 'patron, item, dodged', and 'loan request'. The left side shows 'Initiate Loan Request' and 'Withdrew Loan Request', while the right side includes 'Initiate Return' and 'Withdraw Return Request'. Overall, the image is a state-transition diagram with labeled arrows indicating relationships among entities such as patron, item, fines, await fines, overdue fines, and loan/return processes.

","[
  {
    ""role"": ""paragraph"",
    ""segment"": ""When a transition fires, it removes tokens from each of its input places and inserts tokens into each of its output places. The net's marking, which is the distribution of tokens among places, changes as transitions fire."",
    ""citations"": [
      {
        ""type"": ""source_text"",
        ""content"": ""When a transition fires , it removes tokens from each of its input places and inserts tokens into each of its output places."",
        ""img_id"": null
      },
      {
        ""type"": ""source_text"",
        ""content"": ""The net's marking , which is the distribution of tokens among places, changes as transitions fire."",
        ""img_id"": null
      }
    ],
    ""type"": null
  }
]","When a transition fires, it removes tokens from each of its input places and inserts tokens into each of its output places. The net's marking, which is the distribution of tokens among places, changes as transitions fire.",1.599,4.114
What is a descriptive notation?,"
[0]
[SECTION]: Capturing the Requirements > 4.5 Modeling Notations > Logic
[CONTENT]: With the exception of ER diagrams, the notations we have considered so far have been model-based and are said to be operational.An operational notation is a notation used to describe a problem or a proposed software solution in terms of situational behavior: how a software system should respond to different input events, how a computation should flow from one step to another, and what a system should output under various conditions. The result is a model of case-based behavior that is particularly useful for answering questions about what the desired response should be to a particular situation: for example, what the next state or system output should be, given the current state, input event, process completion, and variable values. Such models also help the reader to visualize global behavior, in the form of paths representing allowable execution traces through the model.
Operational notations are less effective at expressing global properties or constraints. Suppose we were modeling a traffic light, and we wanted to assert that the lights controlling traffic in cross directions are never green at the same time, or that the lights in each direction are periodically green. We could build an operational model that exhibits these behaviors implicitly, in that all paths through the model satisfy these properties. However, unless the model is closed -meaning that the model expresses all of the desired behavior, and that any implementation that performs additional functionality is incorrect-it is ambiguous as to whether these properties are requirements to be satisfied or simply are accidental effects of the modeling decisions made.
Instead, global properties and constraints are better expressed using a descriptive notation, such as logic. A descriptive notation is a notation that describes a problem or a proposed solution in terms of its properties or its invariant behaviors. For example, ER diagrams are descriptive, in that they express relationship properties among entities.A logic consists of a language for expressing properties, plus a set of inference rules for deriving new, consequent properties from the stated properties. In mathematics, a logical expression, 5 called a formula , evaluates to either true or false, depending on the values of the variables that appear in the formula. In contrast, when logic is used to express a property of a software problem or system, the property is an assertion about the problem or system that should be true . As such, a property specification represents only those values of the property's variables for which the property's expression evaluates to true .


[1]
[SECTION]: Capturing the Requirements > 4.5 Modeling Notations > Example: UML Class Diagrams
[CONTENT]: An ER notation is often used by more complex approaches. For example, the Unified Modeling Language (UML) (OMG 2003) is a collection of notations used to document software  specifications  and  designs. We  will  use  UML  extensively  in  Chapter  6 to describe object-oriented specifications and designs. Because UML was originally conceived  for  object-oriented  systems, it  represents  systems  in  terms  of  objects  and methods. Objects are akin to entities; they are organized in classes that have an inheritance hierarchy. Each object provides methods that perform actions on the object's variables. As  objects  execute, they  send  messages  to  invoke  each  other's  methods, acknowledge actions, and transmit data.
The flagship model in any UML specification is the class diagram , a sophisticated ER diagram relating the classes (entities) in the specification. Although most UML texts treat class diagrams primarily as a design notation, it is possible and convenient to use UML class diagrams as a conceptual modeling notation, in which classes represent real-world entities in the problem to be modeled. It may be that a class in the conceptual model, such as a Customer class, corresponds to a program class in the implementation, such  as  a  CustomerRecord, but  this  need  not  always  be  the  case. It  is  the software designer's task to take a class-diagram specification and construct a suitable design model of the implementation's class structure.
In general, the kinds of real-world entities that we would want to represent in a class diagram include actors (e.g., patrons, operators, personnel); complex data to be stored, analyzed, transformed, or displayed; or records of transient events (e.g., business  transactions, phone  conversations). The  entities  in  our  library  problem  include people, like the patrons and librarians; the items in the library's inventory, like books and periodicals; and loan transactions.
Figure 4.5 depicts a simple UML class diagram for such a library. Each box is a class that represents a collection of similarly typed entities; for example, a single class represents all of the library's books. A class has a name ; a set of attributes , which are simple data variables whose values can vary over time and among different entities of the class; and a set of operations on the class's attributes. By 'simple data variable,' we mean a variable whose values are too simple for the variable to be a class by itself.Thus, we model a Patron's address as an attribute, likely as one or more string values, whereas we would model a Patron 's credit card information, credit institution, credit card number, expiration date, or billing address as a separate class (not shown). Note that  many attributes we might expect in the library class diagram are missing (e.g., records and films) or are imprecisely defined (e.g., periodical, which doesn't distinguish between newspapers and magazines), and operations are omitted (e.g., dealing with book repair or loss). This imprecision is typical in early conceptual diagrams. The idea is to  provide  enough attributes and operations, and in sufficient detail, that anyone who reads the specification can grasp what the class represents and what its responsibilities are.


[2]
[SECTION]: Capturing the Requirements > 4.5 Modeling Notations > Algebraic Specifications
[CONTENT]: Algebraic  specification  notations  are  not  popular  among  software  developers because, for a collection of operations, it can be tricky to construct a concise set of axioms that is complete and consistent-and correct! Despite their complexity, algebraic notations have been added to several formal specification languages, to enable specifiers to define their own abstract data types for their specifications.


[3]
[SECTION]: Writing the Programs > 7.3 Documentation
[CONTENT]: Many corporate or organizational standards and procedures focus on the descriptions accompanying a collection of programs.We consider program documentation to be the set of written descriptions that explain to a reader what the programs do and how they do it. Internal documentation is descriptive material written directly within the code; all other documentation is external documentation .
","[
  {
    ""role"": ""sentence"",
    ""segment"": ""A descriptive notation is a notation that describes a problem or a proposed solution in terms of its properties or its invariant behaviors. For example, ER diagrams are descriptive, in that they express relationship properties among entities."",
    ""citations"": [
      {
        ""type"": ""source_text"",
        ""content"": ""A descriptive notation is a notation that describes a problem or a proposed solution in terms of its properties or its invariant behaviors."",
        ""img_id"": null
      },
      {
        ""type"": ""source_text"",
        ""content"": ""For example, ER diagrams are descriptive, in that they express relationship properties among entities."",
        ""img_id"": null
      }
    ],
    ""type"": null
  }
]","A descriptive notation is a notation that describes a problem or a proposed solution in terms of its properties or its invariant behaviors. For example, ER diagrams are descriptive, in that they express relationship properties among entities.",1.638,9.195
What do early design decisions regarding a system's architecture explain?,"
[0]
[SECTION]: Designing the Architecture > 5.1 The Design Process
[CONTENT]: At this point in the development process, we have a good understanding of our customer's  problem, and  we  have  a  requirements  specification  that  describes  what  an acceptable software solution would look like. If the specification was done well, it has focused on function, not form; that is, it gives few hints about how to build the proposed system. Design is the creative process of figuring out how to implement all of the customer's requirements; the resulting plan is also called the design .
Early  design  decisions  address  the  system's architecture , explaining  how  to decompose the system into units, how the units relate to one another, and describing any externally visible properties of the units (Bass, Clements, and Kazman 2003). Later design decisions address how to implement the individual units. To see how architecture  relates  to  both  design  and  requirements, consider  again  the  example  in  which Chuck and Betsy Howell want to build a new house.Their requirements include and so on. From the requirements, an architect produces preliminary designs for the Howells to consider.The architect may start by showing the Howells some generic plans based on different styles of houses, such as two-story colonials and bungalows, to get a better feel for what style the Howells would prefer.Within a particular architectural style, the architect may sketch out various design alternatives. For instance, in one design, the kitchen, dining room, and children's play space may share one large open area, whereas another design may locate the play space in a less public part of the house. One design may emphasize large bedrooms,and another may reduce bedroom size to make room for an additional bathroom. How the Howells choose from among the design alternatives will depend on their preferences for a design's distinguishing characteristics, such as the utility and character of the rooms' layouts, or the estimated cost of construction.
 - rooms for them and their three children to sleep
 - a place for the children to play
 - a kitchen and a large dining room that will hold an extendable table
 - storage for bicycles, lawn mower, ladder, barbecue, patio furniture, and more
 - a place for a piano
 - heating and air conditioning The resulting design is the house's architecture, as suggested by Figure 5.1. Most obviously, the architecture describes the skeletal structure of the house, the locations of walls and support beams, and the configuration of each room. It also includes plans for sufficient heating and cooling, and the layout of air ducts; maps of water pipes and their connections to the city's water mains and sewer lines; and maps of electrical circuits, locations of outlets, and the amperage of circuit breakers. Architectural decisions tend to be structural, systematic, and systemic, making sure that all essential elements of the requirements are addressed in ways that harmonize customer needs with the realities of materials, cost, and availability. They are the earliest design decisions to be made and, once implemented, are the hardest to change. In contrast, later design decisions, such as those regarding flooring, cabinetry, wall paint, or paneling, are relatively localized and easy to modify.


[1]
[SECTION]: Designing the Architecture > 5.5 Achieving Quality Attributes > Usability
[CONTENT]: Usability attributes reflect the ease with which a user is able to operate the system. Most aspects of user-interface design are about how information is presented to and collected from the user.These design decisions tend not to be architectural, so we postpone a detailed discussion of this topic until the next chapter. However, there are a few user-interface decisions that do significantly affect the software's architecture, and they are worth mentioning here.
First and foremost,the user interface should reside in its own software unit,or possibly its own architectural layer.This separation makes it easier to customize the user interface for different audiences, such as users of different nationalities or different abilities.
Second, there are some user-initiated commands that require architectural support. These include generic commands such as cancel, undo, aggregate , and show multiple views (Bass, Clements, and Kazman 2003). At a minimum, the system needs a process that listens for these commands, because they could be generated at any time, unlike user commands that are input in  response  to  a  system  prompt. In  addition, for  some  of  these commands, the system needs to prepare itself to receive and execute the command. For example, for the undo command, the system must maintain a chain of previous states to which to return.For the show multiple views command,the system must be able to present multiple displays and keep them up-to-date and consistent as data change. In general, the design should include facilities for detecting and responding to any expected user input.
Third, there are some system-initiated activities for which the system should maintain a model of its environment.The most obvious examples are time-activated activities that occur at defined time intervals or on specified dates. For example, a pacemaker can be configured to trigger a heartbeat 50,60,or 70 times a minute,and an accounting system can be set up to generate monthly paychecks or bills automatically.The system must track the passage of time or days to be able to initiate such time-sensitive tasks. Similarly, a process-control system, such as a system that monitors and controls a chemical reaction, will maintain a model of the process being controlled, so that it can make informed decisions about how to react to particular sensor input. If we encapsulate the model, we will be  better  able  to  replace  this  software  unit  when  new  modeling  technologies  are invented, or to tailor the model for different applications or customers.


[2]
[SECTION]: Designing the Architecture > 5.13 What This Chapter Means For You
[CONTENT]: In this chapter, we have investigated what it means to design a system based on carefully expressed requirements. We have seen that design begins with a high-level architecture, where architectural decisions are based not only on system functionality and required constraints but also on desirable attributes and the long-term intended use of the system (including product lines, reuse, and likely modification).You should keep in mind several characteristics of good architecture as you go, including appropriate user interfaces, performance,modularity,security,and fault tolerance.You may want to build a prototype to evaluate several options or to demonstrate possibilities to your customers.
The goal is not to design the ideal software architecture for a system, because such an architecture might not even exist. Rather, the goal is to design an architecture that meets all of the customer's requirements while staying within the cost and schedule constraints that we discussed in Chapter 3.
","[
    {
        ""role"": ""paragraph"",
        ""segment"": ""Early design decisions address the system's architecture , explaining how to decompose the system into units, how the units relate to one another, and describing any externally visible properties of the units (Bass, Clements, and Kazman 2003)."",
        ""citations"": [
            {
                ""type"": ""source_text"",
                ""content"": ""Early  design  decisions  address  the  system's architecture , explaining  how  to decompose the system into units, how the units relate to one another, and describing any externally visible properties of the units. They are the earliest design decisions to be made and, once implemented, are the hardest to change."",
                ""img_id"": null
            }
        ],
        ""type"": null
    }
]","Early design decisions address the system's architecture , explaining how to decompose the system into units, how the units relate to one another, and describing any externally visible properties of the units (Bass, Clements, and Kazman 2003).",2.309,5.551
How is system functionality achieved in a pipe-and-filter style architecture?,"
[0]
[SECTION]: Designing the Architecture > 5.4 Architectural Styles And Strategies > Pipe-and-Filter
[CONTENT]: In a pipe-and-filter style, illustrated in Figure 5.6, system functionality is achieved by passing input data through a sequence of data-transforming components, called filters , to produce output data. Pipes are connectors that simply transmit data from one filter to  the  next  without  modifying  the  data. Each  filter  is  an  independent  function  that makes no assumptions about other filters that may be applied to the data.Thus, we can build our system by connecting together different filters to form a variety of configurations. If the format of the data is fixed-that is, if all of the filters and pipes assume a common  representation  of  the  data  being  transmitted-then  we  can  join  filters together in any configuration. Such systems have several important properties (Shaw and Garlan 1996):
 - We can understand the system's transformation of input data to output data as the functional composition of the filters' data transformations.
[FIGURE 5.6 Pipes and filters.] 
 - Filters can be reused in any other pipe-and-filter style program that assumes the same  format  for  input  and  output  data. Examples  of  such  filters  and  systems include image-processing systems and Unix shell programs.
 - System evolution is relatively easy; we can simply introduce new filters into our system's configuration, or replace or remove existing filters, without having to modify other parts of the system.
 - Because of filter independence, we can perform certain types of analyses, such as throughput analysis.
[FIGURE_DESCRIPTIONS]
[0] Diagrammatic schematic illustrating a multi-path signal flow with several horizontal lanes. Leftmost input enters three parallel branches, each proceeding through individual rectangular blocks connected by arrows to merge into downstream nodes. A separate, smaller inset labeled KEY in the upper-right shows a simple legend: Pipe → and Filter with corresponding symbols. The main flow features vertically offset branches that converge into a central bus, indicating parallel processing paths, synchronization points, and potential combining of signals. Rectangular blocks represent processing stages; arrows denote data or signal direction. The overall layout emphasizes modular stages and inter-branch communication, suitable for depicting theory-practice pipeline concepts or dataflow architectures.



[1]
[SECTION]: Designing the Architecture > 5.4 Architectural Styles And Strategies > Pipe-and-Filter
[CONTENT]:  - There are performance penalties when using a pipe-and-filter  architecture. To support a fixed data format during data transmission, each filter must parse input data before performing its computation and then convert its results back to the fixed data format for output. This repeated parsing and unparsing of data can hamper system performance. It can also make the construction of the individual filters more complex.
In some pipe-and-filter style systems, the filters are independent data-transforming functions, but  the  representation  of  data  passed  between  filters  is  not  fixed. For example, old-style compilers had pipe-and-filter architectures in which the output of each filter (e.g., the lexical analyzer or the parser) was fed directly into the next filter. Because the filters in such systems are independent and have precise input and output formats, it is easy to replace and improve filters but hard to introduce or remove filters. For example, to remove a filter, we may need to substitute a stub that converts the output from the previous filter into the input format expected by the next filter.


[2]
[SECTION]: Designing the Architecture > 5.7 Architecture Evaluation And Refinement > Trade-off Analysis
[CONTENT]: This complication leads us to a fourth design, based on a pipe-and-filter architecture (Figure 5.16), where the sequence of processing is controlled by the sequence of the filter modules.This design is easily extended to include new features, in that we can simply insert additional filters into the sequence. Also, each filter is an independent entity that can be changed without affecting other filters. The design supports the reuse of filters in other pipe-and-filter applications, as long as a filter's input data is in the form that it expects (Shaw and Garlan 1996).The filters may execute in parallel, processing inputs as they are received (although the Alphabetizer cannot output its results until it has received and sorted all of the input lines); this concurrent processing can enhance performance. Unlike the other designs, a data item is no longer stored in any location, but rather flows from one filter to another, being transformed along the way. As such, the design is not conducive to changes that would require the storage of persistent data,
[FIGURE 5.16 Pipe-and-filter solution for KWIC (Shaw and Garlan 1996).] 
[FIGURE_DESCRIPTIONS]
[0] Diagram shows a block flow with a legend labeled KEY: Pipe, System I/O. At top, a left-to-right sequence begins with Input medium, then Input, then Circular shift. A secondary path branches downward into a sub-process: Alphabetizer followed by Output, then Output medium. The blocks are rectangular with rounded corners and connected by arrows indicating data or material flow. The legend indicates line types: solid line for Pipe and dashed line for System I/O. Text labels include 'Input medium', 'Input', 'Circular shift', 'Alphabetizer', 'Output', and 'Output medium'. The overall layout suggests two parallel processing paths, one for input handling and rotation (circular shift) and another for audio/data transformation via an alphabetization step, culminating in an output medium. No numerical values are present. The diagram emphasizes workflow sequencing and data routing between components.

","[
  {
    ""role"": ""sentence"",
    ""segment"": ""System functionality in a pipe-and-filter style is achieved by passing input data through a sequence of data-transforming components, called filters, to produce output data."",
    ""citations"": [
      {
        ""type"": ""source_text"",
        ""content"": ""In a pipe-and-filter style, illustrated in Figure 5.6, system functionality is achieved by passing input data through a sequence of data-transforming components, called filters , to produce output data."",
        ""img_id"": null
      }
    ],
    ""type"": null
  }
]","System functionality in a pipe-and-filter style is achieved by passing input data through a sequence of data-transforming components, called filters, to produce output data.",1.543,6.657
What is a reference model?,"
[0]
[SECTION]: Designing the Architecture > 5.1 The Design Process > Design Is a Creative Process
[CONTENT]: [FIGURE 5.2 Sources of design advice.] 
More typically, our problem does not have a reference model, and we create a design by combining and adapting generic design solutions. In your other courses, you have learned about generic, low-level design solutions such as data structures (e.g., lists, trees) and algorithm paradigms (e.g., divide-and-conquer, dynamic programming) that are useful in addressing entire classes of problems. Software architectures have generic solutions too, called architectural styles . Like reference models, architectural styles give advice about how to decompose a problem into software units and how those units should interact with each other. Unlike reference models, architectural styles are not optimized for specific application domains. Rather, they give generic advice about how to  approach  generic  design  problems  (e.g., how  to  encapsulate  data  shared  by  all aspects of the system).
Sometimes, improving one aspect of a software system has an adverse effect on another aspect. For this reason, creating a software system design can raise several orthogonal issues. Good software architectural design is about selecting, adapting, and integrating  several  architectural  styles  in  ways  that  best  produce  the  desired  result. There are many tools at our disposal for understanding our options and evaluating the chosen  architecture. Design  patterns are  generic  solutions  for  making  lower-level design decisions about individual software modules or small collections of modules; they will be discussed in Chapter 6. A design convention or idiom is  a  collection of design decisions and advice that, taken together, promotes certain design qualities. For example, abstract data types (ADTs) are a design convention that encapsulates data representation and supports reusability. As a design convention matures and becomes more widely used, it is packaged into a design pattern or architectural style, for easier reference  and  use; ultimately, it  may  be  encoded  as  a  program-language  construct. Objects, modules, exceptions, and templates are examples of design and programming conventions that are now supported by programming languages.


[1]
[SECTION]: Designing the Architecture > 5.1 The Design Process > Design Is a Creative Process
[CONTENT]: Similarly, experienced software developers rarely design new software from first principles. Instead, they borrow ideas from existing solutions and manipulate them into new, but not entirely original, designs. By doing so, developers can usually arrive at a suitable design more quickly, using the properties of the borrowed solutions to assess the properties of the proposed design. Figure 5.2 shows several sources from which developers can draw when looking for guidance in designing a new system.
There  are  many  ways  to  leverage  existing  solutions. One  extreme  is cloning , whereby we borrow a whole design, and perhaps even the code, making minor adjustments to fit our particular problem. For example, a developer might clone an existing system to customize it for a new customer-though,as we will see, there are better ways of producing variations of the same product. Slightly less extreme is to base our design on  a reference  model : a  standard  generic  architecture  for  a  particular  application domain.A reference model suggests only how we decompose our system into its major components and how those components interact with each other. The design of the individual components and the details of their interactions will depend on the specific application being developed.As an example, Figure 5.3 shows the reference model for a compiler; the specifics of the parser, semantic analyzer, optimizations, and data repositories will vary greatly with the compiler's programming language. There are existing or proposed reference models for a variety of application domains, including operating systems, interpreters, database  management  systems, process-control  systems, integrated tool environments, communication networks, and Web services.
[FIGURE_DESCRIPTIONS]
[0] Diagram central hub labeled ""Design"" connected to multiple surrounding nodes by arrows. Surrounding labels include: Similar Systems, Reference Models, Architectural Styles, Design Patterns, Design Conversations, Design Principles, Experience, Realization Principles? (text legibility varies). Each node is a small circle connected with lines radiating outward in a radial diagram. The layout suggests a conceptual model linking Design to related domains and activities. The text within the central node is clearly ""Design"". The surrounding nodes are arranged in a circular fashion around the center, implying a taxonomy of design influencing factors. The diagram uses black text on a white background with minimal styling, focusing on relationships rather than visual embellishments.



[2]
[SECTION]: Modeling the Process and Life Cycle > 2.11 Key References
[CONTENT]: As a result of the Fifth International Software Process Workshop,a working group chaired by Kellner formulated a standard problem, to be used to evaluate and compare some of the more popular process modeling techniques.The problem was designed to be complex enough so that it would test a technique's ability to include each of the following:
 - multiple levels of abstraction
 - control flow, sequencing, and constraints on sequencing


[3]
[SECTION]: Capturing the Requirements > 4.5 Modeling Notations > Entity-Relationship Diagrams
[CONTENT]: Early in the requirements phase, it is convenient to build a conceptual model of the problem that identifies what objects or entities are involved, what they look like (by defining their attributes), and how they relate to one another. Such a model designates names for the basic elements of the problem. These elements are then reused in other descriptions of the requirements (possibly written in other notations) that specify how the objects, their attributes, and their relationships would change in the course of the proposed system's execution.Thus, the conceptual model helps to tie together multiple views and descriptions of the requirements.
The entity-relationship diagram (ER diagram) (Chen 1976) is a popular graphical notational paradigm for representing conceptual models.As we will see in Chapter 6, it forms the basis of most object-oriented requirements and design notations, where it is used to model the relationships among objects in a problem description or to model the structure of a software application. This notation paradigm is also popular for describing database schema (i.e., describing the logical structure of data stored in a database).
","[
    {
        ""role"": ""paragraph"",
        ""segment"": ""A reference model is a standard generic architecture for a particular application domain that suggests how we decompose our system into its major components and how those components interact with each other."",
        ""citations"": [
            {
                ""type"": ""source_text"",
                ""content"": ""a standard generic architecture for a particular application domain"",
                ""img_id"": null
            },
            {
                ""type"": ""source_text"",
                ""content"": ""A reference model suggests only how we decompose our system into its major components and how those components interact with each other."",
                ""img_id"": null
            },
            {
                ""type"": ""source_text"",
                ""content"": ""There are existing or proposed reference models for a variety of application domains, including operating systems, interpreters, database management systems, process-control systems, integrated tool environments, communication networks, and Web services."",
                ""img_id"": null
            }
        ],
        ""type"": null
    }
]",A reference model is a standard generic architecture for a particular application domain that suggests how we decompose our system into its major components and how those components interact with each other.,1.633,4.854
What defines a peer-to-peer (P2P) architecture?,"
[0]
[SECTION]: Designing the Architecture > 5.4 Architectural Styles And Strategies > Peer-to-Peer
[CONTENT]: Technically, a peer-to-peer (P2P) architecture is one in which each component executes as its own process and acts as both a client of and a server to other peer components. Each component has an interface that specifies not only the services it provides, but also the services that it requests from other peer components. Peers communicate by requesting  services  from  each  other. In  this  way, P2P  communication  is  like  the request/reply communication found in client-server architecture, but any component can initiate a request to any other peer component.
[FIGURE 5.7 Three-tiered client-server architecture.] 
The best known P2P architectures are file-sharing networks, such as Napster and Freenet, in which the components provide similar services to each other. What differs among components are the data each component stores locally.Thus, the system's data are distributed among the components; whenever a component needs information not stored locally, it retrieves it from a peer component.
P2P networks are attractive because they scale up well. Although each added component increases demands on the system in the form of additional requests, it also increases the system's capabilities, in the form of new or replicated data and as additional server capacity. P2P networks are also highly tolerant of component and network failures, because data are replicated and distributed over multiple peers. Sidebar 5.4 describes the pros and cons of Napster's P2P architecture.
[FIGURE_DESCRIPTIONS]
[0] Diagram showing a multi-layer information system architecture with labeled blocks and arrows. Left portion contains a small legend box labeled KEY and shows client and server arrows for request/reply; the key indicates two stroke styles for client and server boundaries. The main flow on the right begins with three web browser icons labeled Web Browser, Web Browser, Desktop Client; they connect to an Application Server below. The Application Server connects upward to a Database Server via a Database block. Vertical alignment groups the elements into layers: client (top), application server and database server (middle/lower) with the overarching categories labeled on the right: Business Logic and Information System. The text reads: Web Browser, Desktop Client, Client Presentation, Business Logic, Information System. The diagram emphasizes client-side presentation interacting with a centralized application server that delegates to a database server, illustrating a typical three-tier architecture with interface, application, and data layers.



[1]
[SECTION]: Designing the Architecture > 5.4 Architectural Styles And Strategies > SIDEBAR 5.4 NAPSTER'S P2P ARCHITECTURE
[CONTENT]: N apster, the popular music-sharing system, uses a P2P architecture.Typically, the peers are users' desktop computer systems running general-purpose computing applications, such as electronic mail clients, word processors, Web browsers, and more. Many of these user systems do not have stable Internet protocol (IP) addresses, and they are not always available to the rest of the network. And most users are not sophisticated; they are more interested in content than in the network's configuration and protocols. Moreover, there is great variation in methods for accessing the network, from slow dial-up lines to fast broadband connections.
Napster's sophistication comes instead from its servers, which organize requests and manage content. The actual content is provided by users, in the form of files that are shared from peer to peer, and the sharing goes to other (anonymous) users, not to a centralized file server.
This type of architecture works well when the files are static (i.e., their content does not change often or at all), when file content or quality do not matter, and when the speed and reliability of sharing are not important. But if the file content changes frequently (e.g., stock prices or evaluations), sharing speed is key (e.g., large files are needed quickly), file quality is critical (e.g., photographs or video), or one peer needs to be able to trust another (e.g., the content is protected or contains valuable corporate information), then a P2P architecture may not be the best choice; a centralized server architecture may be more appropriate.


[2]
[SECTION]: Designing the Architecture > 5.5 Achieving Quality Attributes > Security
[CONTENT]: To see how, consider that a typical P2P network involves users who place shareable items in a designated folder.You may think that a careful user's files would be safe. But there are many ways that data are unintentionally shared:
 - The user accidentally shares files or folders containing sensitive information.
 - Files or data are misplaced.
 - The user interface may be confusing, so the user does not realize that a file is being shared.Good and Krekelberg (2003) found the KaZaA system to have this problem.
 - Files or data are poorly organized.
 - The user relies on software to recognize file or data types and make them available, and the software mistakenly includes a file or data that should have been protected.
 - Malicious software shares files or folders without the user's knowledge.
Indeed, Krebs (2008) describes how an investment firm employee used his company computer to participate in LimeWire, an online P2P file-sharing network for people trading in music and videos. In doing so, he inadvertently exposed his firm's private files. These files included the names, dates of birth, and Social Security numbers for 2000 of the firm's clients, among whom was a U.S. Supreme Court Justice! The head of Tiversa, the company hired to help contain the breach said, 'such breaches are hardly rare.About 40 to 60 percent of all data leaks take place outside of a company's secured network, usually as a result of employees or contractors installing file-sharing software on company computers' (Krebs 2008). Leaked often are files containing confidential company plans or  designs  for  new  products. So  architectural  considerations  should address both conventional and unconventional uses of the system being developed.


[3]
[SECTION]: Designing the Architecture > 5.4 Architectural Styles And Strategies > Client-Server
[CONTENT]: In  a  client-server  architecture, the  design  is  divided  into  two  types  of  components: clients and servers. Server components offer services, and clients access them using a request/reply protocol . The components execute concurrently and are usually distributed across several computers. There may be one centralized server, several replicated servers distributed over several machines, or several distinct servers each offering a different set of services.The relationship between clients and servers is asymmetric: Clients know the identities  of  the  servers  from  which  they  request  information, but  servers
","[
    {
        ""role"": ""sentence"",
        ""segment"": ""Technically, a peer-to-peer (P2P) architecture is one in which each component executes as its own process and acts as both a client of and a server to other peer components."",
        ""citations"": [
            {
                ""type"": ""source_text"",
                ""content"": ""Technically, a peer-to-peer (P2P) architecture is one in which each component executes as its own process and acts as both a client of and a server to other peer components."",
                ""img_id"": null
            }
            ,
            {
                ""type"": ""source_text"",
                ""content"": ""each component executes as its own process and acts as both a client of and a server to other peer components"",
                ""img_id"": null
            }
        ]
    },
    {
        ""role"": ""sentence"",
        ""segment"": ""Each component has an interface that specifies not only the services it provides, but also the services that it requests from other peer components."",
        ""citations"": [
            {
                ""type"": ""source_text"",
                ""content"": ""Each component has an interface that specifies not only the services it provides, but also the services that it requests from other peer components."",
                ""img_id"": null
            }
        ]
    },
    {
        ""role"": ""sentence"",
        ""segment"": ""Peers communicate by requesting  services  from  each  other."",
        ""citations"": [
            {
                ""type"": ""source_text"",
                ""content"": ""Peers communicate by requesting  services  from  each  other."",
                ""img_id"": null
            }
        ]
    },
    {
        ""role"": ""sentence"",
        ""segment"": ""In this way, P2P communication is like the request/reply communication found in client-server architecture, but any component can initiate a request to any other peer component."",
        ""citations"": [
            {
                ""type"": ""source_text"",
                ""content"": ""In this way, P2P communication is like the request/reply communication found in client-server architecture, but any component can initiate a request to any other peer component."",
                ""img_id"": null
            }
        ]
    }
]","Technically, a peer-to-peer (P2P) architecture is one in which each component executes as its own process and acts as both a client of and a server to other peer components. Each component has an interface that specifies not only the services it provides, but also the services that it requests from other peer components. Peers communicate by requesting  services  from  each  other. In this way, P2P communication is like the request/reply communication found in client-server architecture, but any component can initiate a request to any other peer component.",1.675,9.214
How do components interact in a publish-subscribe architecture?,"
[0]
[SECTION]: Designing the Architecture > 5.4 Architectural Styles And Strategies > Publish-Subscribe
[CONTENT]: In a publish-subscribe architecture, components interact by broadcasting and reacting to events. A component expresses interest in an event by subscribing to it. Then, when another component announces ( publishes ) that the event has taken place, the subscribing components are notified.The underlying publish-subscribe infrastructure is responsible both for registering event subscriptions and for delivering published events to the appropriate components. Implicit invocation is  a  common form of publish-subscribe architecture, in which a subscribing component associates one of its procedures with each event of interest (called registering the procedure). In this case, when the event occurs, the publish-subscribe infrastructure invokes all of the event's registered procedures. In contrast to client-server and P2P components, publish-subscribe components know nothing about each other. Instead, the publishing component simply announces events and then waits for interested components to react; each subscribing component simply reacts to event announcements, regardless of how they are published. In models of this kind of architecture, the underlying infrastructure is often represented as an event bus to which all publish-subscribe components are connected.
This is a common architectural style for integrating tools in a shared environment. For example, Reiss (1990) reports on an environment called Field, where tools such as editors register for events that might occur during a debugger's functioning.To see how, consider that the debugger processes code, one line at a time. When it recognizes that it has reached a set breakpoint, it announces the event 'reached breakpoint'; then, the system forwards the event to all registered tools, including the editor, and the editor reacts to the event by automatically scrolling to the source-code line that corresponds  to  the  breakpoint. Other  events  that  the  debugger  might  announce  include entry and exit points of functions, runtime errors, and comments to clear or reset the program's execution. However, the debugger is not aware of which tools, if any, have registered for the different events, and it has no control over what the other tools will do in response to one of its events. For this reason, a publish-subscribe system will often include  some  explicit  invocations  (e.g., calls  to  access  methods)  when  a  component wants to enforce or confirm a specific reaction to a critical event.
Publish-subscribe  systems  have  several  strengths  and  weaknesses  (Shaw  and Garlan 1996):
 - Such  systems  provide  strong  support  for  system  evolution  and  customization. Because  all  interactions  are  orchestrated  using  events, any  publish-subscribe
 - component can be added to the system and can register itself without affecting other components.


[1]
[SECTION]: Designing the Architecture > 5.4 Architectural Styles And Strategies > Publish-Subscribe
[CONTENT]:  - For the same reason, we can easily reuse publish-subscribe components in other event-driven systems.
 - Components can pass data at the time they announce events. But if components need to share persistent data, the system must include a shared repository to support  that  interaction. This  sharing  can  diminish  the  system's  extensibility  and reusability.
 - Publish-subscribe systems are difficult to test, because the behavior of a publishing component will depend on which subscribing components are monitoring its events.Thus, we cannot test the component in isolation and infer its correctness in an integrated system.


[2]
[SECTION]: Designing the Architecture > 5.4 Architectural Styles And Strategies > Combining Architectural Styles
[CONTENT]: It is easiest to think about an architectural style and its associated properties when we consider the style in its purest form. However, actual software architectures are rarely based purely on a single style. Instead, we build our software architecture by combining different architectural styles, selecting and adapting aspects of styles to solve particular problems in our design.
Architectural styles can be combined in several ways:
 - We might use different styles at different levels of our system's decomposition. For example, we might view our system's overall structure as a client-server architecture, but subsequently decompose the server component into a series of layers. Or a simple intercomponent connection at one level of abstraction may be refined to be a collection of components and connectors at a lower level of decomposition.
For  instance, we  might  decompose  one  architecture's  publish-subscribe  interactions to elaborate the components and protocols used to manage event subscriptions and to notify subscribing components of event announcements.
 - Our architecture  may  use  a  mixture  of  architectural  styles  to  model  different components or different types of interactions among components, such as the architecture  shown  in  Figure  5.10. In  this  example, several  client  components interact  with  each  other  using  publish-subscribe  communications. These  same components  use  server  components  via  request/reply  protocols; in  turn, the server components interact with a shared data repository. In this example, the architecture integrates different styles into a single model by allowing components to play multiple roles (e.g., client, publisher, and subscriber) and to engage in multiple types of interactions.
 - Integration of different architectural styles is easier if the styles are compatible. For example, all the styles being combined might relate runtime components, or all might relate code units. Alternatively, we may create and maintain different views  of  the  architecture, as  building  architects  do  (e.g., the  electrical  wiring view, the plumbing view, the heating and air conditioning view, and so on). This approach is appropriate if integrating the views would result in an overly complex model,such as when components interact with each other in multiple ways (e.g., if pairs of components interact using both implicit invocation and explicit method calls), or if the mapping between the views' components is messy (i.e., is a manyto-many relationship).


[3]
[SECTION]: Designing the Architecture > 5.4 Architectural Styles And Strategies > Client-Server
[CONTENT]: In  a  client-server  architecture, the  design  is  divided  into  two  types  of  components: clients and servers. Server components offer services, and clients access them using a request/reply protocol . The components execute concurrently and are usually distributed across several computers. There may be one centralized server, several replicated servers distributed over several machines, or several distinct servers each offering a different set of services.The relationship between clients and servers is asymmetric: Clients know the identities  of  the  servers  from  which  they  request  information, but  servers
","[
  {
    ""role"": ""paragraph"",
    ""segment"": ""In a publish-subscribe architecture, components interact by broadcasting and reacting to events. A component expresses interest in an event by subscribing to it. Then, when another component announces ( publishes ) that the event has taken place, the subscribing components are notified. The underlying publish-subscribe infrastructure is responsible both for registering event subscriptions and for delivering published events to the appropriate components. In implicit invocation, the publish-subscribe infrastructure invokes all of the event's registered procedures. In contrast to client-server and P2P components, publish-subscribe components know nothing about each other. Instead, the publishing component simply announces events and then waits for interested components to react; each subscribing component simply reacts to event announcements, regardless of how they are published."",
    ""citations"": [
      {
        ""type"": ""source_text"",
        ""content"": ""In a publish-subscribe architecture, components interact by broadcasting and reacting to events. A component expresses interest in an event by subscribing to it. Then, when another component announces ( publishes ) that the event has taken place, the subscribing components are notified."",
        ""img_id"": null
      },
      {
        ""type"": ""source_text"",
        ""content"": ""The underlying publish-subscribe infrastructure is responsible both for registering event subscriptions and for delivering published events to the appropriate components."",
        ""img_id"": null
      },
      {
        ""type"": ""source_text"",
        ""content"": ""In implicit invocation is a common form of publish-subscribe architecture, in which a subscribing component associates one of its procedures with each event of interest (called registering the procedure). In this case, when the event occurs, the publish-subscribe infrastructure invokes all of the event's registered procedures."",
        ""img_id"": null
      },
      {
        ""type"": ""source_text"",
        ""content"": ""In contrast to client-server and P2P components, publish-subscribe components know nothing about each other. Instead, the publishing component simply announces events and then waits for interested components to react; each subscribing component simply reacts to event announcements, regardless of how they are published."",
        ""img_id"": null
      }
    ]
  }
]","In a publish-subscribe architecture, components interact by broadcasting and reacting to events. A component expresses interest in an event by subscribing to it. Then, when another component announces ( publishes ) that the event has taken place, the subscribing components are notified. The underlying publish-subscribe infrastructure is responsible both for registering event subscriptions and for delivering published events to the appropriate components. In implicit invocation, the publish-subscribe infrastructure invokes all of the event's registered procedures. In contrast to client-server and P2P components, publish-subscribe components know nothing about each other. Instead, the publishing component simply announces events and then waits for interested components to react; each subscribing component simply reacts to event announcements, regardless of how they are published.",1.92,6.39
What information is mapped in a deployment view of an architecture?,"
[0]
[SECTION]: Designing the Architecture > 5.3 Decomposition And Views > Architectural Views
[CONTENT]:  - Deployment view: This view maps runtime entities, such as components and connectors, onto computer resources, such as processors, data stores, and communication networks. It helps the architect analyze the quality attributes of a design, such as performance, reliability, and security.
 - Work-assignment  view: This  view  decomposes  the  system's  design  into  work tasks that can be assigned to project teams. It helps project managers plan and allocate project resources, as well as track each team's progress.
Each view is a model of some aspect of the system's structure, such as code structure, runtime structure, file structure, or project team structure. A system's architecture represents  the  system's  overall  design  structure; thus, it  is  the  full  collection  of  these views. Normally, we do not attempt to combine views into a single integrated design, because such a description-comprising multiple overlays of different decompositionswould be too difficult to read and keep up-to-date. Later in this chapter, we discuss how to document a system's architecture as a collection of views.The documentation includes mappings among views so that we can understand the big picture.


[1]
[SECTION]: Designing the Architecture > 5.8 Documenting Software Architectures > Mappings among Views
[CONTENT]: How many and which views to include in the SAD depends on the structure of the system being designed and the quality attributes that we want to measure. At the very least, the SAD should contain a decomposition view showing the design's constituent code units, plus an execution view showing the system's runtime structure. In addition, a deployment view that assigns software units to computing resources is essential if we want to reason about the system's performance.Alternatively, we may include multiple execution  views, each  based  on  a  different  architectural  style, if  each  of  the  styles reflects  useful  ways  of  thinking  about  the  system's  structure  and  interactions. For example, if our design is based on a publish-subscribe style, in which components are triggered by events, we may also include a pipe-and-filter view that depicts the order in which components are to be invoked.
Because our design is documented as a collection of views, we should show how the views relate to one another. If one view details an element that is a software unit in a more abstract view, then this relationship is straightforward. However, if two views show different aspects of the same part of the design, and if there is no obvious correspondence between the elements in the two views, then mapping this correspondence is essential. For example, it is useful to record how runtime components and connectors in an execution view map to code-level units in a decomposition view. Such a mapping documents how the components and connectors will be implemented. Similarly, it is useful to record how elements in one decomposition view (e.g., a module view) map to elements in another decomposition view (e.g., a layer view). Such a mapping reveals all of the units needed to implement each layer.
Clements et al. (2003) describe how to document a mapping between two views as a table, indexed by the elements in one of the views. For each element in the first view, the table lists the corresponding element(s) in the second view and describes the nature of  the  correspondence. For  example, the  indexed  element implements the  other  element(s), or is a generalization of the other element(s). Because it is possible that parts of elements in one view map to parts of elements in the other view, we should also indicate whether the correspondence is partial or complete.


[2]
[SECTION]: Designing the Architecture > 5.3 Decomposition And Views > Architectural Views
[CONTENT]: We want to decompose the system's design into its constituent programmable units, such as modules, objects, or procedures. However, this set of elements may not be the only decomposition we consider. If the proposed system is to be distributed over several computers, we may want a view of the design that shows the distribution of the system's  components as well as how those components communicate with each other. Alternatively, we may want a view of the design that shows the various services that the system is to offer and how the services operate together, regardless of how the services are mapped to code modules.
Common types of architectural views include the following:
 - Decomposition view: This traditional view of a system's decomposition portrays the system as programmable units.As depicted in Figure 5.5, this view is likely to be
 - hierarchical and may be represented by multiple models. For example, a software unit in one model may be expanded in another model to show its constituent units.
 - Dependencies view: This view shows dependencies among software units, such as when one unit calls another unit's procedures or when one unit relies on data produced by one or more other units.This view is useful in project planning, to identify which software units are dependency free and thus can be implemented and tested in isolation. It is also useful for assessing the impact of making a design change to some software unit.
 - Generalization view: This view shows software units that are generalizations or specializations of one another. An obvious example is an inheritance hierarchy among  object-oriented  classes. In  general, this  view  is  useful  when  designing abstract or extendible software units: the general unit encapsulates common data and functionality, and  we  derive  various  specialized  units  by  instantiating  and extending the general unit.
 - Execution view: This view is the traditional box-and-arrow diagram that software architects draw, showing the runtime structure of a system in terms of its components and connectors. Each component is a distinct executing entity, possibly with its  own  program  stack. A connector is  some  intercomponent  communication mechanism, such as a communication channel, shared data repository, or remote procedure call.
 - Implementation view: This view maps code units, such as modules, objects, and procedures, to the source file that contains their implementation. This view helps programmers find the implementation of a software unit within a maze of sourcecode files.
","[
    {
        ""role"": ""sentence"",
        ""segment"": ""The deployment view maps runtime entities, such as components and connectors, onto computer resources, such as processors, data stores, and communication networks. It helps the architect analyze the quality attributes of a design, such as performance, reliability, and security."",
        ""citations"": [
            {
                ""type"": ""source_text"",
                ""content"": ""- Deployment view: This view maps runtime entities, such as components and connectors, onto computer resources, such as processors, data stores, and communication networks. It helps the architect analyze the quality attributes of a design, such as performance, reliability, and security."",
                ""img_id"": null
            }
        ],
        ""type"": null
    }
]","The deployment view maps runtime entities, such as components and connectors, onto computer resources, such as processors, data stores, and communication networks. It helps the architect analyze the quality attributes of a design, such as performance, reliability, and security.",1.661,5.511
How do layered systems organize software units?,"
[0]
[SECTION]: Designing the Architecture > 5.4 Architectural Styles And Strategies > Layering
[CONTENT]: Layered systems organize the system's software units into layers, each of which provides services to the layer above it and acts as a client to the layer below. In a 'pure' layered system, a software unit in a given layer can access only the other units in the same layer and services offered by the interface to the layer immediately below it. To improve performance, this constraint may be relaxed in some cases, allowing a layer to access the services of layers below its lower neighbor; this is called layer bridging . However, if a design includes a lot of layer bridging, then it loses some of the portability and maintainability that the layering style offers. Under no circumstances does a layer access the services offered by a higher-level layer; the resulting architecture would no longer be called layered.
To see how this type of system works, consider Figure 5.9, which depicts the Open Systems Interconnection (OSI) reference model for network communications (International  Telecommunication  Union  1994). The  bottom  layer  provides  facilities  for transferring data bits over a physical link, like a cable-possibly unsuccessfully. The next layer, the Data Link Layer, provides more complex facilities: it transmits fixedsized data frames, routes data frames to local addressable machines, and recovers from simple transmission errors.The Data Link Layer uses the bottom Physical Layer's facilities to perform the actual transmission of bits between physically connected machines. The Network Layer adds the ability to transmit variable-sized data packets, by breaking packets into fixed-sized data frames which are then sent using the Data Link facilities; the Network Layer also expands the routing of data packets to nonlocal machines. The Transport Layer adds reliability, by recovering from routing errors, such as when data frames are lost or reordered as they are routed (along possibly different paths) through the network.The Session Layer uses the Transport Layer's reliable data-transfer services  to  provide  long-term  communication  connections, over  which  lengthy  data exchanges can take place.The Presentation Layer provides translation among different data representations, to support data exchanges among components that use different data formats. The Application Layer provides application-specific services, such as file transfers if the application is a file-transfer program.
In the OSI example, each layer raises the level of abstraction of the communication services that are available to the next layer, and hides all of the details about how those services are implemented. In general, the layering style is useful whenever we can decompose our system's functionality into steps, each of which builds on previous steps. The resulting design is easier to port to other platforms, if the lowest level encapsulates the software's interactions with the platform. Moreover, because a layer can interact only  with  its  neighboring  layers, layer  modification  is  relatively  easy; such  changes should affect at most only the two adjacent layers.


[1]
[SECTION]: Designing the Architecture > 5.4 Architectural Styles And Strategies > Layering
[CONTENT]: [FIGURE 5.9 Layered architecture of OSI model for network communications.] 
On the other hand, it is not always easy to structure a system into distinct layers of increasingly powerful services, especially when software units are seemingly interdependent. Also, it may appear that layers introduce a performance cost from the set of calls  and  data  transfers  between  system  layers. Fortunately, sophisticated  compilers, linkers, and loaders can reduce this overhead (Clements et al. 2003).
[FIGURE_DESCRIPTIONS]
[0] Diagram depicts a data flow architecture with labeled layers and directional arrows illustrating the flow of data between sender and receiver. Leftmost column contains a KEY box showing layers: layer, procedure call, and physical cable. In the center, a vertical sequence of rounded rectangles labeled from top to bottom: Application, send (my file); send (data); Session; Transport; send (frame); Network; send (bit); Data; Physical. To the right, a mirrored set of boxes for the receiver side: Application, receive (my file); receive (data); Presentation; receive (data); Session; receive (data); Transport; receive (frame); Network; receive (bit); Data; Physical. The arrows indicate bidirectional flow for sending and receiving, with a large gray arrow on the left signifying the Data flow direction through the layers. Text annotations along arrows indicate actions such as 'send', 'receive', and 'close session', providing a high-level visualization of end-to-end data movement across OSI-like layers, including application-level data, session management, transport, network, data link, and physical layers.



[2]
[SECTION]: Designing the Modules > 6.2 Design Principles > Incremental Development
[CONTENT]: Given a design consisting of software units and their interfaces, we can use the information about the units' dependencies to devise an incremental schedule of development. We start by mapping out the units' uses relation (Parnas 1978b), which relates each software unit to the other software units on which it depends. Recall from our discussion about coupling that two software units, A and B, need not invoke each other in order to depend on each other; for example, unit A may depend on unit B to populate a data structure, stored in a separate unit C, that unit A subsequently queries. In general, we say that a software unit A 'uses' a software unit B if A 'requires the presence of a correct version of B' in order for A to complete its task, as specified in its interface (Parnas 1978b).Thus,a unit A uses a unit B if A does not work correctly unless B works. The above discussion assumes that we can determine a system's uses relation from its units' interface specifications. If the interface specifications do not completely describe the units' dependencies, then we will need to know enough about each unit's planned implementations to know which other units it will use.
Figure 6.8 depicts the uses relation of a system as a uses graph , in which nodes represent software units, and directed edges run from the using units, such as A, to the used units, such as B. Such a uses graph can help us to identify progressively larger subsets of our system that we can implement and test incrementally.A subset of our system is some useful subprogram together with all of the software units that it uses, and all of the software units that those units use, and so on.'Conceptually, we pluck a program P1 out from the uses graph, and then see what programs come dangling beneath it.This is our subset' (Clements et al. 2003). Thus, the degree to which our system can be constructed incrementally depends on the degree to which we can find useful small subsets that we can implement and test early.
","[
  {
    ""role"": ""paragraph"",
    ""segment"": ""Layered systems organize the system's software units into layers, each of which provides services to the layer above it and acts as a client to the layer below. In a 'pure' layered system, a software unit in a given layer can access only the other units in the same layer and services offered by the interface to the layer immediately below it."",
    ""citations"": [
      {
        ""type"": ""source_text"",
        ""content"": ""Layered systems organize the system's software units into layers, each of which provides services to the layer above it and acts as a client to the layer below. In a 'pure' layered system, a software unit in a given layer can access only the other units in the same layer and services offered by the interface to the layer immediately below it."",
        ""img_id"": null
      }
    ],
    ""type"": null
  }
]","Layered systems organize the system's software units into layers, each of which provides services to the layer above it and acts as a client to the layer below. In a 'pure' layered system, a software unit in a given layer can access only the other units in the same layer and services offered by the interface to the layer immediately below it.",1.666,4.151
What is layer bridging?,"
[0]
[SECTION]: Designing the Architecture > 5.4 Architectural Styles And Strategies > Layering
[CONTENT]: Layered systems organize the system's software units into layers, each of which provides services to the layer above it and acts as a client to the layer below. In a 'pure' layered system, a software unit in a given layer can access only the other units in the same layer and services offered by the interface to the layer immediately below it. To improve performance, this constraint may be relaxed in some cases, allowing a layer to access the services of layers below its lower neighbor; this is called layer bridging . However, if a design includes a lot of layer bridging, then it loses some of the portability and maintainability that the layering style offers. Under no circumstances does a layer access the services offered by a higher-level layer; the resulting architecture would no longer be called layered.
To see how this type of system works, consider Figure 5.9, which depicts the Open Systems Interconnection (OSI) reference model for network communications (International  Telecommunication  Union  1994). The  bottom  layer  provides  facilities  for transferring data bits over a physical link, like a cable-possibly unsuccessfully. The next layer, the Data Link Layer, provides more complex facilities: it transmits fixedsized data frames, routes data frames to local addressable machines, and recovers from simple transmission errors.The Data Link Layer uses the bottom Physical Layer's facilities to perform the actual transmission of bits between physically connected machines. The Network Layer adds the ability to transmit variable-sized data packets, by breaking packets into fixed-sized data frames which are then sent using the Data Link facilities; the Network Layer also expands the routing of data packets to nonlocal machines. The Transport Layer adds reliability, by recovering from routing errors, such as when data frames are lost or reordered as they are routed (along possibly different paths) through the network.The Session Layer uses the Transport Layer's reliable data-transfer services  to  provide  long-term  communication  connections, over  which  lengthy  data exchanges can take place.The Presentation Layer provides translation among different data representations, to support data exchanges among components that use different data formats. The Application Layer provides application-specific services, such as file transfers if the application is a file-transfer program.
In the OSI example, each layer raises the level of abstraction of the communication services that are available to the next layer, and hides all of the details about how those services are implemented. In general, the layering style is useful whenever we can decompose our system's functionality into steps, each of which builds on previous steps. The resulting design is easier to port to other platforms, if the lowest level encapsulates the software's interactions with the platform. Moreover, because a layer can interact only  with  its  neighboring  layers, layer  modification  is  relatively  easy; such  changes should affect at most only the two adjacent layers.


[1]
[SECTION]: Preface > BRIDGING THE GAP BETWEEN RESEARCH AND PRACTICE
[CONTENT]: Software engineering has come a long way since 1968, when the term was first used at a NATO conference.And software itself has entered our lives in ways that few had anticipated, even a decade ago. So a firm grounding in software engineering theory and practice is essential for understanding how to build good software and for evaluating the risks and opportunities that software presents in our everyday lives.This text represents the blending of the two current software engineering worlds: that of the practitioner, whose  main  focus  is  to  build  high-quality  products  that  perform  useful functions, and that of the researcher, who strives to find ways to improve the quality of products and the productivity of those who build them. Edsgar Dykstra continually reminded us that rigor in research and practice tests our understanding of software engineering and helps us to improve our thinking, our approaches, and ultimately our products.
It is in this spirit that we have enhanced our book, building an underlying framework for this questioning and improvement. In particular, this fourth edition contains extensive material about how to abstract and model a problem, and how to use models, design principles, design patterns, and design strategies to create appropriate solutions. Software engineers are more than programmers following instructions, much as chefs are more than cooks following recipes.There is an art to building good software, and the art is embodied in understanding how to abstract and model the essential elements of a problem and then use those abstractions to design a solution.We often hear good developers talk about 'elegant' solutions, meaning that the solution addresses the heart of the problem, such that not only does the software solve the problem in its current form but it can also be modified as the problem evolves over time. In this way, students learn to blend research with practice and art with science, to build solid software.
The science is always grounded in reality. Designed for an undergraduate software engineering curriculum, this book paints a pragmatic picture of software engineering research and practices so that students can apply what they learn directly to the real-world problems they are trying to solve. Examples speak to a student's limited experience  but  illustrate  clearly  how  large  software  development  projects  progress from need to idea to reality. The examples represent the many situations that readers are likely to experience: large projects and small,'agile' methods and highly structured ones, object-oriented and procedural approaches, real-time and transaction processing, development and maintenance situations.


[2]
[SECTION]: Preface > BRIDGING THE GAP BETWEEN RESEARCH AND PRACTICE
[CONTENT]: The book is also suitable for a graduate course offering an introduction to software engineering concepts and practices, or for practitioners wishing to expand their knowledge  of  the  subject. In  particular, Chapters  12, 13, and  14  present  thoughtprovoking material designed to interest graduate students in current research topics.
","[
  {
    ""role"": ""sentence"",
    ""segment"": ""Layer bridging is when, to improve performance, a constraint in a layered architecture is relaxed so that a layer can access the services of layers below its immediate lower neighbor."",
    ""citations"": [
      {
        ""type"": ""source_text"",
        ""content"": ""To improve performance, this constraint may be relaxed in some cases, allowing a layer to access the services of layers below its lower neighbor; this is called layer bridging."",
        ""img_id"": null
      }
    ],
    ""type"": null
  },
  {
    ""role"": ""sentence"",
    ""segment"": ""However, if a design includes a lot of layer bridging, then it loses some of the portability and maintainability that the layering style offers."",
    ""citations"": [
      {
        ""type"": ""source_text"",
        ""content"": ""However, if a design includes a lot of layer bridging, then it loses some of the portability and maintainability that the layering style offers."",
        ""img_id"": null
      }
    ],
    ""type"": null
  }
]","Layer bridging is when, to improve performance, a constraint in a layered architecture is relaxed so that a layer can access the services of layers below its immediate lower neighbor. However, if a design includes a lot of layer bridging, then it loses some of the portability and maintainability that the layering style offers.",1.379,4.562
"In a fault tree, when is a parent node drawn as an and-gate?","
[0]
[SECTION]: Designing the Architecture > 5.7 Architecture Evaluation And Refinement > Safety Analysis
[CONTENT]: We learned earlier about the importance of fault identification, correction, and tolerance in creating reliable and robust designs.There are several techniques that can be used during design to identify possible faults or their likely locations. Fault-tree analysis , a method originally  developed  for  the  U.S. Minuteman  missile  program, helps  us  to  examine  a design and look for faults that might lead to failure.We build fault trees that trace backwards through a design, along the logical path from effect to cause. The trees are then used to help us decide which faults to correct or avoid, and which faults to tolerate.
We begin our analysis by identifying possible failures.Although our identification takes place during design, we consider failures that might be affected by design, operation, or even maintenance. We can use a set of guidewords to help us understand how the system might deviate from its intended behavior. Table 5.1 illustrates some of the guidewords  that  might  be  used; you  can  select  your  own  guidewords  or  checklists, based on your system's application domain.
Next, we build an upside-down tree whose root node is some failure that we want to analyze, and whose other nodes are events or faults that realize or lead to the root node's failure. The edges of the graph indicate the relationships among nodes. Parent nodes are drawn as logic gate operators: an and -gate if both of the child nodes' events must occur for the parent node's event to occur; an orgate if one child's event is sufficient to cause the parent's event. Sometimes, an edge is labeled n_of_m if the system includes m redundant components, where n faulty components lead to the designated failure. Each node represents an independent event; otherwise, the analysis results may be invalid, especially with respect to compound faults.


[1]
[SECTION]: Designing the Architecture > 5.7 Architecture Evaluation And Refinement > Safety Analysis
[CONTENT]: Once  the  fault  tree  is  constructed, we  can  search  for  design  weaknesses. For example, we can derive another tree, called a cut-set tree , that reveals which event combinations can cause the failure. A cut-set tree is especially useful when the fault tree is complex and difficult to analyze by eye. The rules for forming the cut-set tree are as follows:
 - Assign the top node of the cut-set tree to match the logic gate at the top of the fault tree.
 - Working from the top down, expand the cut-set tree as follows:
 - Expand an or -gate node to have two children, one for each or -gate child.
 - Expand an and -gate node to have a child composition node listing both of the and -gate children.
 - Expand  a  composition  node  by  propagating  the  node  to  its  children, but expanding one of the gates listed in the node.
 - Continue until all leaf nodes are basic events or composition nodes of basic events.
The cut-set is the set of leaf nodes in the cut-set tree. For example, consider the fault tree on the left side of Figure 5.12. G1 is the top logic gate in the fault tree, and its or condition leads us to expand its corresponding node in the cut-set tree to have two child nodes, G2 and G3. In turn, G2 in the fault tree is composed of both G4 and G5,so G2 in the cut-set tree is expanded to have a composition child node with label {G4, G5}. Continuing in this manner, we end up with the cut-set {A1,A3}, {A1,A4}, {A2,A3}, {A2, A4}, {A4,A5}.The cut-set represents the set of minimal event combinations that could lead to the failure listed at the top of the cut-set tree.Thus, if any member of the cut-set is a singleton event set, {A i }, then the top failure could be caused by a single event, A i . Similarly, the  cut-set  element  {A i , A j }  means  that  the  top  failure  can  occur  if  both events A i and A j occur, and cut-set element {A i , A j , . . ., A n }  means that failure can occur only if all of the composite events occur.Thus, we have reasoned from a failure to all possible causes of it.


[2]
[SECTION]: Designing the Architecture > 5.7 Architecture Evaluation And Refinement > Safety Analysis
[CONTENT]: [FIGURE 5.12 Cut-set tree generated from a fault tree.] 
Once we know the points of failure in our design, we can redesign to reduce the vulnerabilities.We have several choices when we find a fault in a design:
 - Correct the fault.
 - Add components or conditions to prevent the conditions that cause the fault.
 - Add components that detect the fault or failure and recover from the damage.
Although the first option is preferable, it is not always possible.
We can also use fault trees to calculate the probability that a given failure will occur by estimating the probability of the basic events and propagating these computations up through the tree. But there are some drawbacks to fault-tree analysis. First, constructing the graphs can be time consuming. Second, many systems involve many dependencies, which means that analysis of the design's data-flow and control-flow graphs yields a large number of suspect software units to explore; it is difficult to focus only on the most critical parts of the design unless we have very low coupling. Moreover, the number and kinds of preconditions that are necessary for each failure are daunting and not always easy to spot, and there is no measurement to help us sort them out. However, researchers continue to seek ways to automate the tree building and analysis. In the United States and Canada, fault-tree analysis is used for critical aviation and nuclear applications, where the risk of failure is worth the intense and substantial effort to build and evaluate the fault trees.
[FIGURE_DESCRIPTIONS]
[0] The image presents two side-by-side tree diagrams illustrating fault tree analysis concepts. Left: a hierarchical fault tree with root G1 branching to G2 and G3, which further split into G4, G5, and A1–A5 leaves. The leaves labeled A1, A2, A3, A4, A5 appear beneath intermediate events G4 and G5, showing basic events at the bottom. Right: a cut-set tree derived from the fault tree, displaying a top G1 branching into G2 and G3, then into sets of basic events {A1, A3}, {A1, A4}, {A2, A5}, and {A2, A4}, illustrating minimal cut sets. Visible text annotations include root labels G1, G2, G3; intermediate nodes G4, G5; and leaves labeled A1–A5. The diagram emphasizes relationships between components and the propagation of failures through logic gates (likely AND/OR), with clear left-to-right hierarchical structure and corresponding cut-set extraction on the right.

","[
  {
    ""role"": ""sentence"",
    ""segment"": ""An and-gate is used for a parent node when both of the child nodes' events must occur for the parent node's event to occur."",
    ""citations"": [
      {
        ""type"": ""source_text"",
        ""content"": ""Parent nodes are drawn as logic gate operators: an and -gate if both of the child nodes' events must occur for the parent node's event to occur; an orgate if one child's event is sufficient to cause the parent's event."",
        ""img_id"": null
      }
    ],
    ""type"": null
  }
]",An and-gate is used for a parent node when both of the child nodes' events must occur for the parent node's event to occur.,1.525,6.553
How is the return on investment (ROI) of a design change calculated?,"
[0]
[SECTION]: Designing the Architecture > 5.7 Architecture Evaluation And Refinement > Cost-Benefit Analysis
[CONTENT]: [FIGURE 5.18 Value added by improving a quality attribute (Bass, Clements, and Kazman 2003).] 
For simplicity, suppose that every additional request per second that the system can process, up to 200 requests/second, would save the company $2000 per year, based on retained customers and reduced calls to technical support. Given this value function, eliminating noise words would save the company $24,000 per year, calculated as Adding a second server would save the company $110,000 per year, calculated as The second design option would improve the system's throughput beyond what will be needed (the system will receive at most 200 requests per second). Therefore, the value added by changing to bin-based indexing is the maximum possible value:
[FORMULA]
(72 requests/second -60 requests/second) * $2000/year = $24,000/year
[FORMULA]
(115 requests/second -60 requests/second) * $2000/year = $110,000/year
[FORMULA]
(200 requests/second -60 requests/second) * $2000/year = $280,000/year If there are multiple attributes to consider (e.g., the time it takes to update, reindex, and re-sort  the  catalogue), then  a  design's  total  financial  added  value  is  the  sum  of  the added values ascribed to each of the attributes-some of whose added values may be negative if a design improves one attribute at the expense of a conflicting attribute.
Computing Return on Investment (ROI). The return on investment of making one of these design changes is the ratio of the benefits gained from making the change to the cost of its implementation:
[FORMULA]
ROI = Benefits/Cost These costs are estimated using the techniques described in Chapter 3. The estimated costs of the proposed design changes in our example are shown in Table 5.4. In general,
[FIGURE_DESCRIPTIONS]
[0] A triptych of small line graphs illustrating the relationship between degree of quality attribute and value. Each panel has a vertical axis labeled from Low value to High value and a horizontal axis labeled Current to Improved. The left panel shows a dashed diagonal region filled with diagonal hatch representing a high-contrast area; the middle panel presents a similar curve with a smoother ascent; the right panel displays a steep curved boundary approaching a high-value top-right region. Text annotations: 'High value' at top of vertical axis, 'Low value' at bottom, 'Current' and 'Improved' on the horizontal axis. The three panels collectively compare assessments of quality attributes across different scenarios, with the primary focus on how improvement shifts perceived value along the axis.



[1]
[SECTION]: Designing the Architecture > 5.7 Architecture Evaluation And Refinement > Cost-Benefit Analysis
[CONTENT]: an ROI of 1 or greater means that the design's benefits outweigh its costs. The higher the ROI value, the more effective the design.
Another useful measure is the payback period : the length of time before accumulated benefits recover the costs of implementation. In our example, the payback period for restructuring the sorted-index module (design 2) is $300,000/$280,000 = 1.07 of a year = approximately 13 months We return to calculations such as these in Chapter 12, where we investigate the best techniques for evaluating the return on investing in software reuse.


[2]
[SECTION]: Designing the Architecture > 5.7 Architecture Evaluation And Refinement > Cost-Benefit Analysis
[CONTENT]: Trade-off analysis gives us a means for evaluating design alternatives, but it focuses only on the technical merits of designs, in terms of how well the designs achieve desired quality attributes.At least as important are the business merits of a design:Will the benefits of a system based on a particular design outweigh the costs of its implementation? If there are competing designs, which one will give us the highest return on investment?
Suppose that  we  are  responsible  for  maintaining  the  catalogue  for  a  national online video rental company. Customers use the catalogue to search for and request video rentals, to identify actors in videos, and to access video reviews. KWIC is used to index catalogue entries for fast lookup by keywords in video titles, actors' names, and so  on. The  number  of  users, as  well  as  the  size  of  the  catalogue, has  been  growing steadily, and  the  response  time  for  querying  the  catalogue  has  gotten  noticeably longer-to the point that users have started to complain. We have some ideas about how to improve the system's response time. Figure 5.17 shows the part of the system architecture  that  is  affected  by  our  proposed  changes, including  the  impacts  of  our three ideas:
 - We could eliminate entries in the KWIC index that start with noise words, such as articles ('a, the') and prepositions. This change reduces the number of indices to
[FIGURE 5.17 Proposed changes to KWIC.] 
be searched when servicing a lookup query. It would involve adding a filter module, between the circular-shift and sorted-indices modules, that aborts any request to store an index to a noise word. (The design changes involve a new Filter module, shown in dashed lines in Figure 5.17.)
[FIGURE_DESCRIPTIONS]
[0] Diagram depicting a data processing pipeline with blocks labeled Master control, Circular shift, Alphabetizer, Filter, Line/Index, Input, Input medium, and a set of I/O and processing paths. The top-left includes a legend describing key concepts: implicit invocation, subprogram call, and system I/O. Arrows indicate data flow and control flow between components; dashed lines denote system I/O while solid arrows represent data movement. The Input block feeds into a series of modules including Circular shift, Alphabetizer, and Filter, which connect to subsequent components labeled Line, Index, and presumably a Query processor array on the right. A central Loop/line appears to tie together the Line and Index stages with a Filter and Alphabetizer, suggesting a sorting/segmentation pipeline. Additional dotted connections show a transfer to a downstream Query processor 1 and Query processor 2. The diagram emphasizes control hierarchy, modular decomposition, and data routing between processing stages and storage/output blocks.

","[
  {
    ""role"": ""sentence"",
    ""segment"": ""ROI = Benefits/Cost. An ROI of 1 or greater means that the design's benefits outweigh its costs."",
    ""citations"": [
      {
        ""type"": ""source_text"",
        ""content"": ""ROI = Benefits/Cost"",
        ""img_id"": null
      },
      {
        ""type"": ""source_text"",
        ""content"": ""an ROI of 1 or greater means that the design's benefits outweigh its costs."",
        ""img_id"": null
      }
    ],
    ""type"": null
  }
]",ROI = Benefits/Cost. An ROI of 1 or greater means that the design's benefits outweigh its costs.,1.55,3.896
How is the payback period defined?,"
[0]
[SECTION]: Designing the Architecture > 5.7 Architecture Evaluation And Refinement > Cost-Benefit Analysis
[CONTENT]: an ROI of 1 or greater means that the design's benefits outweigh its costs. The higher the ROI value, the more effective the design.
Another useful measure is the payback period : the length of time before accumulated benefits recover the costs of implementation. In our example, the payback period for restructuring the sorted-index module (design 2) is $300,000/$280,000 = 1.07 of a year = approximately 13 months We return to calculations such as these in Chapter 12, where we investigate the best techniques for evaluating the return on investing in software reuse.


[1]
[SECTION]: Why Software Engineering? > 1.14 Term Project
[CONTENT]: To see how the transactions work, consider how you get a loan (called a 'mortgage') for a house. You may purchase a $150,000 house by paying $50,000 as an initial payment (called the 'down payment') and taking a loan for the remaining $100,000. The 'terms' of your loan from the First National Bank may be for 30 years at 5% interest. This terminology means that the First National Bank gives you 30 years (the term of the loan) to pay back the amount you borrowed (the 'principal') plus interest on whatever you do not pay back right away. For example, you can pay the $100,000 by making a payment once a month for 30 years (that is, 360 'installments' or 'monthly payments'), with interest on the unpaid balance. If the initial balance is $100,000, the bank calculates your monthly payment using the amount of principal, the interest rate, the amount of time you have to pay off the loan, and the assumption that all monthly payments should be the same amount.
For  instance, suppose  the  bank  tells  you  that  your  monthly  payment  is  to  be $536.82. The first month's interest is (1/12) × (.05) × ($100,000), or $416.67. The rest of the payment ($536.82 -416.67) pays for reducing the principal: $120.15. For the second month, you now owe $100,000 minus the $120.15, so the interest is reduced to (1/12) × (.05) × ($100,000 -120.15), or $416.17. Thus, during the second month, only $416.17 of the monthly payment is interest, and the remainder, $120.65, is applied to the remaining principal. Over time, you pay less interest and more toward reducing the remaining balance of principal, until you have paid off the entire principal and own your property free and clear of any encumbrance by the bank.
First National Bank may sell your loan to FCO some time during the period when you are making payments. First National negotiates a price with FCO. In turn, FCO may sell your loan to ABC Investment Corporation.You still make your mortgage payments each month, but your payment goes to ABC, not First National. Usually, FCO sells its loans in 'bundles,' not individual loans, so that an investor buys a collection of loans based on risk, principal involved, and expected rate of return. In other words, an investor  such  as ABC  can  contact  FCO  and  specify  how  much  money  it  wishes  to invest, for how long, how much risk it is willing to take (based on the history of the people or organizations paying back the loan), and how much profit is expected.


[2]
[SECTION]: Capturing the Requirements > 4.1 The Requirements Process
[CONTENT]: Note that none of these requirements specify how the system is to be implemented. There is no mention of what database-management system to use,whether a client-server architecture will be employed, how much memory the computer is to have, or what programming language must be used to develop the system.These implementation-specific descriptions are not considered to be requirements (unless they are mandated by the customer).The goal of the requirements phase is to understand the customer's problems and needs.Thus, requirements focus on the customer and the problem, not on the solution or the implementation. We often say that requirements designate what behavior the customer  wants, without  saying how that  behavior  will  be  realized. Any  discussion  of  a solution is premature until the problem is clearly defined.
It helps to describe requirements as interactions among real-world phenomena, without any reference to system phenomena. For example, billing requirements should refer to customers, services billed, billing periods and amounts-without mentioning system data or procedures. We take this approach partly to get at the heart of the customer's needs, because sometimes the stated needs are not the real needs. Moreover, the customer's problem is usually most easily stated in terms of the customer's business.Another reason we take this approach is to give the designer maximum flexibility in deciding how to carry out the requirements. During the specification phase, we will decide  which  requirements  will  be  fulfilled  by  our  software  system  (as  opposed  to requirements that are addressed by special-purpose hardware devices, by other software systems,or by human operators or users); during the design phase,we will devise a plan for how the specified behavior will be implemented.
Figure 4.1 illustrates the process of determining the requirements for a proposed software  system. The  person  performing  these  tasks  usually  goes  by  the  title  of requirements analyst or systems analyst . As a requirements analyst, we first work with our customers to elicit the requirements by asking questions, examining current behavior, or demonstrating similar systems. Next, we capture the requirements in a model or a prototype.This exercise helps us to better understand the required behavior, and usually raises additional questions about what the customer wants to happen in certain situations (e.g., what if an employee leaves the company in the middle of a pay period?). Once the requirements are well understood, we progress to the specification phase, in which we decide which parts of the required behavior will be implemented in software. During validation, we check that our specification matches what the customer expects to see in the final product. Analysis and validation activities may expose problems or omissions in our models or specification that cause us to revisit the customer and revise our models and specification. The eventual outcome of the requirements process is a Software Requirements Specification (SRS), which is used to communicate to other software developers (designers, testers, maintainers) how the final product ought to behave. Sidebar 4.2 discusses how the use of agile methods affects the requirements process  and  the  resulting  requirements  documents. The  remainder  of  this  chapter explores the requirements process in more detail.
","[
    {
        ""role"": ""sentence"",
        ""segment"": ""The payback period is the length of time before accumulated benefits recover the costs of implementation."",
        ""citations"": [
            {
                ""type"": ""source_text"",
                ""content"": ""Another useful measure is the payback period : the length of time before accumulated benefits recover the costs of implementation."",
                ""img_id"": null
            }
        ],
        ""type"": null
    }
]",The payback period is the length of time before accumulated benefits recover the costs of implementation.,1.61,2.604
"When is the term ""software unit"" used by developers?","
[0]
[SECTION]: Designing the Modules > 6.2 Design Principles > Incremental Development
[CONTENT]: Given a design consisting of software units and their interfaces, we can use the information about the units' dependencies to devise an incremental schedule of development. We start by mapping out the units' uses relation (Parnas 1978b), which relates each software unit to the other software units on which it depends. Recall from our discussion about coupling that two software units, A and B, need not invoke each other in order to depend on each other; for example, unit A may depend on unit B to populate a data structure, stored in a separate unit C, that unit A subsequently queries. In general, we say that a software unit A 'uses' a software unit B if A 'requires the presence of a correct version of B' in order for A to complete its task, as specified in its interface (Parnas 1978b).Thus,a unit A uses a unit B if A does not work correctly unless B works. The above discussion assumes that we can determine a system's uses relation from its units' interface specifications. If the interface specifications do not completely describe the units' dependencies, then we will need to know enough about each unit's planned implementations to know which other units it will use.
Figure 6.8 depicts the uses relation of a system as a uses graph , in which nodes represent software units, and directed edges run from the using units, such as A, to the used units, such as B. Such a uses graph can help us to identify progressively larger subsets of our system that we can implement and test incrementally.A subset of our system is some useful subprogram together with all of the software units that it uses, and all of the software units that those units use, and so on.'Conceptually, we pluck a program P1 out from the uses graph, and then see what programs come dangling beneath it.This is our subset' (Clements et al. 2003). Thus, the degree to which our system can be constructed incrementally depends on the degree to which we can find useful small subsets that we can implement and test early.


[1]
[SECTION]: Designing the Modules > 6.2 Design Principles > Interfaces
[CONTENT]: Ideally, a unit's interface specification defines exactly the set of acceptable implementations.At least, the specification needs to be precise enough so that any implementation that satisfies the specification would be an acceptable implementation of the unit. For example, the specification of a Find operation that returns the index of an element in a list should say what happens if the element occurs multiple times in the list (e.g., returns the index of the first occurrence, or the index of an arbitrary occurrence), if the element is not found in the list, if the list is empty, and so on. In addition, the specification should not be so restrictive that it excludes several acceptable implementations. For example, the specification of the Find operation should not specify that the operation returns the first occurrence of an element when any occurrence would do.
Interface specifications keep other developers from knowing about and exploiting our design decisions.At first glance, it may seem desirable to allow other developers to optimize their code based on knowledge about how our software is designed. However, such optimization is a form of coupling among the software units, and it reduces the maintainability of the software. If a developer writes code that depends on how our software is implemented, then the interface between that developer's code and our code has changed: the developer's code now requires more from our software than what is advertised in our software's interface specification. When we want to change our software, either we must adhere to this new interface or the other developer must change her code so that it is optimized with respect to the new implementation.
A software unit's interface can also suggest the nature of coupling. If an interface restricts all access to the software unit to a collection of access functions that can be invoked, then there is no content coupling. If some of the access functions have complex data parameters, then there may be stamp coupling. To promote low coupling, we want to keep a unit's interface as small and simple as possible. We also want to minimize the assumptions and requirements that the software unit makes of its environment, to reduce the chance that changes to other parts of the system will violate those assumptions.


[2]
[SECTION]: Designing the Modules > 6.2 Design Principles > Generality
[CONTENT]: Recall from Chapter 1 that one of Wasserman's principles of software engineering is reusability : creating software units that may be used again in future software products. The  goal  is  to  amortize  the  cost  of  developing  the  unit  by  using  it  multiple  times. ( Amortization means that we consider the cost of a software unit in terms of its cost per use  rather  than  associate  the  full  cost  with  the  project  that  developed  the  unit.) Generality is the design principle that makes a software unit as universally applicable as possible, to increase the chance that it will be useful in some future system.We make


[3]
[SECTION]: Testing the Programs > 8.1 Software Faults And Failures
[CONTENT]: By the time we have coded and are testing program components,we hope that the specifications are correct. Moreover, having used the software engineering techniques described in previous chapters, we have tried to ensure that the design of both the system and its components reflects the requirements and forms a basis for a sound implementation. However, the stages of the software development cycle involve not only our computing skills, but also our communication and interpersonal skills. It is entirely possible that a fault in the software can result from a misunderstanding during an earlier development activity.
It  is  important  to  remember  that  software  faults  are  different  from  hardware faults. Bridges, buildings, and  other  engineered  constructions  may  fail  because  of shoddy materials, poor design, or because their components wear out. But loops do not wear out after several hundred iterations, and arguments are not dropped as they pass from one component to another. If a particular piece of code is not working properly, and if a spurious hardware failure is not the root of the problem, then we can be certain that there is a fault in the code. For this reason, many software engineers refuse to use the term 'bug' to describe a software fault; calling a fault a bug implies that the fault wandered into the code from some external source over which the developers have no control. In building software, we use software engineering practices to control the quality of the code we write.
In previous chapters, we examined many of the practices that help minimize the introduction of faults during specification and design. In this chapter, we examine techniques that can minimize the occurrence of faults in the program code itself.
","[
  {
    ""role"": ""paragraph"",
    ""segment"": ""Given a design consisting of software units and their interfaces, we can use the information about the units' dependencies to devise an incremental schedule of development. We start by mapping out the units' uses relation (Parnas 1978b), which relates each software unit to the other software units on which it depends."",
    ""citations"": [
      {
        ""type"": ""source_text"",
        ""content"": ""Given a design consisting of software units and their interfaces, we can use the information about the units' dependencies to devise an incremental schedule of development."",
        ""img_id"": null
      },
      {
        ""type"": ""source_text"",
        ""content"": ""We start by mapping out the units' uses relation (Parnas 1978b), which relates each software unit to the other software units on which it depends."",
        ""img_id"": null
      }
    ],
    ""type"": null
  }
]","Given a design consisting of software units and their interfaces, we can use the information about the units' dependencies to devise an incremental schedule of development. We start by mapping out the units' uses relation (Parnas 1978b), which relates each software unit to the other software units on which it depends.",1.521,6.975
"According to McCall's quality model, what are the specific internal product quality criteria (on the right-hand side) that map to the external quality factors (on the left-hand side)?","
[0]
[SECTION]: Why Software Engineering? > 1.3 What Is Good Software? > The Quality of the Product
[CONTENT]: We can ask people to name the characteristics of software that contribute to its overall quality, but we are likely to get different answers from each person we ask. This difference occurs because the importance of the characteristics depends on who is analyzing the software. Users judge software to be of high quality if it does what they want in a way that is easy to learn and easy to use. However, sometimes quality and functionality are intertwined; if something is hard to learn or use but its functionality is worth the trouble, then it is still considered to have high quality.
We try  to  measure  software  quality  so  that  we  can  compare  one  product  with another. To do so, we identify those aspects of the system that contribute to its overall quality. Thus, when measuring software quality, users assess such external characteristics as the number of failures and type of failures. For example, they may define failures as minor,major,and catastrophic,and hope that any failures that occur are only minor ones.
The software must also be judged by those who are designing and writing the code and by those who must maintain the programs after they are written.These practitioners tend to look at internal characteristics of the products, sometimes even before the product is delivered to the user. In particular, practitioners often look at numbers and types of faults for evidence of a product's quality (or lack of it). For example, developers track the number of faults found in requirements, design, and code inspections and use them as indicators of the likely quality of the final product.
For this reason, we often build models to relate the user's external view to the developer's internal view of the software. Figure 1.5 is an example of an early quality model built by McCall and his colleagues to show how external quality factors (on the left-hand side) relate to product quality criteria (on the right-hand side). McCall associated each right-hand criterion with a measurement to indicate the degree to which an element of quality was addressed (McCall, Richards, and Walters 1977).We will examine several product quality models in Chapter 12.


[1]
[SECTION]: Evaluating Products, Processes, and Resources > 12.4 Evaluating Products > Product Quality Models
[CONTENT]: One major difference between the ISO model and those of McCall and Boehm is that the ISO hierarchy is strict: each right-hand characteristic is related only to exactly one left-hand attribute. Moreover, the right-hand characteristics are related to the user view of the software, rather than to an internal, developer view.
These models, and many others, are helpful in articulating just what it is that we value in the software we build and use. But none of the models includes a rationale for why some characteristics are included and others left out, and for where in the hierarchy a particular attribute appears. For example, why do none of the models include safety? And why is portability a top-level characteristic in the ISO 9126 model, rather than a subcharacteristic? In addition, there is no guidance about how to compose lower-level characteristics into higher-level ones, to produce an overall assessment of quality.These problems make it difficult for us to determine if a given model is complete or consistent.
[FIGURE 12.3 ISO 9126 quality model.] 
[FIGURE_DESCRIPTIONS]
[0] The image presents a schematic diagram linking a set of six left-aligned, rounded-rectangle labels to corresponding right-aligned vertical stacks of attribute terms. Left-side labels: Functionality, Reliability, Usability, Efficiency, Maintainability, Portability. Each left label connects via a straight line to one or more right-side attributes arranged in a column, implying a mapping from high-level quality attributes to lower-level subattributes. Right-side columns include terms such as Suitability, Accuracy, Interoperability, Security, Maturity, Fault tolerance, Reusability, Understandability, Learnability, Operability, Time behavior, Resource behavior, Analyzability, Modifiability, Flexibility, Adaptability, Stability, Testability, Reconfigurability, Replaceability. The diagram emphasizes relationships between abstract quality characteristics and their concrete subattributes, illustrating a decomposition often used in software quality models. Text is minimal on the left; right side shows a dense list of attributes with arrows indicating dependencies or refinement from the higher-level categories.



[2]
[SECTION]: Why Software Engineering? > 1.3 What Is Good Software? > The Quality of the Product
[CONTENT]: [FIGURE 1.5 McCall's quality model.] 
[FIGURE_DESCRIPTIONS]
[0] Diagram illustrating a mapping between qualitative software quality attributes. Left column lists core non-functional requirements and quality characteristics such as Correctness, Reliability, Efficiency, Integrity, Usability, Maintainability, Testability, Flexibility, Portability, Reusability, and Interoperability. Each item connects via arrows to right-side labels representing measurable or observable properties (e.g., Traceability, Consistency, Accuracy, Error tolerance, Availability, Training, Adaptability, Simplicity, Instrumentation, Self-descriptiveness, Resources, Generality, Modularity). The right column includes terms like Flexibility, Consistency, Accessibility, Availability, Efficiency, Integrity, Adaptability, Common sense, and Managed dimensions. The diagram emphasizes relationships between high-level quality attributes and their concrete indicators or sub-attributes, forming a network of interdependencies. Visual cues show multi-edge connectivity, with several left nodes linking to multiple right nodes, suggesting cross-cutting quality concerns and traceability paths within software engineering theory and practice. Readable labels are aligned in two vertical stacks with connecting arrows indicating dependency and influence flows.



[3]
[SECTION]: Evaluating Products, Processes, and Resources > 12.4 Evaluating Products
[CONTENT]: We have seen that software development produces a large number of artifacts: requirements, designs, code components, test cases, test scripts, user guides, cross-references, and more.In each case, we can examine a product to determine if it has desirable attributes.That is, we can ask whether a document, file, or system has certain properties, such as completeness, consistency, reliability, or maintainability. And we can use the notions of quality, such as the McCall model introduced in Chapter 1, to provide a framework for our questions.
","[
  {
    ""role"": ""paragraph"",
    ""segment"": ""The chatbot can't answer this question. Please try again with another question."",
    ""citations"": [],
    ""type"": ""abstained""
  }
]",The chatbot can't answer this question. Please try again with another question.,2.303,9.328
"Which specific personnel roles (e.g., analyst, designer, programmer, tester, trainer) are actively involved during the System Testing phase of the software development lifecycle?","
[0]
[SECTION]: Testing the System > 9.1 Principles Of System Testing > Test Team
[CONTENT]: As we will see, the developers have primary responsibility for function and performance testing, but the customer plays a large role in acceptance and installation tests. However,the test teams for all tests are drawn from both staffs. Often, no programmers from the project are involved in system testing; they are too familiar with the implementation's structure and intention, and they may have difficulty recognizing the differences between implementation and required function or performance.
Thus,the test team is often independent of the implementation staff. Ideally, some test  team  members  are  already  experienced  as  testers. Usually, these 'professional testers' are former analysts, programmers, and designers who now devote all their time to testing systems. The testers are familiar not only with the system specification, but also with testing methods and tools.
Professional testers organize and run the tests.They are involved from the beginning, designing  test  plans  and  test  cases  as  the  project  progresses. The  professional testers work with the configuration management team to provide documentation and other mechanisms for tying tests to the requirements, design components, and code.
The  professional  testers  focus  on  test  development, methods, and  procedures. Because the testers may not be as well-versed in the particulars of the requirements as those who wrote them, the test team includes additional people who are familiar with the requirements. Analysts who were involved in the original requirements definition and specification are useful in testing because they understand the problem as defined by  the  customer. Much  of  system  testing  compares  the  new  system  to  its  original requirements, and the analysts have a good feeling for the customer's needs and goals. Since they have worked with the designers to fashion a solution, analysts have some idea of how the system should work to solve the problem.
System designers add the perspective of intent to the test team. The designers understand what we proposed as a solution, as well as the solution's constraints. They also know how the system is divided into functional or data-related subsystems, and how the system is supposed to work.When designing test cases and ensuring test coverage, the test team calls on the designers for help in listing all possibilities.


[1]
[SECTION]: Why Software Engineering? > 1.7 Members Of The Development Team
[CONTENT]: Earlier in this chapter, we saw that customers, users, and developers play major roles in the definition and creation of the new product.The developers are software engineers, but each engineer may specialize in a particular aspect of development. Let us look in more detail at the role of the members of the development team.
The first step in any development process is finding out what the customer wants and documenting the requirements.As we have seen,analysis is the process of breaking things into their component parts so that we can understand them better. Thus, the development team includes one or more requirements analysts to work with the customer, breaking down what the customer wants into discrete requirements.
Once the requirements are known and documented, analysts work with designers to generate a system-level description of what the system is to do. In turn, the designers work with programmers to describe the system in such a way that programmers can write lines of code that implement what the requirements specify.
After the code is generated, it must be tested. Often, the first testing is done by the programmers  themselves; sometimes, additional testers are  also  used  to  help  catch faults that the programmers overlook.When units of code are integrated into functioning groups, a team of testers works with the implementation team to verify that as the system is built up by combining pieces, it works properly and according to specification.
When the development team is comfortable with the functionality and quality of the system, attention turns to the customer . The test team and customer work together to verify that the complete system is what the customer wants; they do this by comparing how the system works with the initial set of requirements.Then, trainers show users how to use the system.
For many software systems, acceptance by the customer does not mean the end of the  developer's  job. If  faults  are  discovered  after  the  system  has  been  accepted, a maintenance team fixes them. Moreover, the customer's requirements may change as time passes, and corresponding changes to the system must be made.Thus,maintenance can involve analysts who determine what requirements are added or changed, designers to determine where in the system design the change should be made, programmers to implement the changes, testers to make sure that the changed system still runs properly, and  trainers  to  explain  to  users  how  the  change  affects  the  use  of  the  system. Figure 1.11 illustrates how the roles of the development team correspond to the steps of development.


[2]
[SECTION]: Testing the System > 9.3 Performance Testing > Purpose and Roles
[CONTENT]: System performance is measured against the performance objectives set by the customer as expressed in the nonfunctional requirements. For example, function testing may have demonstrated that a test system can calculate  the  trajectory  of  a  rocket, based on rocket thrust, weather conditions, and related sensor and system information. Performance testing examines how well the calculation is done; the speed of response to  user  commands, accuracy of the result, and accessibility  of  the  data  are  checked against the customer's performance prescriptions.
Performance  testing  is  designed  and  administered  by  the  test  team, and  the results  are  provided  to  the  customer. Because  performance  testing  usually  involves hardware as well as software, hardware engineers may be part of the test team.


[3]
[SECTION]: Testing the System > 9.5 Acceptance Testing > Purpose and Roles
[CONTENT]: Until now, we as developers have designed the test cases and administered all tests. Now the customer leads testing and defines the cases to be tested. The purpose of acceptance testing is to enable the customers and users to determine if the system we built really meets their needs and expectations.Thus, acceptance tests are written, conducted, and evaluated by the customers, with assistance from the developers only when the  customer  requests  an  answer  to  a  technical  question. Usually, those  customer employees who were involved in requirements definition play a large part in acceptance testing, because they understand what kind of system the customer intended to have built.
","[
    {
        ""role"": ""sentence"",
        ""segment"": ""The System Testing phase involves professional testers who organize and run tests, analysts who were involved in the original requirements definition and specification, and system designers who add the perspective of intent to the test team."",
        ""citations"": [
            {
                ""type"": ""source_text"",
                ""content"": ""The testers are familiar not only with the system specification, but also with testing methods and tools."",
                ""img_id"": null
            },
            {
                ""type"": ""source_text"",
                ""content"": ""Analysts who were involved in the original requirements definition and specification are useful in testing because they understand the problem as defined by the customer."",
                ""img_id"": null
            },
            {
                ""type"": ""source_text"",
                ""content"": ""System designers add the perspective of intent to the test team."",
                ""img_id"": null
            }
        ],
        ""type"": null
    }
]","The System Testing phase involves professional testers who organize and run tests, analysts who were involved in the original requirements definition and specification, and system designers who add the perspective of intent to the test team.",1.984,5.175
"Based on the work styles framework charting communication against decision-making, what are the two primary defining traits of a Rational Introvert?","
[0]
[SECTION]: Planning and Managing the Project > 3.2 Project Personnel > Work Styles
[CONTENT]: Different people have different preferred styles for interacting with others on the job and for understanding problems that arise in the course of their work. For example, you may prefer to do a detailed analysis of all possible information before making a decision, whereas your colleague may rely on 'gut feeling' for most of his important decisions. You can think of your preferred work style in terms of two components: the way in which your thoughts are communicated and ideas gathered, and the degree to which your emotions affect decision making. When communicating ideas, some people tell others their thoughts, and some people ask for suggestions from others before forming an opinion. Jung (1959) calls the former extroverts and the latter introverts . Clearly, your communication style affects the way you interact with others on a project. Similarly, intuitive people base their decisions on feelings about and emotional reactions to a problem. Others are rational , deciding primarily by examining the facts and carefully considering all options.
We can describe the variety of work styles by considering the graph of Figure 3.10, where communication style forms the horizontal axis and decision style the vertical one.The more extroverted you are, the farther to the right your work style falls on the graph. Similarly, the more emotions play a part in your decisions, the higher up you go. Thus, we can define four basic work styles, corresponding to the four quadrants of the graph. The rational extroverts tend to assert their ideas and not let 'gut feeling' affect their decision making.They tell their colleagues what they want them to know, but they rarely ask for more information before doing so.When reasoning,they rely on logic, not emotion.The rational introverts also avoid emotional decisions, but they are willing to take time to consider all possible courses of action. Rational introverts are information gatherers; they do not feel comfortable making a decision unless they are convinced that all the facts are at hand.
In  contrast, intuitive  extroverts base  many  decisions  on  emotional  reactions, tending to want to tell others about them rather than ask for input.They use their intuition to be creative, and they often suggest unusual approaches to solving a problem. The intuitive introvert is creative, too, but applies creativity only after having gathered INTUITIVE sufficient information on which to base a decision. Winston Churchill was an intuitive introvert; when he wanted to learn about an issue, he read every bit of material available that addressed it. He often made his decisions based on how he felt about what he had learned (Manchester 1983).


[1]
[SECTION]: Planning and Managing the Project > 3.2 Project Personnel > Work Styles
[CONTENT]: To see how work styles affect interactions on a project, consider several typical staff profiles. Kai, a rational extrovert, judges her colleagues by the results they produce. When making a decision, her top priority is efficiency. Thus, she wants to know only the bottom line. She examines her options and their probable effects, but she does not need to see documents or hear explanations supporting each option. If her time is wasted or her efficiency is hampered in some way, she asserts her authority to regain control of the situation.Thus, Kai is good at making sound decisions quickly.
Marcel, a rational introvert, is very different from his colleague Kai. He judges his peers by how busy they are, and he has little tolerance for those who appear not to be working hard all the time. He is a good worker, admired for the energy he devotes to his work. His reputation as a good worker is very important to him, and he prides himself on being accurate and thorough. He does not like to make decisions without complete information. When asked to make a presentation, Marcel does so only after gathering all relevant information on the subject.
Marcel shares an office with David, an intuitive extrovert. Whereas Marcel will not make a decision without complete knowledge of the situation, David prefers to follow his feelings. Often, he will trust his intuition about a problem, basing his decision on professional judgment rather than a slow, careful analysis of the information at hand. Since he is assertive, David tends to tell the others on his project about his new ideas. He is creative, and he enjoys when others recognize his ideas. David likes to work in an environment where there is a great deal of interaction among the staff members.
[FIGURE_DESCRIPTIONS]
[0] Diagram showing a two-axis model with axes labeled INWARD-OUTWARD (horizontal) and INTUITIVE-EXPERIMENTAL (vertical). At the top left, text blocks read INTUITIVE, INTR0VERT; at the top right INTUITIVE, EXTR0VERT; bottom left RATIONAL, INTROVERT; bottom right RATIONAL, EXTROVERT. Each quadrant contains small descriptors: left side includes 'Asks others', 'Acknowledges feelings', 'Decides logically' appears in both left quadrants, while right side includes similar labels but oriented to external perspectives. The vertical axis on the left reads INWARD at bottom and INTUITIVE at top; the right side shows EXPERT? with 'Work styles' label on the far right. The diagram emphasizes opposing cognitive styles: intuitive vs rational and inward vs outward, with brief cues such as 'asks others', 'acknowledges feelings', and 'decides logically' situated in respective quadrants. The overall layout resembles a 2x2 trait space illustrating personal work styles or decision approaches.



[2]
[SECTION]: Planning and Managing the Project > 3.9 What This Chapter Means For You
[CONTENT]: This chapter has introduced you to some of the key concepts in project management, including project planning, cost and schedule estimation, risk management, and team organization.You can make use of this information in many ways, even if you are not a manager. Project planning involves input from all team members, including you, and understanding the planning process and estimation techniques gives you a good idea of how your input will be used to make decisions for the whole team. Also, we have seen how  the  number  of  possible  communication  paths  grows  as  the  size  of  the  team increases.You can take communication into account when you are planning your work and estimating the time it will take you to complete your next task.
We have also seen how communication styles differ and how they affect the way we interact with each other on the job. By understanding your teammates' styles, you can create reports and presentations for them that match their expectations and needs. You can prepare summary information for people with a bottom-line style and offer complete analytical information to those who are rational.
","[
  {
    ""role"": ""sentence"",
    ""segment"": ""They are rational introverts: information gatherers who do not feel comfortable making a decision unless they are convinced that all the facts are at hand, and they avoid emotional decisions."",
    ""citations"": [
      {
        ""type"": ""source_text"",
        ""content"": ""Rational introverts are information gatherers; they do not feel comfortable making a decision unless they are convinced that all the facts are at hand."",
        ""img_id"": null
      },
      {
        ""type"": ""source_text"",
        ""content"": ""The rational introverts also avoid emotional decisions, but they are willing to take time to consider all possible courses of action."",
        ""img_id"": null
      }
    ],
    ""type"": null
  }
]","They are rational introverts: information gatherers who do not feel comfortable making a decision unless they are convinced that all the facts are at hand, and they avoid emotional decisions.",1.675,5.911
"In the decision tree calculating risk exposure for regression testing, what is the exact combined risk exposure value in dollars if the development team chooses not to perform regression testing?","
[0]
[SECTION]: Planning and Managing the Project > 3.4 Risk Management > Risk Management Activities
[CONTENT]: L(UO). For instance, there are three possible consequences of performing regression testing: finding a critical fault if one exists, not finding the critical fault (even though it exists), or deciding (correctly) that there is no critical fault. As the figure illustrates, we have estimated the probability of the first case to be 0.75, of the second to be 0.05, and of the third to be 0.20. The loss associated with an unwanted outcome is estimated to be $500,000 if a critical fault is found, so that the risk exposure is $375,000. Similarly, we calculate the risk exposure for the other branches of this decision tree, and we find that our risk exposure if we perform regression testing is almost $2 million. However, the same kind of analysis shows us that the risk exposure if we do not perform regression testing is almost $17 million. Thus, we say (loosely) that more is at risk if we do not perform regression testing.
Risk exposure helps us to list the risks in priority order, with the risks of most concern given the highest priority. Next, we must take steps to control the risks.The notion of control acknowledges that we may not be able to eliminate all risks. Instead, we may be able to minimize the risk or mitigate it by taking action to handle the unwanted outcome in an acceptable way. Therefore, risk control involves risk reduction, risk planning, and risk resolution.
There are three strategies for risk reduction:
 - avoiding the risk, by changing requirements for performance or functionality
 - transferring the risk, by allocating risks to other systems or by buying insurance to cover any financial loss should the risk become a reality
 - assuming the risk, by accepting it and controlling it with the project's resources To aid decision making about risk reduction, we must take into account the cost of reducing the risk. We call risk leverage the difference in risk exposure divided by the cost of reducing the risk. In other words, risk reduction leverage is If the leverage value is not high enough to justify the action, then we can look for other less costly or more effective reduction techniques.
/ 1 cost of risk reduction 2 1 Risk exposure before reduction -risk exposure after reduction 2 In some cases, we can choose a development process to help reduce the risk. For example,we saw in Chapter 2 that prototyping can improve understanding of the requirements and design,so selecting a prototyping process can reduce many project risks.
It is useful to record decisions in a risk management plan , so that both customer and development team can review how problems are to be avoided, as well as how they are to be  handled  should  they  arise. Then, we  should  monitor  the  project  as  development progresses, periodically reevaluating the risks, their probability, and their likely impact.


[1]
[SECTION]: Planning and Managing the Project > 3.4 Risk Management > Risk Management Activities
[CONTENT]: Once we have itemized all the risks, we use our understanding to assign priorities them. A priority scheme enables us to devote our limited resources only to the most threatening risks. Usually, priorities are based on the risk exposure, which takes into account not only likely impact, but also the probability of occurrence.
The risk exposure is computed from the risk impact and the risk probability, so we must estimate each of these risk aspects. To see how the quantification is done, consider the analysis depicted in Figure 3.16. Suppose we have analyzed the system development process and we know we are working under tight deadlines for delivery.We have decided to build the system in a series of releases, where each release has more functionality than the one that preceded it. Because the system is designed so that functions are relatively independent, we consider testing only the new functions for a release, and we assume that the existing functions still work as they did before. However, we may worry that there are risks associated with not performing regression testing : the assurance that existing functionality still works correctly.
For  each  possible  outcome, we  estimate  two  quantities: the  probability  of  an unwanted  outcome, P(UO), and  the  loss  associated  with  the  unwanted  outcome,
[FIGURE 3.16 Example of risk exposure calculation.] 
[FIGURE_DESCRIPTIONS]
[0] Diagram illustrating risk exposure and combined risk exposure with hierarchical decision nodes. The top section shows P(U0) = 0.75 and L(U0) = 5M, then progression through if-else branches: Find critical fault, Don’t find critical fault, Don’t fault with No regression testing? pathways. Nodes labeled Yes/No direct to a sequential decision tree leading to final exposure values: $1.875M, $1.5M, $16.625M, etc. Left side features a decision diamond labeled Do regression testing? with Yes/No branches, leading to subsequent branches where P(U0) and L(U0) values update. The right side aggregates risk exposure into Combined Risk Exposure with currency values. Visible text includes P(U0) and L(U0) values at each branch, and monetary amounts in dollars. The diagram emphasizes a logic flow for risk assessment in software testing, comparing outcomes with and without regression testing, and the impact on exposure totals.



[2]
[SECTION]: Planning and Managing the Project > 3.11 What This Chapter Means For Researchers
[CONTENT]: This chapter has described many techniques that still require a great deal of research. Little is known about which team organizations work best in which situations. Likewise, cost- and schedule-estimation models are not as accurate as we would like them to be, and improvements can be made as we learn more about how project, process, product, and resource characteristics affect our efficiency and productivity. Some methods, such as machine learning, look promising but require a great deal of historical data to make them accurate.Researchers can help us to understand how to balance practicality with accuracy when using estimation techniques.
Similarly, a great deal of research is needed in making risk management techniques practical. The calculation of risk exposure is currently more an art than a science, and we need methods to help us make our risk calculations more relevant and our mitigation techniques more effective.
","[
  {
    ""role"": ""sentence"",
    ""segment"": ""The combined risk exposure if the development team chooses not to perform regression testing is almost $17 million."",
    ""citations"": [
      {
        ""type"": ""source_text"",
        ""content"": ""the risk exposure if we do not perform regression testing is almost $17 million"",
        ""img_id"": null
      }
      ]
    ,
    ""type"": null
  }
]",The combined risk exposure if the development team chooses not to perform regression testing is almost $17 million.,1.772,3.78
"When visually mapping requirements versus specifications, what domain sits exactly at the intersection where the Environment domain overlaps with the System domain?","
[0]
[SECTION]: Capturing the Requirements > 4.3 Types Of Requirements > Two Kinds of Requirements Documents
[CONTENT]: The requirements specification restates the requirements as a specification of how the proposed system shall behave. The specification also is written entirely in terms of the environment, except that it refers solely to environmental entities that are accessible to the system via its interface. That is, the system boundary makes explicit those environmental entities that can be monitored or controlled by the system.This distinction is depicted in Figure 4.3, with requirements defined anywhere within the environment's domain, including, possibly, the system's interface, and with the specification restricted only to the intersection between the environment and system domains. To see the distinction, consider the requirement that no one should enter the zoo without paying an entrance fee. If the turnstile has a coin slot and is able to detect when a valid coin is inserted, then it can determine when an entrance fee has been paid. In contrast, the concept of an entry event may be outside the scope of the system.Thus, the requirement must be rewritten to realize entry events using only events and states that the turnstile can detect and control, such as whether the turnstile is unlocked and whether it detects a visitor pushing the turnstile:
When a visitor applies a certain amount of force on an unlocked turnstile, the turnstile will automatically rotate a one-half turn, ending in a locked position.
In this way, the specification refines the original requirements definition.
The requirements specification is written by the requirements analyst and is used by the other software developers. The analyst must be especially careful that no information is lost or changed when refining the requirements into a specification. There must be a direct correspondence between each requirement in the definition document and those in the specification document.
(footnote: 1 A more intuitive expression of this second requirement, that anyone who pays should be allowed to enter the zoo, is not implementable. There is no way for the system to prevent external factors from keeping the paid visitor from entering the zoo: another visitor may push through the unlocked turnstile before the paid visitor, the zoo may close before the paid visitor enters the turnstile, the paid visitor may decide to leave, and so on (Jackson and Zave 1995).)


[1]
[SECTION]: Capturing the Requirements > 4.8 Requirements Documentation > SIDEBAR 4.7 HIDDEN ASSUMPTIONS
[CONTENT]: Z ave and Jackson (1997) have looked carefully at problems in software requirements and specification, including undocumented assumptions about how the real world behaves.
There are actually two types of environmental behavior of interest: desired behavior to be  realized  by  the  proposed  system  (i.e., the  requirements)  and  existing  behavior  that  is unchanged by the proposed system.The latter type of behavior is often called assumptions or domain knowledge . Most requirements writers consider assumptions to be simply the conditions under which the system is guaranteed to operate correctly.While necessary, these conditions are not the only assumptions. We also make assumptions about how the environment will behave in response to the system's outputs.
Consider a railroad-crossing  gate  at  the  intersection  of  a  road  and  a  set  of  railroad tracks. Our requirement is that trains and cars do not collide in the intersection. However, the trains and cars are outside the control of our system; all our system can do is lower the crossing gate upon the arrival of a train and lift the gate after the train passes. The only way our crossing gate will prevent collisions is if trains and cars follow certain rules. For one thing, we have to assume that the trains travel at some maximum speed, so that we know how early to lower the crossing gate to ensure that the gate is down well before a sensed train reaches the intersection. But we also have to make assumptions about how car drivers will react to the crossing gate being lowered: we have to assume that cars will not stay in or enter the intersection when the gate is down.
or exact orderings of inputs and outputs. We may use an entity-relationship diagram to collect related activities and operations into classes. In the end, the specification  should  be  complete, meaning  that  it  should  specify  an  output  for  any feasible sequence of inputs.Thus, we include validity checks on inputs and system responses to exceptional situations, such as violated pre-conditions.
 - Finally, we devise fit criteria for each of the customer's quality requirements, so that  we can conclusively demonstrate whether our system meets these quality requirements.
The result is a description of what the developers are supposed to produce, written in sufficient detail to distinguish between acceptable and unacceptable solutions, but without saying how the proposed system should be designed or implemented.


[2]
[SECTION]: Capturing the Requirements > 4.8 Requirements Documentation > Requirements Specification
[CONTENT]: The requirements specification covers exactly the same ground as the requirements definition, but from the perspective of the developers. Where the requirements definition  is  written  in  terms  of  the  customer's  vocabulary, referring  to  objects, states, events, and activities in the customer's world, the requirements specification is written in terms of the system's interface.We accomplish this by rewriting the requirements so that they refer only to those real-world objects (states, events, actions) that are sensed or actuated by the proposed system:
 - In  documenting  the  system's  interface, we  describe  all  inputs  and  outputs  in detail, including  the  sources  of  inputs, the  destinations  of  outputs, the  value ranges and data formats of input and output data, protocols governing the order in  which  certain  inputs  and  outputs  must  be  exchanged, window  formats  and organization, and any timing constraints. Note that the user interface is rarely the only system interface; the system may interact with other software components (e.g., a database), special-purpose hardware, the Internet, and so on.
 - Next, we restate the required functionality in terms of the interfaces' inputs and outputs. We may use a functional notation or data-flow diagrams to map inputs to outputs, or use logic to document functions' pre-conditions and post-conditions.We may use state machines or event traces to illustrate exact sequences of operations
","[
  {
    ""role"": ""sentence"",
    ""segment"": ""The intersection consists of environmental entities that can be monitored or controlled by the system."",
    ""citations"": [
      {
        ""type"": ""source_text"",
        ""content"": ""the system boundary makes explicit those environmental entities that can be monitored or controlled by the system."",
        ""img_id"": null
      },
      {
        ""type"": ""source_text"",
        ""content"": ""the intersection between the environment and system domains."",
        ""img_id"": null
      }
    ],
    ""type"": null
  }
]",The intersection consists of environmental entities that can be monitored or controlled by the system.,1.552,6.154
"In the reference architecture model for a compiler, which specific component bridges the gap between the Semantic analyzer and the Code generator?","
[0]
[SECTION]: Designing the Architecture > 5.1 The Design Process > Design Is a Creative Process
[CONTENT]: Similarly, experienced software developers rarely design new software from first principles. Instead, they borrow ideas from existing solutions and manipulate them into new, but not entirely original, designs. By doing so, developers can usually arrive at a suitable design more quickly, using the properties of the borrowed solutions to assess the properties of the proposed design. Figure 5.2 shows several sources from which developers can draw when looking for guidance in designing a new system.
There  are  many  ways  to  leverage  existing  solutions. One  extreme  is cloning , whereby we borrow a whole design, and perhaps even the code, making minor adjustments to fit our particular problem. For example, a developer might clone an existing system to customize it for a new customer-though,as we will see, there are better ways of producing variations of the same product. Slightly less extreme is to base our design on  a reference  model : a  standard  generic  architecture  for  a  particular  application domain.A reference model suggests only how we decompose our system into its major components and how those components interact with each other. The design of the individual components and the details of their interactions will depend on the specific application being developed.As an example, Figure 5.3 shows the reference model for a compiler; the specifics of the parser, semantic analyzer, optimizations, and data repositories will vary greatly with the compiler's programming language. There are existing or proposed reference models for a variety of application domains, including operating systems, interpreters, database  management  systems, process-control  systems, integrated tool environments, communication networks, and Web services.
[FIGURE_DESCRIPTIONS]
[0] Diagram central hub labeled ""Design"" connected to multiple surrounding nodes by arrows. Surrounding labels include: Similar Systems, Reference Models, Architectural Styles, Design Patterns, Design Conversations, Design Principles, Experience, Realization Principles? (text legibility varies). Each node is a small circle connected with lines radiating outward in a radial diagram. The layout suggests a conceptual model linking Design to related domains and activities. The text within the central node is clearly ""Design"". The surrounding nodes are arranged in a circular fashion around the center, implying a taxonomy of design influencing factors. The diagram uses black text on a white background with minimal styling, focusing on relationships rather than visual embellishments.



[1]
[SECTION]: Designing the Architecture > 5.3 Decomposition And Views
[CONTENT]: To  see  how  decomposition  works, suppose  we  want  to  follow  a  data-oriented design method. We start with the conceptual data stores that were identified during requirements  analysis. This  analysis  included  externally  visible  operations  on  these data, such as creation, queries, modifications, and deletion. We design the system by clustering the conceptual data into data objects and operations on those objects. We further decompose complex data objects into aggregations of simpler objects, with the simplest objects storing one type of data. Each object type provides access operations for querying and manipulating its data. This way, other parts of the system can use the object's stored information without accessing the data directly.The resulting design is a hierarchical decomposition of objects.The design differs from the requirements specification because it includes information about how system data are to be distributed into objects and how objects manipulate data values, and not just information about what data will be manipulated by the system.
No matter which design approach we use, the resulting design is likely to refer to several  types  of  software  units, such  as component, subsystem, runtime  process, module, class, package, library , or procedure . The different terms describe different aspects of a design. For example, we use the term module to refer to a structural unit of the software's code; a module could be an atomic unit, like a Java class, or it could be an aggregation of other modules. We use the term component to refer to an identifiable runtime element (e.g., the parser is a component in a compiler)-although this term sometimes has a specific meaning, as explained in Sidebar 5.2. Some of the above terms designate software units at different levels of abstraction. For example, a system may be made up of subsystems, which may be made up of packages, which are in turn made up of classes. In other cases, the terms may overlap and present different views of the same entity (e.g., a parser might be both a component and a high-level module). We use the term software unit when we want to talk about a system's composite parts without being precise about what type of part.


[2]
[SECTION]: Testing the System > 9.1 Principles Of System Testing > SIDEBAR 9.1 THE CONSEQUENCEES OF NOT DOING REGRESSION TESTING
[CONTENT]: Deltas are especially useful for maintaining releases.The first release is considered to be the main system,and subsequent releases are recorded as a set of deltas to release 1.
A third approach to controlling file differences is to use conditional compilation . That is, a single code component addresses all versions. Conditional statements use the compiler to determine which statements apply to which versions. Because the shared code appears only once, we can make one correction that applies to all versions. However, if the variations among versions are very complex, the source code may be very difficult to read and understand. Moreover, for large numbers of versions, the conditional compilation may become unmanageable.
Conditional  compilation  addresses  only  the  code. However, separate  files  and deltas are useful not only in controlling code, but also in controlling other development artifacts, such as requirements, design, test data, and documentation. Sidebar 9.2 illustrates how both deltas and separate files can be useful in organizing and changing large systems.
","[
    {
        ""role"": ""paragraph"",
        ""segment"": ""The chatbot can't answer this question. Please try again with another question."",
        ""citations"": [],
        ""type"": ""abstained""
    }
]",The chatbot can't answer this question. Please try again with another question.,1.885,9.25
"In the messy UML statechart diagram for the Publication class, what specific input event triggers the transition directly from the onloan state to the recall state?","
[0]
[SECTION]: Capturing the Requirements > 4.5 Modeling Notations > Example: UML Statechart Diagrams
[CONTENT]: [FIGURE 4.9 UML statechart diagram for the Publication class.] 
A superstate can actually comprise multiple concurrent submachines, separated by dashed lines.The UML statechart for Publication includes two submachines:one that indicates  whether  or  not  the  publication  is  out  on  loan, and  another  that  indicates whether  or  not  the  publication  is  on  reserve. The  submachines  are  said  to  operate concurrently , in that a Publication instance could at any time receive and respond to events of interest to either or both submachines. In general, concurrent submachines are used  to  model  separate, unrelated  subbehaviors, making  it  easier  to  understand  and consider each subbehavior. An equivalent statechart for Publication in Figure 4.10 that does not make use of state hierarchy or concurrency is comparatively messy and repetitive. Note  that  this  messy  statechart  has  a  state  for  each  combination  of  states from Figure 4.9 ( stacks = Publication is in library and not on reserve, onloan = Publication is on loan and not on reserve, etc.). 3 State transitions are labeled with their enabling events and conditions and with their side effects.Transition labels have syntax where  the  triggering event is  a  message  that  may  carry  parameters. The  enabling condition , delimited by square brackets, is a predicate on the object's attribute values. If the transition is taken, its actions , each prefaced with a slash (/), specify assignments made to the object's attributes; the asterisk indicates that a transition may have arbitrarily  many  actions. If  the  transition  is  taken, it  may  generate  arbitrarily  many output events , /^Object.event , each prefaced with a caret an output event may carry parameters and is either designated for a target Object or is broadcast to all objects. For example, in the messy Publication statechart (Figure 4.10), the transition to state recall is enabled if the publication is in state onloan when a request to put the item on reserve is received.When the transition is taken, it sends an event to the Loan object, which in turn will notify the borrower that the item must be returned to the library sooner than the loan's due date. Each of the transition-label elements is optional. For example, a transition need not be enabled by an input event; it could be enabled  only  by  a  condition  or  by  nothing, in  which  case  the  transition  is  always enabled. 1 ¿ 2 ; ' '*''
[FIGURE_DESCRIPTIONS]
[0] Diagram labeled Publication presents a multi-layered architectural flow with arrows and labeled components. Outer boundary shows a rounded rectangle enclosing the entire diagram. Inside, a larger process box contains a smaller inner process box connected via arrows indicating borrow, allocate, and release operations. Top section labeled publish/borrow/return sequence includes terms such as borrow, allocate, release, and self. An inner box labeled allocation flow shows nodes like alllibrary, allocate, and deallocate, with arrows suggesting creation and return paths. The middle section features a reserve/module area with stacks, reserve, entry, and unreserve labels. A secondary inner box depicts stacks and reserve interactions, including labels such as reserve, unreserve, and alloc. Text elements emphasize lifecycle actions (borrow, return, stash) and indicate a lock/lose boundary at the right. The diagram emphasizes relationships between memory management components, borrowing semantics, and stack-based reservation.



[1]
[SECTION]: Capturing the Requirements > 4.5 Modeling Notations > Example: UML Statechart Diagrams
[CONTENT]: A UML statechart diagram depicts the dynamic behavior of the objects in a UML class. A UML class diagram gives a static, big-picture view of a problem, in terms of the entities involved and their relationships; it says nothing about how the entities behave, or how their behaviors change in response to input events.A statechart diagram shows how a class's instances should change state and how their attributes should change value as the  objects  interact  with  each  other. Statechart  diagrams  are  a  nice  counterpart  to Message Sequence Charts (MSC).An MSC shows the events that pass between entities without saying much about each entity's behavior, whereas a statechart diagram shows how a single entity reacts to input events and generates output events.
A UML model is a collection  of  concurrently  executing  statecharts-one  per instantiated  object-that  communicate  with  each  other  via  message  passing  (OMG 2003). Every class in a UML class diagram has an associated statechart diagram that specifies the dynamic behavior of the objects of that class. Figure 4.9 shows the UML statechart diagram for the Publication class from our Library class model.
UML statechart diagrams have a rich syntax, much of it borrowed from Harel's original conception of statecharts (Harel 1987), including state hierarchy, concurrency, and intermachine communication. State hierarchy is used to unclutter diagrams by collecting into superstates those states with common transitions.We can think of a superstate as a submachine, with its own set of states and transitions. A transition whose destination state is a superstate acts as a transition to the superstate's default initial state, designated  by  an  arrow  from  the  superstate's  internal  black  circle. A  transition  whose source state is a superstate acts as a set of transitions, one from each of the superstate's internal states. For example, in the Publication state diagram, the transition triggered by event lose can be enabled from any of the superstate's internal states; this transition ends in a final state and designates the end of the object's life.


[2]
[SECTION]: Capturing the Requirements > 4.5 Modeling Notations > Example: UML Statechart Diagrams
[CONTENT]:  - Equivalence classes of possible future behavior, as defined by sequences of input events accepted by the machine: for example, every iteration of event sequence coin,push,rotated leaves the turnstile in a locked position waiting for the next visitor
 - Periods of time between consecutive events, such as the time between the start and the end of an operation
 - Named control points in an object's evolution,during which the object is performing some computation (e.g., state calculate fine ) or waiting for some input event (e.g., state item on loan )
 - Partitions of an object's behavior: for example, a book is out on loan or is in the library stacks; an item is on reserve, meaning that it can be borrowed for only short periods, or it is not on reserve
","[
  {
    ""role"": ""sentence"",
    ""segment"": ""The input event is a request to put the item on reserve."",
    ""citations"": [
      {
        ""type"": ""source_text"",
        ""content"": ""the transition to state recall is enabled if the publication is in state onloan when a request to put the item on reserve is received."",
        ""img_id"": null
      }
    ],
    ""type"": null
  }
]",The input event is a request to put the item on reserve.,2.014,5.514
"In the Petri net model of the library problem, what specific variables or tuples are shown being passed as inputs into the Process Payment transition?","
[0]
[SECTION]: Capturing the Requirements > 4.5 Modeling Notations > Example: Petri Nets
[CONTENT]: Basic Petri nets are fine for modeling how control flows through events or among concurrent entities. But if we want to model control that depends on the value of data (e.g., borrowing a particular book from a collection of books), then we need to use a high-level Petri net notation.A number of extensions to basic Petri nets have been proposed to improve the notation's expressibility, including inhibitor arcs, which enable a transition only if the input place is empty of tokens; priority among transitions; timing constraints; and structured tokens, which have values.
To model our library problem, which tracks information and events for multiple patrons and publications, we need a Petri net notation that supports structured tokens and transition actions (Ghezzi et al. 1991). A transition action constrains which tokens in  the  input  places  can  enable  the  transition  and  specifies  the  values  of  the  output tokens. Figure 4.13 is a high-level Petri net specification for the library problem. Each place stores tokens of a different data type. Avail stores a token for every library item that is not currently out on loan.A token in Fines is an n -tuple (i.e., an ordered set of n elements, sometimes called a tuple for short) that maps a patron to the value of his or her total outstanding library fines.A token in OnLoan is another type of tuple that maps a patron and a library item to a due date . A few of the transition predicates and actions are shown in Figure 4.13, such as the action on Process Payment , where the inputs are a payment and the patron's current fines , and the output is a new Fines tuple. The predicates not shown assert that if the token elements in a transition's input or output tokens have the same name, they must have the same value. So in  transition Borrow , the patron making  the Loan  Request must  match  the patron with no outstanding Fines and match the patron who appears in the generated OnLoan tuple; at the same time, the item being borrowed must match an item in Avail . Otherwise, those tuples do not enable the transition. The net starts with an initial marking of item tuples in Avail and ( patron, 0 ) tuples in Fines . As library users trigger input transitions Pay , Initiate Loan , and Initiate Return , new tokens are introduced to the system, which enable the library transitions, which in turn fire and update the Fines tokens and the Avail and OnLoan tokens, and so on.


[1]
[SECTION]: Capturing the Requirements > 4.5 Modeling Notations > Example: Petri Nets
[CONTENT]: [FIGURE 4.13 Petri net of the library problem.] 
[FIGURE_DESCRIPTIONS]
[0] Diagrammatic flowchart illustrating a financial loan lifecycle with labeled nodes and transitions. Key visible elements include: a central 'Pay' bar at the top, a circular node labeled 'Payment' connected to a smaller circle 'Patron, paymen/t' and subsequent branches showing 'Fines' and 'Payment' flows. The diagram contains actions such as 'Acquire', 'Avail', 'OnLoan', 'Return' and 'Withdrew Loan Request', as well as branches for 'Increase Fines' and 'Overdue fine' leading to 'Return' and 'Loan Request'. There are text labels describing each transition: 'patron, fines + payment', 'patron, fines - payment', 'patron, item, dodged', and 'loan request'. The left side shows 'Initiate Loan Request' and 'Withdrew Loan Request', while the right side includes 'Initiate Return' and 'Withdraw Return Request'. Overall, the image is a state-transition diagram with labeled arrows indicating relationships among entities such as patron, item, fines, await fines, overdue fines, and loan/return processes.



[2]
[SECTION]: Capturing the Requirements > 4.5 Modeling Notations > Example: Petri Nets
[CONTENT]: UML statechart diagrams nicely modularize a problem's dynamic behavior into the behaviors of individual class objects, with the effect that it may be easier to consider each class's behavior separately than it is to specify the whole problem in one diagram. This modularization makes it harder, though, to see how objects interact with each other. Looking at an individual statechart diagram, we can see when an object sends a message to another object. However, we have to examine the two objects' diagrams simultaneously to see that a message sent by one object can be received by the other. In fact, to be completely sure, we would have to search the possible executions (event traces) of the two machines, to confirm that whenever one object sends a message to the other, the target object is ready to receive and react to the message.
Petri nets (Peterson 1977) are a form of state-transition notation that is used to model concurrent activities and their interactions. Figure 4.12 shows a basic Petri net specifying the behavior of a book loan. The circles in the net are places that represent activities or conditions, and the bars represent transitions . Directed arrows, called arcs , connect a transition with its input places and its output places . The places are populated with tokens , which act as enabling conditions for the transitions.When a transition fires , it removes tokens from each of its input places and inserts tokens into each of its output places. Each arc can be assigned a weight that specifies how many tokens are removed from the arc's input place, or inserted into the arc's output place, when the transition fires. A transition is enabled if each of its input places contains enough tokens to contribute its arc's weight's worth of tokens, should the enabled transition actually fire.Thus, in  Figure  4.12, transitions Return,Withdraw  Return  Request , and Withdraw Loan Request are all enabled; firing transition Return removes a token from each of the places ReturnRequest and OnLoan , and inserts a token into Avail . The net's marking , which is the distribution of tokens among places, changes as transitions fire. In each execution step, the marking determines the set of enabled transitions; one enabled transition is nondeterministically selected to fire; the firing of this transition produces a new marking, which may enable a different set of transitions.We can model concurrent behavior by combining into a single net the activities, transitions, and tokens for several executing entities. Concurrent entities are synchronized whenever their activities, or places, act as input places to the same transition. This synchronization ensures that all of the pre-transition activities occur before the transition fires, but does not constrain the order in which these activities occur.
","[
  {
    ""role"": ""sentence"",
    ""segment"": ""The inputs to the Process Payment transition are a payment and the patron's current fines."",
    ""citations"": [
      {
        ""type"": ""source_text"",
        ""content"": ""the inputs are a payment and the patron's current fines , and the output is a new Fines tuple."",
        ""img_id"": null
      }
    ],
    ""type"": null
  }
]",The inputs to the Process Payment transition are a payment and the patron's current fines.,1.731,4.866
"In the use-case diagram for the library system, which two specific use cases are connected to the reserve item use case via an <<extend>> relationship?","
[0]
[SECTION]: Capturing the Requirements > 4.5 Modeling Notations > Example: Use Cases
[CONTENT]: Each use case encompasses several possible scenarios, some successful and some not, but all related to some usage of the system. External to the use-case diagram, the use cases and their variants are detailed as textual event traces. Each use case identifies pre-conditions and alternative behavior if the pre-conditions are not met, such as looking for a lost book; post-conditions, which summarize the effects of the use case; and a normal, error-free scenario comprising a sequence of steps performed by actors or by the system.A completely detailed use case specifies all possible variations of each step in the normal scenario, including both valid behaviors and errors. It also describes the possible scenarios that stem from the valid variations and from recoverable failures. If there is a sequence of steps common to several use cases, the sequence can be extracted out to form a subcase that can be called by a base use case like a procedure call. In the use-case diagram, we draw a dashed arrow from a base case to each of its subcases and annotate  these  arrows  with  stereotype <<include>> . 4 A  use  case  can  also  be appended with an extension subcase that adds functionality to the end of the use case. In the use-case diagram, we draw a dashed arrow from the extension subcase to the base  use  case  and  annotate  the  arrow  with  stereotype <<extend>> . Examples  of stereotypes are included in Figure 4.15.
(footnote: 4 In UML, a stereotype is a meta-language facility for extending a modeling notation, allowing the user to augment one of the notation's constructs with a new < <keyword> >.)


[1]
[SECTION]: Capturing the Requirements > 4.5 Modeling Notations > Example: Use Cases
[CONTENT]: A UML use-case diagram (OMG 2003) is similar to a top-level data-flow diagram that depicts observable, user-initiated functionality in terms of interactions between the system and its environment.A large box represents the system boundary. Stick figures outside the box portray actors, both humans and systems, and each oval inside the box is a use  case  that  represents  some  major  required  functionality  and  its  variants. A  line between an actor and a use case indicates that the actor participates in the use case. Use cases are not meant to model all the tasks that the system should provide. Rather, they are used to specify user views of essential system behavior. As such, they model only system  functionality  that  can  be  initiated  by  some  actor  in  the  environment. For example, in Figure 4.15, key library uses include borrowing a book, returning a borrowed book, and paying a library fine.
[FIGURE 4.15 Library use cases.] 
[FIGURE_DESCRIPTIONS]
[0] System-level diagram depicting interactions between a Patron and Librarian within a library inventory subsystem. Visual elements include two user icons labeled Patron and Librarian on the left, each connected by lines into a rectangular boundary representing the system. Inside, process ovals such as “find item,” “return item,” “borrow item,” “pay fines,” and “check fines” are connected by arrows and dashed lines to indicate include or extend relationships. The “extend” annotations appear near dashed arrows linking use cases like “find item” to “borrow item” and “return item” to “recall item” or “reserve item.” A right-hand boundary labeled Library inventory suggests data or domain boundary. Additional ovals “reserve item,” “unreserve item,” and “unreserve item” (duplicate label) appear under the librarian, with lines indicating interactions and extension to main use cases. The diagram emphasizes use-case relationships: include and extend between core functions and inventory operations. Readable text includes exact labels and dashed vs solid connectors, illustrating a typical ULM (use-case) style for library system functionality. 



[2]
[SECTION]: Capturing the Requirements > 4.5 Modeling Notations > Example: UML Class Diagrams
[CONTENT]: [FIGURE 4.5 UML class model of the library problem.] 
UML also allows the specifier to designate attributes and operations as being associated  with  the  class  rather  than  with  instances  of  the  class. A class-scope  attribute , represented as an underlined attribute,is a data value that is shared by all instances of the class. In the library class diagram, the attributes reserve loan period and reserve fine rate are values that apply to all publications on reserve. Thus in this model, the librarian can set and modify the loan duration for classes of items (e.g., books, periodicals, items on reserve) but not for individual items. Similarly, a class-scope operation , written  as  an  underlined  operation, is  an  operation  performed  by  the  abstract  class, rather than by class instances, on a new instance or on the whole collection of instances; create() , search() , and delete() are common class-scope operations.
A line between two classes, called an association , indicates a relationship between the classes' entities. An association may represent interactions or events that involve objects in the associated classes, such as when a Patron borrows a Publication . Alternatively, an association might relate classes in which one class is a property or element of the other class, such as the relationship between a Patron and his Credit Card . Sometimes these latter types of associations are aggregate associations , or ' has-a' relationships, as in our example. An aggregate association is drawn as an association with a white diamond on one end, where the class at the diamond end is the aggregate and it includes or owns instances of the class(es) at the other end(s) of the association.
[FIGURE_DESCRIPTIONS]
[0] Diagrammatic UML-like schema depicting relationships between publishing system entities. Prominent boxes labeled Patron, Publication, Book, Periodical, and Article form a hierarchical network. Text within nodes includes attributes such as patron_id, name, address, and contact, plus relationships like loans, borrows, and returns. The Publication node contains fields: call number, title, volume, issue, year, and publisher, with a downline braced relationship to Periodical containing editor, volume, number, and fine rate. The Book node lists author and attribute lines; the Article node shows author. Arcs indicate interactions: a Patron can borrow or renew a loan, loans link to a publication item, and a Periodical links back to Publication components. Visual cues show inheritance-like connections and aggregation between Book, Periodical, and Publication, with dependent sub-entities for loan and return operations. The diagram emphasizes data entities, their attributes, and the cardinalities of relationships in a library/periodical cataloging system.

","[
  {
    ""role"": ""paragraph"",
    ""segment"": ""Recall item and unreserve item."",
    ""citations"": [
      {
        ""type"": ""img"",
        ""content"": null,
        ""img_id"": ""image_0_1""
      }
      ]
    ,
    ""type"": null
  }
]",The chatbot can't answer this question. Please try again with another question.,1.597,9.507
"In the fault tree analyzing a security breach, what are the two specific basic events that must both occur (linked by an AND-gate) for an Illegal access granted condition to be met?","
[0]
[SECTION]: Designing the Architecture > 5.7 Architecture Evaluation And Refinement > Safety Analysis
[CONTENT]: [FIGURE 5.11 Fault tree for a security breach.] 
For example, consider the fault tree presented in Figure 5.11.The tree shows that a security breach could occur either if a previous logout is not recognized (leaving the previous user logged in) or an unauthorized user gains access to the system. For the latter to happen, both of two basic events must happen: a valid user's password is exposed, and the password is not changed between the time of the exposure and the time an unauthorized user attempts to use it.
The concepts we have described can be applied to any system's hardware or software. The  challenge  is  to  identify  key  possible  failures, and  then  trace  backwards through the design, looking for data and computations that could contribute to the failure. Data-flow and control-flow graphs can help us trace through a design.As we saw in Chapter 4, a data-flow graph depicts the transfer of data from one process to another. The same ideas can be applied to an architectural design, to show what kinds of data flow among the design's software units. In this way, if one of the failures we are analyzing is data related, we can trace backwards through the data-flow graph to find the software  units  that  could  affect  the  data  and  thereby  cause  the  fault. Similarly, a control-flow graph depicts possible transfers of control among software units. When applied to a design, a control-flow graph can show how a control thread progresses from one unit to the next during execution. If we are analyzing a failure that is related to computation or to a quality attribute, we can trace backwards through the controlflow graph to find the software units involved in that computation.
[FIGURE_DESCRIPTIONS]
[0] Diagram illustrating a failure handling flow in a security breach scenario. Components include a top-level box labeled Security breach with an incoming dashed line labeled Failure. An OR gate splits into two paths: one leading to an earlier event labeled Either event leads to failure, and another path to a block labeled Illegal access granted. The Illegal access granted block is connected via an AND gate to a pair of ovals labeled Password exposed and Password not changed, implying both events must occur to proceed to a Basic events area. The right path from the OR gate also connects to a bubble labeled Previous logout not recognized and to a separate box labeled Basic events. The overall structure suggests a fault tree or security incident taxonomy with logical gates (OR, AND) and basic events at the leaves, focusing on sequence and dependencies between authentication failures and status events leading to a security breach.



[1]
[SECTION]: Designing the Architecture > 5.7 Architecture Evaluation And Refinement > Safety Analysis
[CONTENT]: We learned earlier about the importance of fault identification, correction, and tolerance in creating reliable and robust designs.There are several techniques that can be used during design to identify possible faults or their likely locations. Fault-tree analysis , a method originally  developed  for  the  U.S. Minuteman  missile  program, helps  us  to  examine  a design and look for faults that might lead to failure.We build fault trees that trace backwards through a design, along the logical path from effect to cause. The trees are then used to help us decide which faults to correct or avoid, and which faults to tolerate.
We begin our analysis by identifying possible failures.Although our identification takes place during design, we consider failures that might be affected by design, operation, or even maintenance. We can use a set of guidewords to help us understand how the system might deviate from its intended behavior. Table 5.1 illustrates some of the guidewords  that  might  be  used; you  can  select  your  own  guidewords  or  checklists, based on your system's application domain.
Next, we build an upside-down tree whose root node is some failure that we want to analyze, and whose other nodes are events or faults that realize or lead to the root node's failure. The edges of the graph indicate the relationships among nodes. Parent nodes are drawn as logic gate operators: an and -gate if both of the child nodes' events must occur for the parent node's event to occur; an orgate if one child's event is sufficient to cause the parent's event. Sometimes, an edge is labeled n_of_m if the system includes m redundant components, where n faulty components lead to the designated failure. Each node represents an independent event; otherwise, the analysis results may be invalid, especially with respect to compound faults.


[2]
[SECTION]: Designing the Architecture > 5.7 Architecture Evaluation And Refinement > Safety Analysis
[CONTENT]: Once  the  fault  tree  is  constructed, we  can  search  for  design  weaknesses. For example, we can derive another tree, called a cut-set tree , that reveals which event combinations can cause the failure. A cut-set tree is especially useful when the fault tree is complex and difficult to analyze by eye. The rules for forming the cut-set tree are as follows:
 - Assign the top node of the cut-set tree to match the logic gate at the top of the fault tree.
 - Working from the top down, expand the cut-set tree as follows:
 - Expand an or -gate node to have two children, one for each or -gate child.
 - Expand an and -gate node to have a child composition node listing both of the and -gate children.
 - Expand  a  composition  node  by  propagating  the  node  to  its  children, but expanding one of the gates listed in the node.
 - Continue until all leaf nodes are basic events or composition nodes of basic events.
The cut-set is the set of leaf nodes in the cut-set tree. For example, consider the fault tree on the left side of Figure 5.12. G1 is the top logic gate in the fault tree, and its or condition leads us to expand its corresponding node in the cut-set tree to have two child nodes, G2 and G3. In turn, G2 in the fault tree is composed of both G4 and G5,so G2 in the cut-set tree is expanded to have a composition child node with label {G4, G5}. Continuing in this manner, we end up with the cut-set {A1,A3}, {A1,A4}, {A2,A3}, {A2, A4}, {A4,A5}.The cut-set represents the set of minimal event combinations that could lead to the failure listed at the top of the cut-set tree.Thus, if any member of the cut-set is a singleton event set, {A i }, then the top failure could be caused by a single event, A i . Similarly, the  cut-set  element  {A i , A j }  means  that  the  top  failure  can  occur  if  both events A i and A j occur, and cut-set element {A i , A j , . . ., A n }  means that failure can occur only if all of the composite events occur.Thus, we have reasoned from a failure to all possible causes of it.
","[
  {
    ""role"": ""sentence"",
    ""segment"": ""The two basic events are: a valid user's password is exposed, and the password is not changed between the time of the exposure and the time an unauthorized user attempts to use it."",
    ""citations"": [
      {
        ""type"": ""source_text"",
        ""content"": ""For the latter to happen, both of two basic events must happen: a valid user's password is exposed, and the password is not changed between the time of the exposure and the time an unauthorized user attempts to use it."",
        ""img_id"": null
      },
      {
        ""type"": ""img"",
        ""content"": null,
        ""img_id"": ""img0_se_theory_practice.pdf__chunk_2183_2185_429""
      }
    ],
    ""type"": null
  }
]","The two basic events are: a valid user's password is exposed, and the password is not changed between the time of the exposure and the time an unauthorized user attempts to use it.",1.69,7.161
"In the diagram illustrating the relationship between computer science and software engineering, what specific component directly connects SOFTWARE ENGINEERING to the Problem?","
[0]
[SECTION]: Why Software Engineering? > 1.1 What Is Software Engineering?
[CONTENT]: As software engineers, we use our knowledge of computers and computing to help solve problems. Often the problem with which we are dealing is related to a computer or an existing computer system, but sometimes the difficulties underlying the problem have nothing to do with computers.Therefore, it is essential that we first understand the nature of the problem. In particular, we must be very careful not to impose computing machinery or techniques on every problem that comes our way. We must solve the problem first. Then, if need be, we can use technology as a tool to implement our solution. For the remainder of this book, we assume that our analysis has shown that some kind of computer system is necessary or desirable to solve a particular problem at hand.


[1]
[SECTION]: Why Software Engineering? > 1.1 What Is Software Engineering? > Where Does the Software Engineer Fit In?
[CONTENT]: To understand how a software engineer fits into the computer science world, let us look to another discipline for an example. Consider the study of chemistry and its use to solve problems. The chemist investigates chemicals: their structure, their interactions, and  the  theory  behind  their  behavior. Chemical  engineers  apply  the  results  of  the chemist's studies to a variety of problems. Chemistry as viewed by chemists is the object of study. On the other hand, for a chemical engineer, chemistry is a tool to be used to address a general problem (which may not even be 'chemical' in nature).
We can view computing in a similar light. We can concentrate on the computers and programming languages, or we can view them as tools to be used in designing and implementing a solution to a problem. Software engineering takes the latter view, as shown in  Figure  1.3. Instead  of  investigating  hardware  design  or  proving  theorems about how algorithms work,a software engineer focuses on the computer as a problemsolving tool. We will see later in this chapter that a software engineer works with the functions of a computer as part of a general solution, rather than with the structure or theory of the computer itself.
[FIGURE 1.3 The relationship between computer science and software engineering.] 
[FIGURE_DESCRIPTIONS]
[0] Flowchart diagram illustrating a software engineering workflow. At the top left, a rectangular box labeled 'COMPUTER SCIENCE' connects downward to a hexagonal node labeled 'Theories', and to the right a hexagonal node labeled 'Computer Functions' receiving arrows from the top box. On the top right, a rectangular box labeled 'CUSTOMER' links downward to a hexagonal node labeled 'Problem'. All three branches funnel into a central rectangular box labeled 'SOFTWARE ENGINEERING' via arrows from 'Theories' and 'Computer Functions' and directly from 'Problem'. From 'SOFTWARE ENGINEERING', a downward arrow leads to a hexagonal node labeled 'Tools and Techniques to Solve Problem'. The diagram emphasizes a hierarchical flow from foundational domains through problem-driven inputs to actionable toolsets. Visible text includes exact labels: COMPUTER SCIENCE, Theories, Computer Functions, CUSTOMER, Problem, SOFTWARE ENGINEERING, Tools and Techniques to Solve Problem. Diagram uses a combination of rectangular and hexagonal shapes with arrows indicating data or process flow, suggesting a model of theory and function feeding software engineering practice and eventual solution methods.



[2]
[SECTION]: Why Software Engineering? > 1.4 Who Does Software Engineering?
[CONTENT]: A key component of software development is communication between customer and developer; if that fails, so too will the system. We must understand what the customer wants and needs before we can build a system to help solve the customer's problem.To do this, let us turn our attention to the people involved in software development.
The  number  of  people  working  on  software  development  depends  on  the project's  size  and  degree  of  difficulty. However, no  matter  how  many  people  are involved, the roles played throughout the life of the project can be distinguished.Thus, for a large project, one person or a group may be assigned to each of the roles identified; on a small project, one person or group may take on several roles at once.
Usually, the participants in a project fall into one of three categories: customer, user, or developer.The customer is the company, organization, or person who is paying for the software system to be developed.The developer is the company, organization, or person who is building the software system for the customer.This category includes any managers needed to coordinate and guide the programmers and testers.The user is the person or people who will actually use the system: the ones who sit at the terminal or submit the data or read the output. Although for some projects the customer, user, and developer are the same person or group,often these are different sets of people.Figure 1.7 shows the basic relationships among the three types of participants.
[FIGURE 1.7 Participants in software development.] 
[FIGURE_DESCRIPTIONS]
[0] Diagrammatic illustration of software development interaction among stakeholders. Left side shows a user with a label ‘USER’ and caption ‘Uses system’. A person at a desk labeled ‘CUSTOMER’ with a note ‘Sponsors system development’ is at top left, connected by a diagonal line to the developer on the right. The developer workstation is labeled ‘DEVELOPER’ with a person standing at a desk building a stack of blocks; a label ‘Builds system’ nearby. Between user and developer, arrows indicate flow of ‘Needs’ vs ‘Software system’ and ‘Contractual obligation’ and ‘SaaS’ style interaction. Top right shows “Sponsors system development” with dollar signs indicating funding. The diagram conveys the relationship: user needs feed software system through contractual obligations leading to a developed system. Visible text includes: USER, Uses system, CUSTOMER, Sponsors system development, DEVELOPER, Builds system, Needs, Software system, Contractual obligation. The image uses simple black-and-white line art with three primary actors and directional arrows illustrating flow and responsibility in a software project lifecycle.



[3]
[SECTION]: Preface > xvi Preface
[CONTENT]: Wasserman's key factors that help define software engineering: abstraction, analysis and design methods and notations, modularity and architecture, software life cycle and process, reuse, measurement, tools and integrated environments, and user interface and prototyping. We discuss the difference between computer science and software engineering, explaining some of the major types of problems that can be encountered, and laying the groundwork for the rest of the book.We also explore the need to take a systems approach to building software, and we introduce the two common examples that will  be  used  in  every  chapter. It  is  here  that  we  introduce  the  context  for  the  term project.
","[
    {
        ""role"": ""sentence"",
        ""segment"": ""The component that directly connects SOFTWARE ENGINEERING to the Problem is \""Tools and Techniques to Solve Problem\""."",
        ""citations"": [
            {
                ""type"": ""img"",
                ""content"": null,
                ""img_id"": ""img0_se_theory_practice.pdf__chunk_140_144_40""
            }
        ],
        ""type"": null
    }
]","The component that directly connects SOFTWARE ENGINEERING to the Problem is ""Tools and Techniques to Solve Problem"".",1.975,5.679
"In the structure of software development model by Abdel-Hamid, what specific components fall under the HUMAN RESOURCE MANAGEMENT category?","
[0]
[SECTION]: Modeling the Process and Life Cycle > 2.3 Tools And Techniques For Process Modeling > Dynamic Modeling: System Dynamics
[CONTENT]: [FIGURE 2.14 Structure of software development (Abdel-Hamid 1996).] 
[FIGURE_DESCRIPTIONS]
[0] Diagram of a theoretical-practice integration across four domains: Software Production, Human Resource Management, Planning, and Control. The top-left domain, Software Production, contains labeled nodes such as Process issues, Software development, Quality assurance, Error rate, and Learning, connected by arrows indicating feedback and causal relationships like learning reducing error rate and process issues impacting software quality. The top-right domain, Human Resource Management, shows labels including Hire rate, Turnover rate, Workforce experience mix, and Workforce, with arrows suggesting how staffing levels affect perceived productivity and project progress. The bottom-left Planning domain includes Schedule pressure, Scheduled completion dates, Workforce level, Perceived workload, and Adjustments to workload and schedule, with arrows illustrating how planning inputs influence actual workload and deadlines. The bottom-right Control domain features Project tasks, perceived status, and Perceived productivity, connected to indicate how task progress and status reporting influence productivity perceptions. Overall, the diagram uses dotted ovals to group related domains and dashed arrows to show cross-domain interactions, emphasizing feedback loops between planning accuracy, human resources, and software production outcomes.



[1]
[SECTION]: Modeling the Process and Life Cycle > 2.3 Tools And Techniques For Process Modeling > Dynamic Modeling: System Dynamics
[CONTENT]: A desirable property of a process model is the ability to enact the process, so that we can watch what happens to resources and artifacts as activities occur. In other words, we want to describe a model of the process and then watch as software shows us how resources flow through activities to become outputs.This dynamic process view enables us  to  simulate  the  process  and  make  changes  before  the  resources  are  actually expended. For example, we can use a dynamic process model to help us decide how many testers we need or when we must initiate testing in order to finish on schedule. Similarly, we can include or exclude activities to see their effects on effort and schedule. For instance, we can add a code-review activity, making assumptions about how many faults we will find during the review, and determine whether reviewing shortens test time significantly.
There are several ways to build dynamic process models. The systems dynamics approach, introduced by Forrester in the 1950s, has been useful for simulating diverse processes, including  ecological, economic, and  political  systems  (Forrester  1991). Abdel-Hamid and Madnick have applied system dynamics to software development, enabling project managers to 'test out' their process choices before imposing them on developers (Abdel-Hamid 1989;Abdel-Hamid and Madnick 1991).
To see how system dynamics works, consider how the software development process affects productivity. We can build a descriptive model of the various activities that involve developers' time and then look at how changes in the model increase or decrease the time it takes to design, write, and test the code. First, we must determine which factors affect  overall  productivity. Figure  2.13 depicts Abdel-Hamid's understanding of these factors. The arrows indicate how changes in one factor affect changes in another. For example,if the fraction of experienced staff increases from one-quarter to one-half of the people assigned to the project, then we would expect the average potential productivity to increase, too. Similarly, the larger the staff (reflected in staff size), the more time is devoted to communication among project members (communication overhead).


[2]
[SECTION]: Improving Predictions, Products, Processes, and Resources > 13.4 Improving Resources > SIDEBAR 13.5 VIEWING USERS AS A RESOURCE
[CONTENT]: I n Chapter 11, we saw how Bell Atlantic built its SaleService Negotiation System (SSNS) to replace three legacy systems. By using on-screen prompts, SSNS guides sales representatives through an order cycle.The application created a more profitable relationship with Bell Atlantic's customers, making Bell Atlantic much more competitive in the marketplace (Field 1997a).
One of the reasons for SSNS's success was its developers' use of users as a resource. By forming a collaborative relationship between the information systems developers and Bell Atlantic's business managers, the SSNS team worked to define the problem carefully. Users pointed out problems and forced the information systems developers to address key issues. Information systems personnel encouraged users' input and listened carefully to their advice.
Performance issues were addressed by having the users work side by side with the software engineers.When the system was completed, some of the users were trained to be system advocates who explained the technology and trained others to use it.This mutual trust helped in the technology transfer, and users were eager to master the skills needed to use SSNS.
Abdel-Hamid (1990) uses systems dynamics models to investigate the effects of schedule compression. He notes that project scheduling is a continuous process; the project manager revises the schedule as more is known about a project. Thus, the final cost and completion time depend on an initial estimate and how realistic it is, and also on how resources are adjusted to address the initial estimate.
Abdel-Hamid (1990) applied his models to data from NASA Goddard Space Flight Center, looking at the effects of management's policies on project cost and on completion time.For example,Figure 13.11 shows the effect of two different hypothetical policies on the number of person-days to finish the project.The first policy, represented by circles, assumes that management will always adjust the workforce to the level necessary to keep the project on schedule.The second policy, represented by squares, eliminates  the  pressure  of  a  maximum  tolerable  completion  date. That  is, schedule difficulties are addressed by extending the schedule, not by adjusting the workforce level. The trade-off behaviors are significantly different, and Abdel-Hamid's models help managers decide which policies to implement.


[3]
[SECTION]: SOFTWARE ENGINEERING THEORY AND PRACTICE
[CONTENT]: 
","[
    {
        ""role"": ""paragraph"",
        ""segment"": ""Under HUMAN RESOURCE MANAGEMENT, Abdel-Hamid identifies hiring rate, turnover rate, workforce experience mix, and workforce."",
        ""citations"": [
            {
                ""type"": ""source_text"",
                ""content"": ""Hiring rate, turnover rate, workforce experience mix"",
                ""img_id"": null
            },
            {
                ""type"": ""source_text"",
                ""content"": ""workforce"",
                ""img_id"": null
            }
        ],
        ""type"": null
    }
]","Under HUMAN RESOURCE MANAGEMENT, Abdel-Hamid identifies hiring rate, turnover rate, workforce experience mix, and workforce.",2.363,6.806
"In the three-tiered client-server architecture diagram, what specific software components are contained within the Client Presentation tier?","
[0]
[SECTION]: Designing the Architecture > 5.4 Architectural Styles And Strategies > Client-Server
[CONTENT]: In  a  client-server  architecture, the  design  is  divided  into  two  types  of  components: clients and servers. Server components offer services, and clients access them using a request/reply protocol . The components execute concurrently and are usually distributed across several computers. There may be one centralized server, several replicated servers distributed over several machines, or several distinct servers each offering a different set of services.The relationship between clients and servers is asymmetric: Clients know the identities  of  the  servers  from  which  they  request  information, but  servers


[1]
[SECTION]: Designing the Architecture > 5.4 Architectural Styles And Strategies > Peer-to-Peer
[CONTENT]: Technically, a peer-to-peer (P2P) architecture is one in which each component executes as its own process and acts as both a client of and a server to other peer components. Each component has an interface that specifies not only the services it provides, but also the services that it requests from other peer components. Peers communicate by requesting  services  from  each  other. In  this  way, P2P  communication  is  like  the request/reply communication found in client-server architecture, but any component can initiate a request to any other peer component.
[FIGURE 5.7 Three-tiered client-server architecture.] 
The best known P2P architectures are file-sharing networks, such as Napster and Freenet, in which the components provide similar services to each other. What differs among components are the data each component stores locally.Thus, the system's data are distributed among the components; whenever a component needs information not stored locally, it retrieves it from a peer component.
P2P networks are attractive because they scale up well. Although each added component increases demands on the system in the form of additional requests, it also increases the system's capabilities, in the form of new or replicated data and as additional server capacity. P2P networks are also highly tolerant of component and network failures, because data are replicated and distributed over multiple peers. Sidebar 5.4 describes the pros and cons of Napster's P2P architecture.
[FIGURE_DESCRIPTIONS]
[0] Diagram showing a multi-layer information system architecture with labeled blocks and arrows. Left portion contains a small legend box labeled KEY and shows client and server arrows for request/reply; the key indicates two stroke styles for client and server boundaries. The main flow on the right begins with three web browser icons labeled Web Browser, Web Browser, Desktop Client; they connect to an Application Server below. The Application Server connects upward to a Database Server via a Database block. Vertical alignment groups the elements into layers: client (top), application server and database server (middle/lower) with the overarching categories labeled on the right: Business Logic and Information System. The text reads: Web Browser, Desktop Client, Client Presentation, Business Logic, Information System. The diagram emphasizes client-side presentation interacting with a centralized application server that delegates to a database server, illustrating a typical three-tier architecture with interface, application, and data layers.



[2]
[SECTION]: Designing the Architecture > 5.11 Information Systems Example
[CONTENT]: So, what might be a suitable software architecture for the Piccadilly system? Certainly a key component would be the repository of information that needs to be maintained about television programs, program scheduling, commercial spots, agreements, and so on.In addition, the system should be able to process multiple heterogeneous queries on this information, in parallel, so that the information can be kept up-to-date and can be used to make important decisions about future commercial campaigns.
A typical reference architecture for an information or business-processing system is an n-tiered client-server architecture (Morgan 2002). Such an architecture for our Piccadilly system is depicted in Figure 5.19. The bottom layer is a data server that simply maintains all the information that Piccadilly must track for its own business as well as information about its competitors.The application programming interface (API) for this layer is likely to consist of basic queries and updates on these data.The middle layer consists of application services that provide richer, more application-specific queries and updates on the lower-level data.An example of an application-specific query might be to find all television programs that air at the same time as some Piccadilly program.The top layer of the architecture consists of the user interfaces through which Piccadilly's managers, accountants, television-programming specialists, and sales force use the information system.
In addition to the high-level architecture of the system, we also need to provide some details about each of the components. For example, we need to describe the data and relationships that the data server is to maintain, the application services that the application layer is to maintain, and the user interfaces that the presentation layer is to provide. The domain model that we created in Chapter 4, as part of our elaboration of the system's requirements, can form the basis of the data model for the data server.The model is reproduced in Figure 5.20. We augment this model with additional concepts and relationships that arise as we work out the details of the application services. For example, a high-level description of the query to find the television programs that are aired at the same time as Piccadilly programs might look like the following:


[3]
[SECTION]: Designing the Modules > 6.3 Oo Design > Dependency Inversion
[CONTENT]: dependency graph in which the newly wrapped server class depends on the new client package. In the original design, any change to the server code would cause us to reexamine and recompile the client code. In the new design, both the client code and the server code depend only on the new ClientServerInterface . A change to either class's implementation does not cause us to revisit or recompile the other class, so the new design is easier to maintain.As we will see, the dependency inversion principle is used in the definitions of several design patterns.
","[
    {
        ""role"": ""paragraph"",
        ""segment"": ""The top layer of the architecture consists of the user interfaces through which Piccadilly's managers, accountants, television-programming specialists, and sales force use the information system."",
        ""citations"": [
            {
                ""type"": ""source_text"",
                ""content"": ""The top layer of the architecture consists of the user interfaces through which Piccadilly's managers, accountants, television-programming specialists, and sales force use the information system."",
                ""img_id"": null
            }
        ],
        ""type"": null
    }
]","The top layer of the architecture consists of the user interfaces through which Piccadilly's managers, accountants, television-programming specialists, and sales force use the information system.",1.575,4.251
"In the Enrollment Management model used during Digital's Alpha AXP program, what are the four specific sub-elements or factors listed under the COMMITMENT DELEGATION quadrant?","
[0]
[SECTION]: Planning and Managing the Project > 3.6 Process Models And Project Management > Enrollment Management
[CONTENT]: Digital Equipment Corporation spent many years developing its Alpha AXP system, a new system architecture and associated products that formed the largest project in Digital's history. The software portion of the effort involved four operating systems and 22 software engineering groups, whose roles included designing migration tools, network systems, compilers, databases, integration frameworks, and applications. Unlike many other development projects, the major problems with Alpha involved reaching milestones too early! Thus, it is instructive to look at how the project was managed and what effects the management process had on the final product.
During the course of development, the project managers developed a model that incorporated four tenets, called the Enrollment Management model:
 - establishing an appropriately large shared vision
 - delegating completely and eliciting specific commitments from participants
 - inspecting vigorously and providing supportive feedback
 - acknowledging every advance and learning as the program progressed (Conklin 1996)
Figure  3.17 illustrates  the  model. Vision  was  used  to 'enroll' the  related  programs, so they all shared common goals. Each group or subgroup of the project defined its own objectives in terms of the global ones stated for the project, including the company's  business  goals. Next, as  managers  developed  plans, they  delegated  tasks  to groups, soliciting comments and commitments about the content of each task and the schedule constraints imposed. Each required result was measurable and identified with a particular owner who was held accountable for delivery. The owner may not have been the person doing the actual work; rather, he or she was the person responsible for getting the work done.
Managers continually inspected the project to make sure that delivery would be on time. Project team members were asked to identify risks, and when a risk threatened to  keep  the  team  from  meeting  its  commitments, the  project  manager  declared  the project to be a 'cusp': a critical event. Such a declaration meant that team members were ready to make substantial changes to help move the project forward. For each project step, the managers acknowledged progress both personally and publicly. They recorded what had been learned and they asked team members how things could be improved the next time.
Coordinating all the hardware and software groups was difficult, and managers realized that they had to oversee both technical and project events. That is, the technical focus involved technical design and strategy, whereas the project focus addressed ACKNOWLEDGMENT Engineering commitments and deliverables. Figure  3.18 illustrates  the  organization  that  allowed both foci to contribute to the overall program.


[1]
[SECTION]: Annotated Bibliography
[CONTENT]:  - Coleman,Derek,Patrick Arnold, Stephanie Bodoff, Chris Dollin, Helena Gilchrist, Fiona Hayes, and Paul Jeremaes (1994). Object-Oriented Development: The Fusion Method . Englewood Cliffs, NJ: Prentice Hall.
Describes a method to integrate and extend the best features of OMT, Booch, CRC, and Objectory. Gives lots of well-explained examples.
 - Coleman,Don,Dan Ash,Bruce Lowther,and Paul Oman (1994).'Using metrics to evaluate software system maintainability.' IEEE Computer , 27(8) (August): 44-49.
Describes use of metrics at Hewlett-Packard in guiding maintenance decisions.
 - Collier, Bonnie, Tom DeMarco, and Peter Fearey (1996). 'A defined process for project postmortem reviews.' IEEE Software , 13(4) (July): 65-72.
 - Compton,B.T., and C.Withrow (1990).'Prediction and control of Ada software defects.' Journal of Systems and Software , 12: 199-207.
Report on software fault behavior at Unisys.
 - Computer Weekly Report (1994).'Sources of errors.'August 12.
 - Conklin, Peter F. (1996). 'Enrollment management: Managing the Alpha AXP program.' IEEE Software 13(4) (July): 53-64.
Describes a project management approach that was very successful in developing Digital's Alpha chip.
 - Conte, S., H. Dunsmore, and V. Shen (1986). Software Engineering Metrics and Models . Menlo Park, CA: Benjamin-Cummings.
A nice survey and history of software metrics. Especially good section comparing cost estimation models.
 - Courtney, R.E., and  D.A. Gustafson  (1993). 'Shotgun  correlations  in  software  measures.' Software Engineering Journal , 8(1): 5-13.
 - Curtis, Bill, W.E. Hefley, and  S. Miller  (1995). People  Capability  Maturity  Model, Technical Reports SEI-CMU-TR-95-MM-001 and -002. Pittsburgh, PA: Software Engineering Institute.
 - Curtis, Bill, Marc I. Kellner, and Jim Over (1992). 'Process modeling.' Communications of the ACM , 35(9) (September): 75-90.
A nice survey paper about different ways to model processes.
 - Curtis, Bill, Herb Krasner, and Neil Iscoe (1988).'A field study of the software design process for large systems.' Communications of the ACM , 31(11) (November): 1268-1287.
 - Curtis, Bill, Herb Krasner, Vincent Shen, and Neil Iscoe (1987). 'On building software process models under the lamppost.' In Proceedings of the 9th International Conference on Software Engineering , pp. 96-103. Monterey, CA: IEEE Computer Society Press.
Important paper that suggests that we often model what is easy to model rather than what we need.
An evaluation of the significant activities on 17 software development projects.
 - Cusumano, Michael, and Richard W. Selby (1995). Microsoft Secrets: How the World's Most Powerful Software Company Creates Technology, Shapes Markets and Manages People . New York: Free Press/Simon and Schuster.


[2]
[SECTION]: Planning and Managing the Project > 3.6 Process Models And Project Management
[CONTENT]: We have seen how different aspects of a project can affect the effort, cost, and schedule required, as well as the risks involved. Managers most successful at building quality products on time and within budget are those who tailor the project management techniques to the particular characteristics of the resources needed, the chosen process, and the people assigned.
To understand what to do on your next project, it is useful to examine project management techniques used by successful projects from the recent past. In this section, we look at two projects: Digital's Alpha AXP program and the F-16 aircraft software.We also investigate the merging of process and project management.
","[
    {
        ""role"": ""bullet"",
        ""segment"": ""establishing an appropriately large shared vision"",
        ""citations"": [
            {
                ""type"": ""source_text"",
                ""content"": ""establishing an appropriately large shared vision"",
                ""img_id"": null
            }
        ],
        ""type"": null
    },
    {
        ""role"": ""bullet"",
        ""segment"": ""delegating completely and eliciting specific commitments from participants"",
        ""citations"": [
            {
                ""type"": ""source_text"",
                ""content"": ""delegating completely and eliciting specific commitments from participants"",
                ""img_id"": null
            }
        ],
        ""type"": null
    },
    {
        ""role"": ""bullet"",
        ""segment"": ""inspecting vigorously and providing supportive feedback"",
        ""citations"": [
            {
                ""type"": ""source_text"",
                ""content"": ""inspecting vigorously and providing supportive feedback"",
                ""img_id"": null
            }
        ],
        ""type"": null
    },
    {
        ""role"": ""bullet"",
        ""segment"": ""acknowledging every advance and learning as the program progressed"",
        ""citations"": [
            {
                ""type"": ""source_text"",
                ""content"": ""acknowledging every advance and learning as the program progressed"",
                ""img_id"": null
            }
        ],
        ""type"": null
    }
]","- establishing an appropriately large shared vision
- delegating completely and eliciting specific commitments from participants
- inspecting vigorously and providing supportive feedback
- acknowledging every advance and learning as the program progressed",1.557,9.128
"According to the decision table for library functions, if the input conditions are that the event is reserve and the item is out on loan, what are the exact three actions that must be performed?","
[0]
[SECTION]: Capturing the Requirements > 4.5 Modeling Notations > Example: Decision Tables
[CONTENT]: A decision table (Hurley 1983) is a tabular representation of a functional specification that maps events and conditions to appropriate responses or actions. We say that the specification  is informal because  the  inputs  (events  and  conditions)  and  outputs (actions) may be expressed in natural language, as mathematical expressions, or both.
Figure 4.16 shows a decision table for the library functions borrow , return , reserve , and unreserve . All of the possible input events (i.e., function invocations), conditions, and actions are listed along the left side of the table, with the input events and conditions listed above the horizontal line and the actions listed below the line. Each  column  represents  a  rule  that  maps  a  set  of  conditions  to  its  corresponding result(s). An entry of 'T' in a cell means that the row's input condition is true, 'F' means that the input condition is false, and a dash indicates that the value of the condition does not matter. An entry of 'X' at the bottom of the table means that the row's action should be performed whenever its corresponding input conditions hold. Thus, column 1 represents the situation where a library patron wants to borrow a book, the book is not already out on loan, and the patron has no outstanding fine; in this situation, the loan is approved and a due date is calculated. Similarly, column 7 illustrates the case where there is a request to put a book on reserve but the book is currently out on loan; in this case, the book is recalled and the due date is recalculated to reflect the recall.
This kind of representation can result in very large tables, because the number of conditions to consider is equal to the number of combinations of input conditions.That is, if there are n input conditions, there are possible combinations of conditions. Fortunately, many combinations map to the same set of results and can be combined into a single column. Some combinations of conditions may be infeasible (e.g., an item cannot be borrowed and returned at the same time). By examining decision tables in this way, we can reduce their size and make them easier to understand. 2 n What else can we tell about a requirements specification that is expressed as a decision table? We can easily check whether every combination of conditions has been considered, to determine if the specification is complete. We can examine the table for consistency, by identifying multiple instances of the same input conditions and eliminating any conflicting outputs. We can also search the table for patterns to see how strongly individual input conditions correlate to individual actions. Such a search would be arduous on a specification modeled using a traditional textual notation for expressing mathematical functions.


[1]
[SECTION]: Capturing the Requirements > 4.5 Modeling Notations > Example: UML Statechart Diagrams
[CONTENT]: [FIGURE 4.9 UML statechart diagram for the Publication class.] 
A superstate can actually comprise multiple concurrent submachines, separated by dashed lines.The UML statechart for Publication includes two submachines:one that indicates  whether  or  not  the  publication  is  out  on  loan, and  another  that  indicates whether  or  not  the  publication  is  on  reserve. The  submachines  are  said  to  operate concurrently , in that a Publication instance could at any time receive and respond to events of interest to either or both submachines. In general, concurrent submachines are used  to  model  separate, unrelated  subbehaviors, making  it  easier  to  understand  and consider each subbehavior. An equivalent statechart for Publication in Figure 4.10 that does not make use of state hierarchy or concurrency is comparatively messy and repetitive. Note  that  this  messy  statechart  has  a  state  for  each  combination  of  states from Figure 4.9 ( stacks = Publication is in library and not on reserve, onloan = Publication is on loan and not on reserve, etc.). 3 State transitions are labeled with their enabling events and conditions and with their side effects.Transition labels have syntax where  the  triggering event is  a  message  that  may  carry  parameters. The  enabling condition , delimited by square brackets, is a predicate on the object's attribute values. If the transition is taken, its actions , each prefaced with a slash (/), specify assignments made to the object's attributes; the asterisk indicates that a transition may have arbitrarily  many  actions. If  the  transition  is  taken, it  may  generate  arbitrarily  many output events , /^Object.event , each prefaced with a caret an output event may carry parameters and is either designated for a target Object or is broadcast to all objects. For example, in the messy Publication statechart (Figure 4.10), the transition to state recall is enabled if the publication is in state onloan when a request to put the item on reserve is received.When the transition is taken, it sends an event to the Loan object, which in turn will notify the borrower that the item must be returned to the library sooner than the loan's due date. Each of the transition-label elements is optional. For example, a transition need not be enabled by an input event; it could be enabled  only  by  a  condition  or  by  nothing, in  which  case  the  transition  is  always enabled. 1 ¿ 2 ; ' '*''
[FIGURE_DESCRIPTIONS]
[0] Diagram labeled Publication presents a multi-layered architectural flow with arrows and labeled components. Outer boundary shows a rounded rectangle enclosing the entire diagram. Inside, a larger process box contains a smaller inner process box connected via arrows indicating borrow, allocate, and release operations. Top section labeled publish/borrow/return sequence includes terms such as borrow, allocate, release, and self. An inner box labeled allocation flow shows nodes like alllibrary, allocate, and deallocate, with arrows suggesting creation and return paths. The middle section features a reserve/module area with stacks, reserve, entry, and unreserve labels. A secondary inner box depicts stacks and reserve interactions, including labels such as reserve, unreserve, and alloc. Text elements emphasize lifecycle actions (borrow, return, stash) and indicate a lock/lose boundary at the right. The diagram emphasizes relationships between memory management components, borrowing semantics, and stack-based reservation.

","[
  {
    ""role"": ""paragraph"",
    ""segment"": ""The chatbot can't answer this question. Please try again with another question."",
    ""citations"": [],
    ""type"": ""abstained""
  }
]",The chatbot can't answer this question. Please try again with another question.,1.646,10.327
"In the data-module solution architecture for KWIC, what are the four specific data access operations (represented as an annotated arrow) used by the Master control module to interact with the Index module?","
[0]
[SECTION]: Designing the Architecture > 5.7 Architecture Evaluation And Refinement > Trade-off Analysis
[CONTENT]: [FIGURE 5.14 Data-module solution for KWIC (Shaw and Garlan 1996).] 
Instead, Garlan, Kaiser, and  Notkin  (1992)  propose  a  third  design, shown  in Figure 5.15, in which the data are stored in ADTs that manage generic data types, such as  lines  of  text  and  sets  of  indices, rather  than  in  KWIC-based  data  abstractions. Because ADTs are generic, they are even more reusable than data abstractions. Moreover, the data and operations on data are encapsulated in the ADT modules, so changes to data representation are confined to these modules. This design resembles the first design, in that the system's functionality is decomposed and modularized into computational modules. However, in this design, many of the computational modules are triggered by the occurrence of events rather than by explicit procedure invocation. For example, the circular-shift module is activated whenever a new line of text is input.The design can be easily extended, via new computational modules whose methods are triggered by system events; existing modules do not need to be modified to integrate the new modules into the system.
[FIGURE_DESCRIPTIONS]
[0] Diagram labeled as Master control, Input, and Output with dotted lines indicating System I/O and solid lines for subprogram connections. A KEY box in top-left shows two legends: solid arrow for Subprogram call and dashed line for System I/O. The central Master control node distributes signals to three main blocks: Input, Index, and Alphabetized index, plus an Output block. Input branch displays multiple small vertical elements with captions such as text and input medium flowing into a vertical stack of boxed components, suggesting data intake and processing stages. The Index and Alphabetized index areas include groups of smaller boxes each with text labels (not fully legible) indicating indexing operations and storage. Arrows converge from Master control to the Input, Index, and Output sections, while a separate dotted line pathway seems to represent an input medium. The rightmost Output block shows an arrangement of elements connected to the Alphabetized index, with lines indicating data flow from indexing components to the final output. The overall composition resembles a hierarchical control flow diagram with submodules and labeled pathways for data processing, indexing, and output generation.



[1]
[SECTION]: Designing the Architecture > 5.7 Architecture Evaluation And Refinement > Trade-off Analysis
[CONTENT]: Often, there are several alternative designs to consider. In fact, as professionals, it is our duty to explore design alternatives and not simply implement the first design that comes to mind.For example,it may not be immediately obvious which architectural styles to use as the basis for a design.This is especially true if the design is expected to achieve quality attributes that conflict with one another. Alternatively, different members of our design team may promote competing designs, and it is our responsibility to decide which one to pursue.We need a measurement-based method for comparing design alternatives,so that we can make informed decisions and can justify our decisions to others.
One Specification, Many Designs. To see how different architecture styles can be used to solve the same problem, consider the problem posed by Parnas (1972):
The [key word in context] KWIC system accepts an ordered set of lines; each line is an ordered set of  words, and  each  word  is  an  ordered  set  of  characters. Any  line  may  be 'circularly shifted' by repeatedly removing the first word and appending it at the end of the line.The KWIC index system outputs a list of all circular shifts of all lines in alphabetical order.
Such  systems  are  used  to  index  text, supporting  rapid  searching  for  keywords. For example, KWIC is used in electronic library catalogues (e.g., find all titles that contain the  name 'Martin Luther King Jr.') and in online help systems (e.g., find all index entries that contain the word 'customize').
Shaw and Garlan (1996) present four different architectural designs to implement KWIC: repository, data abstraction, implicit invocation (a type of publish-subscribe), and pipe-and-filter. The  repository-based  solution, shown  in  Figure  5.13, breaks  the problem into its four primary functions: input, circular shift, alphabetize, and output. Thus, the system's functionality is decomposed and modularized. These four modules are coordinated by a master program that calls them in sequence. Because the data are localized in their own modules, and not replicated or passed among the computational modules, the design is efficient. However, as Parnas points out, this design is difficult to change. Because the computational modules access and manipulate the data directly, via read and write operations, any change to the data and data format will affect all modules.Also, none of the elements in the design are particularly reusable.


[2]
[SECTION]: Designing the Architecture > 5.7 Architecture Evaluation And Refinement > Trade-off Analysis
[CONTENT]: [FIGURE 5.15 ADT solution for KWIC (Shaw and Garlan 1996).] 
One complication with an implicit-invocation design is that multiple computational methods may be triggered by the same event. If that happens, all the triggered methods will execute, but in what order? If we do not impose an order, then the triggered methods may execute in any arbitrary order, which may not be desired (e.g., a method that expands macros in new lines of text should execute before a method that inserts a new line into the ADT). However, to control execution order, we must devise some generic strategy that applies to both current and future sets of methods triggered by the same event, and we cannot always predict what methods may be added to the system in the future.
[FIGURE_DESCRIPTIONS]
[0] Diagram showing a hardware architecture with labeled blocks and data flow arrows. Central components include Input, Master control, Circular shift, Alphanumerizer, and Output modules connected by multiple lines indicating data paths. A boxed legend (KEY) defines line styles: solid line for Implicit invocation, dashed line for Subprogram call, and dash-dot line for System I/O. The Input block feeds into a series of vertical columns labeled with terms such as lines and index, and these feed into the Circular shift and Alphanumerizer blocks. The Alphanumerizer outputs to the Output block, which returns to the Master control. There are multiple rectangular sub-entries within the pipeline, suggesting a structured processing flow with feedback loops back to Master control. Text labels visible include Input, Master control, Circular shift, Alphanumerizer, Output, and Input medium / Output medium at lower corners. The diagram emphasizes data routing, control signals, and I/O interactions in a processing system.

","[
  {
    ""role"": ""paragraph"",
    ""segment"": ""The chatbot can't answer this question. Please try again with another question."",
    ""citations"": [],
    ""type"": ""abstained""
  }
]",The chatbot can't answer this question. Please try again with another question.,1.57,8.783
"How does the chronological relationship between errors, faults, and failures described in Chapter 1 fundamentally differ from the analytical direction used when constructing a fault-tree analysis as described in Chapter 5? -Required source types: both -Brief reasoning type label: comparison","
[0]
[SECTION]: Designing the Architecture > 5.5 Achieving Quality Attributes > SIDEBAR 5.6 THE NEED FOR SAFE DESIGN
[CONTENT]: How do faults occur? As we saw in Chapter 1, a fault in a software product is the result  of  some  human  error. For  example, we  might  misunderstand  a  user-interface requirement and create a design that reflects our misunderstanding. The design fault can be propagated as incorrect code, incorrect instructions in the user manual, or incorrect test scripts. In this way, a single error can generate one or more faults, in one or more development products.
We distinguish faults from failures. A failure is an observable departure of the system from its required behavior. Failures can be discovered both before and after system delivery,because they can occur in testing as well as during operation.In some sense,faults and failures refer respectively to invisible and visible flaws. In other words, faults represent flaws that only developers see, whereas failures are problems that users or customers see.
It is important to realize that not every fault corresponds to a failure, since the conditions  under  which  a  fault  manifests  itself  as  an  observable  failure  may  never be met. For example, fault-containing code may never be executed or may not exceed the boundaries of correct behavior (as with Ariane-4).
We make our software more reliable by preventing or tolerating faults. That is, rather than waiting for the software to fail and then fixing the problem, we anticipate what might happen and construct the system to react in an acceptable way.
Active Fault Detection. When we design a system to wait until a failure occurs during execution, we are practicing passive fault detection . However, if we periodically check for symptoms of faults, or try to anticipate when failures will occur, we are performing active fault detection . A common method for detecting faults within a process is  to  identify  known exceptions -that is, situations that cause the system to deviate from its desired behavior. Then, we include exception handling in our design, so that the system addresses each exception in a satisfactory way and returns the system to an acceptable state.Thus, for each service we want our system to provide, we identify ways it may fail and ways to detect that it has failed.Typical exceptions include For example, we can detect data problems by identifying relationships or invariants that should hold among data values and checking regularly at runtime that these invariants still hold at runtime. Such checks can be embedded in the same code that manipulates the data. We say more in Chapter 6 about how to use exceptions and exception handling effectively.
 - failing to provide a service
 - providing the wrong service
 - corrupting data
 - violating a system invariant (e.g., security property)
 - deadlocking


[1]
[SECTION]: Testing the Programs > 8.1 Software Faults And Failures
[CONTENT]: By the time we have coded and are testing program components,we hope that the specifications are correct. Moreover, having used the software engineering techniques described in previous chapters, we have tried to ensure that the design of both the system and its components reflects the requirements and forms a basis for a sound implementation. However, the stages of the software development cycle involve not only our computing skills, but also our communication and interpersonal skills. It is entirely possible that a fault in the software can result from a misunderstanding during an earlier development activity.
It  is  important  to  remember  that  software  faults  are  different  from  hardware faults. Bridges, buildings, and  other  engineered  constructions  may  fail  because  of shoddy materials, poor design, or because their components wear out. But loops do not wear out after several hundred iterations, and arguments are not dropped as they pass from one component to another. If a particular piece of code is not working properly, and if a spurious hardware failure is not the root of the problem, then we can be certain that there is a fault in the code. For this reason, many software engineers refuse to use the term 'bug' to describe a software fault; calling a fault a bug implies that the fault wandered into the code from some external source over which the developers have no control. In building software, we use software engineering practices to control the quality of the code we write.
In previous chapters, we examined many of the practices that help minimize the introduction of faults during specification and design. In this chapter, we examine techniques that can minimize the occurrence of faults in the program code itself.


[2]
[SECTION]: Designing the Architecture > 5.7 Architecture Evaluation And Refinement > Safety Analysis
[CONTENT]: We learned earlier about the importance of fault identification, correction, and tolerance in creating reliable and robust designs.There are several techniques that can be used during design to identify possible faults or their likely locations. Fault-tree analysis , a method originally  developed  for  the  U.S. Minuteman  missile  program, helps  us  to  examine  a design and look for faults that might lead to failure.We build fault trees that trace backwards through a design, along the logical path from effect to cause. The trees are then used to help us decide which faults to correct or avoid, and which faults to tolerate.
We begin our analysis by identifying possible failures.Although our identification takes place during design, we consider failures that might be affected by design, operation, or even maintenance. We can use a set of guidewords to help us understand how the system might deviate from its intended behavior. Table 5.1 illustrates some of the guidewords  that  might  be  used; you  can  select  your  own  guidewords  or  checklists, based on your system's application domain.
Next, we build an upside-down tree whose root node is some failure that we want to analyze, and whose other nodes are events or faults that realize or lead to the root node's failure. The edges of the graph indicate the relationships among nodes. Parent nodes are drawn as logic gate operators: an and -gate if both of the child nodes' events must occur for the parent node's event to occur; an orgate if one child's event is sufficient to cause the parent's event. Sometimes, an edge is labeled n_of_m if the system includes m redundant components, where n faulty components lead to the designated failure. Each node represents an independent event; otherwise, the analysis results may be invalid, especially with respect to compound faults.
","[
  {
    ""role"": ""paragraph"",
    ""segment"": ""Chronologically, Chapter 1 describes errors in the real world (human error) leading to faults, and then to failures that may or may not occur depending on runtime conditions—i.e., a fault is the result of human error, a failure is an observable departure from required behavior, and not every fault becomes a failure."",
    ""citations"": [
      {
        ""type"": ""source_text"",
        ""content"": ""a fault in a software product is the result  of  some  human  error"",
        ""img_id"": null
      },
      {
        ""type"": ""source_text"",
        ""content"": ""A failure is an observable departure of the system from its required behavior"",
        ""img_id"": null
      },
      {
        ""type"": ""source_text"",
        ""content"": ""not every fault corresponds to a failure"",
        ""img_id"": null
      }
    ]
  },
  {
    ""role"": ""paragraph"",
    ""segment"": ""Analytically, Chapter 5 uses fault-tree analysis to work backward from a known or potential failure to identify the faults and events that could cause it, i.e., an upside-down tree with a root failure and edges representing relationships among faults and events."",
    ""citations"": [
      {
        ""type"": ""source_text"",
        ""content"": ""Fault-tree analysis , a method originally  developed  for  the  U.S. Minuteman  missile  program, helps  us  to  examine  a design and look for faults that might lead to failure"",
        ""img_id"": null
      },
      {
        ""type"": ""source_text"",
        ""content"": ""Next, we build an upside-down tree whose root node is some failure that we want to analyze, and whose other nodes are events or faults that realize or lead to the root node's failure"",
        ""img_id"": null
      },
      {
        ""type"": ""source_text"",
        ""content"": ""The edges of the graph indicate the relationships among nodes. Parent nodes are drawn as logic gate operators"",
        ""img_id"": null
      }
    ]
  }
]","Chronologically, Chapter 1 describes errors in the real world (human error) leading to faults, and then to failures that may or may not occur depending on runtime conditions—i.e., a fault is the result of human error, a failure is an observable departure from required behavior, and not every fault becomes a failure.

Analytically, Chapter 5 uses fault-tree analysis to work backward from a known or potential failure to identify the faults and events that could cause it, i.e., an upside-down tree with a root failure and edges representing relationships among faults and events.",1.558,9.755
Contrast how the traditional Waterfall process model and the Extreme Programming (XP) agile method handle the documentation of requirements and the adaptation to changing requirements late in the development cycle. -Required source types: text -Brief reasoning type label: comparison,"
[0]
[SECTION]: Capturing the Requirements > 4.2 Requirements Elicitation > SIDEBAR 4.2 AGILE REQUIREMENTS MODELING
[CONTENT]: A s we noted in Chapter 2, requirements analysis plays a large role in deciding whether to use agile methods as the basis for software development. If the requirements are tightly coupled and complex, or if future requirements and enhancements are likely to cause major changes to the system's architecture, then we may be better off with a 'heavy' process that emphasizes  up-front  modeling. In  a  heavy  process, developers  put  off  coding  until  the requirements have been modeled and analyzed, an architecture is proposed that reflects the requirements, and a detailed design has been chosen. Each of these steps requires a model, and the models are related and coordinated so that the design fully implements the requirements.This approach is most appropriate for large-team development, where the documentation helps the developers to coordinate their work, and for safety-critical systems, where a system's correctness and safety are more important than its release date.
However, for problems where the requirements are uncertain, it can be cumbersome to employ a heavy process and have to update the models with every change to the requirements.As an alternative approach, agile methods gather and implement the requirements in increments.The initial release implements the most essential requirements, as defined by the stakeholders' business goals.As new requirements emerge with use of the system or with better understanding of the problem, they are implemented in subsequent releases of the system. This incremental development allows for 'early and continuous delivery of valuable software' (Beck et al. 2004) and accommodates emergent and late-breaking requirements.
Extreme programming (XP) takes agile requirements processes to the extreme, in that the system is built to the requirements that happen to be defined at the time, with no planning or designing for possible future requirements. Moreover, XP forgoes traditional requirements documentation, and instead encodes the requirements as test cases that the eventual implementation must pass.Berry (2002a) points out that the trade-off for agile methods' flexibility is the difficulty of making changes to the system as requirements are added, deleted, or changed. But there can be additional problems: XP uses test cases to specify requirements, so a poorly written test case can lead to the kinds of misunderstandings described in this chapter.


[1]
[SECTION]: Modeling the Process and Life Cycle > 2.2 Software Process Models > Agile Methods
[CONTENT]:  - Refactoring: As  the  system  is  built, it  is  likely  that  requirements  will  change. Because  a  major  characteristic  of  XP  philosophy  is  to  design  only  to  current requirements, it is often the case that new requirements force the developers to reconsider their existing design. Refactoring refers to revisiting the requirements and  design, reformulating  them  to  match  new  and  existing  needs. Sometimes refactoring addresses ways to restructure design and code without perturbing the system's external behavior. The refactoring is done in small steps, supported by unit tests and pair programming, with simplicity guiding the effort.We will discuss the difficulties of refactoring in Chapter 5.
 - Pair programming: As noted in Chapter 1, there is a tension between viewing software engineering as an art and as a science. Pair programming attempts to address  the  artistic  side  of  software  development, acknowledging  that  the apprentice-master metaphor can be useful in teaching novice software developers how to develop the instincts of masters. Using one keyboard, two paired programmers develop a system from the specifications and design. One person has responsibility for finishing the code, but the pairing is flexible: a developer may have more than one partner on a given day.We will see in Chapter 7 how pair programming compares with the more traditional approach of individuals working separately until their modules have been unit-tested.
 - Collective ownership: In XP, any developer can make a change to any part of the system as it is being developed. In Chapter 11, we will address the difficulties in managing change, including the errors introduced when two people try to change the same module simultaneously.
 - Continuous integration: Delivering functionality quickly means that working systems  can  be  promised  to  the  customer  daily  and  sometimes  even  hourly. The emphasis is on small increments or improvements rather than on grand leaps from one revision to the next.
 - Sustainable pace: XP's emphasis on people includes acknowledging that fatigue can produce errors. So proponents of XP suggest a goal of 40 hours for each work week; pushing developers to devote heroic amounts of time to meeting deadlines is  a  signal  that  the  deadlines  are  unreasonable  or  that  there  are  insufficient resources for meeting them.
 - On-site customer: Ideally, a customer should be present on-site, working with the developers to determine requirements and providing feedback about how to test them.


[2]
[SECTION]: Modeling the Process and Life Cycle > 2.2 Software Process Models > SIDEBAR 2.2 WHEN IS EXTREME TOO EXTREME?
[CONTENT]: A s with most software development approaches, agile methods are not without their critics. For example, Stephens and Rosenberg (2003) point out that many of extreme programming's practices are interdependent, a vulnerability if one of them is modified. To see why, suppose some people are uncomfortable with pair programming. More coordination and documentation may be required to address the shared vision that is missing when people work on their own. Similarly, many developers prefer to do some design before they write code. Scrum addresses this preference by organizing around monthly sprints. Elssamadissy and Schalliol (2002) note that, in extreme programming, requirements are expressed as a set of test cases that must be passed by the software.This approach may cause customer representatives to focus on the test cases instead of the requirements. Because the test cases are a detailed expression of the requirements and may be solution oriented, the emphasis on test cases can distract the representatives from the project's underlying goals and can lead to a situation where the system passes all the tests but is not what the customers thought they were paying for.As we will see in Chapter 5, refactoring may be the Achilles heel of agile methods; it is difficult to rework a software system without degrading its architecture.
","[
    {
        ""role"": ""paragraph"",
        ""segment"": ""Waterfall (traditional) emphasizes upfront modeling and documentation of requirements, with steps that include modeling requirements, proposing an architecture that reflects them, and selecting a detailed design before coding."",
        ""citations"": [
            {
                ""type"": ""source_text"",
                ""content"": ""In a heavy process, developers put off coding until the requirements have been modeled and analyzed, an architecture is proposed that reflects the requirements, and a detailed design has been chosen."",
                ""img_id"": null
            }
        ],
        ""type"": null
    },
    {
        ""role"": ""paragraph"",
        ""segment"": ""XP, by contrast, encodes requirements as test cases and delivers software in increments, allowing new requirements to be implemented in subsequent releases as use reveals them; it emphasizes early delivery and flexibility over upfront documentation, though it notes that changes to requirements can be difficult and may require refactoring."",
        ""citations"": [
            {
                ""type"": ""source_text"",
                ""content"": ""Moreover, XP forgoes traditional requirements documentation, and instead encodes the requirements as test cases that the eventual implementation must pass."",
                ""img_id"": null
            },
            {
                ""type"": ""source_text"",
                ""content"": ""The initial release implements the most essential requirements, as defined by the stakeholders' business goals. As new requirements emerge with use of the system or with better understanding of the problem, they are implemented in subsequent releases of the system."",
                ""img_id"": null
            },
            {
                ""type"": ""source_text"",
                ""content"": ""trade-off for agile methods' flexibility is the difficulty of making changes to the system as requirements are added, deleted, or changed."",
                ""img_id"": null
            },
            {
                ""type"": ""source_text"",
                ""content"": ""Refactoring refers to revisiting the requirements and design, reformulating them to match new and existing needs."",
                ""img_id"": null
            }
        ],
        ""type"": null
    }
]","Waterfall (traditional) emphasizes upfront modeling and documentation of requirements, with steps that include modeling requirements, proposing an architecture that reflects them, and selecting a detailed design before coding.

XP, by contrast, encodes requirements as test cases and delivers software in increments, allowing new requirements to be implemented in subsequent releases as use reveals them; it emphasizes early delivery and flexibility over upfront documentation, though it notes that changes to requirements can be difficult and may require refactoring.",1.433,7.76
"Based on the Application Point approach in COCOMO II Stage 1, how do the number of data tables and views determine the complexity weight of a screen, and how is that weight ultimately combined with CASE maturity and developer experience to calculate an initial effort estimate? -Required source types: both -Brief reasoning type label: process reasoning","
[0]
[SECTION]: Planning and Managing the Project > 3.7 Information Systems Example
[CONTENT]: Let us return to the Piccadilly Television airtime sales system to see how we might estimate the amount of effort required to build the software. Because we are in the preliminary stages of understanding just what the software is to do, we can use COCOMO II's initial effort model to suggest the number of person-months needed. A person-month is the amount of time one person spends working on a software development project for one month.The COCOMO model assumes that the number of person-months does not include holidays and vacations, nor time off at weekends. The number of personmonths is not the same as the time needed to finish building the system. For instance, a system may require 100 person-months, but it can be finished in one month by having ten people work in parallel for one month, or in two months by having five people work in parallel (assuming that the tasks can be accomplished in that manner).
The first COCOMO II model, application composition, is designed to be used in the  earliest  stages  of  development. Here, we  compute  application  points  to  help  us determine the likely size of the project.The application point count is determined from three calculations: the number of server data tables used with a screen or report, the number of client data tables used with a screen or report, and the percentage of screens, reports, and modules reused from previous applications. Let us assume that we are not reusing any code in building the Piccadilly system. Then we must begin our estimation process by predicting how many screens and reports we will be using in this application. Suppose our initial estimate is that we need three screens and one report:
 - a booking screen to record a new advertising sales booking
 - a ratecard screen showing the advertising rates for each day and hour
 - an availability screen showing which time slots are available
 - a sales report showing total sales for the month and year, and comparing them with previous months and years For each screen or report, we use the guidance in Table 3.10 and an estimate of the number of data tables needed to produce a description of the screen or report. For example,the booking screen may require the use of three data tables:a table of available time slots, a table of past usage by this customer, and a table of the contact information for this customer (such as name, address, tax number, and sales representative handling the sale).Thus, the number of data tables is fewer than four, so we must decide whether we need more than eight views. Since we are likely to need fewer than eight views, we rate the booking screen as 'simple' according to the application point table. Similarly, we may rate the ratecard screen as 'simple,'the availability screen as 'medium,'and the sales report as 'medium.' Next, we use Table 3.11 to assign a complexity rate of 1 to simple screens, 2 to medium screens, and 5 to medium reports; a summary of our ratings is shown in Table 3.15.


[1]
[SECTION]: Planning and Managing the Project > 3.3 Effort Estimation > Algorithmic Methods
[CONTENT]: COCOMO II also includes models of reuse, takes into account maintenance and breakage (i.e., the change in requirements over time), and more. As with the original COCOMO,the model includes cost factors to adjust the initial effort estimate.A research group at the University of Southern California is assessing and improving its accuracy.
Let us look at COCOMO II in more detail.The basic model is of the form where the initial size-based estimate, is adjusted by the vector of cost driver information, m ( ). Table 3.9 describes the cost drivers at each stage, as well as the use of other models to modify the estimate. bS c , E = bS c m 1 X 2 At stage 1, application points supply the size measure. This size measure is an extension of the object-point approach suggested by Kauffman and Kumar (1993) and productivity data reported by Banker, Kauffman, and Kumar (1992).To compute application points, you first count the number of screens, reports, and third-generation language components that will be involved in the application. It is assumed that these elements are defined in a standard way as part of an integrated computer-aided software engineering environment. Next, you classify each application element as simple, medium,or difficult. Table 3.10 contains guidelines for this classification.


[2]
[SECTION]: Planning and Managing the Project > 3.3 Effort Estimation > Algorithmic Methods
[CONTENT]:  - extra low if it has fewer than 3 months of experience
 - very low if it has at least 3 but fewer than 5 months of experience
 - low if it has at least 5 but fewer than 9 months of experience
 - nominal if it has at least 9 months but less than one year of experience
 - high if it has at least 1 year but fewer than 2 years of experience
 - very high if it has at least 2 years but fewer than 4 years of experience
 - extra high if it has at least 4 years of experience
|    | 0          | 1                                                                                          |
|---:|:-----------|:-------------------------------------------------------------------------------------------|
|  0 | TABLE 3.13 | Tool Use Categories                                                                        |
|  1 | Category   | Meaning                                                                                    |
|  2 | Very low   | Edit, code,debug                                                                           |
|  3 | Low        | Simple front-end, back-end CASE,little integration                                         |
|  4 | Nominal    | Basic life-cycle tools, moderately integrated                                              |
|  5 | High       | Strong,mature life-cycle tools, moderately integrated                                      |
|  6 | Very high  | Strong, mature, proactive life-cycle tools, well-integrated with processes, methods, reuse |
Notice that stage 2 of COCOMO II is intended for use during the early stages of design.The set of cost drivers in this stage is smaller than the set used in stage 3, reflecting lesser understanding of the project's parameters at stage 2.
The various components of the COCOMO model are intended to be tailored to fit  the  characteristics  of  your  own  organization. Tools  are  available  that  implement COCOMO II and compute the estimates from the project characteristics that you supply. Later in this chapter, we will apply COCOMO to our information system example.
","[
  {
    ""role"": ""paragraph"",
    ""segment"": ""In the Application Point approach at COCOMO II Stage 1, you first count the screens and reports and classify each as simple, medium, or difficult. The number of data tables used by a screen helps determine its complexity level; for example, the booking screen may require three data tables (a table of available time slots, a table of past usage by this customer, and a table of the contact information for this customer). Since we are likely to need fewer than eight views, the booking screen is rated as simple according to the application point table. The rule provided assigns a complexity weight from Table 3.11: 1 for simple screens, 2 for medium screens, and 5 for medium reports."",
    ""citations"": [
      {
        ""type"": ""source_text"",
        ""content"": ""the booking screen may require the use of three data tables:a table of available time slots, a table of past usage by this customer, and a table of the contact information for this customer (such as name, address, tax number, and sales representative handling the sale).Thus, the number of data tables is fewer than four, so we must decide whether we need more than eight views. Since we are likely to need fewer than eight views, we rate the booking screen as 'simple' according to the application point table."",
        ""img_id"": null
      },
      {
        ""type"": ""source_text"",
        ""content"": ""Next, we use Table 3.11 to assign a complexity rate of 1 to simple screens, 2 to medium screens, and 5 to medium reports;"",
        ""img_id"": null
      },
      {
        ""type"": ""source_text"",
        ""content"": ""the initial size-based estimate, is adjusted by the vector of cost driver information, m ( )."",
        ""img_id"": null
      },
      {
        ""type"": ""source_text"",
        ""content"": ""At stage 1, application points supply the size measure."",
        ""img_id"": null
      }
    ]
  }
]","In the Application Point approach at COCOMO II Stage 1, you first count the screens and reports and classify each as simple, medium, or difficult. The number of data tables used by a screen helps determine its complexity level; for example, the booking screen may require three data tables (a table of available time slots, a table of past usage by this customer, and a table of the contact information for this customer). Since we are likely to need fewer than eight views, the booking screen is rated as simple according to the application point table. The rule provided assigns a complexity weight from Table 3.11: 1 for simple screens, 2 for medium screens, and 5 for medium reports.",1.791,9.724
"In software architecture, how does the method of passing and storing data between computational units in a Pipe-and-Filter architecture differ from the interactions in a Blackboard repository architecture? -Required source types: both -Brief reasoning type label: structure interpretation","
[0]
[SECTION]: Designing the Architecture > 5.4 Architectural Styles And Strategies > Pipe-and-Filter
[CONTENT]: In a pipe-and-filter style, illustrated in Figure 5.6, system functionality is achieved by passing input data through a sequence of data-transforming components, called filters , to produce output data. Pipes are connectors that simply transmit data from one filter to  the  next  without  modifying  the  data. Each  filter  is  an  independent  function  that makes no assumptions about other filters that may be applied to the data.Thus, we can build our system by connecting together different filters to form a variety of configurations. If the format of the data is fixed-that is, if all of the filters and pipes assume a common  representation  of  the  data  being  transmitted-then  we  can  join  filters together in any configuration. Such systems have several important properties (Shaw and Garlan 1996):
 - We can understand the system's transformation of input data to output data as the functional composition of the filters' data transformations.
[FIGURE 5.6 Pipes and filters.] 
 - Filters can be reused in any other pipe-and-filter style program that assumes the same  format  for  input  and  output  data. Examples  of  such  filters  and  systems include image-processing systems and Unix shell programs.
 - System evolution is relatively easy; we can simply introduce new filters into our system's configuration, or replace or remove existing filters, without having to modify other parts of the system.
 - Because of filter independence, we can perform certain types of analyses, such as throughput analysis.
[FIGURE_DESCRIPTIONS]
[0] Diagrammatic schematic illustrating a multi-path signal flow with several horizontal lanes. Leftmost input enters three parallel branches, each proceeding through individual rectangular blocks connected by arrows to merge into downstream nodes. A separate, smaller inset labeled KEY in the upper-right shows a simple legend: Pipe → and Filter with corresponding symbols. The main flow features vertically offset branches that converge into a central bus, indicating parallel processing paths, synchronization points, and potential combining of signals. Rectangular blocks represent processing stages; arrows denote data or signal direction. The overall layout emphasizes modular stages and inter-branch communication, suitable for depicting theory-practice pipeline concepts or dataflow architectures.



[1]
[SECTION]: Designing the Architecture > 5.4 Architectural Styles And Strategies > Pipe-and-Filter
[CONTENT]:  - There are performance penalties when using a pipe-and-filter  architecture. To support a fixed data format during data transmission, each filter must parse input data before performing its computation and then convert its results back to the fixed data format for output. This repeated parsing and unparsing of data can hamper system performance. It can also make the construction of the individual filters more complex.
In some pipe-and-filter style systems, the filters are independent data-transforming functions, but  the  representation  of  data  passed  between  filters  is  not  fixed. For example, old-style compilers had pipe-and-filter architectures in which the output of each filter (e.g., the lexical analyzer or the parser) was fed directly into the next filter. Because the filters in such systems are independent and have precise input and output formats, it is easy to replace and improve filters but hard to introduce or remove filters. For example, to remove a filter, we may need to substitute a stub that converts the output from the previous filter into the input format expected by the next filter.


[2]
[SECTION]: Designing the Architecture > 5.7 Architecture Evaluation And Refinement > Trade-off Analysis
[CONTENT]: This complication leads us to a fourth design, based on a pipe-and-filter architecture (Figure 5.16), where the sequence of processing is controlled by the sequence of the filter modules.This design is easily extended to include new features, in that we can simply insert additional filters into the sequence. Also, each filter is an independent entity that can be changed without affecting other filters. The design supports the reuse of filters in other pipe-and-filter applications, as long as a filter's input data is in the form that it expects (Shaw and Garlan 1996).The filters may execute in parallel, processing inputs as they are received (although the Alphabetizer cannot output its results until it has received and sorted all of the input lines); this concurrent processing can enhance performance. Unlike the other designs, a data item is no longer stored in any location, but rather flows from one filter to another, being transformed along the way. As such, the design is not conducive to changes that would require the storage of persistent data,
[FIGURE 5.16 Pipe-and-filter solution for KWIC (Shaw and Garlan 1996).] 
[FIGURE_DESCRIPTIONS]
[0] Diagram shows a block flow with a legend labeled KEY: Pipe, System I/O. At top, a left-to-right sequence begins with Input medium, then Input, then Circular shift. A secondary path branches downward into a sub-process: Alphabetizer followed by Output, then Output medium. The blocks are rectangular with rounded corners and connected by arrows indicating data or material flow. The legend indicates line types: solid line for Pipe and dashed line for System I/O. Text labels include 'Input medium', 'Input', 'Circular shift', 'Alphabetizer', 'Output', and 'Output medium'. The overall layout suggests two parallel processing paths, one for input handling and rotation (circular shift) and another for audio/data transformation via an alphabetization step, culminating in an output medium. No numerical values are present. The diagram emphasizes workflow sequencing and data routing between components.

","[
    {
        ""role"": ""paragraph"",
        ""segment"": ""The chatbot can't answer this question. Please try again with another question."",
        ""citations"": [],
        ""type"": ""abstained""
    }
]",The chatbot can't answer this question. Please try again with another question.,1.486,3.537
"According to the V-model of software development, how do the specific objectives of validation and verification map to the different testing phases on the right side of the ""V"" relative to the analysis and design phases on the left? -Required source types: both -Brief reasoning type label: synthesis","
[0]
[SECTION]: Modeling the Process and Life Cycle > 2.2 Software Process Models > V Model
[CONTENT]: The V model is a variation of the waterfall model that demonstrates how the testing activities are related to analysis and design (German Ministry of Defense 1992). As shown in Figure 2.4, coding forms the point of the V, with analysis and design on the left, testing and maintenance on the right. Unit and integration testing addresses the correctness of programs, as we shall see in later chapters. The V model suggests that unit and integration testing can also be used to verify the program design. That is, during unit and integration testing, the coders and test team members should ensure that all aspects of the program design have been implemented correctly in the code. Similarly, system testing should verify the system design, making sure that all system design aspects are correctly implemented. Acceptance testing, which is conducted by the customer rather than the developer, validates the requirements by associating a testing step with each element of the specification; this type of testing checks to see that all requirements have been fully implemented before the system is accepted and paid for.
The model's linkage of the left side with the right side of the V implies that if problems are found during verification and validation, then the left side of the V can be reexecuted to fix and improve the requirements, design, and code before the testing steps on the right side are reenacted. In other words, the V model makes more explicit some of the iteration and rework that are hidden in the waterfall depiction. Whereas the focus of the waterfall is often documents and artifacts, the focus of the V model is activity and correctness.
[FIGURE 2.4 The V model.] 
[FIGURE_DESCRIPTIONS]
[0] Diagram illustrating software development lifecycle and V-model relationships. Top-left block labeled REQUIREMENTS ANALYSIS connects via a dashed line to VALIDATE requirements? with a curved path toward OPERATION & MAINTENANCE on top-right. Downward flow from REQUIREMENTS ANALYSIS to SYSTEM DESIGN, then to PROGRAM DESIGN, and further to CODING at bottom center. Side branches show SYSTEM DESIGN and PROGRAM DESIGN feeding into UNIT & INTEGRATION TESTING and SYSTEM TESTING respectively, with arrows indicating verification activities. ACCEPTANCE TESTING sits to the right with a solid line from SYSTEM TESTING, implying validation of system readiness. Labels include VERIFY design, Validate requirements, and the dashed lines suggest verification and validation steps between design, testing, and requirements. The figure caption reads FIGURE 2.4 The V-model.



[1]
[SECTION]: Modeling the Process and Life Cycle > 2.2 Software Process Models > SIDEBAR 2.1 DRAWBACKS OF THE WATERFALL MODEL
[CONTENT]: Often, the user interface is built and tested as a prototype, so that the users can understand what the new system will be like, and the designers get a better sense of how the  users  like  to  interact  with  the  system. Thus, major  kinks  in  the  requirements  are addressed and fixed well before the requirements are officially validated during system testing; validation ensures  that  the  system  has  implemented  all  of  the  requirements, so that  each  system  function  can  be  traced  back  to  a  particular  requirement  in  the specification. System testing also verifies the requirements; verification ensures that each function works correctly.That is, validation makes sure that the developer is building the right product (according to the specification), and verification checks the quality of the implementation. Prototyping is useful for verification and validation, but these activities can occur during other parts of the development process, as we will see in later chapters.
[FIGURE 2.3 The waterfall model with prototyping.] 
[FIGURE_DESCRIPTIONS]
[0] Diagram of a software engineering lifecycle showing iterative and waterfall-like progressions with labeled stages: Requirements Analysis, System Design, Program Design, Coding, Unit & Integration Testing, System Testing, Acceptance Testing, and finally Operation & Maintenance. Arrows indicate flow direction and verification/validation relationships; dotted lines imply feedback loops from later stages back to earlier ones. Visual cues include stacked block shapes for each phase arranged diagonally downward to the right, with bold header labels inside each block. Additional small blocks or connectors show PROTOTYPING and the dashed curved arrows labeled Verify and Validate connecting back to Requirements Analysis and earlier stages. Text elements present: REQUIREMENTS ANALYSIS, SYSTEM DESIGN, PROGRAM DESIGN, CODING, UNIT & INTEGRATION TESTING, SYSTEM TESTING, ACCEPTANCE TESTING, OPERATION & MAINTENANCE, PROTOTYTING (likely PROTOTYPING). The diagram emphasizes verification, validation, and backtracking loops within a software development process model.



[2]
[SECTION]: Capturing the Requirements > 4.9 Validation And Verification > Requirements Validation
[CONTENT]:  - We can talk about testing the system: how the requirements will be revalidated as the requirements grow and change; who will provide test data to the test team; which requirements will be tested in which phases, if the system is to be developed in phases.
Whenever a problem is identified, the problem is documented, its cause is determined, and the requirements analysts are charged with the task of fixing the problem. For example, validation may reveal that there is a great misunderstanding about the way in which a certain function will produce results.The customers may require data to be reported in miles, whereas the users want the data in kilometers.The customers may set a reliability or availability goal that developers deem impossible to meet.These conflicts need to be resolved before design can begin. To resolve a conflict, the developers may need to construct simulations or prototypes to explore feasibility constraints and then work with the customer to agree on an acceptable requirement. Sidebar 4.8 discusses the nature and number of requirements-related problems you are likely to find.
Our choice of validation technique depends on the experience and preferences of the stakeholders and on the technique's appropriateness for the notations used in the requirements definition. Some notations have tool support for checking consistency and completeness. There are also tools that can help with the review process and with tracking problems and their resolutions. For example, some tools work with you and the customer to reduce the amount of uncertainty in the requirements.This book's Web page points to requirements-related tools.
","[
  {
    ""role"": ""paragraph"",
    ""segment"": ""In the V-model, verification corresponds to testing activities that confirm the implementation matches the design (e.g., unit and integration testing address the correctness of programs, and system testing should verify the system design). Validation corresponds to testing that ensures the product meets the intended requirements (acceptance testing, conducted by the customer, validates the requirements)."",
    ""citations"": [
      {
        ""type"": ""source_text"",
        ""content"": ""Unit and integration testing addresses the correctness of programs"",
        ""img_id"": null
      },
      {
        ""type"": ""source_text"",
        ""content"": ""system testing should verify the system design"",
        ""img_id"": null
      },
      {
        ""type"": ""source_text"",
        ""content"": ""Acceptance testing, which is conducted by the customer rather than the developer, validates the requirements"",
        ""img_id"": null
      }
    ],
    ""type"": null
  }
]","In the V-model, verification corresponds to testing activities that confirm the implementation matches the design (e.g., unit and integration testing address the correctness of programs, and system testing should verify the system design). Validation corresponds to testing that ensures the product meets the intended requirements (acceptance testing, conducted by the customer, validates the requirements).",1.577,4.703
"Why might a Chief Programmer team be a poor organizational choice if the majority of the team members are categorized as ""Rational Introverts"" in Jung's work styles framework, and what alternative team structure is recommended for highly uncertain projects? -Required source types: both -Brief reasoning type label: causal reasoning","
[0]
[SECTION]: Planning and Managing the Project > 3.2 Project Personnel > Project Organization
[CONTENT]: [FIGURE 3.11 Chief programmer team organization.] 
Clearly, the chief programmer must be good at making decisions quickly, so the chief is likely to be an extrovert. However, if most of the team members are introverts, the chief programmer team may not be the best structure for the project. An alternative is based on the idea of 'egoless' programming, as described by Weinberg (1971). Instead of a single point of responsibility, an egoless approach holds everyone equally responsible. Moreover, the process is separated from the individuals; criticism is made of  the  product  or  the  result, not  the  people  involved. The  egoless  team  structure  is democratic, and all team members vote on a decision, whether it concerns design considerations or testing techniques.
Of course, there are many other ways to organize a development or maintenance project, and the two described above represent extremes.Which structure is preferable? The more people on the project, the more need there is for a formal structure. Certainly, a development team with only three or four members does not always need an elaborate organizational structure. However, a team of several dozen workers must have a welldefined organization.In fact, your company or your customer may impose a structure on the development team, based on past success, on the need to track progress in a certain way, or on the desire to minimize points of contact. For example, your customer may insist that the test team be totally independent of program design and development.
[FIGURE_DESCRIPTIONS]
[0] Organizational chart illustrating a hierarchical software team structure. At the top is Chief programmer, followed by Assistant chief programmer directly beneath. A level below shows four parallel departments: Senior programmers, Librarians, Administration, and Test team. Under Senior programmers, there is a subordinate Junior programmers unit. The diagram uses rectangular nodes with connecting lines to indicate reporting relationships. The visible text within nodes includes: 'Chief programmer', 'Assistant chief programmer', 'Senior programmers', 'Librarians', 'Administration', 'Test team', and 'Junior programmers'. The layout presents a classic pyramid-like management hierarchy with a single top role, a mid-level management layer, and a bottom tier of developers, emphasizing the division of responsibilities across functions.



[1]
[SECTION]: Planning and Managing the Project > 3.2 Project Personnel > Project Organization
[CONTENT]: Software development and maintenance project teams do not consist of people working independently or without coordination. Instead, team members are organized in ways that  enhance the swift completion of quality products. The choice of an appropriate structure for your project depends on several things:
 - the backgrounds and work styles of the team members
 - the number of people on the team
 - the management styles of the customers and developers Good project managers are aware of these issues, and they seek team members who are flexible enough to interact with all players, regardless of work style.
One popular organizational structure is the chief programmer team, first used at IBM (Baker 1972).On a chief programmer team , one person is totally responsible for a system's design and development. All other team members report to the chief programmer, who has the final say on every decision.The chief programmer supervises all others, designs all programs, and assigns the code development to the other team members. Assisting the chief is an understudy, whose principal job is substituting for the chief programmer when necessary. A librarian assists the team, responsible for maintaining all project documentation. The librarian also compiles and links the code, and performs preliminary testing of all modules submitted to the library. This division of labor allows the programmers to focus on what they do best: programming.
The organization of the chief programmer team is illustrated in Figure 3.11. By placing all responsibility for all decisions with the chief programmer, the team structure minimizes the amount of communication needed during the project.Each team member must communicate often with the chief, but not necessarily with other team members. Thus, if the team consists of programmers plus the chief, the team can establish only paths of communication (one path for each team member's interaction with the chief) out of a potential paths. For example, rather than working out a problem themselves, the programmers can simply approach the chief for an answer. Similarly, the chief reviews all design and code, removing the need for peer reviews. n 1 n -1 2> 2 n -1 n -1 Although a chief programmer team is a hierarchy, groups of workers may be formed to accomplish a specialized task. For instance, one or more team members may form an administrative group to provide a status report on the project's current cost and schedule.


[2]
[SECTION]: Planning and Managing the Project > 3.10 What This Chapter Means For Your Development Team
[CONTENT]: At  the  same  time, you  have  learned  how  to  organize  a  development  team  so  that team interaction helps produce a better product. There are several choices for team structure, from  a  hierarchical  chief  programmer  team  to  a  loose, egoless  approach. Each has its benefits, and each depends to some degree on the uncertainty and size of the project.
We have also seen how the team can work to anticipate and reduce risk from the project's beginning. Redundant functionality, team reviews, and other techniques can help us catch errors early, before they become embedded in the code as faults waiting to cause failures.
Similarly, cost estimation should be done early and often, including input from team members about progress in specifying, designing, coding, and testing the system. Cost estimation and risk management can work hand in hand; as cost estimates raise concerns about finishing on time and within budget, risk management techniques can be used to mitigate or even eliminate risks.
","[
  {
    ""role"": ""paragraph"",
    ""segment"": ""A Chief Programmer team may be a poor organizational choice when the majority of team members are Rational Introverts because the approach relies on a single person (the chief programmer) making quick decisions and directing all design and development work, which can be difficult if most team members are not extroverted and highly engaged in centralized decision-making."",
    ""citations"": [
      {
        ""type"": ""source_text"",
        ""content"": ""the chief programmer must be good at making decisions quickly, so the chief is likely to be an extrovert. However, if most of the team members are introverts, the chief programmer team may not be the best structure for the project."",
        ""img_id"": null
      }
    ],
    ""type"": null
  },
  {
    ""role"": ""paragraph"",
    ""segment"": ""For highly uncertain projects, an alternative is the egoless approach, where everyone is equally responsible, the process is separated from the individuals, and the effforts are evaluated on the product rather than people; the egoless team structure is democratic and all team members vote on decisions."",
    ""citations"": [
      {
        ""type"": ""source_text"",
        ""content"": ""an egoless approach holds everyone equally responsible. Moreover, the process is separated from the individuals; criticism is made of the product or the result, not the people involved. The egoless team structure is democratic, and all team members vote on a decision."",
        ""img_id"": null
      }
    ],
    ""type"": null
  },
  {
    ""role"": ""paragraph"",
    ""segment"": ""Additionally, for highly uncertain projects, teams may move away from a strict Chief Programmer hierarchy toward a looser, egoless structure, recognizing that different project uncertainties and sizes call for flexible organizational choices."",
    ""citations"": [
      {
        ""type"": ""source_text"",
        ""content"": ""One popular organizational structure is the chief programmer team, first used at IBM (Baker 1972). ... Although a chief programmer team is a hierarchy, groups of workers may be formed to accomplish a specialized task."",
        ""img_id"": null
      },
      {
        ""type"": ""source_text"",
        ""content"": ""From a hierarchical chief programmer team to a loose, egoless approach. Each has its benefits, and each depends to some degree on the uncertainty and size of the project."",
        ""img_id"": null
      }
    ],
    ""type"": null
  }
]","A Chief Programmer team may be a poor organizational choice when the majority of team members are Rational Introverts because the approach relies on a single person (the chief programmer) making quick decisions and directing all design and development work, which can be difficult if most team members are not extroverted and highly engaged in centralized decision-making.

For highly uncertain projects, an alternative is the egoless approach, where everyone is equally responsible, the process is separated from the individuals, and the effforts are evaluated on the product rather than people; the egoless team structure is democratic and all team members vote on decisions.

Additionally, for highly uncertain projects, teams may move away from a strict Chief Programmer hierarchy toward a looser, egoless structure, recognizing that different project uncertainties and sizes call for flexible organizational choices.",1.554,12.945
"How does the Object Constraint Language (OCL) supplement a standard UML class diagram to enforce that no two publications can share the same call number, and what specific OCL navigational constructs are used to express this invariant? -Required source types: both -Brief reasoning type label: structure interpretation","
[0]
[SECTION]: Capturing the Requirements > 4.5 Modeling Notations > Example: Object Constraint Language (OCL)
[CONTENT]: The Object Constraint Language (OCL) is an attempt to create a constraint language that is both mathematically precise and easy for nonmathematicians, like customers, to read, write, and  understand. The  language  is  specially  designed  for  expressing  constraints on object models (i.e., ER diagrams), and introduces language constructs for navigating from one object to another via association paths, for dealing with collections of objects, and for expressing queries on object type.
A partial Library class model from Figure 4.5 appears in Figure 4.18, in which three classes have been detailed and annotated with OCL constraints. The leftmost constraint is an invariant on the Patron class, and specifies that no patron's fines may have  a  negative  value  (i.e., the  library  always  makes  change  if  a  patron's  payment exceeds his or her fines). The topmost constraint is an invariant on the Publication class, and specifies that call numbers are unique.This constraint introduces Thus, the constraint literally says that for any two publications, p1 and p2 , returned by allinstances, if p1 and p2 are not the same publication, then they have different call numbers.The third constraint, attached to the method borrow() , expresses the operation's pre- and post-conditions. One of the pre-conditions concerns an attribute in the Patron class, which is accessible via the borrow association; the patron object can be referenced either by its role name, borrower , or by the class name written in lowercase letters, if the association's far end has no role name. If the association's multiplicity were greater than 0..1, then  navigating  the  association  would  return  a  collection  of objects, and we would use notation, rather than dot notation, to access the objects' attributes. :


[1]
[SECTION]: Capturing the Requirements > 4.5 Modeling Notations > Example: Object Constraint Language (OCL)
[CONTENT]: [FIGURE 4.18 Library classes annotated with OCL properties.] 
 - Construct allinstances, which returns all instances of the Publication class
 - Symbol which applies the attribute or operation of its right operand to all of the objects in its left operand : ,
 - Constructs forall, and, and implies, which correspond to the first-order connectives described above Although not originally designed as part of UML, OCL is now tightly coupled with UML and is part of the UML standard.OCL can augment many of UML's models. For example, it can be used to express invariants, preconditions, and post-conditions in class diagrams, or invariants and transition conditions in statechart diagrams. It can also express conditions on events in Message Sequence Charts (Warmer and Kleppe 1999). OCL annotations of UML require a relatively  detailed  class  model, complete  with attribute types, operation signatures, role names, multiplicities, and state enumerations of the class's statechart diagram. OCL expressions can appear in UML diagrams as UML notes,or they can be listed in a supporting document.
[FIGURE_DESCRIPTIONS]
[0] The diagram presents a class-like UML-style representation of a publishing system with labeled rectangles and relational arrows. Central to the composition is a Patron class on the left with attributes id (integer), name (string), address (string), fines (float or monetary), and methods: calculate_fines, accrue (monetary), renew, and related getters. The Publication class to the right contains attributes: title (string), author (string), isbn (string), publisher (string), and a set of state-related fields: due_date, overdue_fine, and reserve; it includes methods for checkout, renew, reserve, and returns. A Copy or Loan intermediary appears, featuring date: due_date, date_due, and status fields; there are associations such as a Patron borrowing a Publication copy, with cardinalities implied by the arrows. The diagram also shows business rules text like fines >= 0 and publication states such as borrowed, overdue, and available. A small UI-like or database-like annotation at bottom indicates punishable statuses and loan state semantics. Visible text includes: Publisher, Publication, Patron, due date, overdue fine, renew, reserve, fines, borrow, copy, state = library, loan state = onloan. The overall schematic communicates a library loan lifecycle model with attributes, operations, and state transitions.



[2]
[SECTION]: Capturing the Requirements > 4.6 Requirements And Specification Languages > Unified Modeling Language (UML)
[CONTENT]: The Unified Modeling Language (UML) (OMG 2003) is the language best known for combining  multiple  notation  paradigms. Altogether, the  UML  standard  comprises eight graphical modeling notations, plus the OCL constraint language.The UML notations that are used during requirements definition and specification include Most of these notations were discussed in the preceding section, as examples of different notation paradigms. In Chapter 6, we will see more details about how UML works, by applying it to a real-world problem for both specification and design.
 - Use-case diagram (a high-level DFD): A use-case diagram is used at the start of a new project, to record the essential top-level functions that the to-be-developed product should provide. In the course of detailing the use cases' scenarios, we may identify important entities that play a role in the problem being modeled.
 - Class diagram (an ER diagram): As mentioned previously, the class diagram is the flagship model of a UML specification, emphasizing the problem's entities and their interrelationships. The remaining UML specification models provide more detail about how the classes' objects behave and how they interact with one another. As we gain a better understanding of the problem being modeled, we detail the class diagram, with additional attributes, attribute classes, operations, and  signatures. Ideally, new  insight  into  the  problem  is  more  likely  to  cause changes to these details than to affect the model's entities or relationships.
 - Sequence  diagram  (an  event  trace): Sequence  diagrams  are  early  behavioral models that depict traces of messages passed between class instances. They are best used to document important scenarios that involve multiple objects. When creating sequence diagrams, we look for common subsequences that appear in several diagrams; these subsequences may help us to identify states (e.g., the start and end points of the subsequence) in the objects' local behaviors.
 - Collaboration diagram (an event trace): A collaboration diagram illustrates one or more event traces, overlayed on the class diagram.As such, a collaboration diagram presents the same information as a sequence diagram.The difference is that the  sequence  diagram  emphasizes  a  scenario's  temporal  ordering  of  messages because it organizes messages along a timeline. On the other hand, the collaboration  diagram  emphasizes  the  classes'  relationships, and  treats  the  messages  as elaborations  of  those  relationships  in  the  way  that  it  represents  messages  as arrows between classes in the class diagram.
","[
    {
        ""role"": ""paragraph"",
        ""segment"": ""OCL augments the UML class diagram by allowing invariants to be attached to classes to enforce constraints such as uniqueness of a field across all instances. In this example, the invariant on Publication is expressed using an allinstances navigation to obtain every Publication instance and a forall-style check to ensure distinct call numbers for distinct publications."",
        ""citations"": [
            {
                ""type"": ""source_text"",
                ""content"": ""Construct allinstances, which returns all instances of the Publication class"",
                ""img_id"": null
            },
            {
                ""type"": ""source_text"",
                ""content"": ""for any two publications, p1 and p2 , returned by allinstances, if p1 and p2 are not the same publication, then they have different call numbers"",
                ""img_id"": null
            }
        ],
        ""type"": null
    }
]","OCL augments the UML class diagram by allowing invariants to be attached to classes to enforce constraints such as uniqueness of a field across all instances. In this example, the invariant on Publication is expressed using an allinstances navigation to obtain every Publication instance and a forall-style check to ensure distinct call numbers for distinct publications.",1.767,4.887
"Why does the textbook argue that high-level Petri nets are better suited than state-machine models for representing processes like an emergency room triage, where multiple preliminary events must occur before a transition to treatment begins? -Required source types: text -Brief reasoning type label: comparison","
[0]
[SECTION]: Capturing the Requirements > 4.5 Modeling Notations > Example: Petri Nets
[CONTENT]: [FIGURE 4.12 Petri net of book loan.] 
These features of concurrency and synchronization are especially useful for modeling events whose order of occurrence is not important. Consider the emergency room in a hospital. Before a patient can be treated, several events must occur.The triage staff must attempt to find out the name and address of the patient and to determine the patient's blood type. Someone must see if the patient is breathing, and also examine the patient for injuries. The events occur in no particular order, but all must occur before a team of doctors begins a more thorough examination. Once the treatment begins (i.e., once the transition is made from a preliminary examination to a thorough one), the  doctors  start  new  activities. The  orthopedic  doctors  check  for  broken  bones, while the hematologist runs blood tests and the surgeon puts stitches in a bleeding wound.The doctors' activities are independent of one another, but none can occur until the transition from the preliminary examination takes place.A state-machine model of the emergency room might specify only a single order of events, thereby excluding several acceptable behaviors, or it might specify all possible sequences of events, resulting in an overly complex model for a relatively simple problem. A Petri net model of the same emergency room nicely avoids both of these problems.
[FIGURE_DESCRIPTIONS]
[0] Diagram illustrating a loan initiation and return workflow with a central lending cycle. Key labeled nodes include Initiate Loan on the left and Initiate Return on the right, connected by a feed-forward Borrow and Return path forming a diamond/diamond-like loop. At the top center is an oval node labeled Avail, and at the bottom center a node labeled OnLoan. The left branch shows a circular node labeled Withdraw Loan Request beneath Initiate Loan, leading to a horizontal Borrow arrow into the central diamond. The right branch mirrors with a Return Request leading to a Withdraw Return Request and a Return arrow toward OnLoan and Avail. The top path connects Avail to OnLoan via a diamond structure, while the bottom path closes the loop, illustrating resource availability and current loan state. Readable text present: Initiate Loan, Withdraw Loan Request, Avail, OnLoan, Return Request, Withdraw Return Request, Initiate Return, Return. The diagram emphasizes sequencing, state transitions, and parallel flows in a loan management process.



[1]
[SECTION]: Capturing the Requirements > 4.5 Modeling Notations > Example: Petri Nets
[CONTENT]: Basic Petri nets are fine for modeling how control flows through events or among concurrent entities. But if we want to model control that depends on the value of data (e.g., borrowing a particular book from a collection of books), then we need to use a high-level Petri net notation.A number of extensions to basic Petri nets have been proposed to improve the notation's expressibility, including inhibitor arcs, which enable a transition only if the input place is empty of tokens; priority among transitions; timing constraints; and structured tokens, which have values.
To model our library problem, which tracks information and events for multiple patrons and publications, we need a Petri net notation that supports structured tokens and transition actions (Ghezzi et al. 1991). A transition action constrains which tokens in  the  input  places  can  enable  the  transition  and  specifies  the  values  of  the  output tokens. Figure 4.13 is a high-level Petri net specification for the library problem. Each place stores tokens of a different data type. Avail stores a token for every library item that is not currently out on loan.A token in Fines is an n -tuple (i.e., an ordered set of n elements, sometimes called a tuple for short) that maps a patron to the value of his or her total outstanding library fines.A token in OnLoan is another type of tuple that maps a patron and a library item to a due date . A few of the transition predicates and actions are shown in Figure 4.13, such as the action on Process Payment , where the inputs are a payment and the patron's current fines , and the output is a new Fines tuple. The predicates not shown assert that if the token elements in a transition's input or output tokens have the same name, they must have the same value. So in  transition Borrow , the patron making  the Loan  Request must  match  the patron with no outstanding Fines and match the patron who appears in the generated OnLoan tuple; at the same time, the item being borrowed must match an item in Avail . Otherwise, those tuples do not enable the transition. The net starts with an initial marking of item tuples in Avail and ( patron, 0 ) tuples in Fines . As library users trigger input transitions Pay , Initiate Loan , and Initiate Return , new tokens are introduced to the system, which enable the library transitions, which in turn fire and update the Fines tokens and the Avail and OnLoan tokens, and so on.


[2]
[SECTION]: Capturing the Requirements > 4.5 Modeling Notations > Example: Petri Nets
[CONTENT]: [FIGURE 4.13 Petri net of the library problem.] 
[FIGURE_DESCRIPTIONS]
[0] Diagrammatic flowchart illustrating a financial loan lifecycle with labeled nodes and transitions. Key visible elements include: a central 'Pay' bar at the top, a circular node labeled 'Payment' connected to a smaller circle 'Patron, paymen/t' and subsequent branches showing 'Fines' and 'Payment' flows. The diagram contains actions such as 'Acquire', 'Avail', 'OnLoan', 'Return' and 'Withdrew Loan Request', as well as branches for 'Increase Fines' and 'Overdue fine' leading to 'Return' and 'Loan Request'. There are text labels describing each transition: 'patron, fines + payment', 'patron, fines - payment', 'patron, item, dodged', and 'loan request'. The left side shows 'Initiate Loan Request' and 'Withdrew Loan Request', while the right side includes 'Initiate Return' and 'Withdraw Return Request'. Overall, the image is a state-transition diagram with labeled arrows indicating relationships among entities such as patron, item, fines, await fines, overdue fines, and loan/return processes.

","[
  {
    ""role"": ""paragraph"",
    ""segment"": ""High-level Petri nets are better for ER triage because they capture concurrency and synchronization, which is crucial when several preliminary events must occur before treatment can begin, and the order of those events may not be important."",
    ""citations"": [
      {
        ""type"": ""source_text"",
        ""content"": ""These features of concurrency and synchronization are especially useful for modeling events whose order of occurrence is not important."",
        ""img_id"": null
      },
      {
        ""type"": ""source_text"",
        ""content"": ""A Petri net model of the same emergency room nicely avoids both of these problems."",
        ""img_id"": null
      },
      {
        ""type"": ""source_text"",
        ""content"": ""Before a patient can be treated, several events must occur."",
        ""img_id"": null
      }
    ],
    ""type"": null
  }
]","High-level Petri nets are better for ER triage because they capture concurrency and synchronization, which is crucial when several preliminary events must occur before treatment can begin, and the order of those events may not be important.",1.639,4.628
"Using the Critical Path Method (CPM), how does a delay in an activity that has zero slack time logically affect the projected staff-days on a resource histogram, and what is the specific term for the path that contains these zero-slack activities? -Required source types: both -Brief reasoning type label: causal reasoning","
[0]
[SECTION]: Planning and Managing the Project > 3.1 Tracking Progress > Slack time = latest start time -earliest start time
[CONTENT]: Since the critical path has no slack, there is no margin for error when performing the activities along its route.
Notice what happens when an activity on the critical path begins late (i.e., later than its earliest start time). The late start pushes all subsequent critical path activities forward, forcing them to be late, too, if there is no slack. And for activities not on the critical path, the subsequent activities may also lose slack time. Thus, the activity graph helps us to understand the impact of any schedule slippage.
Consider what happens if the activity graph has several loops in it. Loops may occur when an activity must be repeated. For instance, in our house-building example, the building inspector may require the plumbing to be redone.In software development, a design inspection may require design or requirements to be respecified. The appearance of these loops may change the critical path as the loop activities are exercised more than once. In this case, the effects on the schedule are far less easy to evaluate.
Figure 3.4 is a bar chart that shows some software development project activities, including information about the early and late start dates; this chart is typical of those produced by automated project management tools. The horizontal bars represent the duration of each activity; those bars composed of asterisks indicate the critical path. Activities depicted by dashes and Fs are not on the critical path, and an F represents float or slack time.
Critical path analysis of a project schedule tells us who must wait for what as the project is being developed. It also tells us which activities must be completed on schedule to avoid delay. This kind of analysis can be enhanced in many ways. For instance, our house-building example supposes that we know exactly how long each activity will take. Often, this is not the case. Instead, we have only an estimated duration for an activity, based on our knowledge of similar projects and events. Thus, to each activity, we can ***********************


[1]
[SECTION]: Planning and Managing the Project > 3.1 Tracking Progress > Slack time = latest start time -earliest start time
[CONTENT]: assign a probable duration according to some probability distribution, so that each activity has associated with it an expected value and a variance. In other words, instead of knowing an exact duration, we estimate a window or interval in which the actual time is likely to fall. The expected value is a point within the interval, and the variance describes the width of the interval. You may be familiar with a standard probability distribution called a normal distribution, whose graph is a bell-shaped curve.The Program Evaluation and Review Technique (PERT) is a popular critical path analysis technique that assumes a  normal distribution. (See Hillier and Lieberman [2001] for more information about PERT.) PERT determines the probability that the earliest start time for an activity is close to the scheduled time for that activity. Using information such as probability distribution, latest and earliest start times, and the activity graph, a PERT program can calculate the critical path and identify those activities most likely to be bottlenecks. Many project managers use the CPM or PERT method to examine their projects. However, these methods are valuable only for stable projects in which several activities take place concurrently. If the project's activities are mostly sequential, then almost all activities are on the critical path and are candidates for bottlenecks. Moreover, if the project requires redesign or rework,the activity graph and critical path are likely to change during development.
[FIGURE_DESCRIPTIONS]
[0] CPU-driven CPM bar chart diagram labeled with a two-row header: Description and Early Date / Late Date, followed by monthly date columns from Jan 98 to Feb 98. Rows include Test of phase 1, Define test plan, Write test plan, Inspect test plan, Integration testing, Interface testing, Document results, System testing, Performance tests, Configuration tests, Document results. Each row shows a horizontal bar representing task duration across the calendar months, with some bars containing asterisks as fill and several bars ending with hexadecimal hex-like values (e.g., -FFFFF, ---FFFF). The leftmost column lists the actions; the top header reads Early Date / Late Date. The right side of several rows shows short dashed blocks or numeric-like placeholders, indicating progress or status. The chart is a CPM (critical path method) bar chart, used to visualize schedules, dependencies, and overlap between tasks across January and February 1998. Visible text includes the task names and the date range columns, with dates such as 1 Jan 98, 5 Feb 98, 2 Feb 98, etc. The overall diagram emphasizes project scheduling, task durations across time, and colorless bar representations (monochrome).



[2]
[SECTION]: Planning and Managing the Project > 3.1 Tracking Progress > Estimating Completion
[CONTENT]: We can make an activity  graph  more  useful  by  adding  to  it  information  about  the estimated time it will take to complete each activity. For a given activity, we label the corresponding edge of the graph with the estimate. For example, for the activities in phase 2 of Table 2.1, we can append to the activity graph of Figure 3.2 estimates of the number of days it will take to complete each activity. Table 3.3 contains the estimates for each activity.
The result is the graph shown in Figure 3.3. Notice that milestones 2.7, 2.8, 3.4, and 3.6 are precursors to the finish.That is, these milestones must all be reached in order to consider the project complete. The zeros on the links from those nodes to the finish show that no additional time is needed. There is also an implicit zero on the link from node 1.2 to 1.1, since no additional time is accrued on the dashed link.
This graphical depiction of the project tells us a lot about the project's schedule. For example,since we estimated that the first activity would take 3 days to complete, we cannot hope to reach milestone 1.1 before the end of day 3. Similarly, we cannot reach milestone 1.2 before the end of day 15. Because the beginning of excavation (activity 1.3)  cannot  begin  until  milestones  1.1  and  1.2  are  both  reached, excavation  cannot begin until the beginning of day 16.
Analyzing the paths among the milestones of a project in this way is called the Critical Path Method (CPM) . The paths can show us the minimum amount of time it will take to complete the project, given our estimates of each activity's duration. Moreover, CPM reveals those activities that are most critical to completing the project on time.
","[
  {
    ""role"": ""paragraph"",
    ""segment"": ""A delay in an activity with zero slack propagates forward to delay all subsequent activities on the critical path, since there is no margin to absorb the slip and no slack to cushion the impact on the project schedule."",
    ""citations"": [
      {
        ""type"": ""source_text"",
        ""content"": ""Since the critical path has no slack, there is no margin for error when performing the activities along its route."",
        ""img_id"": null
      },
      {
        ""type"": ""source_text"",
        ""content"": ""Notice what happens when an activity on the critical path begins late (i.e., later than its earliest start time). The late start pushes all subsequent critical path activities forward, forcing them to be late, too, if there is no slack."",
        ""img_id"": null
      }
    ],
    ""type"": null
  },
  {
    ""role"": ""paragraph"",
    ""segment"": ""The path containing these zero-slack activities is the critical path."",
    ""citations"": [
      {
        ""type"": ""source_text"",
        ""content"": ""Critical path analysis of a project schedule tells us who must wait for what as the project is being developed."",
        ""img_id"": null
      },
      {
        ""type"": ""source_text"",
        ""content"": ""The horizontal bars represent the duration of each activity; those bars composed of asterisks indicate the critical path."",
        ""img_id"": null
      }
    ],
    ""type"": null
  }
]","A delay in an activity with zero slack propagates forward to delay all subsequent activities on the critical path, since there is no margin to absorb the slip and no slack to cushion the impact on the project schedule.

The path containing these zero-slack activities is the critical path.",1.696,7.118
"How does the U.S. government's definition of Return on Investment (ROI) differ from industry's definition, and how is the ""payback period"" mathematically calculated when a company performs a cost-benefit analysis on a new software architecture design? -Required source types: text -Brief reasoning type label: comparison","
[0]
[SECTION]: Why Software Engineering? > 1.3 What Is Good Software? > Quality in the Context of the Business Environment
[CONTENT]: There have been several attempts to relate technical value and business value in a quantitative and meaningful way. For example, Humphrey, Snyder, and Willis (1991) note  that  by  improving  its  development  process  according  to  the  CMM 'maturity' scale (to be discussed in Chapter 12), Hughes Aircraft improved its productivity by 4 to 1 and saved millions of dollars. Similarly, Dion (1993) reported that Raytheon's twofold increase in productivity was accompanied by a $7.70 return on every dollar invested in process improvement. And personnel at Tinker Air Force Base in Oklahoma noted a productivity improvement of 6.35 to 1 (Lipke and Butler 1992).
However,Brodman and Johnson (1995) took a closer look at the business value of process improvement.They surveyed 33 companies that performed some kind of process improvement activities, and examined several key issues.Among other things, Brodman and Johnson asked companies how they defined return on investment (ROI), a concept that is clearly defined in the business community.They note that the textbook definition of return on investment , derived from the financial community, describes the investment in terms of what is given up for other purposes. That is, the 'investment must not only return the original capital but enough more to at least equal what the funds would have earned elsewhere, plus an allowance for risk' (Putnam and Myers 1992). Usually, the business  community  uses  one  of  three  models  to  assess  ROI: a  payback  model, an accounting rate-of-return model, and a discounted cash flow model.
However, Brodman and Johnson (1995) found that the U.S. government and U.S. industry interpret ROI in very different ways, each different from the other, and both different from the standard business school approaches.The government views ROI in terms of dollars,looking at reducing operating costs,predicting dollar savings,and calculating the cost of employing new technologies. Government investments are also expressed in dollars, such as the cost of introducing new technologies or process improvement initiatives.
On the other hand, industry viewed investment in terms of effort, rather than cost or dollars. That is, companies were interested in saving time or using fewer people, and their  definition  of  return  on  investment  reflected  this  focus  on  decreasing  effort. Among the companies surveyed, return on investment included such items as The cost issues included in the definition involve meeting cost predictions, improving cost performance, and staying within budget, rather than reducing operating costs or streamlining  the  project  or  organization. Figure  1.6 summarizes the frequency with which many organizations included an investment item in their definition of ROI. For example, about 5 percent of those interviewed included a quality group's effort in the ROI effort calculation, and approximately 35 percent included software costs when considering number of dollars invested.


[1]
[SECTION]: Why Software Engineering? > 1.3 What Is Good Software? > Quality in the Context of the Business Environment
[CONTENT]:  - training
 - schedule
 - risk
 - quality
 - productivity
 - process
 - customer
 - costs
 - business The difference in views is disturbing, because it means that calculations of ROI cannot be compared across organizations. But there are good reasons for these differing views. Dollar savings from reduced schedule, higher quality, and increased productivity are returned to the government rather than the contractor. On the other hand, contractors are usually looking for a competitive edge and increased work capacity as well as greater profit; thus, the contractor's ROI is more effort- than cost-based. In particular, more accurate cost and schedule estimation can mean customer satisfaction and repeat business.And decreased time to market as well as improved product quality are perceived as offering business value, too.
[FIGURE 1.6 Terms included in industry definition of return on investment.] 
Even though the different ROI calculations can be justified for each organization, it is worrying that software technology return on investment is not the same as financial ROI. At some point, program success must be reported to higher levels of management, many of which are related not to software but to the main company business, such as telecommunications or banking. Much confusion will result from the use of the same terminology to mean vastly different things.Thus, our success criteria must make sense not only for software projects and processes, but also for the more general business practices they support.We will examine this issue in more detail in Chapter 12 and look at using several common measures of business value to choose among technology options.
[FIGURE_DESCRIPTIONS]
[0] Bar chart titled with two axes: horizontal axis labeled Percent of interviewees ranging from 0% to 70% and vertical axis listing categories under 'Beta' and 'Effort' such as Facilities, Software costs, Hardware costs, Materials, General, Assessments, SCE costs, Internal R&D, Process, Documentation, Quality group, Software process group, General. The chart shows horizontal bars representing percentage contributions of each category to interviews, with varying bar lengths indicating different prominence. For Facilities the bar length is moderate; Software costs and Hardware costs show shorter bars; Materials and General show moderate to small values; Under Effort, Assessments and SCE costs occupy small portions; Internal R&D and Process display mid-range; Documentation and Quality group have mid to large bars; Software process group and General also present with large bars toward the right, approaching 60–70% for one category. Labels are arranged per category on the left, with percent scale from 0 to 70% along the bottom, and a light grid behind to assist reading. Readable text includes category names and scale markings.



[2]
[SECTION]: Designing the Architecture > 5.7 Architecture Evaluation And Refinement > Cost-Benefit Analysis
[CONTENT]: an ROI of 1 or greater means that the design's benefits outweigh its costs. The higher the ROI value, the more effective the design.
Another useful measure is the payback period : the length of time before accumulated benefits recover the costs of implementation. In our example, the payback period for restructuring the sorted-index module (design 2) is $300,000/$280,000 = 1.07 of a year = approximately 13 months We return to calculations such as these in Chapter 12, where we investigate the best techniques for evaluating the return on investing in software reuse.
","[
  {
    ""role"": ""paragraph"",
    ""segment"": ""The government views ROI in terms of dollars,looking at reducing operating costs,predicting dollar savings,and calculating the cost of employing new technologies. On the other hand, industry viewed investment in terms of effort, rather than cost or dollars. That is, companies were interested in saving time or using fewer people, and their definition of return on investment reflected this focus on decreasing effort."",
    ""citations"": [
      {
        ""type"": ""source_text"",
        ""content"": ""The government views ROI in terms of dollars,looking at reducing operating costs,predicting dollar savings,and calculating the cost of employing new technologies."",
        ""img_id"": null
      },
      {
        ""type"": ""source_text"",
        ""content"": ""On the other hand, industry viewed investment in terms of effort, rather than cost or dollars. That is, companies were interested in saving time or using fewer people, and their definition of return on investment reflected this focus on decreasing effort."",
        ""img_id"": null
      }
    ],
    ""type"": null
  },
  {
    ""role"": ""paragraph"",
    ""segment"": ""Payback period is the length of time before accumulated benefits recover the costs of implementation. In our example, the payback period for restructuring the sorted-index module (design 2) is $300,000/$280,000 = 1.07 of a year = approximately 13 months."",
    ""citations"": [
      {
        ""type"": ""source_text"",
        ""content"": ""the length of time before accumulated benefits recover the costs of implementation."",
        ""img_id"": null
      },
      {
        ""type"": ""source_text"",
        ""content"": ""In our example, the payback period for restructuring the sorted-index module (design 2) is $300,000/$280,000 = 1.07 of a year = approximately 13 months"",
        ""img_id"": null
      }
    ],
    ""type"": null
  }
]","The government views ROI in terms of dollars,looking at reducing operating costs,predicting dollar savings,and calculating the cost of employing new technologies. On the other hand, industry viewed investment in terms of effort, rather than cost or dollars. That is, companies were interested in saving time or using fewer people, and their definition of return on investment reflected this focus on decreasing effort.

Payback period is the length of time before accumulated benefits recover the costs of implementation. In our example, the payback period for restructuring the sorted-index module (design 2) is $300,000/$280,000 = 1.07 of a year = approximately 13 months.",1.672,8.008
Contrast the primary development goal of building a throwaway rapid prototype during the requirements elicitation phase versus building one during the software architecture design phase. -Required source types: text -Brief reasoning type label: comparison,"
[0]
[SECTION]: Capturing the Requirements > 4.7 Prototyping Requirements
[CONTENT]: Both techniques are sometimes called rapid prototyping , because they involve building  software  in  order  to  answer  questions  about  the requirements . The  term 'rapid'distinguishes software prototyping from that in other engineering disciplines, in which a prototype is typically a complete solution, like a prototype car or plane that is built manually according to an already approved design. The purpose of such a prototype is to test the design and product before automating or optimizing the manufacturing step for mass production. In contrast, a rapid prototype is a partial solution that is built to help us understand the requirements or to evaluate design alternatives.
Questions about the requirements can be explored via either modeling or prototyping. Whether one approach is better than the other depends on what our questions are, how well they can be expressed in models or in software, and how quickly the models or prototype software can be built.As we saw above, questions about user interfaces may be easier to answer using prototypes. A prototype that implements a number of proposed features would more effectively help users to prioritize these features, and possibly to identify some features that are unnecessary. On the other hand, questions about constraints on the order in which events should occur, or about the synchronization of activities, can be answered more quickly using models. In the end, we need to produce final requirements documentation for the testing and maintenance teams, and possibly for regulatory bodies, as well as final software to be delivered. So, whether it is better to model or to prototype depends on whether it is faster and easier to model, and to develop the software from the refined models, or faster and easier to prototype, and to develop documentation from the refined prototype.


[1]
[SECTION]: Capturing the Requirements > 4.7 Prototyping Requirements
[CONTENT]: and feel' for the user's interaction with the proposed system. The prototype interfaces would be difficult to describe in words or symbols, and they demonstrate how some types of requirements are better represented as pictures or prototypes.
There are two approaches to prototyping: throwaway and evolutionary. A throwaway prototype is software that is developed to learn more about a problem or about a proposed solution, and that is never intended to be part of the delivered software. This approach allows us to write 'quick-and-dirty' software that is poorly structured, inefficient, with no error checking-that, in fact, may be a facade that does not implement any of the desired functionality-but that gets quickly to the heart of questions we have about the problem or about a proposed solution. Once our questions are answered, we throw away the prototype software and start engineering the software that will be delivered. In contrast, an evolutionary prototype is software that is developed not only to help us answer questions but also to be incorporated into the final product. As such, we have to be much more careful in its development, because this software has to eventually exhibit the quality requirements (e.g., response rate, modularity) of the final product, and these qualities cannot be retrofitted.
[FIGURE_DESCRIPTIONS]
[0] A monochrome line-drawn diagram page featuring three computer UI prototypes: a keyboard-entry prototype, a calendar-based prototype, and a slide-bar-based prototype. The top illustration shows a CRT-like monitor with a form labeled Enter year: _____ Enter month: _____ Enter day: _____, implying an input interface for a date. The middle image displays a calendar grid with month and year header, arranged days in a 7-column grid, and a highlighted date cell suggesting selection or navigation within a calendar UI. The bottom image presents a timeline or range selector with a sliding knob and year range indicators, plus a labeled bar showing months and digits (2000 to 2025) and additional small date readouts beneath, suggesting a slider-based date navigation or timeline control. Visible labels include FIGURE 4.23 Keyboard-entry prototype, FIGURE 4.24 Calendar-based prototype, and FIGURE 4.25 Slide-bar-based prototype. The overall theme emphasizes early UI prototypes for date input, calendar visualization, and slider-based navigation.



[2]
[SECTION]: Designing the Architecture > 5.7 Architecture Evaluation And Refinement > Prototyping
[CONTENT]: Alternatively, we may attempt to reuse parts of the prototype in the actual system. By taking care in the design and development of the prototype's components, we can produce a prototype that answers questions about the design and at the same time provides building blocks for the final system.The challenge is to ensure that this style of prototyping is still fast. If the prototype cannot be built more quickly than the actual system, then it loses its value. Moreover, if too much effort is invested in developing a quality prototype, we may become too attached to the design decisions and other assets embedded in the prototype,and we may be less open to considering design alternatives.
An extreme version of this approach is called rapid prototyping , in which we progressively refine the prototype until it becomes the final system. We start with a prototype of the requirements, in the form of a preliminary user interface that simulates the system's responses to user input. In successive iterations of the prototype, we flesh out the system's design and implementation, providing the functionality promised by the initial user interface. In many ways, rapid prototyping resembles an agile development process, in that the system's development is iterative and there is continual feedback from the customer. The difference is that the initial prototype is a user-interface shell rather than the core of the operational system.
Boehm, Gray, and Seewaldt (1984) studied projects that were developed using rapid prototyping, and they report that such projects performed about as well as those developed using traditional design techniques. In addition, 45 percent less effort was expended and 40 percent fewer lines of code were generated by the developers who used prototypes. Also, the speed and efficiency of the systems developed with prototypes were almost the same as those of the traditionally developed systems. However, there are some risks in using rapid prototyping.The biggest risk is that by showing customers an operational prototype, we may mislead them into believing that the system is close to being finished. A related risk is that customers may expect the final system to exhibit the same performance characteristics as the prototype, which could be unrealistically fast due to omitted functionality, smaller scale, and communication delays.Also, because of the lack of documentation, prototyping as a development process is best suited for smaller projects involving smaller development teams.
","[
    {
        ""role"": ""paragraph"",
        ""segment"": ""During requirements elicitation, a throwaway rapid prototype is developed to learn more about a problem or proposed solution and is never intended to be part of the delivered software; it is used to get quickly to the heart of questions we have about the problem or about a proposed solution."",
        ""citations"": [
            {
                ""type"": ""source_text"",
                ""content"": ""The throwaway prototype is software that is developed to learn more about a problem or about a proposed solution, and that is never intended to be part of the delivered software."",
                ""img_id"": null
            },
            {
                ""type"": ""source_text"",
                ""content"": ""Once our questions are answered, we throw away the prototype software and start engineering the software that will be delivered."",
                ""img_id"": null
            }
        ],
        ""type"": null
    },
    {
        ""role"": ""paragraph"",
        ""segment"": ""In contrast, during architecture design, rapid prototyping is used to explore and refine architectural decisions, starting with a user-interface prototype that simulates the system’s responses and progressively refined iterations provide building blocks for the final system; the initial prototype is a user-interface shell rather than the core of the operational system."",
        ""citations"": [
            {
                ""type"": ""source_text"",
                ""content"": ""An extreme version of this approach is called rapid prototyping , in which we progressively refine the prototype until it becomes the final system."",
                ""img_id"": null
            },
            {
                ""type"": ""source_text"",
                ""content"": ""The initial prototype is a user-interface shell rather than the core of the operational system."",
                ""img_id"": null
            },
            {
                ""type"": ""source_text"",
                ""content"": ""By taking care in the design and development of the prototype's components, we can produce a prototype that answers questions about the design and at the same time provides building blocks for the final system."",
                ""img_id"": null
            }
        ],
        ""type"": null
    }
]","During requirements elicitation, a throwaway rapid prototype is developed to learn more about a problem or proposed solution and is never intended to be part of the delivered software; it is used to get quickly to the heart of questions we have about the problem or about a proposed solution.

In contrast, during architecture design, rapid prototyping is used to explore and refine architectural decisions, starting with a user-interface prototype that simulates the system’s responses and progressively refined iterations provide building blocks for the final system; the initial prototype is a user-interface shell rather than the core of the operational system.",1.649,12.033
"How does the representation of conditions and states in a Parnas Table for calculating a library due date differ structurally from the representation of pre-conditions and post-conditions in a formal Z specification schema for a ""Return"" operation? -Required source types: both -Brief reasoning type label: structure interpretation","
[0]
[SECTION]: Capturing the Requirements > 4.5 Modeling Notations > Example: Parnas Tables
[CONTENT]: Parnas tables (Parnas 1992) are tabular representations of mathematical functions or relations. Like decision tables, Parnas tables use rows and columns to separate a function's definition into its different cases. Each table entry either specifies an input condition that partially identifies some case, or it specifies the output value for some case. Unlike decision tables, the inputs and outputs of a Parnas table are purely mathematical expressions.
To  see  how  Parnas  tables  work, consider  Figure  4.17. The  rows  and  columns define Calc due date , an operation in our library example.The information is represented as a Normal Table, which is a type of Parnas table.The column and row headers are predicates used to specify cases, and the internal table entries store the possible function results. Thus, each internal table entry represents a distinct case in the function's definition. For example, if the event is to renew a loan (column header), and the publication being borrowed is on reserve (column header), and the patron making the request has no outstanding fines (row header), then the due date is calculated to be publication.reserve loan period days from Today . A table entry of 'X' indicates that the operation is invalid under the specified conditions; in other specifications, an entry of 'X' could mean that the combination of conditions is infeasible. Notice how the column and row headers are structured to cover all possible combinations of conditions that can affect the calculation of a loaned item's due date. (The symbol ¬ means 'not', so ¬publication.InState(reserve) means that the publication is not on reserve.)
The phrase Parnas tables actually refers to a collection of table types and abbreviation strategies for organizing and simplifying functional and relational expressions. Another table type is an Inverted Table, which looks more like a conventional decision table: case conditions are specified as expressions in the row headers and in the table entries, and the function results are listed in the column headers, at the top or the bottom of the table. In general, the specifier's goal is to choose or create a table format that results in a simple and compact representation for the function or relation being specified. The  tabular  structure  of  these  representations  makes  it  easy  for  reviewers  to check that a specification is complete (i.e., there are no missing cases) and consistent (i.e., there are no duplicate cases). It is easier to review each function's definition case by case, rather than examining and reasoning about the whole specification at once.


[1]
[SECTION]: Capturing the Requirements > 4.5 Modeling Notations > Example: Decision Tables
[CONTENT]: A decision table (Hurley 1983) is a tabular representation of a functional specification that maps events and conditions to appropriate responses or actions. We say that the specification  is informal because  the  inputs  (events  and  conditions)  and  outputs (actions) may be expressed in natural language, as mathematical expressions, or both.
Figure 4.16 shows a decision table for the library functions borrow , return , reserve , and unreserve . All of the possible input events (i.e., function invocations), conditions, and actions are listed along the left side of the table, with the input events and conditions listed above the horizontal line and the actions listed below the line. Each  column  represents  a  rule  that  maps  a  set  of  conditions  to  its  corresponding result(s). An entry of 'T' in a cell means that the row's input condition is true, 'F' means that the input condition is false, and a dash indicates that the value of the condition does not matter. An entry of 'X' at the bottom of the table means that the row's action should be performed whenever its corresponding input conditions hold. Thus, column 1 represents the situation where a library patron wants to borrow a book, the book is not already out on loan, and the patron has no outstanding fine; in this situation, the loan is approved and a due date is calculated. Similarly, column 7 illustrates the case where there is a request to put a book on reserve but the book is currently out on loan; in this case, the book is recalled and the due date is recalculated to reflect the recall.
This kind of representation can result in very large tables, because the number of conditions to consider is equal to the number of combinations of input conditions.That is, if there are n input conditions, there are possible combinations of conditions. Fortunately, many combinations map to the same set of results and can be combined into a single column. Some combinations of conditions may be infeasible (e.g., an item cannot be borrowed and returned at the same time). By examining decision tables in this way, we can reduce their size and make them easier to understand. 2 n What else can we tell about a requirements specification that is expressed as a decision table? We can easily check whether every combination of conditions has been considered, to determine if the specification is complete. We can examine the table for consistency, by identifying multiple instances of the same input conditions and eliminating any conflicting outputs. We can also search the table for patterns to see how strongly individual input conditions correlate to individual actions. Such a search would be arduous on a specification modeled using a traditional textual notation for expressing mathematical functions.


[2]
[SECTION]: Capturing the Requirements > 4.5 Modeling Notations > Example: Parnas Tables
[CONTENT]: A functional specification expressed using Parnas tables is best decomposed into a single function per output variable. For every input event and for every condition on entities or other variables, each function specifies the value of its corresponding output variable. The advantage of this model structure over a state-machine model is that the definition of each output variable is localized in a distinct table, rather than spread throughout the model as actions on state transitions.
|    |                 | event { borrow, renew }.publication.ln State   | event { borrow, renew }.publication.ln State   | event = recall.                          |
|---:|:----------------|:-----------------------------------------------|:-----------------------------------------------|:-----------------------------------------|
|  0 | patron.fine = 0 | publication.reserve loan period                | publication.loan period                        | Min(due date, publication.recall period) |
|  1 | patron.fine > 0 | X                                              | X                                              | X                                        |
","[
  {
    ""role"": ""paragraph"",
    ""segment"": ""The chatbot can't answer this question. Please try again with another question."",
    ""citations"": [],
    ""type"": ""abstained""
  }
]",The chatbot can't answer this question. Please try again with another question.,1.485,6.787
"Why did the ""hot standby"" redundancy fault-recovery tactic fail during the Ariane-5 maiden flight, and how does the textbook explain this failure using the inherent difference between hardware failures and software failures? -Required source types: text -Brief reasoning type label: causal reasoning","
[0]
[SECTION]: Designing the Architecture > 5.12 Real-Time Example
[CONTENT]: One of the findings of the inquiry board that was set up to investigate the Ariane-5 accident was that the Ariane program in general had a 'culture...of only addressing random hardware failures' (Lions et  al. 1996)  and  of  assuming  that  seemingly  correct software was in fact correct. The board came to this conclusion partly because of the way the Ariane-5's fault-recovery system was designed. The Ariane-5 included a number of redundant components in which both the hardware equipment and the associated software were identical. In most cases, one of the components was supposed to be active; the other was to stay in 'hot standby' mode, ready to become the active component if the current active component failed. But this architecture is not a good choice for this kind of system, because hardware failures are very different from software failures. Hardware failures are independent: if one unit fails, the standby unit is usually unaffected and can take over as the active unit. By contrast, software faults tend to be logical errors, so all copies of a software component have the same set of faults. Moreover, even if the software is not the underlying cause of a failure, replicated software components are likely to exhibit the same bad behavior in response to bad input. For these reasons, the hot standby redundancy in Ariane-5 is likely to recover only from hardware failures.
To see why, consider Table 5.5's list of sources of software failures (NASA 2004). Some of the software faults are internal to the software itself, and some are caused by input errors or erroneous events in the environment. Regardless of the source, most types of faults would adversely affect all instances of replicated software components that are processing the same input at the same time (with the exception of gamma radiation, which is a serious concern in software on spacecraft). As a result, software failures among replicated components in hot standby mode are rarely independent. This was the situation with the failed inertial reference systems (SRIs) on the Ariane-5: both units suffered the same overflow error, simultaneously.


[1]
[SECTION]: Planning and Managing the Project > 3.8 Real-Time Example
[CONTENT]: The board investigating the Ariane-5 failure examined the software, the documentation, and the data captured before and during flight to determine what caused the failure  (Lions  et  al. 1996). Its  report  notes  that  the  launcher  began  to  disintegrate  39 seconds after  takeoff  because  the  angle  of  attack  exceeded  20  degrees, causing  the boosters to separate from the main stage of the rocket; this separation triggered the launcher's self-destruction. The angle of attack was determined by software in the onboard computer on the basis of data transmitted by the active inertial reference system, SRI2.As the report notes, SRI2 was supposed to contain valid flight data, but instead it contained a diagnostic bit pattern that was interpreted erroneously as flight data. The erroneous data had been declared a failure, and the SRI2 had been shut off. Normally, the on-board computer would have switched to the other inertial reference system, SRI1, but that, too, had been shut down for the same reason.
The error occurred in a software module that computed meaningful results only before lift-off.As soon as the launcher lifted off, the function performed by this module served no useful purpose, so it was no longer needed by the rest of the system. However, the module continued its computations for approximately 40 seconds of flight based on a requirement for the Ariane-4 that was not needed for Ariane-5.
The internal events that led to the failure were reproduced by simulation calculations supported by memory readouts and examination of the software itself. Thus, the Ariane-5 destruction might have been prevented had the project managers developed a risk management plan, reviewed it, and developed risk avoidance or mitigation plans for each identified risk. To see how, consider again the steps of Figure 3.15. The first stage of risk assessment is risk identification. The possible problem with reuse of the Ariane-4 software might have been identified by a decomposition of the functions; someone  might  have  recognized  early  on  that  the  requirements  for Ariane-5  were different  from  Ariane-4. Or  an  assumption  analysis  might  have  revealed  that  the assumptions for the SRI in Ariane-4 were different from those for Ariane-5.
[FORMULA]
1.01 + 0.01 1 12 2 Once the risks were identified, the analysis phase might have included simulations, which probably would have highlighted the problem that eventually caused the rocket's destruction. And prioritization would have identified the risk exposure if the SRI did not work as planned; the high exposure might have prompted the project team to examine the SRI and its workings more carefully before implementation.


[2]
[SECTION]: Why Software Engineering? > 1.15 Key References
[CONTENT]: You can find out about software faults and failures by looking in the Risks Forum, moderated by Peter Neumann. A paper copy of some of the Risks is printed in each issue of Software Engineering Notes , published by the Association for Computer Machinery's Special Interest Group on Software Engineering (SIGSOFT). The Risks archives are available on ftp.sri.com, cd risks.The Risks Forum newsgroup is available online at comp.risks, or you can subscribe via the automated list server at risks-request@CSL.sri.com.
You can find  out  more  about  the Ariane-5  project  from  the  European  Space Agency's  Web  site: http://www.esrin.esa.it/htdocs/esa/ariane. A  copy  of  the  joint ESA/CNES press release describing the mission failure (in English) is at http://www. esrin.esa.it/htdocs/tidc/Press/Press96/press19.html. A  French  version  of  the  press release is at http://www.cnes.fr/Acces_Espace/Vol_50x.html. An electronic copy of the Ariane-5  Flight  501  Failure  Report  is  at  http://www.esrin.esa.it/htdocs/tidc/Press/ Press96/ariane5rep.html.
Leveson and Turner (1993) describe the Therac software design and testing problems in careful detail.
The January 1996 issue of IEEE Software is devoted to software quality. In particular, the  introductory  article  by  Kitchenham  and  Pfleeger  (1996)  describes  and  critiques several quality frameworks, and the article by Dromey (1996) discusses how to define quality in a measurable way.
For more information about the Piccadilly Television example, you may consult (Robertson  and  Robertson  1994)  or  explore  the  Robertsons'  approach  to  requirements at www.systemsguild.com.
","[
  {
    ""role"": ""paragraph"",
    ""segment"": ""The hot standby redundancy failed because software faults are not independent across replicated components: replicated software tends to exhibit the same faults when processing the same input, so a failure in one copy is likely to be reproduced in the other. This makes hot standby ineffective for mitigating software failures on Ariane-5."",
    ""citations"": [
      {
        ""type"": ""source_text"",
        ""content"": ""\""software faults tend to be logical errors, so all copies of a software component have the same set of faults.\"""",
        ""img_id"": null
      },
      {
        ""type"": ""source_text"",
        ""content"": ""\""This architecture is not a good choice for this kind of system, because hardware failures are very different from software failures.\"""",
        ""img_id"": null
      },
      {
        ""type"": ""source_text"",
        ""content"": ""\""hardware failures are independent: if one unit fails, the standby unit is usually unaffected and can take over as the active unit.\"""",
        ""img_id"": null
      },
      {
        ""type"": ""source_text"",
        ""content"": ""\""hot standby redundancy in Ariane-5 is likely to recover only from hardware failures.\"""",
        ""img_id"": null
      },
      {
        ""type"": ""source_text"",
        ""content"": ""\""both units suffered the same overflow error, simultaneously.\"""",
        ""img_id"": null
      }
    ],
    ""type"": null
  }
]","The hot standby redundancy failed because software faults are not independent across replicated components: replicated software tends to exhibit the same faults when processing the same input, so a failure in one copy is likely to be reproduced in the other. This makes hot standby ineffective for mitigating software failures on Ariane-5.",1.565,6.376
"How does a ""pure"" layered architecture (such as the OSI model) utilize the tactics of reducing coupling and using explicit interfaces to minimize the impact on indirectly affected software units when a layer is modified? -Required source types: both -Brief reasoning type label: synthesis","
[0]
[SECTION]: Designing the Architecture > 5.5 Achieving Quality Attributes > Modifiability
[CONTENT]: By  contrast, tactics  for  minimizing  the  impact  on  indirectly  affected  software units focus on reducing dependencies among software units. The goal is to reduce the degree to which a change to a directly affected unit also affects the system's other units:
 - Coupling: As we discuss in detail in Chapter 6,the level of coupling among software units is the degree to which the units depend on each other. By lowering coupling, we reduce the likelihood that a change to one unit will ripple to other units.
 - Interfaces: A  software  unit's  interface  reveals  the  unit's  public  requisites  and responsibilities, and hides the unit's private design decisions. If a unit interacts with other units only through their interfaces (e.g., calling public access methods), then changes to one unit will not spread beyond the unit's boundary unless its interface changes (e.g., if method signatures, preconditions, or postconditions change).
 - Multiple interfaces: A unit modified to provide new data or services can offer them using a new interface to the unit without changing any of the unit's existing interfaces.This way, dependencies on the existing interfaces are unaffected by the change.
The above tactics  apply  when  modifiability  goals  include  reducing  the  cost  of changing the design or implementation of our software. Another type of modifiability refers to our being able to modify a system after it is released, perhaps during set-up or on the fly during execution. For example, the process of installing Unix or Linux on a computer  involves  a  complex  configuration  step  in  which  many  questions  must  be answered about the computer's hardware and peripheral devices to be supported, and which libraries, tools, application software, and versions of software are to be installed. Sidebar 5.5 describes a tactic, called self-managing , where the software changes on the fly in response to changes in its environment.


[1]
[SECTION]: Designing the Architecture > 5.4 Architectural Styles And Strategies > Layering
[CONTENT]: Layered systems organize the system's software units into layers, each of which provides services to the layer above it and acts as a client to the layer below. In a 'pure' layered system, a software unit in a given layer can access only the other units in the same layer and services offered by the interface to the layer immediately below it. To improve performance, this constraint may be relaxed in some cases, allowing a layer to access the services of layers below its lower neighbor; this is called layer bridging . However, if a design includes a lot of layer bridging, then it loses some of the portability and maintainability that the layering style offers. Under no circumstances does a layer access the services offered by a higher-level layer; the resulting architecture would no longer be called layered.
To see how this type of system works, consider Figure 5.9, which depicts the Open Systems Interconnection (OSI) reference model for network communications (International  Telecommunication  Union  1994). The  bottom  layer  provides  facilities  for transferring data bits over a physical link, like a cable-possibly unsuccessfully. The next layer, the Data Link Layer, provides more complex facilities: it transmits fixedsized data frames, routes data frames to local addressable machines, and recovers from simple transmission errors.The Data Link Layer uses the bottom Physical Layer's facilities to perform the actual transmission of bits between physically connected machines. The Network Layer adds the ability to transmit variable-sized data packets, by breaking packets into fixed-sized data frames which are then sent using the Data Link facilities; the Network Layer also expands the routing of data packets to nonlocal machines. The Transport Layer adds reliability, by recovering from routing errors, such as when data frames are lost or reordered as they are routed (along possibly different paths) through the network.The Session Layer uses the Transport Layer's reliable data-transfer services  to  provide  long-term  communication  connections, over  which  lengthy  data exchanges can take place.The Presentation Layer provides translation among different data representations, to support data exchanges among components that use different data formats. The Application Layer provides application-specific services, such as file transfers if the application is a file-transfer program.
In the OSI example, each layer raises the level of abstraction of the communication services that are available to the next layer, and hides all of the details about how those services are implemented. In general, the layering style is useful whenever we can decompose our system's functionality into steps, each of which builds on previous steps. The resulting design is easier to port to other platforms, if the lowest level encapsulates the software's interactions with the platform. Moreover, because a layer can interact only  with  its  neighboring  layers, layer  modification  is  relatively  easy; such  changes should affect at most only the two adjacent layers.


[2]
[SECTION]: Designing the Architecture > 5.4 Architectural Styles And Strategies > Layering
[CONTENT]: [FIGURE 5.9 Layered architecture of OSI model for network communications.] 
On the other hand, it is not always easy to structure a system into distinct layers of increasingly powerful services, especially when software units are seemingly interdependent. Also, it may appear that layers introduce a performance cost from the set of calls  and  data  transfers  between  system  layers. Fortunately, sophisticated  compilers, linkers, and loaders can reduce this overhead (Clements et al. 2003).
[FIGURE_DESCRIPTIONS]
[0] Diagram depicts a data flow architecture with labeled layers and directional arrows illustrating the flow of data between sender and receiver. Leftmost column contains a KEY box showing layers: layer, procedure call, and physical cable. In the center, a vertical sequence of rounded rectangles labeled from top to bottom: Application, send (my file); send (data); Session; Transport; send (frame); Network; send (bit); Data; Physical. To the right, a mirrored set of boxes for the receiver side: Application, receive (my file); receive (data); Presentation; receive (data); Session; receive (data); Transport; receive (frame); Network; receive (bit); Data; Physical. The arrows indicate bidirectional flow for sending and receiving, with a large gray arrow on the left signifying the Data flow direction through the layers. Text annotations along arrows indicate actions such as 'send', 'receive', and 'close session', providing a high-level visualization of end-to-end data movement across OSI-like layers, including application-level data, session management, transport, network, data link, and physical layers.

","[
  {
    ""role"": ""paragraph"",
    ""segment"": ""A pure layered architecture minimizes the impact of changes by enforcing that a layer only communicates with the layer directly below it via its interface, and by restricting a layer from accessing higher layers. This means that when a layer is modified, the ripple effects are limited to the layer itself, the layer above it that consumes its services, and the layer below it that provides those services."",
    ""citations"": [
      {
        ""type"": ""source_text"",
        ""content"": ""In a 'pure' layered system, a software unit in a given layer can access only the other units in the same layer and services offered by the interface to the layer immediately below it."",
        ""img_id"": null
      },
      {
        ""type"": ""source_text"",
        ""content"": ""Under no circumstances does a layer access the services offered by a higher-level layer; the resulting architecture would no longer be called layered."",
        ""img_id"": null
      },
      {
        ""type"": ""source_text"",
        ""content"": ""Layered systems organize the system's software units into layers, each of which provides services to the layer above it and acts as a client to the layer below."",
        ""img_id"": null
      },
      {
        ""type"": ""source_text"",
        ""content"": ""such changes should affect at most only the two adjacent layers."",
        ""img_id"": null
      },
      {
        ""type"": ""img"",
        ""content"": null,
        ""img_id"": ""image_0_1""
      }
    ],
    ""type"": null
  }
]","A pure layered architecture minimizes the impact of changes by enforcing that a layer only communicates with the layer directly below it via its interface, and by restricting a layer from accessing higher layers. This means that when a layer is modified, the ripple effects are limited to the layer itself, the layer above it that consumes its services, and the layer below it that provides those services.",1.568,6.776
How does the transition from Stage 1 (Application Composition) to Stage 3 (Postarchitecture) in the COCOMO II model change the metrics used to measure system size and the types of cost drivers that are applied to the effort estimate? -Required source types: both -Brief reasoning type label: process reasoning,"
[0]
[SECTION]: Planning and Managing the Project > 3.3 Effort Estimation > Algorithmic Methods
[CONTENT]: |    | ModelAspect                          | Stage 1: Application Composition                | Stage 2: Early Design                                                                                                               | Stage 3: Postarchitecture                                                                                                                      |
|---:|:-------------------------------------|:------------------------------------------------|:------------------------------------------------------------------------------------------------------------------------------------|:-----------------------------------------------------------------------------------------------------------------------------------------------|
|  0 | Size                                 | Application points                              | Function points (FPs) and language                                                                                                  | FP and language or source lines of code (SLOC)                                                                                                 |
|  1 | Reuse                                | Implict in model                                | Equivalent SLOCas function of other variables                                                                                       | Equivalent SLOCas function of other variables                                                                                                  |
|  2 | Requirements change                  | Implicit in model                               | %change expressed as a cost factor                                                                                                  | %change expressed as a cost factor                                                                                                             |
|  3 | Maintenance                          | Application points, annual change traffic (ACT) | Function ofACT,software understanding, unfmiliarity                                                                                 | Function ofACT,software understanding, unfamiliarity                                                                                           |
|  4 | Scale (c) in nominal effort equation | 1.0                                             | 0.91 to 1.23, depending on precedentedness, conformity, early architecture, risk resolution,team cohesion, and SEI process maturity | 0.91 to 1.23, depending on precedentedness, conformity, early architecture, risk resolution,team cohesion,and SEI process maturity             |
|  5 | Product cost drivers                 | None                                            | Complexity, required reusability                                                                                                    | Reliability, database size, documentation needs, required reuse,and product complexity                                                         |
|  6 | Platform cost drivers                | None                                            | Platform difficulty                                                                                                                 | Execution time constraints, main storage constraints,and virtual machine volatility                                                            |
|  7 | Personnel cost drivers               | None                                            | Personnel capability and experience                                                                                                 | Analyst capability, applications experience,programmer capability,programmer experience, language and tool experience,and personnel continuity |
|  8 | Project cost drivers                 | None                                            | Required development schedule, development environment                                                                              | Use of software tools, required development schedule,and multisite development                                                                 |


[1]
[SECTION]: Planning and Managing the Project > 3.3 Effort Estimation > Algorithmic Methods
[CONTENT]: Clearly, one of the problems with models of this type is their dependence on size as a key variable. Estimates are usually required early, well before accurate size information is available, and certainly before the system is expressed as lines of code. So the models simply translate the effort-estimation problem to a size-estimation problem. Boehm's Constructive Cost Model (COCOMO) acknowledges this problem and incorporates three sizing techniques in the latest version, COCOMO II.
Boehm (1981) developed the original COCOMO model in the 1970s, using an extensive database of information from projects at TRW, an American company that built software for many different clients. Considering software development from both an engineering and an economics viewpoint, Boehm used size as the primary determinant of cost and then adjusted the initial estimate using over a dozen cost drivers, including attributes of the staff, the project, the product, and the development environment. In the  1990s, Boehm updated the original COCOMO model, creating COCOMO II to reflect the ways in which software development had matured.
The COCOMO II estimation process reflects three major stages of any development project. Whereas the original COCOMO model used delivered source lines of code as its key input, the new model acknowledges that lines of code are impossible to know early in the development cycle. At stage 1, projects usually build prototypes to resolve high-risk issues involving user interfaces, software and system interaction, performance, or technological maturity. Here, little is known about the likely size of the final product under consideration, so COCOMO II estimates size in what its creators call application points. As we shall see, this technique captures size in terms of highlevel effort generators, such as the number of screens and reports, and the number of third-generation language components.
At stage 2, the early design stage, a decision has been made to move forward with development, but the designers must explore alternative architectures and concepts of operation. Again, there is not enough information to support fine-grained effort and duration estimation, but far more is known than at stage 1. For stage 2, COCOMO II employs function points as a size measure. Function points, a technique explored in depth  in  IFPUG  (1994a  and  b), estimate  the  functionality  captured  in  the  requirements, so they offer a richer system description than application points.
By  stage  3, the  postarchitecture  stage, development  has  begun, and  far  more information is known. In this stage, sizing can be done in terms of function points or lines of code, and many cost factors can be estimated with some degree of comfort.
","[
  {
    ""role"": ""paragraph"",
    ""segment"": ""From Stage 1 to Stage 3, the model moves from using application points as the size metric to using function points (and optionally language or SLOC) as the size metric."",
    ""citations"": [
      {
        ""type"": ""source_text"",
        ""content"": ""Size | Application points | Function points (FPs) and language | FP and language or source lines of code (SLOC)"",
        ""img_id"": null
      },
      {
        ""type"": ""source_text"",
        ""content"": ""At stage 1, projects usually build prototypes to resolve high-risk issues involving user interfaces, software and system interaction, performance, or technological maturity. Here, little is known about the likely size of the final product under consideration, so COCOMO II estimates size in what its creators call application points."",
        ""img_id"": null
      },
      {
        ""type"": ""source_text"",
        ""content"": ""At stage 2, the early design stage, a decision has been made to move forward with development, but the designers must explore alternative architectures and concepts of operation."",
        ""img_id"": null
      },
      {
        ""type"": ""source_text"",
        ""content"": ""By stage 3, the postarchitecture stage, development has begun, and far more information is known. In this stage, sizing can be done in terms of function points or lines of code, and many cost factors can be estimated with some degree of comfort."",
        ""img_id"": null
      }
    ]
  },
  {
    ""role"": ""paragraph"",
    ""segment"": ""In parallel, the types of cost drivers applied to the effort estimate become more explicit and varied across stages. Stage 1 has no explicit cost drivers in the table (implicit in the model), Stage 2 treats size drivers as equivalent SLOC as a function of other variables, and Stage 3 again uses SLOC/function points but with a broader set of explicit drivers."",
    ""citations"": [
      {
        ""type"": ""source_text"",
        ""content"": ""Size |  0 | 1 | 0.91 to 1.23, depending on precedentedness, conformity, early architecture, risk resolution,team cohesion, and SEI process maturity"",
        ""img_id"": null
      },
      {
        ""type"": ""source_text"",
        ""content"": ""Requirements change | Implicit in model | %change expressed as a cost factor | %change expressed as a cost factor"",
        ""img_id"": null
      },
      {
        ""type"": ""source_text"",
        ""content"": ""Product cost drivers | None | Complexity, required reusability | Reliability, database size, documentation needs, required reuse,and product complexity"",
        ""img_id"": null
      },
      {
        ""type"": ""source_text"",
        ""content"": ""Project cost drivers | None | Required development schedule, development environment | Use of software tools, required development schedule,and multisite development"",
        ""img_id"": null
      }
    ]
  }
]","From Stage 1 to Stage 3, the model moves from using application points as the size metric to using function points (and optionally language or SLOC) as the size metric.

In parallel, the types of cost drivers applied to the effort estimate become more explicit and varied across stages. Stage 1 has no explicit cost drivers in the table (implicit in the model), Stage 2 treats size drivers as equivalent SLOC as a function of other variables, and Stage 3 again uses SLOC/function points but with a broader set of explicit drivers.",1.695,7.225
"If a risk has an estimated probability of 0.25 and a potential loss impact of $500,000, what is the initial risk exposure, and what mathematical steps must a project manager take next to determine the ""risk reduction leverage"" if a proposed mitigation strategy costs $50,000? -Required source types: both -Brief reasoning type label: process reasoning","
[0]
[SECTION]: Planning and Managing the Project > 3.4 Risk Management > Risk Management Activities
[CONTENT]: L(UO). For instance, there are three possible consequences of performing regression testing: finding a critical fault if one exists, not finding the critical fault (even though it exists), or deciding (correctly) that there is no critical fault. As the figure illustrates, we have estimated the probability of the first case to be 0.75, of the second to be 0.05, and of the third to be 0.20. The loss associated with an unwanted outcome is estimated to be $500,000 if a critical fault is found, so that the risk exposure is $375,000. Similarly, we calculate the risk exposure for the other branches of this decision tree, and we find that our risk exposure if we perform regression testing is almost $2 million. However, the same kind of analysis shows us that the risk exposure if we do not perform regression testing is almost $17 million. Thus, we say (loosely) that more is at risk if we do not perform regression testing.
Risk exposure helps us to list the risks in priority order, with the risks of most concern given the highest priority. Next, we must take steps to control the risks.The notion of control acknowledges that we may not be able to eliminate all risks. Instead, we may be able to minimize the risk or mitigate it by taking action to handle the unwanted outcome in an acceptable way. Therefore, risk control involves risk reduction, risk planning, and risk resolution.
There are three strategies for risk reduction:
 - avoiding the risk, by changing requirements for performance or functionality
 - transferring the risk, by allocating risks to other systems or by buying insurance to cover any financial loss should the risk become a reality
 - assuming the risk, by accepting it and controlling it with the project's resources To aid decision making about risk reduction, we must take into account the cost of reducing the risk. We call risk leverage the difference in risk exposure divided by the cost of reducing the risk. In other words, risk reduction leverage is If the leverage value is not high enough to justify the action, then we can look for other less costly or more effective reduction techniques.
/ 1 cost of risk reduction 2 1 Risk exposure before reduction -risk exposure after reduction 2 In some cases, we can choose a development process to help reduce the risk. For example,we saw in Chapter 2 that prototyping can improve understanding of the requirements and design,so selecting a prototyping process can reduce many project risks.
It is useful to record decisions in a risk management plan , so that both customer and development team can review how problems are to be avoided, as well as how they are to be  handled  should  they  arise. Then, we  should  monitor  the  project  as  development progresses, periodically reevaluating the risks, their probability, and their likely impact.


[1]
[SECTION]: Planning and Managing the Project > 3.4 Risk Management > Risk Management Activities
[CONTENT]: Once we have itemized all the risks, we use our understanding to assign priorities them. A priority scheme enables us to devote our limited resources only to the most threatening risks. Usually, priorities are based on the risk exposure, which takes into account not only likely impact, but also the probability of occurrence.
The risk exposure is computed from the risk impact and the risk probability, so we must estimate each of these risk aspects. To see how the quantification is done, consider the analysis depicted in Figure 3.16. Suppose we have analyzed the system development process and we know we are working under tight deadlines for delivery.We have decided to build the system in a series of releases, where each release has more functionality than the one that preceded it. Because the system is designed so that functions are relatively independent, we consider testing only the new functions for a release, and we assume that the existing functions still work as they did before. However, we may worry that there are risks associated with not performing regression testing : the assurance that existing functionality still works correctly.
For  each  possible  outcome, we  estimate  two  quantities: the  probability  of  an unwanted  outcome, P(UO), and  the  loss  associated  with  the  unwanted  outcome,
[FIGURE 3.16 Example of risk exposure calculation.] 
[FIGURE_DESCRIPTIONS]
[0] Diagram illustrating risk exposure and combined risk exposure with hierarchical decision nodes. The top section shows P(U0) = 0.75 and L(U0) = 5M, then progression through if-else branches: Find critical fault, Don’t find critical fault, Don’t fault with No regression testing? pathways. Nodes labeled Yes/No direct to a sequential decision tree leading to final exposure values: $1.875M, $1.5M, $16.625M, etc. Left side features a decision diamond labeled Do regression testing? with Yes/No branches, leading to subsequent branches where P(U0) and L(U0) values update. The right side aggregates risk exposure into Combined Risk Exposure with currency values. Visible text includes P(U0) and L(U0) values at each branch, and monetary amounts in dollars. The diagram emphasizes a logic flow for risk assessment in software testing, comparing outcomes with and without regression testing, and the impact on exposure totals.



[2]
[SECTION]: Planning and Managing the Project > 3.4 Risk Management > What Is a Risk?
[CONTENT]: Many events occur during software development; Sidebar 3.4 lists Boehm's view of some of the riskiest ones.We distinguish risks from other project events by looking for three things (Rook 1993):
 - A loss associated with the event. The event must create a situation where something  negative  happens  to  the  project: a  loss  of  time, quality, money, control, understanding, and so on. For example, if requirements change dramatically after


[3]
[SECTION]: Planning and Managing the Project > 3.4 Risk Management
[CONTENT]: As  we  have  seen, many  software  project  managers  take  steps  to  ensure  that  their projects are done on time and within effort and cost constraints. However, project management involves far more than tracking effort and schedule. Managers must determine whether  any  unwelcome  events  may  occur  during  development  or  maintenance  and make plans to avoid these events or, if they are inevitable, minimize their negative consequences. A risk is an unwanted event that has negative consequences. Project managers must engage in risk management to understand and control the risks on their projects.
","[
  {
    ""role"": ""paragraph"",
    ""segment"": ""Initial risk exposure is 0.25 × $500,000 = $125,000."",
    ""citations"": [
      {
        ""type"": ""source_text"",
        ""content"": ""The risk exposure is computed from the risk impact and the risk probability"",
        ""img_id"": null
      },
      {
        ""type"": ""source_text"",
        ""content"": ""\""The risk exposure is computed from the risk impact and the risk probability\"""",
        ""img_id"": null
      },
      {
        ""type"": ""source_text"",
        ""content"": ""P(UO)"",
        ""img_id"": null
      }
    ],
    ""type"": null
  },
  {
    ""role"": ""paragraph"",
    ""segment"": ""To determine risk reduction leverage, follow these steps: 1) identify the initial risk exposure R_before = P(UO) × L, 2) determine the post-mitigation probability P'(UO) (the probability of an unwanted outcome after applying the mitigation), 3) compute the post-mitigation risk exposure R_after = P'(UO) × L, and 4) compute risk reduction leverage = (R_before − R_after) / cost_of_reducing_risk. In this case, cost_of_reducing_risk = $50,000."",
    ""citations"": [
      {
        ""type"": ""source_text"",
        ""content"": ""risk reduction leverage is If the leverage value is not high enough to justify the action, then we can look for other less costly or more effective reduction techniques."",
        ""img_id"": null
      },
      {
        ""type"": ""source_text"",
        ""content"": ""The risk exposure is computed from the risk impact and the risk probability"",
        ""img_id"": null
      }
    ],
    ""type"": null
  }
]","Initial risk exposure is 0.25 × $500,000 = $125,000.

To determine risk reduction leverage, follow these steps: 1) identify the initial risk exposure R_before = P(UO) × L, 2) determine the post-mitigation probability P'(UO) (the probability of an unwanted outcome after applying the mitigation), 3) compute the post-mitigation risk exposure R_after = P'(UO) × L, and 4) compute risk reduction leverage = (R_before − R_after) / cost_of_reducing_risk. In this case, cost_of_reducing_risk = $50,000.",1.676,10.641
How does a Message Sequence Chart visually depict the passage of time and the creation of new entities differently from how a UML Statechart diagram depicts the local variables and internal activities of a single entity? -Required source types: both -Brief reasoning type label: structure interpretation,"
[0]
[SECTION]: Capturing the Requirements > 4.5 Modeling Notations > Example: Message Sequence Chart
[CONTENT]: Message Sequence Charts (ITU 1996) are an enhanced event-trace notation, with facilities for creating and destroying entities, specifying actions and timers, and composing traces. Figure 4.7 displays an example Message Sequence Chart (MSC) for a loan transaction in our library problem. Each vertical line represents a participating entity , and a message is  depicted as an arrow from the sending entity to the receiving entity; the arrow's label specifies the message name and data parameters, if any.A message arrow may slope downwards (e.g., message recall notice ) to reflect the passage of time between when the message is sent and when it is received. Entities may come and go during the course of a trace; a dashed arrow, optionally annotated with data parameters, represents a create event that spawns a new entity, and a cross at the bottom of an entity line represents the end of that entity's execution. In contrast, a solid rectangle at the end of the line represents the end of an entity's specification without meaning the end of its execution. Actions , such as invoked operations or changes to variable values, are specified as labeled rectangles positioned on an entity's execution line, located at the point in the trace where the action occurs.Thus, in our MSC model of a library loan, loan requests are sent to the Publication to be borrowed, and the Publication entity is responsible for creating a Loan entity that manages loan-specific data, such as the due date . Reserving an item that is out on loan results in a recall of that item. Returning  the  borrowed  item  terminates  the  loan, but  not  before  calculating  the overdue fine , if any, for returning the item after the loan's due date .
[FIGURE_DESCRIPTIONS]
[0] A sequence diagram showing interactions among Publication, Patron, and Librarian (Patron) entities with labeled lifelines and arrows. Visible labels include: publication, patrons, loan, checkin/checkout, fine, overdue, return, reserve, real, recall, recall notification (publications), deletion, insertions, and office desk-like symbols representing actors. The diagram features horizontal lifelines for Publication (left), Patron (center), and Librarian/Patron (right) with vertical alignment indicating message passing. Arrows indicate actions: issue loan, check fines, return items, record late fines, recall notices, and publication on loan. Notable text segments: 'Publication', 'Patron', 'loan', 'checkfines', 'no fine', 'invoice due date' or 'date due', 'remember', 'recall notification (publications)', 'return', 'reserve', 'delete', 'cala overdue fine' (likely 'calculate overdue fines'). The diagram appears to model library circulation workflow including loans, recalls, fines, and notifications, with dashed lines signifying optional/alternative flows and solid lines for core events. There is a visual emphasis on the sequence and timing of actions across the three entities.



[1]
[SECTION]: Capturing the Requirements > 4.5 Modeling Notations > Example: UML Statechart Diagrams
[CONTENT]: A UML statechart diagram depicts the dynamic behavior of the objects in a UML class. A UML class diagram gives a static, big-picture view of a problem, in terms of the entities involved and their relationships; it says nothing about how the entities behave, or how their behaviors change in response to input events.A statechart diagram shows how a class's instances should change state and how their attributes should change value as the  objects  interact  with  each  other. Statechart  diagrams  are  a  nice  counterpart  to Message Sequence Charts (MSC).An MSC shows the events that pass between entities without saying much about each entity's behavior, whereas a statechart diagram shows how a single entity reacts to input events and generates output events.
A UML model is a collection  of  concurrently  executing  statecharts-one  per instantiated  object-that  communicate  with  each  other  via  message  passing  (OMG 2003). Every class in a UML class diagram has an associated statechart diagram that specifies the dynamic behavior of the objects of that class. Figure 4.9 shows the UML statechart diagram for the Publication class from our Library class model.
UML statechart diagrams have a rich syntax, much of it borrowed from Harel's original conception of statecharts (Harel 1987), including state hierarchy, concurrency, and intermachine communication. State hierarchy is used to unclutter diagrams by collecting into superstates those states with common transitions.We can think of a superstate as a submachine, with its own set of states and transitions. A transition whose destination state is a superstate acts as a transition to the superstate's default initial state, designated  by  an  arrow  from  the  superstate's  internal  black  circle. A  transition  whose source state is a superstate acts as a set of transitions, one from each of the superstate's internal states. For example, in the Publication state diagram, the transition triggered by event lose can be enabled from any of the superstate's internal states; this transition ends in a final state and designates the end of the object's life.


[2]
[SECTION]: Capturing the Requirements > 4.5 Modeling Notations > Example: Message Sequence Chart
[CONTENT]: [FIGURE 4.7 Message Sequence Chart for library loan transaction.] 
There  are  facilities  for  composing  and  refining  Message  Sequence  Charts. For example, important states in an entity's evolution can be specified as conditions , represented as labeled hexagons.We can then specify a small collection of subtraces between conditions, and derive a variety of traces by composing the charts at points where the entities' states are the same. For example there are multiple scenarios between state publication on loan and the end of the loan transition: the patron renews the loan once, the patron renews the loan twice, the patron returns the publication, the patron reports the publication as being lost. Each of these subscenarios could be appended to a prefix trace of a patron successfully borrowing the publication. Such composition and refinement features help to reduce the number of MSCs one would need to write to specify a problem completely. However, these features do not completely address the trace-explosion  problem, so  Message  Sequences  Charts  are  usually  used  only  to describe key scenarios rather than to specify entire problems.
","[
  {
    ""role"": ""paragraph"",
    ""segment"": "" MSCs depict the passage of time with a message arrow that may slope downwards to reflect the passage of time between when the message is sent and when it is received, and they depict creation of new entities with a dashed arrow, optionally annotated with data parameters, that represents a create event that spawns a new entity."",
    ""citations"": [
      {
        ""type"": ""source_text"",
        ""content"": ""A message arrow may slope downwards (e.g., message recall notice ) to reflect the passage of time between when the message is sent and when it is received."",
        ""img_id"": null
      },
      {
        ""type"": ""source_text"",
        ""content"": ""a dashed arrow, optionally annotated with data parameters, represents a create event that spawns a new entity"",
        ""img_id"": null
      }
    ],
    ""type"": null
  },
  {
    ""role"": ""paragraph"",
    ""segment"": "" By contrast, a UML statechart diagram focuses on the dynamic behavior of the objects in a UML class, showing how a class's instances should change state and how their attributes should change value as the objects interact with each other, i.e., it describes the internal behavior of a single entity rather than inter-entity events."",
    ""citations"": [
      {
        ""type"": ""source_text"",
        ""content"": ""A UML statechart diagram depicts the dynamic behavior of the objects in a UML class."",
        ""img_id"": null
      },
      {
        ""type"": ""source_text"",
        ""content"": ""A statechart diagram shows how a class's instances should change state and how their attributes should change value as the  objects  interact  with  each  other."",
        ""img_id"": null
      }
    ],
    ""type"": null
  }
]","MSCs depict the passage of time with a message arrow that may slope downwards to reflect the passage of time between when the message is sent and when it is received, and they depict creation of new entities with a dashed arrow, optionally annotated with data parameters, that represents a create event that spawns a new entity.

By contrast, a UML statechart diagram focuses on the dynamic behavior of the objects in a UML class, showing how a class's instances should change state and how their attributes should change value as the objects interact with each other, i.e., it describes the internal behavior of a single entity rather than inter-entity events.",1.64,9.895
"According to Abdel-Hamid's system dynamics model of software development, how does increasing the staff size to alleviate schedule pressure inadvertently impact the average nominal potential productivity and communication overhead? -Required source types: both -Brief reasoning type label: causal reasoning","
[0]
[SECTION]: Modeling the Process and Life Cycle > 2.3 Tools And Techniques For Process Modeling > Dynamic Modeling: System Dynamics
[CONTENT]: A desirable property of a process model is the ability to enact the process, so that we can watch what happens to resources and artifacts as activities occur. In other words, we want to describe a model of the process and then watch as software shows us how resources flow through activities to become outputs.This dynamic process view enables us  to  simulate  the  process  and  make  changes  before  the  resources  are  actually expended. For example, we can use a dynamic process model to help us decide how many testers we need or when we must initiate testing in order to finish on schedule. Similarly, we can include or exclude activities to see their effects on effort and schedule. For instance, we can add a code-review activity, making assumptions about how many faults we will find during the review, and determine whether reviewing shortens test time significantly.
There are several ways to build dynamic process models. The systems dynamics approach, introduced by Forrester in the 1950s, has been useful for simulating diverse processes, including  ecological, economic, and  political  systems  (Forrester  1991). Abdel-Hamid and Madnick have applied system dynamics to software development, enabling project managers to 'test out' their process choices before imposing them on developers (Abdel-Hamid 1989;Abdel-Hamid and Madnick 1991).
To see how system dynamics works, consider how the software development process affects productivity. We can build a descriptive model of the various activities that involve developers' time and then look at how changes in the model increase or decrease the time it takes to design, write, and test the code. First, we must determine which factors affect  overall  productivity. Figure  2.13 depicts Abdel-Hamid's understanding of these factors. The arrows indicate how changes in one factor affect changes in another. For example,if the fraction of experienced staff increases from one-quarter to one-half of the people assigned to the project, then we would expect the average potential productivity to increase, too. Similarly, the larger the staff (reflected in staff size), the more time is devoted to communication among project members (communication overhead).


[1]
[SECTION]: Modeling the Process and Life Cycle > 2.3 Tools And Techniques For Process Modeling > Dynamic Modeling: System Dynamics
[CONTENT]: [FIGURE 2.13 Model of factors contributing to productivity (Abdel-Hamid 1996).] 
The figure shows us that average nominal potential productivity is affected by three things: the productivity of the experienced staff, the fraction of experienced staff, and the productivity of the new staff. At the same time, new staff must learn about the project; as more of the project is completed, the more the new staff must learn before they can become productive members of the team.
Other issues affect the overall development productivity. First, we must consider the fraction of each day that each developer can devote to the project. Schedule pressures  affect  this  fraction, as  do  the  developers'  tolerances  for  workload. Staff  size affects productivity, too, but the more staff, the more likely it is that time will be needed just to communicate information among team members.Communication and motivation, combined with the potential productivity represented in the upper half of Figure 2.13, suggest a general software development productivity relationship.
[FIGURE_DESCRIPTIONS]
[0] Diagram illustrating relationships among staff experience, productivity, and project outcomes. Central flow shows Average nominal potential productivity feeding into Potential productivity and then Software development productivity, which then connects to Actual fraction of person-days on project and Motivation and morale losses, culminating in Schedule pressure and Communication overhead. Left branch depicts Fraction of staff experienced converging with Experienced staff nominal potential productivity to form New staff nominal productivity, which combines with Percent of project completed and Learning multiplier to influence Potential productivity. Leftmost node indicates Over/under work tolerances feeding into Actual fraction of person-days on project. Top right shows Percent of project completed and Learning multiplier influencing New staff nominal productivity. Bottom-right highlights Staff size contributing to Communication overhead. All nodes interconnect to illustrate how staffing, experience, morale, scheduling, and communication affect overall software development productivity and project completion metrics. Visible labels include: Fraction of staff experienced, Experienced staff nominal potential productivity, Average nominal potential productivity, New staff nominal productivity, Percent of project completed, Learning multiplier, Potential productivity, Software development productivity, Actual fraction of person-days on project, Motivation and morale losses, Schedule pressure, Communication overhead, Staff size, Over/under work tolerances.



[2]
[SECTION]: Modeling the Process and Life Cycle > 2.3 Tools And Techniques For Process Modeling > Dynamic Modeling: System Dynamics
[CONTENT]: [FIGURE 2.14 Structure of software development (Abdel-Hamid 1996).] 
[FIGURE_DESCRIPTIONS]
[0] Diagram of a theoretical-practice integration across four domains: Software Production, Human Resource Management, Planning, and Control. The top-left domain, Software Production, contains labeled nodes such as Process issues, Software development, Quality assurance, Error rate, and Learning, connected by arrows indicating feedback and causal relationships like learning reducing error rate and process issues impacting software quality. The top-right domain, Human Resource Management, shows labels including Hire rate, Turnover rate, Workforce experience mix, and Workforce, with arrows suggesting how staffing levels affect perceived productivity and project progress. The bottom-left Planning domain includes Schedule pressure, Scheduled completion dates, Workforce level, Perceived workload, and Adjustments to workload and schedule, with arrows illustrating how planning inputs influence actual workload and deadlines. The bottom-right Control domain features Project tasks, perceived status, and Perceived productivity, connected to indicate how task progress and status reporting influence productivity perceptions. Overall, the diagram uses dotted ovals to group related domains and dashed arrows to show cross-domain interactions, emphasizing feedback loops between planning accuracy, human resources, and software production outcomes.



[3]
[SECTION]: Planning and Managing the Project > 3.14 Exercises
[CONTENT]:  - Many project managers plan their schedules based on programmer productivity on past projects.This productivity is often measured in terms of a unit of size per unit of time. For example, an  organization  may  produce  300  lines  of  code  per  day  or  1200  application points per month. Is it appropriate to measure productivity in this way? Discuss the measurement of productivity in terms of the following issues:
 - Different languages can produce different numbers of lines of code for implementation of the same design.
 - Productivity in lines of code cannot be measured until implementation begins.
 - Programmers may structure code to meet productivity goals.
4
","[
  {
    ""role"": ""bullet"",
    ""segment"": ""Increasing staff size to alleviate schedule pressure increases communication overhead, and staff size also affects productivity; the larger the staff, the more likely it is that time will be needed just to communicate information among team members."",
    ""citations"": [
      {
        ""type"": ""source_text"",
        ""content"": ""the larger the staff (reflected in staff size), the more time is devoted to communication among project members (communication overhead)."",
        ""img_id"": ""image_0_1""
      },
      {
        ""type"": ""source_text"",
        ""content"": ""Staff size affects productivity, too, but the more staff, the more likely it is that time will be needed just to communicate information among team members."",
        ""img_id"": ""image_0_1""
      }
    ],
    ""type"": null
  }
]","- Increasing staff size to alleviate schedule pressure increases communication overhead, and staff size also affects productivity; the larger the staff, the more likely it is that time will be needed just to communicate information among team members.",1.539,7.447
"How does a company mathematically and strategically justify the initial higher development costs of creating a core asset base for a software product line, and how does the ""scoping"" of product commonality affect the eventual return on investment for derived products? -Required source types: text -Brief reasoning type label: causal reasoning","
[0]
[SECTION]: Designing the Architecture > 5.10 Software Product Lines > SIDEBAR 5.8 PRODUCT-LINE PRODUCTIVITY
[CONTENT]: In the end, a product line's success depends on both its inherent variability and the degree of overlap between its core asset base and the derived products. To obtain desired productivity-improvement numbers, each derived product's architecture must start with the product-line architecture, incorporating a significant fraction of its software units from the product line's core asset base. Then the product design adds easily accommodated changes, such as component replacements or extensions and retractions of the architecture. The less the final derived product has in common with the product line, the more the derived product's development will resemble a completely new (i.e., nonderived) product.


[1]
[SECTION]: Designing the Architecture > 5.10 Software Product Lines
[CONTENT]: A distinguishing feature of building a product line is the treatment of the derived products as  a product family . Their  simultaneous  development is  planned  from  the beginning. The family's commonalities are described as a collection of reusable assets (including requirements, designs, code, and test cases), all stored in a core asset base . When developing products in the family, we retrieve assets from the base as needed.As a  result, development  resembles  an  assembly  line: many  of  the  components  can  be adapted from components in the core asset base and then plugged together, rather than developing each from scratch. The design of the core asset base is planned carefully, and it evolves as the product family grows to include new products.
Because  the  products  in  the  product  family  are  related, the  opportunities for reuse  abound  and  extend  well  beyond  the  reuse  of  code  units. Clements  and Northrop (2002) describe why a number of candidate elements may belong in the core asset base:
 - Requirements: Related  products  often  have  common  functional  requirements and quality attributes.
 - Software  architecture: Product  lines  are  based  on  a  common  architecture  that realizes  the  product  family's  shared  requirements. Differences  among  family members can be isolated or parameterized as variations in the architecture; for example, features, user interfaces, computing platforms, and some quality attributes can be altered to address particular product needs.
 - Models and analysis results: Models and analyses (e.g., performance analysis) of an individual product's architecture are likely to build on analyses of the productline  architecture. So  it  is  important  to  get  the  product-line  architecture  right, because it affects the performance of so many associated products.
 - Software  units: The  reuse  of  software  units  is  more  than  just  code  reuse. It includes the reuse of significant design work, including interface specifications, relationships and interactions with other units, documentation, test cases, scaffolding code (i.e., code developed to support testing and analysis that is not delivered with the final product), and more.
 - Testing: Reuse of testing includes test plans, test documentation, test data, and testing environments. It may also include the test results of reused software units.
 - Project planning: Project budgets and delivery schedules of product-family members  are  likely  to  be  more  accurate  than  products  developed  from  scratch, because we use our knowledge of the costs and schedules of past family members as guides in estimating the costs of subsequent members.


[2]
[SECTION]: Designing the Architecture > 5.10 Software Product Lines > SIDEBAR 5.8 PRODUCT-LINE PRODUCTIVITY
[CONTENT]: B rownsword and Clements (1996) report on the experiences of CelsiusTech AB, a Swedish naval defense contractor, in its transition from custom to product-line development. The transition was motivated by desperation. In 1985, the company, then Philips Elektronikindustier AB, was awarded two major contracts simultaneously, one for the Swedish Navy and one for the Danish Navy. Because of the company's past experiences with similar but smaller systems, which resulted in cost overruns and scheduling delays, senior managers questioned whether they would be able to meet the demands of both contracts, particularly the promised (and fixed) schedules and budgets, using the company's current practices and technologies.
This situation provided the genesis of a new business strategy: recognizing the potential business opportunity of selling and building a series, or family, of related systems rather than some number of specific systems. . . . The more flexible and extendable the product line, the greater the business opportunities.These business drivers . . . forged the technical strategy. (Brownsword and Clements 1996)
Development of the product line and the first system were initiated at the same time; development of the second system started six months later.The two systems plus the product line were completed using roughly the same amount of time and staff that was needed previously for a single product. Subsequent products had shorter development timelines. On average, 70-80 percent of the seven systems' software units were product-line units (re)used as is.
more than offset by the savings we expect to accrue from deriving family members from the product line.
Product-line scoping is a challenging problem. If we strive for some notion of optimal commonality among the products (e.g.,by insisting on reusing 80 percent of the code), we may exclude some interesting and profitable products that lie outside of the scope. On the other hand, if we try to include any product that looks related, we reduce the degree of commonality among the derived products, and consequently the amount of savings that can be achieved.A successful product line lies somewhere in the middle of these two extremes, with a core architecture that strongly supports the more promising products that we want to build.


[3]
[SECTION]: Designing the Architecture > 5.10 Software Product Lines > Strategic Scoping
[CONTENT]: Product lines are based not just on commonalities among products but also on the best way to exploit them. First, we employ strategic business planning to identify the family of products we want to build.We use knowledge and good judgment to forecast market trends and predict the demand for various products. Second, we scope our plans, so that we focus on products that have enough in common to warrant a product-line approach to development. That is, the cost of developing the (common) product line must be
","[
    {
        ""role"": ""paragraph"",
        ""segment"": ""Initial higher development costs for creating a core asset base are strategically justified because product lines treat derived products as a family that uses a core asset base, enabling an assembly-line style development where reusable assets are retrieved from the base and plugged together rather than developed from scratch, which ultimately supports multiple products and improves predictability of costs and schedules."",
        ""citations"": [
            {
                ""type"": ""source_text"",
                ""content"": ""The family's commonalities are described as a collection of reusable assets (including requirements, designs, code, and test cases), all stored in a core asset base . When developing products in the family, we retrieve assets from the base as needed.As a result, development resembles an assembly line: many of the components can be adapted from components in the core asset base and then plugged together, rather than developing each from scratch."",
                ""img_id"": null
            },
            {
                ""type"": ""source_text"",
                ""content"": ""In the end, a product line's success depends on both its inherent variability and the degree of overlap between its core asset base and the derived products."",
                ""img_id"": null
            },
            {
                ""type"": ""source_text"",
                ""content"": ""The design of the core asset base is planned carefully, and it evolves as the product family grows to include new products."",
                ""img_id"": null
            }
        ]
    }
]","Initial higher development costs for creating a core asset base are strategically justified because product lines treat derived products as a family that uses a core asset base, enabling an assembly-line style development where reusable assets are retrieved from the base and plugged together rather than developed from scratch, which ultimately supports multiple products and improves predictability of costs and schedules.",1.688,7.693
"How does the role of the ""Transformed Specification"" in the operational specification process model conceptually differ from the transition between a throwaway prototype and an evolutionary prototype during the requirements engineering phase? -Required source types: both -Brief reasoning type label: comparison","
[0]
[SECTION]: Modeling the Process and Life Cycle > 2.2 Software Process Models > Transformational Model
[CONTENT]: Balzer's transformational model tries to reduce the opportunity for error by eliminating several major development steps. Using automated support, the transformational process applies a series of transformations to change a specification into a deliverable system (Balzer 1981a).
[FIGURE 2.6 The operational specification model.] 
Sample transformations can include Because many paths can be taken from the specification to the delivered system, the sequence of transformations and the decisions they reflect are kept as a formal development record.
 - changing the data representations
 - selecting algorithms
 - optimizing
 - compiling
The transformational approach holds great promise. However, a major impediment to its use is the need for a formal specification expressed precisely so the transformations can operate on it, as shown in Figure 2.7. As formal specification methods become more popular, the transformational model may gain wider acceptance.
[FIGURE_DESCRIPTIONS]
[0] Flow diagram illustrating the Software Engineering lifecycle with emphasis on theory-to-practice alignment. At left, a rounded rectangle labeled Execute and Revise feeds upward to a vertical line from the top and down to two parallel paths: Operational Specification (problem-oriented) and Transformed Specification (implementation-oriented). Operational Specification is placed before Transformed Specification, connected by arrows indicating refinement or transformation. The two specifications converge toward a box labeled TES? or TEST? (text partially obscured) which then points to a final block labeled DELIVERED SYSTEM. To the far left and bottom, text notes SYSTEM REQUIREMENTS (sometimes informal or incomplete). The diagram emphasizes iterative feedback from delivered system back to execution and revision loop, with arrows illustrating requirements informing specifications and the potential for revisions based on testing or deployment outcomes. Visible textual elements include the three main labeled blocks and the surrounding annotations indicating the nature of the relationships (problem-oriented vs implementation-oriented) and the iterative assessment loop.



[1]
[SECTION]: Modeling the Process and Life Cycle > 2.2 Software Process Models > Operational Specification
[CONTENT]: For many systems, uncertainty about the requirements leads to changes and problems later in development.Zave (1984) suggests a process model that allows the developers and customers to examine the requirements and their implications early in the development process, where they can discuss and resolve some of the uncertainty. In the operational specification  model , the system requirements are evaluated or executed in a way that demonstrates the behavior of the system.That is,once the requirements are specified,they can be enacted using a software package, so their implications can be assessed before design begins. For example, if the specification requires the proposed system to handle 24 users, an executable form of the specification can help analysts determine whether that number of users puts too much of a performance burden on the system.
This type of process is very different from traditional models such as the waterfall model. The waterfall model separates the functionality of the system from the design (i.e., what the system is to do is separated from how the system does it), intending to keep the customer needs apart from the implementation. However,an operational specification allows the functionality and the design to be merged.Figure 2.6 illustrates how an operational specification works.Notice that the operational specification is similar to prototyping; the process enables user and developer to examine requirements early on.


[2]
[SECTION]: Capturing the Requirements > 4.5 Modeling Notations > Algebraic Specifications
[CONTENT]: With the exception of logic and OCL notations, all of the notation paradigms we have considered so far tend to result in models that suggest particular implementations. For example,
 - A UML class model suggests what classes ought to appear in the final (objectoriented) implementation.
 - A data-flow specification suggests how an implementation ought to be decomposed into data-transforming modules.
 - A state-machine model suggests how a reactive system should be decomposed into cases.
 - A Z specification suggests how complex data types can be implemented in terms of sets, sequences, or functions.
Such implementation bias in a requirements specification can lead a software designer to produce a design that adheres to the specification's model , subconsciously disregarding possibly better designs that would satisfy the specified behavior . For example, as we will  see  in  Chapter  6, the  classes  in  a  UML  class  diagram  may  be  appropriate  for expressing  a problem simply  and  succinctly, but  the  same  class  decomposition  in  a design may result in an inefficient solution to the problem.
A completely different way of viewing a system is in terms of what happens when combinations of operations are performed.This multi-operational view is the main idea behind algebraic specifications : to specify the behavior of operations by specifying the interactions between pairs of operations rather than modeling individual operations. An execution trace is the sequence of operations that have been performed since the start of execution. For example, one execution of our turnstile problem, starting with a new turnstile, is the operation sequence Specification axioms specify the effects of applying pairs of operations on an arbitrary sequence of operations that have already executed (where SEQ is some prefix sequence of operations):
The first three axioms specify the behavior of operation num_entries when applied to sequences ending with operations coin , push , and rotated , respectively. For example, a rotated operation indicates that another visitor has entered the zoo, so num_entries applied  to rotated(SEQ) should  be  one  more  than num_entries applied to SEQ . The fourth axiom specifies the base case of num_entries when applied to  a new turnstile. Together, the  four  axioms  indicate  that  operation num_entries returns, for a given sequence, the number of occurrences of the operation rotated -without saying anything about how that information may be stored or computed. Similar axioms would need to be written to specify the behaviors of other pairs of operations.
","[
  {
    ""role"": ""paragraph"",
    ""segment"": ""The Transformed Specification in Balzer’s operational model is a formal, automated sequence that converts a precise specification into a deliverable system, with the transformations and the decisions they reflect recorded as a formal development record. By contrast, the throwaway-to-evolutionary prototype approach in requirements engineering uses prototyping to explore and validate requirements and designs; the prototype may be discarded (throwaway) or refined into the final system (evolutionary), emphasizing early experimentation and feedback rather than a formal, transformation-based pipeline."",
    ""citations"": [
      {
        ""type"": ""source_text"",
        ""content"": ""Balzer's transformational model tries to reduce the opportunity for error by eliminating several major development steps. Using automated support, the transformational process applies a series of transformations to change a specification into a deliverable system (Balzer 1981a)."",
        ""img_id"": null
      },
      {
        ""type"": ""source_text"",
        ""content"": ""the sequence of transformations and the decisions they reflect are kept as a formal development record."",
        ""img_id"": null
      },
      {
        ""type"": ""source_text"",
        ""content"": ""Notice that the operational specification is similar to prototyping; the process enables user and developer to examine requirements early on."",
        ""img_id"": null
      },
      {
        ""type"": ""source_text"",
        ""content"": ""This type of process is very different from traditional models such as the waterfall model."",
        ""img_id"": null
      }
    ],
    ""type"": null
  }
]","The Transformed Specification in Balzer’s operational model is a formal, automated sequence that converts a precise specification into a deliverable system, with the transformations and the decisions they reflect recorded as a formal development record. By contrast, the throwaway-to-evolutionary prototype approach in requirements engineering uses prototyping to explore and validate requirements and designs; the prototype may be discarded (throwaway) or refined into the final system (evolutionary), emphasizing early experimentation and feedback rather than a formal, transformation-based pipeline.",1.38,6.125
"If a software development team uses a data-flow diagram to model a system's high-level functionality, how would the data stores and actors identified in the DFD directly influence the complexity weights used to calculate Application Points in Stage 1 of the COCOMO II estimation model? -Required source types: both -Brief reasoning type label: process reasoning","
[0]
[SECTION]: Capturing the Requirements > 4.5 Modeling Notations > Data-Flow Diagrams
[CONTENT]: [FIGURE 4.14 Data-flow diagram of the library problem.] 
One of the strengths of data-flow diagrams is that they provide an intuitive model of a proposed system's high-level functionality and of the data dependencies among the various processes. Domain experts find them easy to read and understand. However, a data-flow diagram can be aggravatingly ambiguous to a software developer who is less familiar with the problem being modeled. In particular, there are multiple ways of interpreting a DFD process that has multiple input flows (e.g., process Borrow ): are all inputs needed to compute the function, is only one of the inputs needed, or is some subset of the inputs needed? Similarly, there are multiple ways of interpreting a DFD process that has multiple output flows: are all outputs generated every time the process executes, is only one of the outputs generated, or is some subset generated? It is also not obvious that two data flows with the same annotation represent the same values: are the Items Returned that flow from Return to Loan Records the same as the Items Returned that flow from Return to Process Fines ? For these reasons, DFDs are best used by users who are familiar with the application domain being modeled, and as early models of a problem, when details are less important.
[FIGURE_DESCRIPTIONS]
[0] Diagram illustrating a library system workflow with labeled entities and flows. Central actors include Librarian, Patron, and Borrow, Return, Process Fines, and Reserve as top-level processes. Visible text shows relationships: 'Recall notice' and 'Requests to put items on reserve' flow from Librarian to Patron; 'Knowledge of library layout' and 'Titles, author, subjects' origin from Librarian to Patron; 'Items borrowed' and 'Items returned' between Patron and Borrow/Return modules; 'Due dates' and 'Overdue fines' linked to Process Fines; 'Patron' interacts with 'Payment' and 'Fines' elements; 'Reserve Records' and 'Usage trends' appear as outputs from Reserve and Borrow processes; 'Loan Records' generated in loan flow; 'Items borrowed', 'Items returned', and 'Payment' connect to overall circulation workflow. The diagram includes arrows indicating bidirectional item states and status updates for circulation management.



[1]
[SECTION]: Capturing the Requirements > 4.5 Modeling Notations > Data-Flow Diagrams
[CONTENT]: The notation paradigms discussed so far promote decomposing a problem by entity (ER diagram); by scenario (event trace); and by control state (i.e., equivalence classes of scenarios) (state machines). However, early requirements tend to be expressed as Such requirements, when decomposed by entity, scenario, or state, devolve into collections  of  lower-level  behaviors  that  are  distributed  among  multiple  entities  and  that must be coordinated. This modular structure makes it harder to see a model's highlevel  functionality. In  our  library  example, none of the above modeling notations is effective in showing, in a single model, all of the steps, and their variants, that a patron must take to borrow a book. For this reason, notations that promote decomposition by functionality have always been popular.
 - Tasks to be completed
 - Functions to be computed
 - Data to be analyzed, transformed, or recorded A data-flow diagram (DFD) models functionality and the flow of data from one function to another. A bubble represents a process , or function, that transforms data. An arrow represents data flow , where an arrow into a bubble represents an input to the bubble's function, and an arrow out of a bubble represents one of the function's outputs. Figure 4.14 shows a high-level data-flow diagram for our library problem. The problem is broken down into steps, with the results of early steps flowing into later steps. Data  that  persist  beyond  their  use  in  a  single  computation  (e.g., information about patrons' outstanding fines) can be saved in a data store -a formal repository or database  of  information-that  is  represented  by  two  parallel  bars. Data  sources  or sinks, represented by rectangles, are actors : entities that provide input data or receive the output results. A bubble can be a high-level abstraction of another data-flow diagram that shows in more detail how the abstract function is computed. A lowest-level bubble is a function whose effects, such as pre-conditions, post-conditions, exceptions, can be specified in another notation (e.g., text, mathematical functions, event traces) in a separately linked document.


[2]
[SECTION]: Modeling the Process and Life Cycle > 2.3 Tools And Techniques For Process Modeling > Dynamic Modeling: System Dynamics
[CONTENT]: [FIGURE 2.14 Structure of software development (Abdel-Hamid 1996).] 
[FIGURE_DESCRIPTIONS]
[0] Diagram of a theoretical-practice integration across four domains: Software Production, Human Resource Management, Planning, and Control. The top-left domain, Software Production, contains labeled nodes such as Process issues, Software development, Quality assurance, Error rate, and Learning, connected by arrows indicating feedback and causal relationships like learning reducing error rate and process issues impacting software quality. The top-right domain, Human Resource Management, shows labels including Hire rate, Turnover rate, Workforce experience mix, and Workforce, with arrows suggesting how staffing levels affect perceived productivity and project progress. The bottom-left Planning domain includes Schedule pressure, Scheduled completion dates, Workforce level, Perceived workload, and Adjustments to workload and schedule, with arrows illustrating how planning inputs influence actual workload and deadlines. The bottom-right Control domain features Project tasks, perceived status, and Perceived productivity, connected to indicate how task progress and status reporting influence productivity perceptions. Overall, the diagram uses dotted ovals to group related domains and dashed arrows to show cross-domain interactions, emphasizing feedback loops between planning accuracy, human resources, and software production outcomes.

","[
  {
    ""role"": ""paragraph"",
    ""segment"": ""The chatbot can't answer this question. Please try again with another question."",
    ""citations"": [],
    ""type"": null
  }
]",The chatbot can't answer this question. Please try again with another question.,1.934,14.817
"According to McCall's quality model, ""Flexibility"" is a key external quality factor. If an architect wants to achieve this factor by minimizing the number of indirectly affected software units when a change occurs, which specific modifiability tactics should be applied to the system's interfaces and coupling? -Required source types: both -Brief reasoning type label: synthesis","
[0]
[SECTION]: Why Software Engineering? > 1.3 What Is Good Software? > The Quality of the Product
[CONTENT]: We can ask people to name the characteristics of software that contribute to its overall quality, but we are likely to get different answers from each person we ask. This difference occurs because the importance of the characteristics depends on who is analyzing the software. Users judge software to be of high quality if it does what they want in a way that is easy to learn and easy to use. However, sometimes quality and functionality are intertwined; if something is hard to learn or use but its functionality is worth the trouble, then it is still considered to have high quality.
We try  to  measure  software  quality  so  that  we  can  compare  one  product  with another. To do so, we identify those aspects of the system that contribute to its overall quality. Thus, when measuring software quality, users assess such external characteristics as the number of failures and type of failures. For example, they may define failures as minor,major,and catastrophic,and hope that any failures that occur are only minor ones.
The software must also be judged by those who are designing and writing the code and by those who must maintain the programs after they are written.These practitioners tend to look at internal characteristics of the products, sometimes even before the product is delivered to the user. In particular, practitioners often look at numbers and types of faults for evidence of a product's quality (or lack of it). For example, developers track the number of faults found in requirements, design, and code inspections and use them as indicators of the likely quality of the final product.
For this reason, we often build models to relate the user's external view to the developer's internal view of the software. Figure 1.5 is an example of an early quality model built by McCall and his colleagues to show how external quality factors (on the left-hand side) relate to product quality criteria (on the right-hand side). McCall associated each right-hand criterion with a measurement to indicate the degree to which an element of quality was addressed (McCall, Richards, and Walters 1977).We will examine several product quality models in Chapter 12.


[1]
[SECTION]: Evaluating Products, Processes, and Resources > 12.4 Evaluating Products > Product Quality Models
[CONTENT]: There are several quality models that suggest ways to tie together different quality attributes. Each model helps us to understand how the several facets contribute to the whole. Often, we narrow our focus and think only about faults and failures; these models show us that quality is much broader.When we evaluate the quality of development products, we must see this bigger picture.
Boehm's Model. There are many software quality models, and Boehm and colleagues have constructed one of the best-known, shown in Figure 12.2. It is similar to McCall's in that it presents a hierarchy of characteristics, each of which contributes to overall quality (Boehm et al. 1978). Note that Boehm's notion of successful software includes the needs and expectations of users, as does McCall's; however, Boehm also includes characteristics of hardware performance that are missing in the McCall model. Let us examine Boehm's model in more detail.
Boehm's model begins with the general utility of the software. Thus, Boehm and his colleagues are asserting that first and foremost, a software system must be useful. If it is not, then its development has been a waste of time, money, and effort.We can consider utility in several ways, corresponding to the types of users who remain involved once the system is delivered.
The first type of user is the original customer, who is pleased with the utility of the system if it does what the customer wants it to do. However, there may be others who want to use the system on another computer or at another location. In this case, the system must be portable so that it can be moved from one computer to another and still function properly. The system should also be portable in a slightly different sense. Sometimes, an overall configuration remains the same, but the hardware or software is upgraded to a newer model or version. In this case, the system should be able to be moved to the new or different model or version without disturbing the functionality of the system. For example, if one programming language compiler is replaced by another compiler for the same language, the system's functions should not be degraded.Thus, the second type of user of a system is the one involved with this upgraded or changed system.
Finally, the third type of user is the programmer who maintains the system, making any changes that may be needed as customer requirements change or as errors are detected. Programmers must be able to locate the source of an error, find the modules that perform a particular function, understand the code, and modify it.
All three types of users hope that the system is reliable and efficient.As we noted in Chapter 9, reliability means that the system runs properly for very long periods of time without failure. According to Boehm's model, many software characteristics contribute to reliability, including accuracy, robustness, and completeness. In particular, if the system produces the correct result to the correct degree of accuracy, we say that the system has integrity , an attribute necessary for reliability. Moreover, if the same set of input data is submitted to the system many times under the same conditions, the results should match; this characteristic is called consistency of function.


[2]
[SECTION]: Why Software Engineering? > 1.3 What Is Good Software? > The Quality of the Product
[CONTENT]: [FIGURE 1.5 McCall's quality model.] 
[FIGURE_DESCRIPTIONS]
[0] Diagram illustrating a mapping between qualitative software quality attributes. Left column lists core non-functional requirements and quality characteristics such as Correctness, Reliability, Efficiency, Integrity, Usability, Maintainability, Testability, Flexibility, Portability, Reusability, and Interoperability. Each item connects via arrows to right-side labels representing measurable or observable properties (e.g., Traceability, Consistency, Accuracy, Error tolerance, Availability, Training, Adaptability, Simplicity, Instrumentation, Self-descriptiveness, Resources, Generality, Modularity). The right column includes terms like Flexibility, Consistency, Accessibility, Availability, Efficiency, Integrity, Adaptability, Common sense, and Managed dimensions. The diagram emphasizes relationships between high-level quality attributes and their concrete indicators or sub-attributes, forming a network of interdependencies. Visual cues show multi-edge connectivity, with several left nodes linking to multiple right nodes, suggesting cross-cutting quality concerns and traceability paths within software engineering theory and practice. Readable labels are aligned in two vertical stacks with connecting arrows indicating dependency and influence flows.

","[
  {
    ""role"": ""paragraph"",
    ""segment"": ""The chatbot can't answer this question. Please try again with another question."",
    ""citations"": [],
    ""type"": ""abstained""
  }
]",The chatbot can't answer this question. Please try again with another question.,1.622,8.543
"When quantifying the risk exposure for failing to satisfy a subjective quality requirement like ""usability,"" how can the establishment of specific ""fit criteria"" during the requirements phase alter the parameters used in the risk reduction leverage calculation during project planning? -Required source types: text -Brief reasoning type label: causal reasoning","
[0]
[SECTION]: Capturing the Requirements > 4.3 Types Of Requirements > SIDEBAR 4.4 MAKING REQUIREMENTS TESTABLE
[CONTENT]: I n writing about good design, Alexander (1979a) encourages us to make our requirements testable. By this, he means that once a requirement is stated, we should be able to determine whether or not a proposed solution meets the requirement. This evaluation must be objective; that is, the conclusion as to whether the requirement is satisfied must not vary according to who is doing the evaluation.
Robertson and Robertson (1999) point out that testability (which they call 'measurability')  can  be  addressed  when  requirements  are  being  elicited. The  idea  is  to  quantify  the extent to which each requirement must be met.These fit criteria form objective standards for judging whether a proposed solution satisfies the requirements.When such criteria cannot be easily expressed, then the requirement is likely to be ambiguous, incomplete, or incorrect. For example, a customer may state a quality requirement this way:
Water quality information must be accessible immediately.
How do you test that your product meets this requirement? The customer probably has a clear idea about what 'immediately' means, and that notion must be captured in the requirement.We can restate more precisely what we mean by 'immediately':
Water quality records must be retrieved within 5 seconds of a request.
This second formulation of the requirement can be tested objectively: a series of requests is made, and we check that the system supplies the appropriate record within 5 seconds of each request.
It is relatively easy to determine fit criteria for quality requirements that are naturally quantitative (e.g., performance, size, precision, accuracy, time to delivery). What about more subjective quality requirements, like usability or maintainability? In these cases, developers use focus groups or metrics to evaluate fit criteria:
 - 75% of users shall judge the new system to be as usable as the existing system.
 - After training, 90% of users shall be able to process a new account within 5 minutes.
 - A module will encapsulate the data representation of at most one data type.
 - Computation errors shall be fixed within 3 weeks of being reported.
Fit criteria that cannot be evaluated before the final product is delivered are harder to assess:
 - The system shall not be unavailable for more than a total maximum of 3 minutes each year.
 - The mean-time-between-failures shall be no less than 1 year.
In  these  cases, we  either  estimate  a  system's  quality  attributes  (e.g., there  are  techniques for estimating system reliability, and for estimating the number of faults per line of code) or evaluate the delivered system during its operation-and suffer some financial penalty if the system does not live up to its promise.


[1]
[SECTION]: Planning and Managing the Project > 3.4 Risk Management > Risk Management Activities
[CONTENT]: Once we have itemized all the risks, we use our understanding to assign priorities them. A priority scheme enables us to devote our limited resources only to the most threatening risks. Usually, priorities are based on the risk exposure, which takes into account not only likely impact, but also the probability of occurrence.
The risk exposure is computed from the risk impact and the risk probability, so we must estimate each of these risk aspects. To see how the quantification is done, consider the analysis depicted in Figure 3.16. Suppose we have analyzed the system development process and we know we are working under tight deadlines for delivery.We have decided to build the system in a series of releases, where each release has more functionality than the one that preceded it. Because the system is designed so that functions are relatively independent, we consider testing only the new functions for a release, and we assume that the existing functions still work as they did before. However, we may worry that there are risks associated with not performing regression testing : the assurance that existing functionality still works correctly.
For  each  possible  outcome, we  estimate  two  quantities: the  probability  of  an unwanted  outcome, P(UO), and  the  loss  associated  with  the  unwanted  outcome,
[FIGURE 3.16 Example of risk exposure calculation.] 
[FIGURE_DESCRIPTIONS]
[0] Diagram illustrating risk exposure and combined risk exposure with hierarchical decision nodes. The top section shows P(U0) = 0.75 and L(U0) = 5M, then progression through if-else branches: Find critical fault, Don’t find critical fault, Don’t fault with No regression testing? pathways. Nodes labeled Yes/No direct to a sequential decision tree leading to final exposure values: $1.875M, $1.5M, $16.625M, etc. Left side features a decision diamond labeled Do regression testing? with Yes/No branches, leading to subsequent branches where P(U0) and L(U0) values update. The right side aggregates risk exposure into Combined Risk Exposure with currency values. Visible text includes P(U0) and L(U0) values at each branch, and monetary amounts in dollars. The diagram emphasizes a logic flow for risk assessment in software testing, comparing outcomes with and without regression testing, and the impact on exposure totals.



[2]
[SECTION]: Planning and Managing the Project > 3.4 Risk Management > SIDEBAR 3.4 BOEHM'S TOP TEN RISK ITEMS
[CONTENT]:  - The degree to which we can change the outcome. For each risk, we must determine what we can do to minimize or avoid the impact of the event. Risk control involves a set of actions taken to reduce or eliminate a risk. For example, if the requirements may change after design, we can minimize the impact of the change by creating a flexible design. If the second machine is not ready when the software is tested, we may be able to identify other models or brands that have the same functionality and performance and can run our new software until the new model is delivered.
We can quantify the effects of the risks we identify by multiplying the risk impact by the risk probability, to yield the risk exposure . For example, if the likelihood that the requirements will change after design is 0.3, and the cost to redesign to new requirements is $50,000, then the risk exposure is $15,000. Clearly, the risk probability can change over time, as can the impact, so part of a project manager's job is to track these values over time and plan for the events accordingly.
There  are  two  major  sources  of  risk: generic  risks  and  project-specific  risks. Generic risks are those common to all software projects, such as misunderstanding the requirements, losing key personnel, or allowing insufficient time for testing. Projectspecific  risks are  threats  that  result  from  the  particular  vulnerabilities  of  the  given project. For example, a vendor may be promising network software by a particular date, but there is some risk that the network software will not be ready on time.
","[
  {
    ""role"": ""paragraph"",
    ""segment"": ""Establishing fit criteria during the requirements phase turns a subjective quality target like usability into objective benchmarks (for example, \""75% of users shall judge the new system to be as usable as the existing system.\""). This makes it possible to determine whether the requirement is met and to quantify how well it is satisfied."",
    ""citations"": [
      {
        ""type"": ""source_text"",
        ""content"": ""Fit criteria form objective standards for judging whether a proposed solution satisfies the requirements."",
        ""img_id"": null
      },
      {
        ""type"": ""source_text"",
        ""content"": ""- 75% of users shall judge the new system to be as usable as the existing system."",
        ""img_id"": null
      }
    ],
    ""type"": null
  },
  {
    ""role"": ""paragraph"",
    ""segment"": ""Once fit criteria are quantified, risk exposure can be more accurately assessed because the risk probability and impact related to failing to meet the usability target become estimable, and thus can be incorporated into the risk equation: risk exposure is computed from the risk impact and the risk probability."",
    ""citations"": [
      {
        ""type"": ""source_text"",
        ""content"": ""The risk exposure is computed from the risk impact and the risk probability, so we must estimate each of these risk aspects."",
        ""img_id"": null
      }
    ],
    ""type"": null
  },
  {
    ""role"": ""paragraph"",
    ""segment"": ""This quantification enables targeted risk reduction; risk control involves a set of actions taken to reduce or eliminate a risk, and the effects of identified risks are quantified by multiplying the risk impact by the risk probability to yield the risk exposure."",
    ""citations"": [
      {
        ""type"": ""source_text"",
        ""content"": ""Risk control involves a set of actions taken to reduce or eliminate a risk."",
        ""img_id"": null
      },
      {
        ""type"": ""source_text"",
        ""content"": ""We can quantify the effects of the risks we identify by multiplying the risk impact by the risk probability, to yield the risk exposure."",
        ""img_id"": null
      }
    ],
    ""type"": null
  }
]","Establishing fit criteria during the requirements phase turns a subjective quality target like usability into objective benchmarks (for example, ""75% of users shall judge the new system to be as usable as the existing system.""). This makes it possible to determine whether the requirement is met and to quantify how well it is satisfied.

Once fit criteria are quantified, risk exposure can be more accurately assessed because the risk probability and impact related to failing to meet the usability target become estimable, and thus can be incorporated into the risk equation: risk exposure is computed from the risk impact and the risk probability.

This quantification enables targeted risk reduction; risk control involves a set of actions taken to reduce or eliminate a risk, and the effects of identified risks are quantified by multiplying the risk impact by the risk probability to yield the risk exposure.",1.444,9.204
"Why would a highly hierarchical Chief Programmer team structure theoretically face fewer communication bottlenecks than a loosely structured, egoless team when developing a system specified with a tightly coupled algebraic specification notation like SDL Data? -Required source types: text -Brief reasoning type label: causal reasoning","
[0]
[SECTION]: Planning and Managing the Project > 3.2 Project Personnel > Project Organization
[CONTENT]: [FIGURE 3.11 Chief programmer team organization.] 
Clearly, the chief programmer must be good at making decisions quickly, so the chief is likely to be an extrovert. However, if most of the team members are introverts, the chief programmer team may not be the best structure for the project. An alternative is based on the idea of 'egoless' programming, as described by Weinberg (1971). Instead of a single point of responsibility, an egoless approach holds everyone equally responsible. Moreover, the process is separated from the individuals; criticism is made of  the  product  or  the  result, not  the  people  involved. The  egoless  team  structure  is democratic, and all team members vote on a decision, whether it concerns design considerations or testing techniques.
Of course, there are many other ways to organize a development or maintenance project, and the two described above represent extremes.Which structure is preferable? The more people on the project, the more need there is for a formal structure. Certainly, a development team with only three or four members does not always need an elaborate organizational structure. However, a team of several dozen workers must have a welldefined organization.In fact, your company or your customer may impose a structure on the development team, based on past success, on the need to track progress in a certain way, or on the desire to minimize points of contact. For example, your customer may insist that the test team be totally independent of program design and development.
[FIGURE_DESCRIPTIONS]
[0] Organizational chart illustrating a hierarchical software team structure. At the top is Chief programmer, followed by Assistant chief programmer directly beneath. A level below shows four parallel departments: Senior programmers, Librarians, Administration, and Test team. Under Senior programmers, there is a subordinate Junior programmers unit. The diagram uses rectangular nodes with connecting lines to indicate reporting relationships. The visible text within nodes includes: 'Chief programmer', 'Assistant chief programmer', 'Senior programmers', 'Librarians', 'Administration', 'Test team', and 'Junior programmers'. The layout presents a classic pyramid-like management hierarchy with a single top role, a mid-level management layer, and a bottom tier of developers, emphasizing the division of responsibilities across functions.



[1]
[SECTION]: Planning and Managing the Project > 3.2 Project Personnel > Project Organization
[CONTENT]: Researchers continue to investigate how project team structure affects the resulting product and how to choose the most appropriate organization in a given situation. A National Science Foundation (1983) investigation found that projects with a high degree  of  certainty, stability, uniformity, and  repetition  can  be  accomplished  more effectively  by  a  hierarchical  organizational  structure  such  as  the  chief  programmer team.These projects require little communication among project members, so they are well-suited to an organization that stresses rules, specialization, formality, and a clear definition of organizational hierarchy.
|    | 0                 | 1                                       | 2                                       |
|---:|:------------------|:----------------------------------------|:----------------------------------------|
|  0 | TABLE 3.5         | Comparison of Organizational Structures | Comparison of Organizational Structures |
|  1 | Highly Structured | Highly Structured                       | Loosely Structured                      |
|  2 | High certainty    | High certainty                          | Uncertainty                             |
|  3 | Repetition        | Repetition                              | New techniques or technology            |
|  4 | Large projects    | Large projects                          | Small projects                          |
On the other hand, when there is much uncertainty involved in a project, a more democratic approach may be better. For example, if the requirements may change as development proceeds, the project has a degree of uncertainty. Likewise, suppose your customer is building a new piece of hardware to interface with a system; if the exact specification of the hardware is not yet known, then the level of uncertainty is high. Here, participation in decision making, a loosely defined hierarchy, and the encouragement of open communication can be effective.
Table 3.5 summarizes the characteristics of projects and the suggested organizational structure to address them.A large project with high certainty and repetition probably needs a highly structured organization, whereas a small project with new techniques and a high degree of certainty needs a looser structure. Sidebar 3.2 describes the need to balance structure with creativity.


[2]
[SECTION]: Designing the Architecture > 5.6 Collaborative Design > Outsourcing
[CONTENT]: Communication among distributed team members can be enhanced using notes, prototypes, graphics, and  other  aids. However, these  explicit  representations  of  the requirements  and  design  must  be  unambiguous  and  capture  all  of  the  assumptions about how the system should work.Polanyi (1966) notes that intentions cannot be specified fully in any language; some nuances are not obvious. Thus, communication in a group may break down when an information recipient interprets information in terms of his or her understanding and context. For example, in person, we convey a great deal of information using gestures and facial expressions; this type of information is lost when we are collaborating electronically (Krauss and Fussell 1991).
This difficulty is compounded when we communicate in more than one language. For example, there are hundreds of words to describe pasta in Italian, and Arabic has over 40 words for camel. It is extremely difficult to translate the nuances embedded in these differences. Indeed, Winograd and Flores (1986) assert that complete translation from one natural language to another is impossible, because the semantics of a natural language cannot be defined formally and completely. Thus, a major challenge in producing a good software design is reaching a shared understanding among groups of people who may view the system and its environment in very different ways.This challenge derives not just from 'the complexity of technical problems, but [also] because of the social interaction when users and system developers learn to create, develop and express their ideas and visions' (Greenbaum and Kyng 1991).
","[
  {
    ""role"": ""paragraph"",
    ""segment"": ""Projects with a high degree of certainty, stability, uniformity, and repetition can be accomplished more effectively by a hierarchical organizational structure such as the chief programmer team. These projects require little communication among project members, so they are well-suited to an organization that stresses rules, specialization, formality, and a clear definition of organizational hierarchy."",
    ""citations"": [
      {
        ""type"": ""source_text"",
        ""content"": ""A National Science Foundation (1983) investigation found that projects with a high degree  of  certainty, stability, uniformity, and  repetition  can  be  accomplished  more effectively  by  a  hierarchical  organizational  structure  such  as  the  chief  programmer team.These projects require little communication among project members, so they are well-suited to an organization that stresses rules, specialization, formality, and a clear definition of organizational hierarchy."",
        ""img_id"": null
      }
    ],
    ""type"": null
  }
]","Projects with a high degree of certainty, stability, uniformity, and repetition can be accomplished more effectively by a hierarchical organizational structure such as the chief programmer team. These projects require little communication among project members, so they are well-suited to an organization that stresses rules, specialization, formality, and a clear definition of organizational hierarchy.",2.454,6.133
"Based on the distinction between an error, a fault, and a failure outlined in Chapter 1, what does a single-element cut-set (e.g., {A1}) derived from a fault-tree analysis strictly represent in terms of a system's observable behavior versus its internal developer view? -Required source types: both -Brief reasoning type label: synthesis","
[0]
[SECTION]: Why Software Engineering? > 1.2 How Successful Have We Been? > SIDEBAR 1.1 TERMINOLOGY FOR DESCRIBING BUGS
[CONTENT]: O ften, we talk about 'bugs'in software,meaning many things that depend on the context.A 'bug' can be a mistake in interpreting a requirement, a syntax error in a piece of code, or the (as-yet-unknown) cause of a system crash. The Institute of Electrical and Electronics Engineers (IEEE) has suggested a standard terminology (in IEEE Standard 729) for describing 'bugs' in our software products (IEEE 1983).
A fault occurs when a human makes a mistake, called an error , in performing some software activity. For example, a designer may misunderstand a requirement and create a design that does not match the actual intent of the requirements analyst and the user.This design fault is an encoding of the error, and it can lead to other faults, such as incorrect code and an incorrect description in a user manual.Thus, a single error can generate many faults, and a fault can reside in any development or maintenance product.
A failure is a departure from the system's required behavior. It can be discovered before or after system delivery, during testing, or during operation and maintenance. As we will see in Chapter 4, the requirements documents can contain faults. So a failure may indicate that the system is not performing as required, even though it may be performing as specified.
Thus, a  fault  is  an  inside  view  of  the  system, as  seen  by  the  eyes  of  the  developers, whereas a failure is an outside view: a problem that the user sees. Not every fault corresponds to a failure; for example, if faulty code is never executed or a particular state is never entered, then the fault will never cause the code to fail. Figure 1.4 shows the genesis of a failure.
[FIGURE 1.4 How human error causes a failure.] 
[FIGURE_DESCRIPTIONS]
[0] Diagram showing a human figure sitting in a chair on the left, labeled as 'human error' with a stack of blocks or scribbled cube above head, connected by an arrow to a central icon of a bug representing 'fault'. To the right of the fault icon, another arrow leads to a large question mark and exclamations '?!' indicating a potential 'failure' state. Text elements include 'can lead to' between each stage. The visual chain illustrates a causal sequence: human error → fault → failure, highlighting the propagation of errors into system faults and eventual failures. The minimalistic icons emphasize sequential progression with a linear flow, using simple black icons on a light background. The left figure appears seated with a disorganized stack, suggesting ergonomic or cognitive misstep. Overall, the diagram conveys error propagation in a reliability or safety context.



[1]
[SECTION]: Designing the Architecture > 5.5 Achieving Quality Attributes > SIDEBAR 5.6 THE NEED FOR SAFE DESIGN
[CONTENT]: How do faults occur? As we saw in Chapter 1, a fault in a software product is the result  of  some  human  error. For  example, we  might  misunderstand  a  user-interface requirement and create a design that reflects our misunderstanding. The design fault can be propagated as incorrect code, incorrect instructions in the user manual, or incorrect test scripts. In this way, a single error can generate one or more faults, in one or more development products.
We distinguish faults from failures. A failure is an observable departure of the system from its required behavior. Failures can be discovered both before and after system delivery,because they can occur in testing as well as during operation.In some sense,faults and failures refer respectively to invisible and visible flaws. In other words, faults represent flaws that only developers see, whereas failures are problems that users or customers see.
It is important to realize that not every fault corresponds to a failure, since the conditions  under  which  a  fault  manifests  itself  as  an  observable  failure  may  never be met. For example, fault-containing code may never be executed or may not exceed the boundaries of correct behavior (as with Ariane-4).
We make our software more reliable by preventing or tolerating faults. That is, rather than waiting for the software to fail and then fixing the problem, we anticipate what might happen and construct the system to react in an acceptable way.
Active Fault Detection. When we design a system to wait until a failure occurs during execution, we are practicing passive fault detection . However, if we periodically check for symptoms of faults, or try to anticipate when failures will occur, we are performing active fault detection . A common method for detecting faults within a process is  to  identify  known exceptions -that is, situations that cause the system to deviate from its desired behavior. Then, we include exception handling in our design, so that the system addresses each exception in a satisfactory way and returns the system to an acceptable state.Thus, for each service we want our system to provide, we identify ways it may fail and ways to detect that it has failed.Typical exceptions include For example, we can detect data problems by identifying relationships or invariants that should hold among data values and checking regularly at runtime that these invariants still hold at runtime. Such checks can be embedded in the same code that manipulates the data. We say more in Chapter 6 about how to use exceptions and exception handling effectively.
 - failing to provide a service
 - providing the wrong service
 - corrupting data
 - violating a system invariant (e.g., security property)
 - deadlocking


[2]
[SECTION]: Testing the Programs > 8.1 Software Faults And Failures > Types of Faults
[CONTENT]: For many systems, some of the hardware and related system software are prescribed in the requirements, and the components are designed according to the specifications of the reused or purchased programs. For example, if a prescribed modem is used for communications, the modem driver generates the commands expected by the modem and reads commands received from the modem. However, hardware and system software faults can arise when the supplied hardware and system software do not actually work according to the documented operating conditions and procedures.
Finally, the code should be reviewed to confirm that organizational standards and procedures have been followed. Standards and procedure faults may not always affect the running of the programs, but they may foster an environment where faults are created as the system is tested and modified. By failing to follow the required standards, one programmer may make it difficult for another to understand the code's logic or to find the data descriptions needed for solving a problem.
","[
  {
    ""role"": ""paragraph"",
    ""segment"": ""A single-element cut-set {A1} represents a minimal set consisting of a fault (an internal defect) that can cause a failure (an observable departure from the system's required behavior)."",
    ""citations"": [
      {
        ""type"": ""source_text"",
        ""content"": ""A fault occurs when a human makes a mistake, called an error , in performing some software activity."",
        ""img_id"": null
      },
      {
        ""type"": ""source_text"",
        ""content"": ""A failure is a departure from the system's required behavior."",
        ""img_id"": null
      }
    ],
    ""type"": null
  }
]",A single-element cut-set {A1} represents a minimal set consisting of a fault (an internal defect) that can cause a failure (an observable departure from the system's required behavior).,1.511,4.848
How does the graphical representation of conditions and states in Lai's process transition diagram differ structurally from the representation of enabling conditions and state transitions in a high-level Petri net model like the one used for the library problem? -Required source types: both -Brief reasoning type label: structure interpretation,"
[0]
[SECTION]: Capturing the Requirements > 4.5 Modeling Notations > Example: UML Statechart Diagrams
[CONTENT]: [FIGURE 4.9 UML statechart diagram for the Publication class.] 
A superstate can actually comprise multiple concurrent submachines, separated by dashed lines.The UML statechart for Publication includes two submachines:one that indicates  whether  or  not  the  publication  is  out  on  loan, and  another  that  indicates whether  or  not  the  publication  is  on  reserve. The  submachines  are  said  to  operate concurrently , in that a Publication instance could at any time receive and respond to events of interest to either or both submachines. In general, concurrent submachines are used  to  model  separate, unrelated  subbehaviors, making  it  easier  to  understand  and consider each subbehavior. An equivalent statechart for Publication in Figure 4.10 that does not make use of state hierarchy or concurrency is comparatively messy and repetitive. Note  that  this  messy  statechart  has  a  state  for  each  combination  of  states from Figure 4.9 ( stacks = Publication is in library and not on reserve, onloan = Publication is on loan and not on reserve, etc.). 3 State transitions are labeled with their enabling events and conditions and with their side effects.Transition labels have syntax where  the  triggering event is  a  message  that  may  carry  parameters. The  enabling condition , delimited by square brackets, is a predicate on the object's attribute values. If the transition is taken, its actions , each prefaced with a slash (/), specify assignments made to the object's attributes; the asterisk indicates that a transition may have arbitrarily  many  actions. If  the  transition  is  taken, it  may  generate  arbitrarily  many output events , /^Object.event , each prefaced with a caret an output event may carry parameters and is either designated for a target Object or is broadcast to all objects. For example, in the messy Publication statechart (Figure 4.10), the transition to state recall is enabled if the publication is in state onloan when a request to put the item on reserve is received.When the transition is taken, it sends an event to the Loan object, which in turn will notify the borrower that the item must be returned to the library sooner than the loan's due date. Each of the transition-label elements is optional. For example, a transition need not be enabled by an input event; it could be enabled  only  by  a  condition  or  by  nothing, in  which  case  the  transition  is  always enabled. 1 ¿ 2 ; ' '*''
[FIGURE_DESCRIPTIONS]
[0] Diagram labeled Publication presents a multi-layered architectural flow with arrows and labeled components. Outer boundary shows a rounded rectangle enclosing the entire diagram. Inside, a larger process box contains a smaller inner process box connected via arrows indicating borrow, allocate, and release operations. Top section labeled publish/borrow/return sequence includes terms such as borrow, allocate, release, and self. An inner box labeled allocation flow shows nodes like alllibrary, allocate, and deallocate, with arrows suggesting creation and return paths. The middle section features a reserve/module area with stacks, reserve, entry, and unreserve labels. A secondary inner box depicts stacks and reserve interactions, including labels such as reserve, unreserve, and alloc. Text elements emphasize lifecycle actions (borrow, return, stash) and indicate a lock/lose boundary at the right. The diagram emphasizes relationships between memory management components, borrowing semantics, and stack-based reservation.



[1]
[SECTION]: Capturing the Requirements > 4.5 Modeling Notations > Example: UML Statechart Diagrams
[CONTENT]: [FIGURE 4.11 UML statechart diagram for Loan class.] 
The semantics of UML diagrams, and how the different diagrams fit together, are intentionally undefined, so that specifiers can ascribe semantics that best fit their problem. However, most practitioners view UML statecharts as communicating finite-state machines with first-in, first-out (FIFO) communication channels. Each object's state machine has an input queue that holds the messages sent to the object from other objects in the model or from the model's environment. Messages are stored in the input queue in the order in which they are received. In each execution step, the state machine reads the message at the head of its input queue, removing the message from the queue. The message either triggers a transition in the statechart or it does not, in which case the message is discarded; the step runs to completion, meaning that the machine continues  to  execute  enabled  transitions, including  transitions  that  wait  for  operations  to complete, until  no  more  transitions  can  execute  without  new  input  from  the  input queue.Thus, the machine reacts to only one message at a time.
The  hardest  part  of  constructing  a  state-machine  model  is  deciding  how  to decompose an object's behavior into states. Some ways of thinking about states include Some object properties could be modeled either as an attribute (defined in the class diagram) or as a state (defined in the object's statechart diagram), and it is not obvious which representation is best. Certainly, if the set of possible property values is large (e.g., a Patron's library fines), then it is best to model the property as an attribute. Alternatively, if the events to which the object is ready to react depend on a property (e.g., whether a book is out on loan), then it is best to model the property as a state. Otherwise,choose the representation that results in the simplest model that is easiest to understand.
[FIGURE_DESCRIPTIONS]
[0] Diagram of a loan processing workflow with labeled actions and decision points. Central entity appears to be a loan entry triggering checks and updates. Visible text includes: check_fines, entry @Patron.checkFines(), loan, item on loan, renew, publish/decrease value, date, becomes fine, cancel, delete, calculate overdue time, /€0 or /€0.00, Patron.increaseFines(overdue_fine), Patron.increaseFines(publication.value), Patron.checkFines(), check/ fines, entry/ sum, remove, increase fines, call/notify(publication), /save date (read), /call/notice, /return, /renew, /decrease, /increase, +/−. The flow shows loops between entry, fine calculation, and notification, with endpoints for fine creation, debt update, and final status transitions. Visual cues include rounded process boxes, arrows indicating control flow, and a prominent circular endpoint suggesting completion or reset. The diagram emphasizes relationships between patron fines, item loan status, and publication value adjustments, with multiple conditional branches for overdue calculations and notification handling. 

","[
  {
    ""role"": ""paragraph"",
    ""segment"": ""The chatbot can't answer this question. Please try again with another question."",
    ""citations"": [],
    ""type"": ""abstained""
  }
]",The chatbot can't answer this question. Please try again with another question.,1.566,6.696
"If a system is designed using a pure publish-subscribe architectural style with implicit invocation, why would attempting to model the complete system's dynamic behavior using Message Sequence Charts (MSCs) be inherently difficult or misleading regarding the interactions between the publishing and subscribing components? -Required source types: both -Brief reasoning type label: causal reasoning","
[0]
[SECTION]: Designing the Architecture > 5.4 Architectural Styles And Strategies > Publish-Subscribe
[CONTENT]:  - For the same reason, we can easily reuse publish-subscribe components in other event-driven systems.
 - Components can pass data at the time they announce events. But if components need to share persistent data, the system must include a shared repository to support  that  interaction. This  sharing  can  diminish  the  system's  extensibility  and reusability.
 - Publish-subscribe systems are difficult to test, because the behavior of a publishing component will depend on which subscribing components are monitoring its events.Thus, we cannot test the component in isolation and infer its correctness in an integrated system.


[1]
[SECTION]: Designing the Architecture > 5.4 Architectural Styles And Strategies > Publish-Subscribe
[CONTENT]: In a publish-subscribe architecture, components interact by broadcasting and reacting to events. A component expresses interest in an event by subscribing to it. Then, when another component announces ( publishes ) that the event has taken place, the subscribing components are notified.The underlying publish-subscribe infrastructure is responsible both for registering event subscriptions and for delivering published events to the appropriate components. Implicit invocation is  a  common form of publish-subscribe architecture, in which a subscribing component associates one of its procedures with each event of interest (called registering the procedure). In this case, when the event occurs, the publish-subscribe infrastructure invokes all of the event's registered procedures. In contrast to client-server and P2P components, publish-subscribe components know nothing about each other. Instead, the publishing component simply announces events and then waits for interested components to react; each subscribing component simply reacts to event announcements, regardless of how they are published. In models of this kind of architecture, the underlying infrastructure is often represented as an event bus to which all publish-subscribe components are connected.
This is a common architectural style for integrating tools in a shared environment. For example, Reiss (1990) reports on an environment called Field, where tools such as editors register for events that might occur during a debugger's functioning.To see how, consider that the debugger processes code, one line at a time. When it recognizes that it has reached a set breakpoint, it announces the event 'reached breakpoint'; then, the system forwards the event to all registered tools, including the editor, and the editor reacts to the event by automatically scrolling to the source-code line that corresponds  to  the  breakpoint. Other  events  that  the  debugger  might  announce  include entry and exit points of functions, runtime errors, and comments to clear or reset the program's execution. However, the debugger is not aware of which tools, if any, have registered for the different events, and it has no control over what the other tools will do in response to one of its events. For this reason, a publish-subscribe system will often include  some  explicit  invocations  (e.g., calls  to  access  methods)  when  a  component wants to enforce or confirm a specific reaction to a critical event.
Publish-subscribe  systems  have  several  strengths  and  weaknesses  (Shaw  and Garlan 1996):
 - Such  systems  provide  strong  support  for  system  evolution  and  customization. Because  all  interactions  are  orchestrated  using  events, any  publish-subscribe
 - component can be added to the system and can register itself without affecting other components.


[2]
[SECTION]: Designing the Architecture > 5.4 Architectural Styles And Strategies > Combining Architectural Styles
[CONTENT]: If the resulting architecture is expressed as a collection of models, we must document how the models relate to one another. If one model simply shows the decomposition of an element from a more abstract model, then this relationship is straightforward. If, instead, two models show different views of the system, and if there is no obvious mapping between the two views' software units,then documenting the views' correspondence is all the more important. Section 5.8 describes how to record the correspondences among views.
[FIGURE 5.10 Combination of publish-subscribe, client-server, and repository architecture styles.] 
[FIGURE_DESCRIPTIONS]
[0] Diagram shows a multi-layer architecture with labeled components and data flows. On left, a KEY box lists symbols for client, server, repository, publish/subscribe, query/path, and database transactions, with accompanying legend lines. To the right, a sequence of three blocks: Web Browser, Web Server, and Desktop Application, connected via horizontal arrows indicating data flow between client devices and the Web Server. Below, two Application Database boxes labeled Application Database correspond to storage for each Application Server. A vertical division labels upper layer as Web and lower layer as Application Server, with a dotted boundary indicating the server grouping. Text on arrows includes terms like publish/subscribe, repository, and database queries/transactions, reflecting data operations. The overall diagram contrasts client types (Web Browser, Desktop Application) with server-side components (Web Server, Application Server) and enterprise data stores (Application Databases).



[3]
[SECTION]: Capturing the Requirements > 4.6 Requirements And Specification Languages > Unified Modeling Language (UML)
[CONTENT]:  - Statechart diagram (a state-machine model): A UML statechart diagram specifies how each instance of one class in the specification's class diagram behaves. Before writing a statechart for a class (more specifically, for a representative object of that class), we should identify the states in the object's life cyle, the events that this object sends to and receives from other objects, the order in which these states and events occur, and the operations that the object invokes. Because such information is fairly detailed, a statechart diagram should not be attempted until late in the requirements phase, when the problem's details are better understood.
 - OCL properties (logic): OCL expressions are properties about a model's elements (e.g., objects, attributes, events, states, messages). OCL properties can be used in any of the above models, to explicate the model's implicit behavior or to impose constraints on the model's specified behavior.
","[
  {
    ""role"": ""paragraph"",
    ""segment"": ""Modeling the complete system’s dynamic behavior with MSCs would be inherently difficult because, in a pure publish-subscribe architecture with implicit invocation, publishers do not know which subscribers exist or will react to an event; the infrastructure registers subscriptions and delivers published events to the appropriate components, while the subscribers simply react to event announcements."",
    ""citations"": [
      {
        ""type"": ""source_text"",
        ""content"": ""In a publish-subscribe architecture, components interact by broadcasting and reacting to events."",
        ""img_id"": null
      },
      {
        ""type"": ""source_text"",
        ""content"": ""The underlying publish-subscribe infrastructure is responsible both for registering event subscriptions and for delivering published events to the appropriate components."",
        ""img_id"": null
      },
      {
        ""type"": ""source_text"",
        ""content"": ""In this case, when the event occurs, the publish-subscribe infrastructure invokes all of the event's registered procedures."",
        ""img_id"": null
      },
      {
        ""type"": ""source_text"",
        ""content"": ""the publishing component simply announces events and then waits for interested components to react; each subscribing component simply reacts to event announcements, regardless of how they are published."",
        ""img_id"": null
      },
      {
        ""type"": ""source_text"",
        ""content"": ""the debugger processes code, one line at a time. When it recognizes that it has reached a set breakpoint, it announces the event 'reached breakpoint'; then, the system forwards the event to all registered tools, including the editor, and the editor reacts to the event by automatically scrolling to the source-code line that corresponds to the breakpoint."",
        ""img_id"": null
      },
      {
        ""type"": ""source_text"",
        ""content"": ""However, the debugger is not aware of which tools, if any, have registered for the different events, and it has no control over what the other tools will do in response to one of its events."",
        ""img_id"": null
      }
    ]
  }
]","Modeling the complete system’s dynamic behavior with MSCs would be inherently difficult because, in a pure publish-subscribe architecture with implicit invocation, publishers do not know which subscribers exist or will react to an event; the infrastructure registers subscriptions and delivers published events to the appropriate components, while the subscribers simply react to event announcements.",1.559,8.137
"Contrast the treatment of future, unanticipated requirements in the Extreme Programming (XP) agile methodology with the strategic approach used when scoping and designing a core asset base for a Software Product Line architecture. -Required source types: text -Brief reasoning type label: comparison","
[0]
[SECTION]: Capturing the Requirements > 4.2 Requirements Elicitation > SIDEBAR 4.2 AGILE REQUIREMENTS MODELING
[CONTENT]: A s we noted in Chapter 2, requirements analysis plays a large role in deciding whether to use agile methods as the basis for software development. If the requirements are tightly coupled and complex, or if future requirements and enhancements are likely to cause major changes to the system's architecture, then we may be better off with a 'heavy' process that emphasizes  up-front  modeling. In  a  heavy  process, developers  put  off  coding  until  the requirements have been modeled and analyzed, an architecture is proposed that reflects the requirements, and a detailed design has been chosen. Each of these steps requires a model, and the models are related and coordinated so that the design fully implements the requirements.This approach is most appropriate for large-team development, where the documentation helps the developers to coordinate their work, and for safety-critical systems, where a system's correctness and safety are more important than its release date.
However, for problems where the requirements are uncertain, it can be cumbersome to employ a heavy process and have to update the models with every change to the requirements.As an alternative approach, agile methods gather and implement the requirements in increments.The initial release implements the most essential requirements, as defined by the stakeholders' business goals.As new requirements emerge with use of the system or with better understanding of the problem, they are implemented in subsequent releases of the system. This incremental development allows for 'early and continuous delivery of valuable software' (Beck et al. 2004) and accommodates emergent and late-breaking requirements.
Extreme programming (XP) takes agile requirements processes to the extreme, in that the system is built to the requirements that happen to be defined at the time, with no planning or designing for possible future requirements. Moreover, XP forgoes traditional requirements documentation, and instead encodes the requirements as test cases that the eventual implementation must pass.Berry (2002a) points out that the trade-off for agile methods' flexibility is the difficulty of making changes to the system as requirements are added, deleted, or changed. But there can be additional problems: XP uses test cases to specify requirements, so a poorly written test case can lead to the kinds of misunderstandings described in this chapter.


[1]
[SECTION]: Modeling the Process and Life Cycle > 2.2 Software Process Models > Agile Methods
[CONTENT]: Many  of  the  software  development  processes  proposed  and  used  from  the  1970s through the 1990s tried to impose some form of rigor on the way in which software is conceived, documented, developed, and tested. In the late 1990s, some developers who had resisted this rigor formulated their own principles, trying to highlight the roles that flexibility  could  play  in  producing software quickly and capably. They codified their thinking in an 'agile manifesto' that focuses on four tenets of an alternative way of thinking about software development (Agile Alliance 2001):
 - They value individuals and interactions over processes and tools.This philosophy includes  supplying  developers  with  the  resources  they  need  and  then  trusting them to do their jobs well.Teams organize themselves and communicate through face-to-face interaction rather than through documentation.
 - They prefer to invest  time  in  producing  working  software  rather  than  in  producing comprehensive documentation.That is, the primary measure of success is the degree to which the software works properly.
 - They focus on customer collaboration rather than contract negotiation, thereby involving the customer in key aspects of the development process.
 - They concentrate on responding to change rather than on creating a plan and then  following  it, because  they  believe  that  it  is  impossible  to  anticipate  all requirements at the beginning of development.
The overall goal of agile development is to satisfy the customer by 'early and continuous delivery  of  valuable  software' (Agile Alliance  2001). Many  customers  have  business needs that change over time,reflecting not only newly discovered needs but also the need to respond to changes in the marketplace. For example, as software is being designed and constructed, a competitor may release a new product that requires a change in the software's  planned  functionality. Similarly, a  government  agency  or  standards  body  may impose a regulation or standard that affects the software's design or requirements. It is thought  that  by  building  flexibility  into  the  development  process, agile  methods  can enable customers to add or change requirements late in the development cycle.
There are  many  examples  of  agile  processes  in  the  current  literature. Each  is based on a set of principles that implement the tenets of the agile manifesto. Examples include the following.
 - Extreme programming (XP), described in detail below, is a set of techniques for leveraging the creativity of developers and minimizing the amount of administrative overhead.


[2]
[SECTION]: Modeling the Process and Life Cycle > 2.2 Software Process Models > SIDEBAR 2.2 WHEN IS EXTREME TOO EXTREME?
[CONTENT]: A s with most software development approaches, agile methods are not without their critics. For example, Stephens and Rosenberg (2003) point out that many of extreme programming's practices are interdependent, a vulnerability if one of them is modified. To see why, suppose some people are uncomfortable with pair programming. More coordination and documentation may be required to address the shared vision that is missing when people work on their own. Similarly, many developers prefer to do some design before they write code. Scrum addresses this preference by organizing around monthly sprints. Elssamadissy and Schalliol (2002) note that, in extreme programming, requirements are expressed as a set of test cases that must be passed by the software.This approach may cause customer representatives to focus on the test cases instead of the requirements. Because the test cases are a detailed expression of the requirements and may be solution oriented, the emphasis on test cases can distract the representatives from the project's underlying goals and can lead to a situation where the system passes all the tests but is not what the customers thought they were paying for.As we will see in Chapter 5, refactoring may be the Achilles heel of agile methods; it is difficult to rework a software system without degrading its architecture.
","[
    {
        ""role"": ""paragraph"",
        ""segment"": ""The chatbot can't answer this question. Please try again with another question."",
        ""citations"": [],
        ""type"": ""abstained""
    }
]",The chatbot can't answer this question. Please try again with another question.,1.675,5.756
"How does the software industry's definition of Return on Investment (ROI), which focuses primarily on effort reduction and time savings, contrast with the mathematical calculation of a design's ""payback period"" when performing a formal cost-benefit analysis of architectural trade-offs? -Required source types: both -Brief reasoning type label: comparison","
[0]
[SECTION]: Why Software Engineering? > 1.3 What Is Good Software? > Quality in the Context of the Business Environment
[CONTENT]:  - training
 - schedule
 - risk
 - quality
 - productivity
 - process
 - customer
 - costs
 - business The difference in views is disturbing, because it means that calculations of ROI cannot be compared across organizations. But there are good reasons for these differing views. Dollar savings from reduced schedule, higher quality, and increased productivity are returned to the government rather than the contractor. On the other hand, contractors are usually looking for a competitive edge and increased work capacity as well as greater profit; thus, the contractor's ROI is more effort- than cost-based. In particular, more accurate cost and schedule estimation can mean customer satisfaction and repeat business.And decreased time to market as well as improved product quality are perceived as offering business value, too.
[FIGURE 1.6 Terms included in industry definition of return on investment.] 
Even though the different ROI calculations can be justified for each organization, it is worrying that software technology return on investment is not the same as financial ROI. At some point, program success must be reported to higher levels of management, many of which are related not to software but to the main company business, such as telecommunications or banking. Much confusion will result from the use of the same terminology to mean vastly different things.Thus, our success criteria must make sense not only for software projects and processes, but also for the more general business practices they support.We will examine this issue in more detail in Chapter 12 and look at using several common measures of business value to choose among technology options.
[FIGURE_DESCRIPTIONS]
[0] Bar chart titled with two axes: horizontal axis labeled Percent of interviewees ranging from 0% to 70% and vertical axis listing categories under 'Beta' and 'Effort' such as Facilities, Software costs, Hardware costs, Materials, General, Assessments, SCE costs, Internal R&D, Process, Documentation, Quality group, Software process group, General. The chart shows horizontal bars representing percentage contributions of each category to interviews, with varying bar lengths indicating different prominence. For Facilities the bar length is moderate; Software costs and Hardware costs show shorter bars; Materials and General show moderate to small values; Under Effort, Assessments and SCE costs occupy small portions; Internal R&D and Process display mid-range; Documentation and Quality group have mid to large bars; Software process group and General also present with large bars toward the right, approaching 60–70% for one category. Labels are arranged per category on the left, with percent scale from 0 to 70% along the bottom, and a light grid behind to assist reading. Readable text includes category names and scale markings.



[1]
[SECTION]: Why Software Engineering? > 1.3 What Is Good Software? > Quality in the Context of the Business Environment
[CONTENT]: There have been several attempts to relate technical value and business value in a quantitative and meaningful way. For example, Humphrey, Snyder, and Willis (1991) note  that  by  improving  its  development  process  according  to  the  CMM 'maturity' scale (to be discussed in Chapter 12), Hughes Aircraft improved its productivity by 4 to 1 and saved millions of dollars. Similarly, Dion (1993) reported that Raytheon's twofold increase in productivity was accompanied by a $7.70 return on every dollar invested in process improvement. And personnel at Tinker Air Force Base in Oklahoma noted a productivity improvement of 6.35 to 1 (Lipke and Butler 1992).
However,Brodman and Johnson (1995) took a closer look at the business value of process improvement.They surveyed 33 companies that performed some kind of process improvement activities, and examined several key issues.Among other things, Brodman and Johnson asked companies how they defined return on investment (ROI), a concept that is clearly defined in the business community.They note that the textbook definition of return on investment , derived from the financial community, describes the investment in terms of what is given up for other purposes. That is, the 'investment must not only return the original capital but enough more to at least equal what the funds would have earned elsewhere, plus an allowance for risk' (Putnam and Myers 1992). Usually, the business  community  uses  one  of  three  models  to  assess  ROI: a  payback  model, an accounting rate-of-return model, and a discounted cash flow model.
However, Brodman and Johnson (1995) found that the U.S. government and U.S. industry interpret ROI in very different ways, each different from the other, and both different from the standard business school approaches.The government views ROI in terms of dollars,looking at reducing operating costs,predicting dollar savings,and calculating the cost of employing new technologies. Government investments are also expressed in dollars, such as the cost of introducing new technologies or process improvement initiatives.
On the other hand, industry viewed investment in terms of effort, rather than cost or dollars. That is, companies were interested in saving time or using fewer people, and their  definition  of  return  on  investment  reflected  this  focus  on  decreasing  effort. Among the companies surveyed, return on investment included such items as The cost issues included in the definition involve meeting cost predictions, improving cost performance, and staying within budget, rather than reducing operating costs or streamlining  the  project  or  organization. Figure  1.6 summarizes the frequency with which many organizations included an investment item in their definition of ROI. For example, about 5 percent of those interviewed included a quality group's effort in the ROI effort calculation, and approximately 35 percent included software costs when considering number of dollars invested.


[2]
[SECTION]: Designing the Architecture > 5.7 Architecture Evaluation And Refinement > Cost-Benefit Analysis
[CONTENT]: an ROI of 1 or greater means that the design's benefits outweigh its costs. The higher the ROI value, the more effective the design.
Another useful measure is the payback period : the length of time before accumulated benefits recover the costs of implementation. In our example, the payback period for restructuring the sorted-index module (design 2) is $300,000/$280,000 = 1.07 of a year = approximately 13 months We return to calculations such as these in Chapter 12, where we investigate the best techniques for evaluating the return on investing in software reuse.
","[
  {
    ""role"": ""paragraph"",
    ""segment"": ""The software industry defines ROI in terms of effort and time savings, viewing investment as a way to save time or use fewer people, rather than focusing on dollars or operating costs."",
    ""citations"": [
      {
        ""type"": ""source_text"",
        ""content"": ""On the other hand, industry viewed investment in terms of effort, rather than cost or dollars. That is, companies were interested in saving time or using fewer people, and their definition of return on investment reflected this focus on decreasing effort."",
        ""img_id"": null
      }
    ],
    ""type"": null
  },
  {
    ""role"": ""paragraph"",
    ""segment"": ""In a formal cost-benefit analysis of architectural trade-offs, the payback period is the time until accumulated benefits recover the costs, while ROI is the ratio where an ROI of 1 or greater means benefits outweigh costs, with higher ROI indicating greater effectiveness."",
    ""citations"": [
      {
        ""type"": ""source_text"",
        ""content"": ""The payback period : the length of time before accumulated benefits recover the costs of implementation."",
        ""img_id"": null
      },
      {
        ""type"": ""source_text"",
        ""content"": ""an ROI of 1 or greater means that the design's benefits outweigh its costs. The higher the ROI value, the more effective the design."",
        ""img_id"": null
      }
    ],
    ""type"": null
  }
]","The software industry defines ROI in terms of effort and time savings, viewing investment as a way to save time or use fewer people, rather than focusing on dollars or operating costs.

In a formal cost-benefit analysis of architectural trade-offs, the payback period is the time until accumulated benefits recover the costs, while ROI is the ratio where an ROI of 1 or greater means benefits outweigh costs, with higher ROI indicating greater effectiveness.",1.799,5.409
