question,context,initial_answer,answer,retrieve_time_sec,generate_time_sec
"According to IEEE Standard 729 terminology, what is a fault?","
[0]
[SECTION]: Why Software Engineering? > 1.2 How Successful Have We Been? > SIDEBAR 1.1 TERMINOLOGY FOR DESCRIBING BUGS
[CONTENT]: O ften, we talk about 'bugs'in software,meaning many things that depend on the context.A 'bug' can be a mistake in interpreting a requirement, a syntax error in a piece of code, or the (as-yet-unknown) cause of a system crash. The Institute of Electrical and Electronics Engineers (IEEE) has suggested a standard terminology (in IEEE Standard 729) for describing 'bugs' in our software products (IEEE 1983).
A fault occurs when a human makes a mistake, called an error , in performing some software activity. For example, a designer may misunderstand a requirement and create a design that does not match the actual intent of the requirements analyst and the user.This design fault is an encoding of the error, and it can lead to other faults, such as incorrect code and an incorrect description in a user manual.Thus, a single error can generate many faults, and a fault can reside in any development or maintenance product.
A failure is a departure from the system's required behavior. It can be discovered before or after system delivery, during testing, or during operation and maintenance. As we will see in Chapter 4, the requirements documents can contain faults. So a failure may indicate that the system is not performing as required, even though it may be performing as specified.
Thus, a  fault  is  an  inside  view  of  the  system, as  seen  by  the  eyes  of  the  developers, whereas a failure is an outside view: a problem that the user sees. Not every fault corresponds to a failure; for example, if faulty code is never executed or a particular state is never entered, then the fault will never cause the code to fail. Figure 1.4 shows the genesis of a failure.


[1]
[SECTION]: Testing the Programs > 8.1 Software Faults And Failures > SIDEBAR 8.1 HEWLETT-PACKARD'S FAULT CLASSIFICATION
[CONTENT]: G rady  (1997)  describes  Hewlett-Packard's  approach  to  fault  classification. In  1986, Hewlett-Packard's Software Metrics Council identified several categories in which to track faults. The scheme grew to be the one depicted in Figure 8.1. The developers use this model by selecting three descriptors for each fault found: the origin of the fault (i.e., where the fault was injected in a product), the type of fault, and the mode (i.e., whether information was missing, unclear, wrong, changed, or could be done a better way).
Each Hewlett-Packard division tracks its faults separately, and summary statistics are reported on pie charts like the one in Figure 8.2. Different divisions often have very different fault profiles, and the nature of the profile helps the developers devise requirements, design, code, and test activities that address the particular kinds of faults the division usually sees. The overall effect has been to reduce the number of faults over time.
Fault classifications, such as IBM's and Hewlett-Packard's (see Sidebar 8.1), help improve the entire development process by telling us which types of faults are found in which development activities. For example, for each fault-identification or testing technique  used  while  building  the  system, we  can  build  a  profile  of  the  types  of  faults located. It is likely that different methods will yield different profiles.Then we can build our fault-prevention and -detection strategy based on the kinds of faults we expect in our system, and the activities that will root them out. Chillarege et al. (1992) illustrate


[2]
[SECTION]: Testing the Programs > 8.1 Software Faults And Failures > Types of Faults
[CONTENT]: In  developing real-time systems, a critical consideration is the coordination of several processes executing simultaneously or in a carefully defined sequence. Timing or coordination faults occur when the code coordinating these events is inadequate. There are two reasons why this kind of fault is hard to identify and correct. First, it is usually difficult for designers and programmers to anticipate all possible system states. Second, because so many factors are involved with timing and processing, it may be impossible to replicate a fault after it has occurred.
Throughput or performance faults occur when the system does not perform at the speed prescribed by the requirements. These are timing problems of a different sort: Time constraints are placed on the system's performance by the customer's requirements rather than by the need for coordination.
As we saw during design and programming, we take great care to ensure that the system can recover from a variety of failures. Recovery faults can occur when a failure is encountered and the system does not behave as the designers desire or as the customer requires. For example, if a power failure occurs during system processing, the system should recover in an acceptable manner, such as restoring all files to their state just prior to the failure. For some systems, such recovery may mean that the system will continue full processing by using a backup power source; for others, this recovery means that the system keeps a log of transactions, allowing it to continue processing whenever power is restored.
For many systems, some of the hardware and related system software are prescribed in the requirements, and the components are designed according to the specifications of the reused or purchased programs. For example, if a prescribed modem is used for communications, the modem driver generates the commands expected by the modem and reads commands received from the modem. However, hardware and system software faults can arise when the supplied hardware and system software do not actually work according to the documented operating conditions and procedures.


[3]
[SECTION]: Testing the Programs > 8.1 Software Faults And Failures > Types of Faults
[CONTENT]: Finally, the code should be reviewed to confirm that organizational standards and procedures have been followed. Standards and procedure faults may not always affect the running of the programs, but they may foster an environment where faults are created as the system is tested and modified. By failing to follow the required standards, one programmer may make it difficult for another to understand the code's logic or to find the data descriptions needed for solving a problem.
","[
  {
    ""role"": ""sentence"",
    ""segment"": ""A fault occurs when a human makes a mistake, called an error, in performing some software activity."",
    ""citations"": [
      {
        ""type"": ""source_text"",
        ""content"": ""A fault occurs when a human makes a mistake, called an error , in performing some software activity."",
        ""img_id"": null
      }
      ]
    ,
    ""type"": null
  }
]","A fault occurs when a human makes a mistake, called an error, in performing some software activity.",0.79,3.054
"According to IEEE Standard 729 terminology, what is a failure?","
[0]
[SECTION]: Why Software Engineering? > 1.2 How Successful Have We Been? > SIDEBAR 1.1 TERMINOLOGY FOR DESCRIBING BUGS
[CONTENT]: O ften, we talk about 'bugs'in software,meaning many things that depend on the context.A 'bug' can be a mistake in interpreting a requirement, a syntax error in a piece of code, or the (as-yet-unknown) cause of a system crash. The Institute of Electrical and Electronics Engineers (IEEE) has suggested a standard terminology (in IEEE Standard 729) for describing 'bugs' in our software products (IEEE 1983).
A fault occurs when a human makes a mistake, called an error , in performing some software activity. For example, a designer may misunderstand a requirement and create a design that does not match the actual intent of the requirements analyst and the user.This design fault is an encoding of the error, and it can lead to other faults, such as incorrect code and an incorrect description in a user manual.Thus, a single error can generate many faults, and a fault can reside in any development or maintenance product.
A failure is a departure from the system's required behavior. It can be discovered before or after system delivery, during testing, or during operation and maintenance. As we will see in Chapter 4, the requirements documents can contain faults. So a failure may indicate that the system is not performing as required, even though it may be performing as specified.
Thus, a  fault  is  an  inside  view  of  the  system, as  seen  by  the  eyes  of  the  developers, whereas a failure is an outside view: a problem that the user sees. Not every fault corresponds to a failure; for example, if faulty code is never executed or a particular state is never entered, then the fault will never cause the code to fail. Figure 1.4 shows the genesis of a failure.


[1]
[SECTION]: Testing the System > 9.4 Reliability, Availability, And Maintainability > Failure Data
[CONTENT]: A second fuzzy area, called type-2 uncertainty , reflects  our  lack  of  knowledge about the effect of fault removal.When we fix a fault, we do not know if our corrections are complete and successful. And even if we have fixed the fault properly, we do not know how much improvement there is in the interfailure times. That is, we are uncertain about the degree to which our correction increases the software's reliability.
[FIGURE 9.7 Graph of failure data from Table 9.3.] 
[FIGURE_DESCRIPTIONS]
[0] Coordinate plot showing time (seconds) on vertical axis labeled Time (seconds) and horizontal axis labeled Failures (in order of occurrence from left to right). The chart displays a time series with numerous small fluctuations at low values near the origin, followed by a dramatic rise in values toward the right edge with multiple sharp spikes reaching above 6000 units. Data points are connected by a line with visible markers at each sample. Vertical axis scale increments suggest step marks at 0, 1000, 2000, 3000, 4000, 5000, and 6000, though not all labels are clearly visible due to resolution. The x-axis label indicates the sequence of failures, while the y-axis indicates time to failure or elapsed time. Overall image describes a dataset where failures occur infrequently at first but escalate dramatically later, forming a high-variance, right-skewed distribution with outlier spikes. No legend is visible; only axis labels and plotted line. 



[2]
[SECTION]: Testing the System > 9.4 Reliability, Availability, And Maintainability > Definitions
[CONTENT]: Similarly, software availability is the probability that a system is operating successfully  according to specification at a given point in time. More formally, it is the probability that a system is functioning completely at a given instant in time, assuming that the required external resources are also available. A system that is completely up and running has availability 1; one that is unusable has availability 0. Availability is measured at points of clock time, not execution time.
Likewise, software maintainability is the probability that, for a given condition of use, a maintenance activity can be carried out within a stated time interval and using stated procedures and resources. It, too, ranges from 0 to 1. It is very different from hardware  maintenance; hardware  usually  requires  the  system  to  be  unavailable  as maintenance is being carried out, but software maintenance can sometimes be done while the system is still up and running.
Because reliability, availability, and maintainability are defined in terms of failures, they must be measured once the system is complete and working. Software engineers usually distinguish known failures from new ones; that is, in determining reliability, we count only new failures, not the ones we know about but have not yet fixed.
In addition, we often assign a severity level to each failure, to capture its impact on the system. For example, the U.S. Military Standard MIL-STD-1629A distinguishes among four different levels of failure severity:
 - Catastrophic: a failure that may cause death or system loss.
 - Critical: a  failure  that  may  cause  severe  injury  or  major  system  damage  that results in mission loss.
 - Marginal: a  failure  that  may  cause  minor  injury  or  minor  system  damage that results in delay, loss of availability, or mission degradation.
 - Minor: a failure not serious enough to cause injury or system damage, but that results in unscheduled maintenance or repair.


[3]
[SECTION]: Testing the Programs > 8.1 Software Faults And Failures > ORIGIN:  WHERE?
[CONTENT]: [FIGURE 8.1 Hewlett-Packard fault classification (Grady 1997).] 
[FIGURE_DESCRIPTIONS]
[0] Diagram illustrating a layered requirements-to-design workflow with labeled columns and process blocks. Top row contains stacked headers: Specification/requirements, Design, Code, Environment/Tools, Documentation, Other. Below are vertical blocks/columns representing specific quality attributes: Requirements or specifications, Functionality, HW interface, SW interface, User interface, Data definition, Interface description, Data definition, Module design, Logic description, Error checking, Standards, and Test HW, Test SW, Development tools. A central area aggregates information across columns with arrows oriented downward toward a MODE: WHY? box and a row of outcome states: Missing, Unclear, Wrong, Changed, Better way. The diagram emphasizes traceability from high-level requirements through interfaces and module design to testing and tools, suggesting cross-cutting concerns and standards integration. Visible text includes header labels and the mode/why arrows, with a focus on how changes propagate through design and implementation stages.

","[
  {
    ""role"": ""sentence"",
    ""segment"": ""A failure is a departure from the system's required behavior."",
    ""citations"": [
      {
        ""type"": ""source_text"",
        ""content"": ""A failure is a departure from the system's required behavior."",
        ""img_id"": null
      }
    ],
    ""type"": null
  }
]",A failure is a departure from the system's required behavior.,0.362,5.046
"In Garvin's five perspectives on quality, what does the manufacturing view examine?","
[0]
[SECTION]: Why Software Engineering? > 1.3 What Is Good Software? > SIDEBAR 1.2 PERSPECTIVES ON QUALITY
[CONTENT]: G arvin (1984) discusses about how different people perceive quality. He describes quality from five different perspectives:
 - the transcendental view , where quality is something we can recognize but not define
 - the user view , where quality is fitness for purpose
 - the manufacturing view , where quality is conformance to specification
 - the product view , where quality is tied to inherent product characteristics
 - the value-based view , where quality depends on the amount the customer is willing to pay for it The transcendental view is much like Plato's description of the ideal or Aristotle's concept of form. In other words, just as every actual table is an approximation of an ideal table, we can think of software quality as an ideal toward which we strive; however, we may never be able to implement it completely.
The transcendental view is ethereal, in contrast to the more concrete view of the user. We take a user view when we measure product characteristics, such as defect density or reliability, in order to understand the overall product quality.
The manufacturing view looks at quality during production and after delivery. In particular, it examines whether the product was built right the first time, avoiding costly rework to fix delivered faults. Thus, the manufacturing view is a process view, advocating conformance to good process. However, there is little evidence that conformance to process actually results in products with fewer faults and failures; process may indeed lead to high-quality products, but it may possibly institutionalize the production of mediocre products.We examine some of these issues in Chapter 12.
The user and manufacturing views look at the product from the outside, but the product view peers inside and evaluates a product's inherent characteristics.This view is the one often advocated by software metrics experts; they assume that good internal quality indicators will lead to good external ones, such as reliability and maintainability. However, more research is needed to verify these assumptions and to determine which aspects of quality affect the product's actual use.We may have to develop models that link the product view to the user view.


[1]
[SECTION]: Why Software Engineering? > 1.3 What Is Good Software? > SIDEBAR 1.2 PERSPECTIVES ON QUALITY
[CONTENT]: Customers or marketers often take a user view of quality. Researchers sometimes hold a product view, and the development team has a manufacturing view. If the differences in viewpoints are not made explicit, then confusion and misunderstanding can lead to bad decisions and  poor  products. The  value-based  view  can  link  these  disparate  pictures  of  quality. By equating quality to what the customer is willing to pay, we can look at trade-offs between cost and  quality, and  we  can  manage  conflicts  when  they  arise. Similarly, purchasers  compare product costs with potential benefits, thinking of quality as value for money.
Kitchenham and Pfleeger (1996) investigated the answer to this question in their introduction to a special issue of IEEE Software on quality. They note that the context helps to determine the answer. Faults tolerated in word processing software may not be acceptable in safety-critical or mission-critical systems. Thus, we must consider quality in at least three ways: the quality of the product, the quality of the process that results in the product, and the quality of the product in the context of the business environment in which the product will be used.


[2]
[SECTION]: Why Software Engineering? > 1.3 What Is Good Software? > The Quality of the Product
[CONTENT]: We can ask people to name the characteristics of software that contribute to its overall quality, but we are likely to get different answers from each person we ask. This difference occurs because the importance of the characteristics depends on who is analyzing the software. Users judge software to be of high quality if it does what they want in a way that is easy to learn and easy to use. However, sometimes quality and functionality are intertwined; if something is hard to learn or use but its functionality is worth the trouble, then it is still considered to have high quality.
We try  to  measure  software  quality  so  that  we  can  compare  one  product  with another. To do so, we identify those aspects of the system that contribute to its overall quality. Thus, when measuring software quality, users assess such external characteristics as the number of failures and type of failures. For example, they may define failures as minor,major,and catastrophic,and hope that any failures that occur are only minor ones.
The software must also be judged by those who are designing and writing the code and by those who must maintain the programs after they are written.These practitioners tend to look at internal characteristics of the products, sometimes even before the product is delivered to the user. In particular, practitioners often look at numbers and types of faults for evidence of a product's quality (or lack of it). For example, developers track the number of faults found in requirements, design, and code inspections and use them as indicators of the likely quality of the final product.
For this reason, we often build models to relate the user's external view to the developer's internal view of the software. Figure 1.5 is an example of an early quality model built by McCall and his colleagues to show how external quality factors (on the left-hand side) relate to product quality criteria (on the right-hand side). McCall associated each right-hand criterion with a measurement to indicate the degree to which an element of quality was addressed (McCall, Richards, and Walters 1977).We will examine several product quality models in Chapter 12.


[3]
[SECTION]: Evaluating Products, Processes, and Resources > 12.4 Evaluating Products
[CONTENT]: We have seen that software development produces a large number of artifacts: requirements, designs, code components, test cases, test scripts, user guides, cross-references, and more.In each case, we can examine a product to determine if it has desirable attributes.That is, we can ask whether a document, file, or system has certain properties, such as completeness, consistency, reliability, or maintainability. And we can use the notions of quality, such as the McCall model introduced in Chapter 1, to provide a framework for our questions.


[4]
[SECTION]: Evaluating Products, Processes, and Resources > 12.4 Evaluating Products > Product Quality Models
[CONTENT]:  - evaluating the model, identifying its weaknesses, and refining or re-creating it Clearly, these steps can be used to produce models for requirements, designs, code, and other development products, and each model will reflect product and project goals.
","[
    {
        ""role"": ""paragraph"",
        ""segment"": ""The manufacturing view looks at quality during production and after delivery. In particular, it examines whether the product was built right the first time, avoiding costly rework to fix delivered faults."",
        ""citations"": [
            {
                ""type"": ""source_text"",
                ""content"": ""The manufacturing view looks at quality during production and after delivery. In particular, it examines whether the product was built right the first time, avoiding costly rework to fix delivered faults."",
                ""img_id"": null
            }
        ],
        ""type"": null
    }
]","The manufacturing view looks at quality during production and after delivery. In particular, it examines whether the product was built right the first time, avoiding costly rework to fix delivered faults.",0.435,4.15
What are the three categories into which participants in a software project usually fall?,"
[0]
[SECTION]: Why Software Engineering? > 1.4 Who Does Software Engineering?
[CONTENT]: A key component of software development is communication between customer and developer; if that fails, so too will the system. We must understand what the customer wants and needs before we can build a system to help solve the customer's problem.To do this, let us turn our attention to the people involved in software development.
The  number  of  people  working  on  software  development  depends  on  the project's  size  and  degree  of  difficulty. However, no  matter  how  many  people  are involved, the roles played throughout the life of the project can be distinguished.Thus, for a large project, one person or a group may be assigned to each of the roles identified; on a small project, one person or group may take on several roles at once.
Usually, the participants in a project fall into one of three categories: customer, user, or developer.The customer is the company, organization, or person who is paying for the software system to be developed.The developer is the company, organization, or person who is building the software system for the customer.This category includes any managers needed to coordinate and guide the programmers and testers.The user is the person or people who will actually use the system: the ones who sit at the terminal or submit the data or read the output. Although for some projects the customer, user, and developer are the same person or group,often these are different sets of people.Figure 1.7 shows the basic relationships among the three types of participants.


[1]
[SECTION]: Planning and Managing the Project > 3.2 Project Personnel > Staff Roles and Characteristics
[CONTENT]: In Chapter 2, we examined several software process models, each depicting the way in which the several activities of software development are related. No matter the model, there  are  certain  activities  necessary  to  any  software  project. For  example, every project requires people to interact with the customers to determine what they want and by when they want it. Other project personnel design the system, and still others write or test the programs. Key project activities are likely to include However, not every task is performed by the same person or group; the assignment of staff to tasks depends on project size, staff expertise, and staff experience.There is great advantage in assigning  different  responsibilities  to  different  sets  of  people, offering 'checks and balances' that can identify faults early in the development process. For example, suppose the test team is separate from those who design and code the system. Testing new or modified software involves a system test, where the developers demonstrate to the customer that the system works as specified.The test team must define and document the way in which this test will be conducted and the criteria for linking the demonstrated functionality and performance characteristics to the requirements specified by the customer. The test team can generate its test plan from the requirements documents without knowing how the internal pieces of the system are put together. Because the test team has no preconceptions about how the hardware and software will work, it can concentrate on system functionality. This approach makes it easier for the test team to catch errors and omissions made by the designers or programmers. It is in part for this reason that the cleanroom method is organized to use an independent test team, as we will see in later chapters (Mills, Dyer, and Linger 1987).
 - requirements analysis
 - system design
 - program design
 - program implementation
 - testing
 - training
 - maintenance
 - quality assurance


[2]
[SECTION]: Planning and Managing the Project > 3.13 Key References
[CONTENT]: Team  building  and  team  interaction  are  essential  on  good  software  projects. Weinberg (1993) discusses work styles and their application to team building in the second volume of his series on software quality. Scholtes (1995) includes material on how to handle difficult team members.
Project management for small projects is necessarily different from that for large projects. The  October  1999  issue  of IEEE  Computer addresses  software  engineering in the small, with articles about small projects, Internet time pressures, and extreme programming.
Project management for Web applications is somewhat different from more traditional  software  engineering. Mendes  and  Moseley  (2006)  explore  the  differences. In particular, they  address  estimation  for Web  applications  in  their  book  on 'Web engineering.'


[3]
[SECTION]: Why Software Engineering? > 1.4 Who Does Software Engineering?
[CONTENT]: [FIGURE 1.7 Participants in software development.] 
The customer, being in control of the funds, usually negotiates the contract and signs  the  acceptance  papers. However, sometimes  the  customer  is  not  a  user. For example, suppose Wittenberg Water Works signs a contract with Gentle Systems, Inc., to build a computerized accounting system for the company. The president of Wittenberg may describe to the representatives of Gentle Systems exactly what is needed, and she will sign the contract. However, the president will not use the accounting system directly; the users will be the bookkeepers and accounting clerks.Thus,it is important that the developers understand exactly what both the customer and users want and need.
On the other hand, suppose Wittenberg Water Works is so large that it has its own computer systems development division.The division may decide that it needs an automated tool to keep track of its own project costs and schedules. By building the tool itself, the division is at the same time the user, customer, and developer.
[FIGURE_DESCRIPTIONS]
[0] A diagrammatic slide showing a software development lifecycle with labeled entities and interaction arrows. Left side features a user figure labeled ""USER"" and text ""Uses system"". A businessperson at top left labeled ""CUSTOMER"" raises a hand, connected by a bold double-arrow to the developer on the right, labeled ""DEVELOPER"" with a stack of blocks symbolizing code or system construction. Above the developer, text reads ""Sponsors system development"". Between the user and developer is a central diagonal connection labeled with terms such as ""Contractual obligation"" and a bar with the word ""Need(s)"". At the bottom center is a label ""Software system"". The overall composition conveys the flow from user needs to contractual obligations and development output, with directional arrows indicating requirements input to development and system usage back to the user.

","[
  {
    ""role"": ""sentence"",
    ""segment"": ""Usually, the participants in a project fall into one of three categories: customer, user, or developer."",
    ""citations"": [
      {
        ""type"": ""source_text"",
        ""content"": ""Usually, the participants in a project fall into one of three categories: customer, user, or developer."",
        ""img_id"": null
      }
      ]
    ,
    ""type"": null
  }
]","Usually, the participants in a project fall into one of three categories: customer, user, or developer.",0.215,4.793
What is the purpose of McCall’s quality model?,"
[0]
[SECTION]: Evaluating Products, Processes, and Resources > 12.4 Evaluating Products > Product Quality Models
[CONTENT]: There are several quality models that suggest ways to tie together different quality attributes. Each model helps us to understand how the several facets contribute to the whole. Often, we narrow our focus and think only about faults and failures; these models show us that quality is much broader.When we evaluate the quality of development products, we must see this bigger picture.
Boehm's Model. There are many software quality models, and Boehm and colleagues have constructed one of the best-known, shown in Figure 12.2. It is similar to McCall's in that it presents a hierarchy of characteristics, each of which contributes to overall quality (Boehm et al. 1978). Note that Boehm's notion of successful software includes the needs and expectations of users, as does McCall's; however, Boehm also includes characteristics of hardware performance that are missing in the McCall model. Let us examine Boehm's model in more detail.
Boehm's model begins with the general utility of the software. Thus, Boehm and his colleagues are asserting that first and foremost, a software system must be useful. If it is not, then its development has been a waste of time, money, and effort.We can consider utility in several ways, corresponding to the types of users who remain involved once the system is delivered.


[1]
[SECTION]: Evaluating Products, Processes, and Resources > 12.4 Evaluating Products > Product Quality Models
[CONTENT]:  - does what the user wants it do
 - uses computer resources correctly and efficiently
 - is easy for the user to learn and use
 - is well-designed, well-coded, and easily tested and maintained The standard recommends measuring the right-hand characteristics directly, but it does not give details about how the measurement is to be done.
One major difference between the ISO model and those of McCall and Boehm is that the ISO hierarchy is strict: each right-hand characteristic is related only to exactly one left-hand attribute. Moreover, the right-hand characteristics are related to the user view of the software, rather than to an internal, developer view.
These models, and many others, are helpful in articulating just what it is that we value in the software we build and use. But none of the models includes a rationale for why some characteristics are included and others left out, and for where in the hierarchy a particular attribute appears. For example, why do none of the models include safety? And why is portability a top-level characteristic in the ISO 9126 model, rather than a subcharacteristic? In addition, there is no guidance about how to compose lower-level characteristics into higher-level ones, to produce an overall assessment of quality.These problems make it difficult for us to determine if a given model is complete or consistent.


[2]
[SECTION]: Evaluating Products, Processes, and Resources > 12.4 Evaluating Products > Product Quality Models
[CONTENT]: Dromey's Model. Dromey has addressed these issues by proposing a way to construct a product-based quality model, all of whose lowest-level characteristics are measurable (Dromey 1996). His technique is based on two issues:
 - Many product properties appear to influence software quality.
 - Apart from a small amount of anecdotal, empirical evidence, there is little formal basis for understanding which lower-level attributes affect the higher-level ones.
Dromey suggests a generic technique for building a quality model. He notes that product quality is largely determined by the choice of components that comprise the product (including requirements documents,user's guides,and designs,as well as code), the tangible properties of components, and the tangible properties of component composition. Moreover, he classifies tangible qualities using four properties:
 - correctness properties
 - internal properties
 - contextual properties
 - descriptive properties Next, he proposes that high-level quality attributes be only those that are of high priority (which will vary from project to project). In an example, he considers the combination of eight high-level attributes: the six attributes of ISO 9126, plus the attributes of reusability and process maturity. Reusability attributes consist of and process maturity attributes consist of To  make  these  characteristics  more  tangible, Dromey  combines  the  attributes with his framework to obtain the linkage shown in Figure 12.4.Then, he evaluates each type  of  software  component  in  light  of  the  framework; two  examples  are  shown  in Figure 12.5.The model is based on following five steps:
 - machine independence
 - separability
 - configurability
 - client orientation
 - well-definedness
 - assurance
 - effectiveness
 - identifying a set of high-level quality attributes
 - identifying the product components
 - identifying and classifying the most significant, tangible, quality-carrying properties for each component
 - proposing a set of axioms for linking product properties to quality attributes


[3]
[SECTION]: Evaluating Products, Processes, and Resources > 12.4 Evaluating Products > Product Quality Models
[CONTENT]:  - evaluating the model, identifying its weaknesses, and refining or re-creating it Clearly, these steps can be used to produce models for requirements, designs, code, and other development products, and each model will reflect product and project goals.


[4]
[SECTION]: Evaluating Products, Processes, and Resources > 12.4 Evaluating Products > Product Quality Models
[CONTENT]: [FIGURE 12.3 ISO 9126 quality model.] 
[FIGURE_DESCRIPTIONS]
[0] Diagram showing a hierarchical relationship between high-level quality attributes and their detailed sub-attributes. Left column contains seven rectangular labels: Functionality, Reliability, Usability, Efficiency, Maintainability, Portability, each connected by arrows to a middle cluster of more granular attributes. The middle column lists multiple sub-criteria such as Suitability, Accuracy, Interoperability, Security, Maturity, Fault tolerance, Reliability, Understandability, Learnability, Operability, Time behavior, Resource behavior, Analyzability, Modifiability, Adaptability, Stability, Testability, Reusability, Replaceability, and further down more terms like Compatibility, Configurability, Availability. A rightmost column is partially visible containing additional descriptors aligned with each sub-attribute. The diagram emphasizes traceability from high-level quality attributes to concrete evaluative criteria, illustrating a multi-level decomposition typical in software quality models. The arrows indicate one-to-many mappings, suggesting that each high-level attribute maps to several measurable properties. Text is presented in small, narrow blocks with arrows pointing rightward to the sub-attributes, facilitating a screenshot-like reference for quality attribute decomposition.



[5]
[SECTION]: Designing the Modules > 6.7 Oo Measurement > OO Design Quality Measures
[CONTENT]: 
","[
  {
    ""role"": ""paragraph"",
    ""segment"": ""McCall's quality model provides a hierarchy of characteristics, each of which contributes to overall quality, and, like Boehm's model, includes the needs and expectations of users."",
    ""citations"": [
      {
        ""type"": ""source_text"",
        ""content"": ""Boehm's Model. There are many software quality models, and Boehm and colleagues have constructed one of the best-known, shown in Figure 12.2. It is similar to McCall's in that it presents a hierarchy of characteristics, each of which contributes to overall quality (Boehm et al. 1978). Note that Boehm's notion of successful software includes the needs and expectations of users, as does McCall's; however, Boehm also includes characteristics of hardware performance that are missing in the McCall model. Let us examine Boehm's model in more detail."",
        ""img_id"": null
      }
    ],
    ""type"": null
  }
]","McCall's quality model provides a hierarchy of characteristics, each of which contributes to overall quality, and, like Boehm's model, includes the needs and expectations of users.",0.311,6.159
"What does a software engineer focus on, as opposed to investigating hardware design or proving algorithms?","
[0]
[SECTION]: Why Software Engineering? > 1.1 What Is Software Engineering? > Where Does the Software Engineer Fit In?
[CONTENT]: To understand how a software engineer fits into the computer science world, let us look to another discipline for an example. Consider the study of chemistry and its use to solve problems. The chemist investigates chemicals: their structure, their interactions, and  the  theory  behind  their  behavior. Chemical  engineers  apply  the  results  of  the chemist's studies to a variety of problems. Chemistry as viewed by chemists is the object of study. On the other hand, for a chemical engineer, chemistry is a tool to be used to address a general problem (which may not even be 'chemical' in nature).
We can view computing in a similar light. We can concentrate on the computers and programming languages, or we can view them as tools to be used in designing and implementing a solution to a problem. Software engineering takes the latter view, as shown in  Figure  1.3. Instead  of  investigating  hardware  design  or  proving  theorems about how algorithms work,a software engineer focuses on the computer as a problemsolving tool. We will see later in this chapter that a software engineer works with the functions of a computer as part of a general solution, rather than with the structure or theory of the computer itself.


[1]
[SECTION]: Why Software Engineering? > 1.1 What Is Software Engineering?
[CONTENT]: As software engineers, we use our knowledge of computers and computing to help solve problems. Often the problem with which we are dealing is related to a computer or an existing computer system, but sometimes the difficulties underlying the problem have nothing to do with computers.Therefore, it is essential that we first understand the nature of the problem. In particular, we must be very careful not to impose computing machinery or techniques on every problem that comes our way. We must solve the problem first. Then, if need be, we can use technology as a tool to implement our solution. For the remainder of this book, we assume that our analysis has shown that some kind of computer system is necessary or desirable to solve a particular problem at hand.


[2]
[SECTION]: Why Software Engineering? > 1.1 What Is Software Engineering? > Solving Problems
[CONTENT]: Most problems are large and sometimes tricky to handle, especially if they represent something new that has never been solved before. So we must begin investigating a problem by analyzing it, that is, by breaking it into pieces that we can understand and try to deal with. We can thus describe the larger problem as a collection of small problems and their interrelationships. Figure 1.1 illustrates how analysis works. It is important  to  remember  that  the  relationships  (the  arrows  in  the  figure, and  the  relative positions of the subproblems) are as essential as the subproblems themselves. Sometimes, it is the relationships that hold the clue to how to solve the larger problem, rather than simply the nature of the subproblems.
Once we have analyzed the problem, we must construct our solution from components that address the problem's various aspects. Figure 1.2 illustrates this reverse process: Synthesis is the putting together of a large structure from small building blocks.As with analysis, the composition of the individual solutions may be as challenging as the process of finding the solutions. To see why, consider the process of writing a novel. The dictionary contains all the words that you might want to use in your writing. But the most difficult part of writing is deciding how to organize and compose the words into sentences,and likewise the sentences into paragraphs and chapters to form the complete book.Thus, any problem-solving technique must have two parts: analyzing the problem to determine its nature, and then synthesizing a solution based on our analysis.


[3]
[SECTION]: The Future of Software Engineering > 14.4 The Professionalization Of Software Engineering: Licensing, Certification, And Ethics > Software Engineering Education
[CONTENT]: Software  engineering  courses  build  on  these  foundations  in  computing  and engineering, and introduce the concepts that we cover in this book, including requirements elicitation, software design principles, technical documentation, project management, testing, and verification. In addition, a software engineering curriculum is likely to  include  nontechnical  courses  in  communications, humanities, and  social  sciences. Software engineering projects tend to involve large numbers of people, so software engineers need to understand the dynamics of group interaction to know how to motivate individuals to pursue a common goal. They need to consider the impact of their technology on users and on society as a whole, and they may need to make decisions that take human and social values into account. They may also have to interact with specialists  from  other  disciplines  who  have  varied  levels  of  software  expertise. This work calls for strong communication, business, and reasoning skills.
As such, software engineering is more general, is more applied, and has a broader scope than computer science. At its core, computer science focuses on data, data transformation, and algorithms; advanced courses present designs and programming techniques for specific  application  domains. In  contrast, software  engineering  focuses  on building software products. It looks at all the activities involved in developing a software system from initial idea to final product. Moreover, software engineering design concepts tend  to  focus  on  general-purpose  design  principles, patterns, and  criteria; advanced courses present design and analysis techniques that scale to large software systems.


[4]
[SECTION]: Why Software Engineering? > 1.13 What This Chapter Means For Researchers
[CONTENT]: Many of the issues discussed in this chapter are good subjects for further research. We have noted some of the open issues in software engineering, including the need to find In later chapters, we will describe many techniques. Some have been used and are well-proven software development practices, whereas others are proposed and have been demonstrated only on small,'toy,' or student projects.We hope to show you how to improve what you are doing now and at the same time to inspire you to be creative and thoughtful about trying new techniques and processes in the future.
 - the right levels of abstraction to make the problem easy to solve
 - the right measurements to make the essential nature of the problem and solution visible and helpful
 - an appropriate problem decomposition, where each subproblem is solvable
 - a common framework or notation to allow easy and effective tool integration, and to maximize communication among project participants


[5]
[SECTION]: Why Software Engineering? > 1.16 Exercises
[CONTENT]: 
 - The following article appeared in the Washington Post (Associated Press 1996):
","[
    {
        ""role"": ""sentence"",
        ""segment"": ""Instead of investigating hardware design or proving theorems about how algorithms work, a software engineer focuses on the computer as a problemsolving tool."",
        ""citations"": [
            {
                ""type"": ""source_text"",
                ""content"": ""Instead of investigating hardware design or proving theorems about how algorithms work, a software engineer focuses on the computer as a problemsolving tool."",
                ""img_id"": null
            }
        ],
        ""type"": null
    }
]","Instead of investigating hardware design or proving theorems about how algorithms work, a software engineer focuses on the computer as a problemsolving tool.",0.487,4.431
What is an abstraction?,"
[0]
[SECTION]: Designing the Modules > 6.2 Design Principles > Abstraction
[CONTENT]: An abstraction is a model or representation that omits some details so that it can focus on other details. The definition is vague about which details are left out of a model,
because  different  abstractions, built  for  different  purposes, omit  different  kinds  of details. For this reason, it may be easier to understand the general notion of abstraction by reviewing the types of abstractions we have encountered already.
We  discussed  decomposition  in  Chapter  5. Figure  5.5  was  an  example  of  a decomposition hierarchy : a frequently used form of abstraction in which the system is divided into subsystems, which in turn are divided into sub-subsystems, and so on. The top level of the decomposition provides a system-level overview of the solution, hiding details that might otherwise distract us from the design functions and features we want to study and understand.As we move to lower levels of abstraction, we find more detail about each software unit, in terms of its major elements and the relations among those elements. In this way, each level of abstraction hides information about how its elements  are  further  decomposed. Instead, each  element  is  described  by  an interface specification , another type of abstraction that focuses on the element's external behaviors and avoids any reference to the element's internal design details; those details are revealed in models at the next level of decomposition.
As we saw in Chapter 5, there may not be a single decomposition of the system. Rather, we  may  create  several  decompositions  that  show  different  structures. For instance, one view may show the system's different runtime processes and their interconnections, and another view may show the system's decomposition into code units. Each of these views is an abstraction that highlights one aspect of the system's structural  design  (e.g., runtime  processes)  and  ignores  other  structural  information  (e.g., code units) and nonstructural details.


[1]
[SECTION]: Designing the Modules > 6.2 Design Principles > Abstraction
[CONTENT]: A fourth type of abstraction is the virtual machine , such as that in a layered architecture. Each layer i in the architecture uses the services provided by the layer i -1 below it, to create more powerful and reliable services, which it then offers to the layer i + 1 above it. Recall that in a true layered architecture, a layer can access only those services offered by the layer directly below it, and cannot access the services of lowerlevel layers (and certainly not the services of the higher-level layers).As such, layer i is a virtual machine that abstracts away the details of the lower-level layers and presents only its services to the next layer; the guiding design principle is that layer i 's services are improvements over the lower-layers' services and thus supersede them.
The key to writing good abstractions is determining, for a particular model, which details  are  extraneous  and  can  therefore  be  ignored. The  nature  of  the  abstraction depends on why we are building the model in the first place: what information we want to communicate, or what analysis we want to perform. Sidebar 6.3 illustrates how we can model different abstractions of an algorithm for different purposes.


[2]
[SECTION]: Designing the Modules > 6.2 Design Principles > SIDEBAR 6.3 USING ABSTRACTION
[CONTENT]: W e  can  use  abstraction  to  view  different  aspects  of  our  design. Suppose  that  one  of the system functions is to sort the elements of a list L. The initial description of the design is Sort L in nondecreasing order The next level of abstraction may be a particular algorithm:
The algorithm provides a great deal of additional information. It tells us the procedure that will be used to perform the sort operation on L. However, it can be made even more detailed.The third and final algorithm describes exactly how the sorting operation will work:
Each level of abstraction serves a purpose. If we care only about what L looks like before and after sorting, then the first abstraction provides all the information we need. If we are concerned about the speed of the algorithm, then the second level of abstraction provides sufficient detail to analyze the algorithm's complexity. However, if we are writing code for the sorting operation, the third level of abstraction tells us exactly what is to happen; little additional information is needed.
If  we  were  presented  only  with  the  third  level  of  abstraction, we  might  not  discern immediately that the procedure describes a sorting algorithm; with the first level, the nature of the procedure is obvious, whereas the third level distracts us from the real nature of the procedure. In  each  case, abstraction  keeps  us  focused  on  the  purpose  of  the  respective description.
a unit more general by increasing the number of contexts in which can it be used.There are several ways of doing this:
 - Parameterizing context-specific information: We create a more general version of our software by making into parameters the data on which it operates.
 - Removing preconditions: We remove preconditions by making our software work under conditions that we previously assumed would never happen.
","[
  {
    ""role"": ""paragraph"",
    ""segment"": ""An abstraction is a model or representation that omits some details so that it can focus on other details. The definition is vague about which details are left out of a model, because different abstractions, built for different purposes, omit different kinds of details."",
    ""citations"": [
      {
        ""type"": ""source_text"",
        ""content"": ""An abstraction is a model or representation that omits some details so that it can focus on other details."",
        ""img_id"": null
      },
      {
        ""type"": ""source_text"",
        ""content"": ""The definition is vague about which details are left out of a model, because  different  abstractions, built  for  different  purposes, omit  different  kinds  of details."",
        ""img_id"": null
      }
    ],
    ""type"": null
  }
]","An abstraction is a model or representation that omits some details so that it can focus on other details. The definition is vague about which details are left out of a model, because different abstractions, built for different purposes, omit different kinds of details.",0.388,5.836
What does a process prescribe?,"
[0]
[SECTION]: Modeling the Process and Life Cycle > 2.1 The Meaning Of Process
[CONTENT]: Processes are important because they impose consistency and structure on a set of activities. These characteristics are useful when we know how to do something well and we want to ensure that others do it the same way. For example, if Sam is a good bricklayer, he may write down a description of the bricklaying process he uses so that Sara can learn how to do it as well. He may take into account the differences in the way people prefer to do things; for instance, he may write his instructions so that Sara can lay bricks whether she is right- or left-handed. Similarly, a software development process can be described in flexible ways that allow people to design and build software using  preferred  techniques  and  tools; a  process  model  may  require  design  to  occur before coding, but may allow many different design techniques to be used. For this reason, the process helps to maintain a level of consistency and quality in products or services that are produced by many different people.
A process is more than a procedure.We saw in Chapter 1 that a procedure is like a recipe: a structured way of combining tools and techniques to produce a product. A process is a collection of procedures, organized so that we build products to satisfy a set of goals or standards. In fact, the process may suggest that we choose from several procedures, as long as the goal we are addressing is met. For instance, the process may require that we check our design components before coding begins. The checking can be done using informal reviews or formal inspections, each an activity with its own procedure, but both addressing the same goal.
The process structure guides our actions by allowing us to examine, understand, control, and improve the activities that comprise the process. To see how, consider the process of making chocolate cake with chocolate icing.The process may contain several procedures, such as buying the ingredients and finding the appropriate cooking utensils.


[1]
[SECTION]: Modeling the Process and Life Cycle > 2.1 The Meaning Of Process
[CONTENT]: When we provide a service or create a product, whether it be developing software, writing  a  report, or  taking  a  business  trip, we  always  follow  a  sequence  of  steps  to accomplish a set of tasks.The tasks are usually performed in the same order each time; for example, you do not usually put up the drywall before the wiring for a house is installed or bake a cake before all the ingredients are mixed together.We can think of a set of ordered tasks as a process : a series of steps involving activities, constraints, and resources that produce an intended output of some kind.
A process usually involves a set of tools and techniques, as we defined them in Chapter 1.Any process has the following characteristics:
 - The process prescribes all of the major process activities.
 - The process uses resources, subject to a set of constraints (such as a schedule), and produces intermediate and final products.
 - The process may be composed of subprocesses that are linked in some way. The process may be defined as a hierarchy of processes, organized so that each subprocess has its own process model.
 - Each process activity has entry and exit criteria, so that we know when the activity begins and ends.
 - The activities are organized in a sequence, so that it is clear when one activity is performed relative to the other activities.
 - Every process has a set of guiding principles that explain the goals of each activity.
 - Constraints  or  controls  may  apply  to  an  activity, resource, or  product. For example, the budget or schedule may constrain the length of time an activity may take or a tool may limit the way in which a resource may be used.
When the process involves the building of some product, we sometimes refer to the process as a life cycle . Thus, the software development process is sometimes called the software life cycle , because it describes the life of a software product from its conception to its implementation, delivery, use, and maintenance.


[2]
[SECTION]: Modeling the Process and Life Cycle > 2.3 Tools And Techniques For Process Modeling > SIDEBAR 2.4 PROCESS PROGRAMMING
[CONTENT]: I n the mid-1980s, Osterweil (1987) proposed that software engineering processes be specified using algorithmic descriptions. That is, if a process is well-understood, we should be able to write a program to describe the process, and then run the program to enact the process. The goal of process programming is to eliminate uncertainty, both by having enough understanding to write software to capture its essence, and by turning the process into a deterministic solution to the problem.
Were process programming possible, we could have management visibility into all process activities, automate all activities, and coordinate and change all activities with ease.Thus, process programs could form the basis of an automated environment to produce software.
However, Curtis, Krasner, Shen, and Iscoe (1987) point out that Osterweil's analogy to computer programming does not capture the inherent variability of the underlying development process.When a computer program is written, the programmer assumes that the implementation  environment  works  properly; the  operating  system, database  manager, and hardware are reliable and correct, so there is little variability in the computer's response to an instruction. But when a process program issues an instruction to a member of the project team, there is great variability in the way the task is executed and in the results produced. As we will see in Chapter 3, differences in skill, experience, work habits, understanding the customer's needs, and a host of other factors can increase variability dramatically. Curtis and his colleagues suggest that process programming be restricted only to those situations with minimal variability. Moreover, they point out that Osterweil's examples provide information only about  the  sequencing  of  tasks; the  process  program  does  not  help  to  warn  managers  of impending  problems. 'The  coordination  of  a  web  of  creative  intellectual  tasks  does  not appear to be improved greatly by current implementations of process programming, because the most important source of coordination is to ensure that all of the interacting agents share the same mental model of how the system should operate' (Curtis et al. 1987).
","[
  {
    ""role"": ""sentence"",
    ""segment"": ""The process prescribes all of the major process activities."",
    ""citations"": [
      {
        ""type"": ""source_text"",
        ""content"": "" - The process prescribes all of the major process activities."",
        ""img_id"": null
      }
    ],
    ""type"": null
  }
]",The process prescribes all of the major process activities.,0.474,2.884
What does prototyping mean in the context of user interface prototyping?,"
[0]
[SECTION]: Designing the Architecture > 5.7 Architecture Evaluation And Refinement > Prototyping
[CONTENT]: Some design questions are best answered by prototyping.A prototype is an executable model of the system we are developing, built to answer specific  questions  we  have about the system. For example, we may want to test that our protocols for signaling, synchronizing, coordinating, and  sharing  data  among  concurrent  processes  work  as expected. We can develop a prototype that implements processes as stubs and that exercises our communication protocols, so that we can work out the kinks and gain confidence in our plans for how the processes will interact. We may also learn something about the limits (e.g., minimum response times) of our design.
Prototyping offers  different  advantages  in  the  design  stage  from  those  gained during requirements analysis. As we saw in Chapter 4, prototyping is an effective tool for testing the feasibility of questionable requirements and for exploring user-interface alternatives. The process of developing the prototype encourages us to communicate with our customers and to explore areas of uncertainty that emerge as we think about the system's requirements. As long as our customers understand that the prototype is an exploratory model, not a beta-version of the product, prototyping can be useful in helping both us and our customers understand what the system is to do.
In the design phase, prototyping is used to answer design questions, compare design alternatives, test complex interactions, or explore the effects of change requests.A prototype omits many of the details of functionality and performance that will be part of the real  system, so  that  we  can  focus  narrowly  on  particular  aspects  of  the  system. For example,a small team may generate a prototype for each design issue to be resolved: one prototype for modeling the user interface, one for certifying that a purchased component is compatible with our design, one for testing the network performance between remote processes,one for each security tactic being considered,and so on.The final design is then a synthesis of the answers obtained from the individual prototypes.


[1]
[SECTION]: Capturing the Requirements > 4.7 Prototyping Requirements
[CONTENT]: To see how prototyping works, suppose we are building a tool to track how much a user exercises each day. Our customers are exercise physiologists and trainers, and their clients will be the users. The tool will help the physiologists and trainers to work with their clients and to track their clients' training progress.The tool's user interface is important, because  the  users  may  not  be  familiar  with  computers. For  example, in entering information about their exercise routines, the users will need to enter the date for each routine. The trainers are not sure what this interface should look like, so we build a quick prototype to demonstrate the possibilities. Figure 4.23 shows a first prototype, in which the user must type the day, month, and year. A more interesting and sophisticated  interface  involves  a  calendar  (see  Figure  4.24), where  the  user  uses  a mouse to select the month and year, the system displays the chart for that month, and the  user  selects  the  appropriate  day  in  the  chart. A  third  alternative  is  depicted  in Figure 4.25, in which, instead of a calendar, the user is presented with three slider bars. As the user then uses the mouse to slide each bar left or right, the box at the bottom of the screen changes to show the selected day, month, and year. This third interface may provide the fastest selection, even though it may be very different from what the users are accustomed to seeing. In this example, prototyping helps us to select the right 'look Enter year:


[2]
[SECTION]: Designing the Architecture > 5.7 Architecture Evaluation And Refinement > Prototyping
[CONTENT]: If a prototype is intended only to explore design issues, we may not give its development the same careful attention that we would give to a real system. For this reason, we frequently discard the prototype and build the actual system from scratch, rather than try to salvage parts from the prototype. In these cases, the throw-away prototype is meant to be discarded; its development is intended only to assess the feasibility or particular characteristics in a proposed design. In fact, Brooks (1995) recommends building a system, throwing it away, and building it again.The second version of the system benefits from the learning and the mistakes made in the process of building the first system.
Alternatively, we may attempt to reuse parts of the prototype in the actual system. By taking care in the design and development of the prototype's components, we can produce a prototype that answers questions about the design and at the same time provides building blocks for the final system.The challenge is to ensure that this style of prototyping is still fast. If the prototype cannot be built more quickly than the actual system, then it loses its value. Moreover, if too much effort is invested in developing a quality prototype, we may become too attached to the design decisions and other assets embedded in the prototype,and we may be less open to considering design alternatives.
An extreme version of this approach is called rapid prototyping , in which we progressively refine the prototype until it becomes the final system. We start with a prototype of the requirements, in the form of a preliminary user interface that simulates the system's responses to user input. In successive iterations of the prototype, we flesh out the system's design and implementation, providing the functionality promised by the initial user interface. In many ways, rapid prototyping resembles an agile development process, in that the system's development is iterative and there is continual feedback from the customer. The difference is that the initial prototype is a user-interface shell rather than the core of the operational system.


[3]
[SECTION]: Capturing the Requirements > 4.13 Real-Time Example > 4.14 WHAT THIS CHAPTER MEANS FOR YOU
[CONTENT]:  - Requirements questions can be answered using models or prototypes.In either case, the goal is to focus on the subproblem that is at the heart of the question, rather than necessarily modeling or prototyping the entire problem. If prototyping, you need to decide ahead of time whether the resulting software will be kept or thrown away.
 - Requirements must be validated to ensure that they accurately reflect the customer's expectations.The requirements should also be checked for completeness,
correctness, consistency, feasibility, and  more, sometimes  using  techniques  or tools that are associated with the specification methods you have chosen. Finally, you should verify that the specification fulfills the requirements.
","[
  {
    ""role"": ""paragraph"",
    ""segment"": ""In this context, prototyping is an executable or demonstrational model used to explore and test the user interface and design ideas, validate feasibility, and communicate with customers, with the prototype treated as exploratory—not a beta version of the product."",
    ""citations"": [
      {
        ""type"": ""source_text"",
        ""content"": ""A prototype is an executable model of the system we are developing, built to answer specific questions we have about the system."",
        ""img_id"": null
      },
      {
        ""type"": ""source_text"",
        ""content"": ""As long as our customers understand that the prototype is an exploratory model, not a beta-version of the product, prototyping can be useful in helping both us and our customers understand what the system is to do."",
        ""img_id"": null
      },
      {
        ""type"": ""source_text"",
        ""content"": ""In the design phase, prototyping is used to answer design questions, compare design alternatives, test complex interactions, or explore the effects of change requests."",
        ""img_id"": null
      },
      {
        ""type"": ""source_text"",
        ""content"": ""The tool's user interface is important, because the users may not be familiar with computers. For example, in entering information about their exercise routines, the users will need to enter the date for each routine."",
        ""img_id"": null
      },
      {
        ""type"": ""source_text"",
        ""content"": ""The trainers are not sure what this interface should look like, so we build a quick prototype to demonstrate the possibilities."",
        ""img_id"": null
      }
    ],
    ""type"": null
  }
]","In this context, prototyping is an executable or demonstrational model used to explore and test the user interface and design ideas, validate feasibility, and communicate with customers, with the prototype treated as exploratory—not a beta version of the product.",0.368,10.252
What is a process?,"
[0]
[SECTION]: Modeling the Process and Life Cycle > 2.1 The Meaning Of Process
[CONTENT]: When we provide a service or create a product, whether it be developing software, writing  a  report, or  taking  a  business  trip, we  always  follow  a  sequence  of  steps  to accomplish a set of tasks.The tasks are usually performed in the same order each time; for example, you do not usually put up the drywall before the wiring for a house is installed or bake a cake before all the ingredients are mixed together.We can think of a set of ordered tasks as a process : a series of steps involving activities, constraints, and resources that produce an intended output of some kind.
A process usually involves a set of tools and techniques, as we defined them in Chapter 1.Any process has the following characteristics:
 - The process prescribes all of the major process activities.
 - The process uses resources, subject to a set of constraints (such as a schedule), and produces intermediate and final products.
 - The process may be composed of subprocesses that are linked in some way. The process may be defined as a hierarchy of processes, organized so that each subprocess has its own process model.
 - Each process activity has entry and exit criteria, so that we know when the activity begins and ends.
 - The activities are organized in a sequence, so that it is clear when one activity is performed relative to the other activities.
 - Every process has a set of guiding principles that explain the goals of each activity.
 - Constraints  or  controls  may  apply  to  an  activity, resource, or  product. For example, the budget or schedule may constrain the length of time an activity may take or a tool may limit the way in which a resource may be used.
When the process involves the building of some product, we sometimes refer to the process as a life cycle . Thus, the software development process is sometimes called the software life cycle , because it describes the life of a software product from its conception to its implementation, delivery, use, and maintenance.


[1]
[SECTION]: Modeling the Process and Life Cycle > 2.1 The Meaning Of Process
[CONTENT]: Processes are important because they impose consistency and structure on a set of activities. These characteristics are useful when we know how to do something well and we want to ensure that others do it the same way. For example, if Sam is a good bricklayer, he may write down a description of the bricklaying process he uses so that Sara can learn how to do it as well. He may take into account the differences in the way people prefer to do things; for instance, he may write his instructions so that Sara can lay bricks whether she is right- or left-handed. Similarly, a software development process can be described in flexible ways that allow people to design and build software using  preferred  techniques  and  tools; a  process  model  may  require  design  to  occur before coding, but may allow many different design techniques to be used. For this reason, the process helps to maintain a level of consistency and quality in products or services that are produced by many different people.
A process is more than a procedure.We saw in Chapter 1 that a procedure is like a recipe: a structured way of combining tools and techniques to produce a product. A process is a collection of procedures, organized so that we build products to satisfy a set of goals or standards. In fact, the process may suggest that we choose from several procedures, as long as the goal we are addressing is met. For instance, the process may require that we check our design components before coding begins. The checking can be done using informal reviews or formal inspections, each an activity with its own procedure, but both addressing the same goal.
The process structure guides our actions by allowing us to examine, understand, control, and improve the activities that comprise the process. To see how, consider the process of making chocolate cake with chocolate icing.The process may contain several procedures, such as buying the ingredients and finding the appropriate cooking utensils.


[2]
[SECTION]: Modeling the Process and Life Cycle > 2.1 The Meaning Of Process
[CONTENT]:  - unit testing
 - integration testing
 - system testing
 - system delivery
 - maintenance Each stage is itself a process (or collection of processes) that can be described as a set  of  activities. And  each  activity  involves  constraints, outputs, and  resources. For example, the requirements analysis and definitions stage need as initial input a statement of desired functions and features that the user expresses in some way. The final output from this stage is a set of requirements, but there may be intermediate products as the dialog between user and developer results in changes and alternatives. We have constraints, too, such as a budget and schedule for producing the requirements document, and standards about the kinds of requirements to include and perhaps the notation used to express them.
Each of these stages is addressed in this book. For each one, we will take a close look at the processes, resources, activities, and outputs that are involved, and we will learn how they contribute to the quality of the final product: useful software.There are many ways to address each stage of development;each configuration of activities, resources, and outputs constitutes a process, and a collection of processes describes what happens at each stage. For instance,design can involve a prototyping process,where many of the design decisions are explored so that developers can choose an appropriate approach, and a reuse process, where previously generated design components are included in the current design.
Each process can be described in a variety of ways, using text, pictures, or a combination. Software engineering researchers have suggested a variety of formats for such descriptions, usually organized as a model that contains key process features. For the remainder of this chapter, we examine a variety of software development process models, to see how organizing process activities can make development more effective.


[3]
[SECTION]: Modeling the Process and Life Cycle > 2.7 What This Chapter Means For You
[CONTENT]: In this chapter, we have seen that the software development process involves activities, resources, and products.A process model is useful for guiding your behavior when you are working with a group. Detailed process models tell you how to coordinate and collaborate with your colleagues as you design and build a system.We have also seen that process models include organizational, functional, behavioral, and other perspectives, so you can focus on particular aspects of the development process to enhance your understanding or guide your actions.
","[
  {
    ""role"": ""sentence"",
    ""segment"": ""A process is a series of steps involving activities, constraints, and resources that produce an intended output."",
    ""citations"": [
      {
        ""type"": ""source_text"",
        ""content"": ""A process is a series of steps involving activities, constraints, and resources that produce an intended output"",
        ""img_id"": null
      }
      ]
    ,
    ""type"": null
  },
  {
    ""role"": ""sentence"",
    ""segment"": ""A process is a collection of procedures, organized so that we build products to satisfy a set of goals or standards."",
    ""citations"": [
      {
        ""type"": ""source_text"",
        ""content"": ""A process is a collection of procedures, organized so that we build products to satisfy a set of goals or standards."",
        ""img_id"": null
      }
    ],
    ""type"": null
  }
]","A process is a series of steps involving activities, constraints, and resources that produce an intended output. A process is a collection of procedures, organized so that we build products to satisfy a set of goals or standards.",0.473,5.944
"In the V model, what can unit and integration testing also be used to verify?","
[0]
[SECTION]: Modeling the Process and Life Cycle > 2.2 Software Process Models > V Model
[CONTENT]: The V model is a variation of the waterfall model that demonstrates how the testing activities are related to analysis and design (German Ministry of Defense 1992). As shown in Figure 2.4, coding forms the point of the V, with analysis and design on the left, testing and maintenance on the right. Unit and integration testing addresses the correctness of programs, as we shall see in later chapters. The V model suggests that unit and integration testing can also be used to verify the program design. That is, during unit and integration testing, the coders and test team members should ensure that all aspects of the program design have been implemented correctly in the code. Similarly, system testing should verify the system design, making sure that all system design aspects are correctly implemented. Acceptance testing, which is conducted by the customer rather than the developer, validates the requirements by associating a testing step with each element of the specification; this type of testing checks to see that all requirements have been fully implemented before the system is accepted and paid for.
The model's linkage of the left side with the right side of the V implies that if problems are found during verification and validation, then the left side of the V can be reexecuted to fix and improve the requirements, design, and code before the testing steps on the right side are reenacted. In other words, the V model makes more explicit some of the iteration and rework that are hidden in the waterfall depiction. Whereas the focus of the waterfall is often documents and artifacts, the focus of the V model is activity and correctness.


[1]
[SECTION]: Testing the Programs > 8.2 Testing Issues > Test Organization
[CONTENT]: Unit
[FIGURE_DESCRIPTIONS]
[0] Diagram illustrating a software testing process with labeled stages and arrows showing flow from component tests to integration, system, and acceptance tests. Top row labels include: Unit test, Design specifications, System functional requirements, Other software requirements specification, Customer requirements specification, User environment. Bottom row labels indicate: Unit test (repeat line), Integrated software, Integrated modules, Functioning system, Verified, validated software, Accepted system, Installation test. Vertical axis hints at components and test levels: Components to be tested concurrently with dotted bullet lists for unit tests and integrated components. Visual elements include rectangular process blocks such as Unit test, Integration test, Function test, Performance test, Acceptance test, Installation test, connected by arrows that map the testing steps. The diagram is titled FIGURE 3.8 Testing steps and is a high-level schematic of the testing lifecycle in a system deployment scenario.



[2]
[SECTION]: Testing the Programs > 8.4 Integration Testing
[CONTENT]: When we are satisfied that individual components are working correctly and meet our objectives, we combine them into a working system. This integration is planned and coordinated so that when a failure occurs, we have some idea of what caused it. In addition, the order in which components are tested affects our choice of test cases and tools. For large systems, some components may be in the coding phase, others may be in the unit-testing phase, and still other collections of components may be tested together. Our test strategy explains why and how components are combined to test the working system. This strategy affects not only the integration timing and coding order, but also the cost and thoroughness of the testing.
The system is again viewed as a hierarchy of components, where each component belongs to a layer of the design. We can begin from the top and work our way down as we test, work from the bottom up, or use a combination of these two approaches.


[3]
[SECTION]: Testing the Programs > 8.2 Testing Issues > Test Organization
[CONTENT]: In developing a large system, testing usually involves several stages. First, each program component is tested on its own, isolated from the other components in the system. Such testing, known as module testing , component testing , or unit  testing , verifies  that  the component functions properly with the types of input expected from studying the component's design. Unit testing is done in a controlled environment whenever possible, so that the test team can feed a predetermined set of data to the component being tested and observe what output actions and data are produced. In addition, the test team checks the internal data structures, logic, and boundary conditions for the input and output data.
When collections of components have been unit-tested, the next step is ensuring that the interfaces among the components are defined and handled properly. Integration testing is the process of verifying that the system components work together as described in the system and program design specifications.
Once we are sure that information is passed among components in accordance with the design, we test the system to ensure that it has the desired functionality.A function test evaluates the system to determine if the functions described by the requirements specification are actually performed by the integrated system. The result is a functioning system.
Recall  that  the  requirements  were  documented  in  two  ways: first  in  the  customer's terminology, and again as a set of software and hardware requirements the developers could use.The function test compares the system being built with the functions described in the developer's requirements specification.Then, a performance test compares the system with the remainder of these software and hardware requirements. When the test is performed successfully in a customer's actual working environment, it yields a validated system .


[4]
[SECTION]: Testing the Programs > 8.12 What This Chapter Means For Your Development Team
[CONTENT]: Testing is both an individual and a group activity. Once a component is written, it can be inspected by some or all of the development team to look for faults that were not apparent to the person who wrote it. The research literature clearly shows that inspections  are  very  effective  at  finding  faults  early  in  the  development  process. But  it  is equally  clear  that  other  techniques  find  faults  that  inspections  often  miss. So  it  is important for you to work with your team in an egoless way, using the many methods at your disposal, to find faults as early as possible during development.
Integration testing is a team activity, too, and you must coordinate with other team members in choosing an integration strategy, planning your tests, generating test cases, and running the tests. Automated tools are useful in these activities, and they help you and your teammates scrutinize the test results to identify problems and their causes.
","[
  {
    ""role"": ""sentence"",
    ""segment"": ""The V model suggests that unit and integration testing can also be used to verify the program design."",
    ""citations"": [
      {
        ""type"": ""source_text"",
        ""content"": ""The V model suggests that unit and integration testing can also be used to verify the program design."",
        ""img_id"": null
      }
    ],
    ""type"": null
  }
]",The V model suggests that unit and integration testing can also be used to verify the program design.,0.6,2.827
What does the operational specification model allow to be merged?,"
[0]
[SECTION]: Modeling the Process and Life Cycle > 2.2 Software Process Models > Operational Specification
[CONTENT]: For many systems, uncertainty about the requirements leads to changes and problems later in development.Zave (1984) suggests a process model that allows the developers and customers to examine the requirements and their implications early in the development process, where they can discuss and resolve some of the uncertainty. In the operational specification  model , the system requirements are evaluated or executed in a way that demonstrates the behavior of the system.That is,once the requirements are specified,they can be enacted using a software package, so their implications can be assessed before design begins. For example, if the specification requires the proposed system to handle 24 users, an executable form of the specification can help analysts determine whether that number of users puts too much of a performance burden on the system.
This type of process is very different from traditional models such as the waterfall model. The waterfall model separates the functionality of the system from the design (i.e., what the system is to do is separated from how the system does it), intending to keep the customer needs apart from the implementation. However,an operational specification allows the functionality and the design to be merged.Figure 2.6 illustrates how an operational specification works.Notice that the operational specification is similar to prototyping; the process enables user and developer to examine requirements early on.


[1]
[SECTION]: Capturing the Requirements > 4.5 Modeling Notations > Algebraic Specifications
[CONTENT]: With the exception of logic and OCL notations, all of the notation paradigms we have considered so far tend to result in models that suggest particular implementations. For example,
 - A UML class model suggests what classes ought to appear in the final (objectoriented) implementation.
 - A data-flow specification suggests how an implementation ought to be decomposed into data-transforming modules.
 - A state-machine model suggests how a reactive system should be decomposed into cases.
 - A Z specification suggests how complex data types can be implemented in terms of sets, sequences, or functions.
Such implementation bias in a requirements specification can lead a software designer to produce a design that adheres to the specification's model , subconsciously disregarding possibly better designs that would satisfy the specified behavior . For example, as we will  see  in  Chapter  6, the  classes  in  a  UML  class  diagram  may  be  appropriate  for expressing  a problem simply  and  succinctly, but  the  same  class  decomposition  in  a design may result in an inefficient solution to the problem.
A completely different way of viewing a system is in terms of what happens when combinations of operations are performed.This multi-operational view is the main idea behind algebraic specifications : to specify the behavior of operations by specifying the interactions between pairs of operations rather than modeling individual operations. An execution trace is the sequence of operations that have been performed since the start of execution. For example, one execution of our turnstile problem, starting with a new turnstile, is the operation sequence Specification axioms specify the effects of applying pairs of operations on an arbitrary sequence of operations that have already executed (where SEQ is some prefix sequence of operations):


[2]
[SECTION]: Capturing the Requirements > 4.5 Modeling Notations > Logic
[CONTENT]: With the exception of ER diagrams, the notations we have considered so far have been model-based and are said to be operational.An operational notation is a notation used to describe a problem or a proposed software solution in terms of situational behavior: how a software system should respond to different input events, how a computation should flow from one step to another, and what a system should output under various conditions. The result is a model of case-based behavior that is particularly useful for answering questions about what the desired response should be to a particular situation: for example, what the next state or system output should be, given the current state, input event, process completion, and variable values. Such models also help the reader to visualize global behavior, in the form of paths representing allowable execution traces through the model.
Operational notations are less effective at expressing global properties or constraints. Suppose we were modeling a traffic light, and we wanted to assert that the lights controlling traffic in cross directions are never green at the same time, or that the lights in each direction are periodically green. We could build an operational model that exhibits these behaviors implicitly, in that all paths through the model satisfy these properties. However, unless the model is closed -meaning that the model expresses all of the desired behavior, and that any implementation that performs additional functionality is incorrect-it is ambiguous as to whether these properties are requirements to be satisfied or simply are accidental effects of the modeling decisions made.


[3]
[SECTION]: Capturing the Requirements > 4.6 Requirements And Specification Languages
[CONTENT]: At this point, you may be wondering how the software-engineering community could have developed so many types of software models with none being the preferred or ideal notation.The situation is not unlike an architect working with a collection of blueprints: each blueprint maps a particular aspect of a building's design (e.g., structural support, heating  conduits, electrical  circuits, water  pipes), and  it  is  the  collection  of plans  that  enables  the  architect  to  visualize  and  communicate  the  building's  whole design. Each of the notational paradigms described above models problems from a different perspective: entities and relationships, traces, execution states, functions, properties, data. As such, each is the paradigm of choice for modeling a particular view of a software problem. With practice and experience, you will learn to judge which viewpoints and notations are most appropriate for understanding or communicating a given software problem.
Because each paradigm has its own strengths, a complete specification may consist of several models, each of which illustrates a different aspect of the problem. For this reason, most practical requirements and specification languages are actually combinations of several notational paradigms. By understanding the relationships between specification languages and the notational paradigms they employ, you can start to recognize the similarities among different languages and to appreciate the essential ways in which specification languages differ. At this end of this chapter, we discuss criteria for evaluating and choosing a specification language.
","[
    {
        ""role"": ""sentence"",
        ""segment"": ""However, an operational specification allows the functionality and the design to be merged."",
        ""citations"": [
            {
                ""type"": ""source_text"",
                ""content"": ""However,an operational specification allows the functionality and the design to be merged."",
                ""img_id"": null
            }
        ],
        ""type"": null
    }
]","However, an operational specification allows the functionality and the design to be merged.",0.404,3.694
What does the transformational process use to change a specification into a deliverable system?,"
[0]
[SECTION]: Modeling the Process and Life Cycle > 2.2 Software Process Models > Transformational Model
[CONTENT]: Balzer's transformational model tries to reduce the opportunity for error by eliminating several major development steps. Using automated support, the transformational process applies a series of transformations to change a specification into a deliverable system (Balzer 1981a).
[FIGURE 2.6 The operational specification model.] 
Sample transformations can include Because many paths can be taken from the specification to the delivered system, the sequence of transformations and the decisions they reflect are kept as a formal development record.
 - changing the data representations
 - selecting algorithms
 - optimizing
 - compiling
The transformational approach holds great promise. However, a major impediment to its use is the need for a formal specification expressed precisely so the transformations can operate on it, as shown in Figure 2.7. As formal specification methods become more popular, the transformational model may gain wider acceptance.
[FIGURE_DESCRIPTIONS]
[0] Flowchart diagram depicting software engineering process from requirements to delivery. Visual elements include rounded rectangles for process steps and arrows indicating direction of flow. At left, a box labeled Execute and Revise connects upward to a box labeled OPERATIONAL SPECIFICATION (problem-oriented) via a vertical line, and a horizontal arrow points to a box labeled TRANSFORMED SPECIFICATION (implementation-oriented). The TRANSFORMED SPECIFICATION leads right to a box labeled TEST, which then connects to a final box labeled DELIVERED SYSTEM. A separate label beneath the left-to-right chain reads SYSTEM REQUIREMENTS (sometimes informal or incomplete). The diagram emphasizes feedback loops, with an upward arrow from OPERATIONAL SPECIFICATION back to Execute and Revise, and a downstream path to TEST and Deliverable System. The overall layout is a simple, linear pipeline with one feedback loop.



[1]
[SECTION]: Modeling the Process and Life Cycle > 2.2 Software Process Models > Phased Development: Increments and Iterations
[CONTENT]: [FIGURE 2.7 The transformational model.] 
There are many ways for the developers to decide how to organize development into releases.The two most popular approaches are incremental development and iterative development. In incremental development , the system as specified in the requirements  documents  is  partitioned  into  subsystems  by  functionality. The  releases  are defined by beginning with one small,functional subsystem and then adding functionality with each new release.The top of Figure 2.9 shows how incremental development slowly builds up to full functionality with each new release.
[FIGURE_DESCRIPTIONS]
[0] Diagram depicts a formal development workflow. Leftmost box labeled FORMAL SPECIFICATION receives system requirements (system requirements sometimes informal or incomplete) and is connected to a comparison block at top left labeled Compare with requirements; update as needed. The formal specification feeds into a sequence of transformation blocks: TRANSFORM 1, then TRANSFORM 2, followed by TEST, which leads to the DELIVERED SYSTEM. Above the transformation sequence there is a note: Sequence of transformations plus rationale for them. A block above the chain labeled FORMAL DEVELOPMENT RECORD with an arrow pointing to TRANSFORM 2 suggests a record or log of development steps. The diagram also shows a loop or feedback from system requirements to the formal specification, indicating iterative refinement. Text in the diagram includes: SYSTEM REQUIREMENTS (sometimes informal or incomplete), FORMAL SPECIFICATION, TRANSFORM 1, TRANSFORM 2, TEST, DELIVERED SYSTEM, Compare with requirements; update as needed, and FORMAL DEVELOPMENT RECORD. The overall layout emphasizes a pipeline from formal specification through transformations to testing and delivery, with feedback and recording elements to support traceability and rationales for transformations.



[2]
[SECTION]: Modeling the Process and Life Cycle > 2.2 Software Process Models > Operational Specification
[CONTENT]: For many systems, uncertainty about the requirements leads to changes and problems later in development.Zave (1984) suggests a process model that allows the developers and customers to examine the requirements and their implications early in the development process, where they can discuss and resolve some of the uncertainty. In the operational specification  model , the system requirements are evaluated or executed in a way that demonstrates the behavior of the system.That is,once the requirements are specified,they can be enacted using a software package, so their implications can be assessed before design begins. For example, if the specification requires the proposed system to handle 24 users, an executable form of the specification can help analysts determine whether that number of users puts too much of a performance burden on the system.
This type of process is very different from traditional models such as the waterfall model. The waterfall model separates the functionality of the system from the design (i.e., what the system is to do is separated from how the system does it), intending to keep the customer needs apart from the implementation. However,an operational specification allows the functionality and the design to be merged.Figure 2.6 illustrates how an operational specification works.Notice that the operational specification is similar to prototyping; the process enables user and developer to examine requirements early on.


[3]
[SECTION]: Capturing the Requirements > 4.8 Requirements Documentation > Requirements Specification
[CONTENT]: The requirements specification covers exactly the same ground as the requirements definition, but from the perspective of the developers. Where the requirements definition  is  written  in  terms  of  the  customer's  vocabulary, referring  to  objects, states, events, and activities in the customer's world, the requirements specification is written in terms of the system's interface.We accomplish this by rewriting the requirements so that they refer only to those real-world objects (states, events, actions) that are sensed or actuated by the proposed system:
 - In  documenting  the  system's  interface, we  describe  all  inputs  and  outputs  in detail, including  the  sources  of  inputs, the  destinations  of  outputs, the  value ranges and data formats of input and output data, protocols governing the order in  which  certain  inputs  and  outputs  must  be  exchanged, window  formats  and organization, and any timing constraints. Note that the user interface is rarely the only system interface; the system may interact with other software components (e.g., a database), special-purpose hardware, the Internet, and so on.
 - Next, we restate the required functionality in terms of the interfaces' inputs and outputs. We may use a functional notation or data-flow diagrams to map inputs to outputs, or use logic to document functions' pre-conditions and post-conditions.We may use state machines or event traces to illustrate exact sequences of operations
","[
  {
    ""role"": ""sentence"",
    ""segment"": ""It uses a series of transformations, applied with automated support, to change a specification into a deliverable system."",
    ""citations"": [
      {
        ""type"": ""source_text"",
        ""content"": ""Using automated support, the transformational process applies a series of transformations to change a specification into a deliverable system (Balzer 1981a)."",
        ""img_id"": null
      }
    ],
    ""type"": null
  }
]","It uses a series of transformations, applied with automated support, to change a specification into a deliverable system.",0.365,3.132
How does incremental development build up a system?,"
[0]
[SECTION]: Designing the Modules > 6.2 Design Principles > Incremental Development
[CONTENT]: The best uses graph has a tree structure or is a forest of tree structures. In such a structure, every subtree is a subset of our system, so we can incrementally develop our system one software unit at a time. Each completed unit is a correct implementation of part of our system. Each increment is easier to test and correct because faults are more likely to be found in the new code, not in the called units that have already been tested and deemed correct. In addition, we always have a working version of a system subset to demonstrate to our customer. Moreover, morale among developers is high, because they  frequently  make  visible  progress  on  the  system  (Brooks  1995). Contrast  these advantages of incremental development to its alternative, in which nothing works until everything works.


[1]
[SECTION]: Modeling the Process and Life Cycle > 2.2 Software Process Models > Phased Development: Increments and Iterations
[CONTENT]: [FIGURE 2.9 The incremental and iterative models.] 
However, iterative development delivers a full system at the very beginning and then changes the functionality of each subsystem with each new release.The bottom of Figure 2.9 illustrates three releases in an iterative development.
[FIGURE_DESCRIPTIONS]
[0] Diagram excerpt showing incremental development and iterative development processes. The top row labeled INCREMENTAL DEVELOPMENT depicts a sequence of three schematic blocks: a leftmost stepped block, a longer central block, and a final assembled configuration with an additional vertical extension, connected by arrows indicating progression. The bottom row labeled ITERATIVE DEVELOPMENT presents a sequence of three schematic states: initial block with a protruding vertical segment, a middle state featuring a shaded rectangular area atop the layout, and a final state where a large rectangular region overlays the structure, connected by arrows. Text labels visible include 'INCREMENTAL DEVELOPMENT' and 'ITERATIVE DEVELOPMENT'. Visuals emphasize evolving architecture through reuse and refinement, with block shapes suggesting modules or components and arrows denoting iteration or evolution between stages.



[2]
[SECTION]: Modeling the Process and Life Cycle > 2.2 Software Process Models > Phased Development: Increments and Iterations
[CONTENT]: To understand the difference between incremental and iterative development, consider a word processing package. Suppose the package is to deliver three types of functionality: creating text, organizing text (i.e., cutting and pasting), and formatting text (such as using different type sizes and styles). To build such a system using incremental development, we might provide only the creation functions in Release 1, then both creation and organization in Release 2, and finally creation, organization, and formatting in Release 3. However, using iterative development, we would provide primitive forms of all three types of functionality in Release 1. For example, we can create text and then cut and paste it, but the cutting and pasting functions might be clumsy or slow. So  in  the  next  iteration, Release  2, we  have  the  same  functionality, but  have enhanced  the  quality; now  cutting  and  pasting  are  easy  and  quick. Each  release improves on the previous ones in some way.
In  reality, many  organizations  use  a  combination  of  iterative  and  incremental development. A new release may include new functionality, but existing functionality from the current release may have been enhanced.These forms of phased development are desirable for several reasons:
 - Training can begin on an early release, even if some functions are missing. The training process allows developers to observe how certain functions are executed, suggesting enhancements for later releases. In this way, the developers can be very responsive to the users.
 - Markets can be created early for functionality that has never before been offered.
 - Frequent releases allow developers to fix unanticipated problems globally and quickly, as they are reported from the operational system.
 - The development team can focus on different areas of expertise with different releases. For instance, one release can change the system from a command-driven


[3]
[SECTION]: Designing the Modules > 6.2 Design Principles > Incremental Development
[CONTENT]: Given a design consisting of software units and their interfaces, we can use the information about the units' dependencies to devise an incremental schedule of development. We start by mapping out the units' uses relation (Parnas 1978b), which relates each software unit to the other software units on which it depends. Recall from our discussion about coupling that two software units, A and B, need not invoke each other in order to depend on each other; for example, unit A may depend on unit B to populate a data structure, stored in a separate unit C, that unit A subsequently queries. In general, we say that a software unit A 'uses' a software unit B if A 'requires the presence of a correct version of B' in order for A to complete its task, as specified in its interface (Parnas 1978b).Thus,a unit A uses a unit B if A does not work correctly unless B works. The above discussion assumes that we can determine a system's uses relation from its units' interface specifications. If the interface specifications do not completely describe the units' dependencies, then we will need to know enough about each unit's planned implementations to know which other units it will use.
Figure 6.8 depicts the uses relation of a system as a uses graph , in which nodes represent software units, and directed edges run from the using units, such as A, to the used units, such as B. Such a uses graph can help us to identify progressively larger subsets of our system that we can implement and test incrementally.A subset of our system is some useful subprogram together with all of the software units that it uses, and all of the software units that those units use, and so on.'Conceptually, we pluck a program P1 out from the uses graph, and then see what programs come dangling beneath it.This is our subset' (Clements et al. 2003). Thus, the degree to which our system can be constructed incrementally depends on the degree to which we can find useful small subsets that we can implement and test early.


[4]
[SECTION]: Maintaining the System > 11.1 The Changing System > The System Life Span
[CONTENT]:  - Conservation of familiarity (perceived complexity). During the active life of a program,the release content (changes, additions, deletions) of the successive releases of an evolving program is statistically invariant.
","[
  {
    ""role"": ""paragraph"",
    ""segment"": ""The best uses graph has a tree structure or is a forest of tree structures. In such a structure, every subtree is a subset of our system, so we can incrementally develop our system one software unit at a time. Each completed unit is a correct implementation of part of our system. In addition, we always have a working version of a system subset to demonstrate to our customer. Moreover, morale among developers is high, because they frequently make visible progress on the system."",
    ""citations"": [
      {
        ""type"": ""source_text"",
        ""content"": ""The best uses graph has a tree structure or is a forest of tree structures. In such a structure, every subtree is a subset of our system, so we can incrementally develop our system one software unit at a time. Each completed unit is a correct implementation of part of our system. In addition, we always have a working version of a system subset to demonstrate to our customer. Moreover, morale among developers is high, because they frequently  make  visible  progress  on  the system  (Brooks  1995). Contrast  these advantages of incremental development to its alternative, in which nothing works until everything works."",
        ""img_id"": null
      }
    ]
  },
  {
    ""role"": ""paragraph"",
    ""segment"": ""A uses graph can help us to identify progressively larger subsets of our system that we can implement and test incrementally. Thus, the degree to which our system can be constructed incrementally depends on the degree to which we can find useful small subsets that we can implement and test early."",
    ""citations"": [
      {
        ""type"": ""source_text"",
        ""content"": ""Such a uses graph can help us to identify progressively larger subsets of our system that we can implement and test incrementally.A subset of our system is some useful subprogram together with all of the software units that it uses, and all of the software units that those units use, and so on.'Conceptually, we pluck a program P1 out from the uses graph, and then see what programs come dangling beneath it.This is our subset' (Clements et al. 2003). Thus, the degree to which our system can be constructed incrementally depends on the degree to which we can find useful small subsets that we can implement and test early."",
        ""img_id"": null
      }
    ]
  }
]","A uses graph can help us to identify progressively larger subsets of our system that we can implement and test incrementally. Thus, the degree to which our system can be constructed incrementally depends on the degree to which we can find useful small subsets that we can implement and test early.",0.347,9.717
What four characteristics of agility are emphasized by proponents of extreme programming (XP)?,"
[0]
[SECTION]: Modeling the Process and Life Cycle > 2.2 Software Process Models > Agile Methods
[CONTENT]:  - Adaptive software development (ASD) has six basic principles.There is a mission that acts as a guideline, setting out the destination but not prescribing how to get there. Features are viewed as the crux of customer value, so the project is organized around building components to provide the features. Iteration is important, so redoing is as critical is doing; change is embraced, so that a change is viewed not as a correction but as an adjustment to the realities of software development. Fixed delivery times force developers to scope down the requirements essential for each version produced. At the same time, risk is embraced, so that the developers tackle the hardest problems first.
Often, the phrase 'extreme programming' is used to describe the more general concept of agile methods. In fact, XP is a particular form of agile process, with guiding principles that reflect the more general tenets of the agile manifesto. Proponents of XP emphasize four characteristics of agility: communication, simplicity, courage, and feedback. Communication involves  the  continual  interchange  between  customers  and developers. Simplicity encourages developers to select the simplest design or implementation to address the needs of their customers. Courage is described by XP creators as commitment to delivering functionality early and often. Feedback loops are built into the various activities during the development process. For example, programmers work together to give each other feedback on the best way to implement a design, and customers work with developers to perform planning exercises.
These characteristics are embedded in what are known as the twelve facets of XP .


[1]
[SECTION]: Modeling the Process and Life Cycle > 2.2 Software Process Models > Agile Methods
[CONTENT]:  - Pair programming: As noted in Chapter 1, there is a tension between viewing software engineering as an art and as a science. Pair programming attempts to address  the  artistic  side  of  software  development, acknowledging  that  the apprentice-master metaphor can be useful in teaching novice software developers how to develop the instincts of masters. Using one keyboard, two paired programmers develop a system from the specifications and design. One person has responsibility for finishing the code, but the pairing is flexible: a developer may have more than one partner on a given day.We will see in Chapter 7 how pair programming compares with the more traditional approach of individuals working separately until their modules have been unit-tested.
 - Collective ownership: In XP, any developer can make a change to any part of the system as it is being developed. In Chapter 11, we will address the difficulties in managing change, including the errors introduced when two people try to change the same module simultaneously.
 - Continuous integration: Delivering functionality quickly means that working systems  can  be  promised  to  the  customer  daily  and  sometimes  even  hourly. The emphasis is on small increments or improvements rather than on grand leaps from one revision to the next.
 - Sustainable pace: XP's emphasis on people includes acknowledging that fatigue can produce errors. So proponents of XP suggest a goal of 40 hours for each work week; pushing developers to devote heroic amounts of time to meeting deadlines is  a  signal  that  the  deadlines  are  unreasonable  or  that  there  are  insufficient resources for meeting them.
 - On-site customer: Ideally, a customer should be present on-site, working with the developers to determine requirements and providing feedback about how to test them.


[2]
[SECTION]: Modeling the Process and Life Cycle > 2.2 Software Process Models > Agile Methods
[CONTENT]:  - Writing tests first: To ensure that the customer's needs are the driving force behind development, test cases are written first, as a way of forcing customers to specify requirements that can be tested and verified once the software is built.Two kinds of tests are used in XP: functional tests that are specified by the customer and executed by both developers and users, and unit tests that are written and run by developers. In XP , functional tests are automated and, ideally, run daily.The functional tests are considered to be part of the system specification. Unit tests are written both before and after coding, to verify that each modular portion of the implementation works as designed.Both functional and unit testing are described in more detail in Chapter 8.
 - Refactoring: As  the  system  is  built, it  is  likely  that  requirements  will  change. Because  a  major  characteristic  of  XP  philosophy  is  to  design  only  to  current requirements, it is often the case that new requirements force the developers to reconsider their existing design. Refactoring refers to revisiting the requirements and  design, reformulating  them  to  match  new  and  existing  needs. Sometimes refactoring addresses ways to restructure design and code without perturbing the system's external behavior. The refactoring is done in small steps, supported by unit tests and pair programming, with simplicity guiding the effort.We will discuss the difficulties of refactoring in Chapter 5.


[3]
[SECTION]: Modeling the Process and Life Cycle > 2.2 Software Process Models > SIDEBAR 2.2 WHEN IS EXTREME TOO EXTREME?
[CONTENT]: A s with most software development approaches, agile methods are not without their critics. For example, Stephens and Rosenberg (2003) point out that many of extreme programming's practices are interdependent, a vulnerability if one of them is modified. To see why, suppose some people are uncomfortable with pair programming. More coordination and documentation may be required to address the shared vision that is missing when people work on their own. Similarly, many developers prefer to do some design before they write code. Scrum addresses this preference by organizing around monthly sprints. Elssamadissy and Schalliol (2002) note that, in extreme programming, requirements are expressed as a set of test cases that must be passed by the software.This approach may cause customer representatives to focus on the test cases instead of the requirements. Because the test cases are a detailed expression of the requirements and may be solution oriented, the emphasis on test cases can distract the representatives from the project's underlying goals and can lead to a situation where the system passes all the tests but is not what the customers thought they were paying for.As we will see in Chapter 5, refactoring may be the Achilles heel of agile methods; it is difficult to rework a software system without degrading its architecture.
","[
    {
        ""role"": ""sentence"",
        ""segment"": ""Proponents of XP emphasize four characteristics of agility: communication, simplicity, courage, and feedback."",
        ""citations"": [
            {
                ""type"": ""source_text"",
                ""content"": ""Proponents of XP emphasize four characteristics of agility: communication, simplicity, courage, and feedback."",
                ""img_id"": null
            }
        ],
        ""type"": null
    }
]","Proponents of XP emphasize four characteristics of agility: communication, simplicity, courage, and feedback.",0.442,4.115
What does refactoring refer to in extreme programming?,"
[0]
[SECTION]: Modeling the Process and Life Cycle > 2.2 Software Process Models > SIDEBAR 2.2 WHEN IS EXTREME TOO EXTREME?
[CONTENT]: A s with most software development approaches, agile methods are not without their critics. For example, Stephens and Rosenberg (2003) point out that many of extreme programming's practices are interdependent, a vulnerability if one of them is modified. To see why, suppose some people are uncomfortable with pair programming. More coordination and documentation may be required to address the shared vision that is missing when people work on their own. Similarly, many developers prefer to do some design before they write code. Scrum addresses this preference by organizing around monthly sprints. Elssamadissy and Schalliol (2002) note that, in extreme programming, requirements are expressed as a set of test cases that must be passed by the software.This approach may cause customer representatives to focus on the test cases instead of the requirements. Because the test cases are a detailed expression of the requirements and may be solution oriented, the emphasis on test cases can distract the representatives from the project's underlying goals and can lead to a situation where the system passes all the tests but is not what the customers thought they were paying for.As we will see in Chapter 5, refactoring may be the Achilles heel of agile methods; it is difficult to rework a software system without degrading its architecture.


[1]
[SECTION]: Modeling the Process and Life Cycle > 2.2 Software Process Models > Agile Methods
[CONTENT]:  - Writing tests first: To ensure that the customer's needs are the driving force behind development, test cases are written first, as a way of forcing customers to specify requirements that can be tested and verified once the software is built.Two kinds of tests are used in XP: functional tests that are specified by the customer and executed by both developers and users, and unit tests that are written and run by developers. In XP , functional tests are automated and, ideally, run daily.The functional tests are considered to be part of the system specification. Unit tests are written both before and after coding, to verify that each modular portion of the implementation works as designed.Both functional and unit testing are described in more detail in Chapter 8.
 - Refactoring: As  the  system  is  built, it  is  likely  that  requirements  will  change. Because  a  major  characteristic  of  XP  philosophy  is  to  design  only  to  current requirements, it is often the case that new requirements force the developers to reconsider their existing design. Refactoring refers to revisiting the requirements and  design, reformulating  them  to  match  new  and  existing  needs. Sometimes refactoring addresses ways to restructure design and code without perturbing the system's external behavior. The refactoring is done in small steps, supported by unit tests and pair programming, with simplicity guiding the effort.We will discuss the difficulties of refactoring in Chapter 5.


[2]
[SECTION]: Writing the Programs > 7.4 The Programming Process > Extreme Programming
[CONTENT]: In Chapter 2, we learned about agile methods and the related philosophy of programming, called extreme programming. In extreme programming, there are two types of participants: customers and programmers. Customers represent the users of the eventual system. In this role, they perform the following activities:
 - Define  the  features  that  the  programmers  will  implement, using  stories  to describe the way the system will work
 - Describe detailed tests that they will run when the software is ready, to verify that the stories were implemented properly
 - Assign priorities to the stories and their tests
In turn, the programmers write code to implement the stories, doing so in the order specified by the customers' priorities. To assist the customers, the programmers must estimate how long it will take to code up each story, so that the customers can plan the acceptance tests. The planning occurs in two-week increments, so that trust builds up between customers and programmers. Martin (2000) points out that extreme programming involves more than just this dialog between programmers and customers; there are also dialogs between programmers as they pair program: sitting side by side at a workstation and collaborating on the construction of a single program.


[3]
[SECTION]: Writing the Programs > 7.4 The Programming Process > Whither Programming?
[CONTENT]: As with almost anything, the answer may be 'all things in moderation.' Drobka, Noftz, and Raghu (2004) describe their use of extreme programming on four mission-critical projects. They found that extra steps were needed to adjust extreme programming to the realities of large-scale, mission-critical software. For example, with no architectural guidelines, each programmer had his or her own vision of what the overall architecture should be, and the visions differed considerably.Thus, the high-level architecture document was used as a roadmap to assist the developers in planning. Rather than use prioritized stories, the researchers found it essential to define baseline architectures, using documented scenarios to help describe key abstractions, and to define system boundaries. Finally, documentation was used to assist in communicating among team members. Strict  agile-methods advocates eschew documentation, but Drobke, Noftz, and Raghu found it to be essential. So, too, were design reviews to ensure that the software being built would be maintainable over its likely 30-year life span.
Thus, in the future, programming is likely to be a blend of the good practices that have been advocated for decades and the flexible approaches being espoused by the agile-methods proponents.We will see in Chapter 14 that software engineers are defining a software engineering body of knowledge that describes the information and practices  that  a  good  software  engineer  should  master  in  order  to  produce  high-quality systems.


[4]
[SECTION]: Designing the Architecture > 5.1 The Design Process > SIDEBAR 5.1 AGILE ARCHITECTURES
[CONTENT]: A bigger problem with agile methods is the need for continuous refactoring.The inherent conflict between an architecture's representing a significant design decision and the need for continuous refactoring means that systems are not refactored as often as they should be. Thomas (2005) calls the refactoring of large, complex systems high-risk 'wizard's work,' particularly when there is a great deal of legacy code containing intricate dependencies.
","[
    {
        ""role"": ""paragraph"",
        ""segment"": ""Refactoring refers to revisiting the requirements and design, reformulating them to match new and existing needs. Sometimes refactoring addresses ways to restructure design and code without perturbing the system's external behavior. The refactoring is done in small steps, supported by unit tests and pair programming, with simplicity guiding the effort."",
        ""citations"": [
            {
                ""type"": ""source_text"",
                ""content"": ""Refactoring refers to revisiting the requirements and design, reformulating them to match new and existing needs. Sometimes refactoring addresses ways to restructure design and code without perturbing the system's external behavior. The refactoring is done in small steps, supported by unit tests and pair programming, with simplicity guiding the effort."",
                ""img_id"": null
            }
        ],
        ""type"": null
    }
]","Refactoring refers to revisiting the requirements and design, reformulating them to match new and existing needs. Sometimes refactoring addresses ways to restructure design and code without perturbing the system's external behavior. The refactoring is done in small steps, supported by unit tests and pair programming, with simplicity guiding the effort.",0.371,4.682
"In Lai's notation for process modeling, what is ""Control""?","
[0]
[SECTION]: Modeling the Process and Life Cycle > 2.3 Tools And Techniques For Process Modeling > Static Modeling: Lai Notation
[CONTENT]: There are many ways to model a process statically. In the early 1990s, Lai (1991) developed a comprehensive process notation that is intended to enable someone to model any process at any level of detail. It builds on a paradigm where people perform roles while resources perform activities, leading to the production of artifacts. The process model shows the relationships among the roles, activities, and artifacts, and state tables show information about the completeness of each artifact at a given time.
In particular, the elements of a process are viewed in terms of seven types:
 - Activity: Something that will happen in a process. This element can be related to what  happens  before  and  after, what  resources  are  needed, what  triggers  the activity's start, what rules govern the activity, how to describe the algorithms and lessons learned, and how to relate the activity to the project team.
 - Sequence: The order of activities. The sequence can be described using triggers, programming constructs, transformations, ordering, or satisfaction of conditions.
 - Process model: A view of interest about the system. Thus, parts of the process may be represented as a separate model, either to predict process behavior or to examine certain characteristics.
 - Resource: A necessary item, tool, or person. Resources can include equipment, time, office space, people, techniques, and so on.The process model identifies how much of each resource is needed for each activity.
 - Control: An  external  influence  over  process  enactment. The  controls  may  be manual or automatic, human or mechanical.
 - Policy: A guiding principle. This high-level process constraint influences process enactment. It may include a prescribed development process, a tool that must be used, or a mandatory management style.
 - Organization: The hierarchical structure of process agents, with physical grouping corresponding to logical grouping and related roles. The mapping from physical to logical grouping should be flexible enough to reflect changes in physical environment.


[1]
[SECTION]: Modeling the Process and Life Cycle > 2.3 Tools And Techniques For Process Modeling > Static Modeling: Lai Notation
[CONTENT]: [FIGURE 2.11 The process of starting a car (Lai 1991).] 
Transition diagrams supplement the process model by showing how the states are related to one another. For example, Figure 2.12 illustrates the transitions for a car.
Lai's notation is a good example of how multiple structures and strategies can be used to capture a great deal of information about the software development process. But it is also useful in organizing and depicting process information about user requirements, as the car example demonstrates.
[FIGURE_DESCRIPTIONS]
[0] The image depicts a highly interconnected block diagram representing a vehicle's control architecture or process flow. Numerous rectangular blocks contain short textual tokens such as engine, gear, drive, open_door, close_door, lock, unlock, park, forward, speed, car.acc, car.speed, turn_on, turn_off, ready_for_tow, uphil, downhill, brake, reserve, and standby. Edges weave between blocks in a dense network, implying state transitions or signal routing among subsystems: ignition, propulsion, transmission, door control, and safety interlocks. The configuration suggests a formal model of interactions, with central convergence points where multiple subsystems feed into common states like drive, park, or stand. The overall impression is of a system-level diagram illustrating relationships and control flows in an automotive context.



[2]
[SECTION]: Modeling the Process and Life Cycle > 2.3 Tools And Techniques For Process Modeling > Static Modeling: Lai Notation
[CONTENT]: [FIGURE 2.12 Transition diagram for a car (Lai 1991).] 
[FIGURE_DESCRIPTIONS]
[0] Diagram illustrating a state transition with three labeled nodes: INITIATED, PARKED, and MOVING. The INITIATED node connects to PARKED via a directed arrow labeled 'initiates' and to MOVING via an edge labeled 'get-out' or through a two-step path. PARKED appears as the top oval with the label 'PARKED'. MOVING is the right oval labeled 'MOVING'. An additional edge from INITIATED to MOVING is labeled 'stop' with a parallel arrow labeled 'go' pointing from MOVING back to INITIATED or from INITIATED to MOVING, indicating control flow. The diagram uses simple rounded ellipses to denote states and single-direction arrows to denote transitions. Overall, it presents a finite-state machine or process flow with sequential and optional transitions between INITIATED, PARKED, and MOVING states.



[3]
[SECTION]: Modeling the Process and Life Cycle > 2.3 Tools And Techniques For Process Modeling > Static Modeling: Lai Notation
[CONTENT]: The process description itself has several levels of abstraction, including the software development process that directs certain resources to be used in constructing specific modules, as well as generic models that may resemble the spiral or waterfall models. Lai's  notation  includes  several  templates, such  as  an  Artifact  Definition  Template, which records information about particular artifacts.
Lai's approach can be applied to modeling software development processes; later in  this  chapter, we  use  it  to  model  the  risk  involved  in  development. However, to demonstrate its use and its ability to capture many facets of a complex activity, we apply it to a relatively simple but familiar process, driving an automobile. Table 2.1 contains a description of the key resource in this process, a car.
Other templates define relations, process states, operations, analysis, actions, and roles. Graphical diagrams represent the relationships between elements, capturing the main relationships and secondary ones. For example, Figure 2.11 illustrates the process of starting a car. The 'initiate' box represents the entrance conditions, and the 'park' box represents an exit condition.The left-hand column of a condition box lists artifacts, and the right-hand column is the artifact state.
","[
  {
    ""role"": ""sentence"",
    ""segment"": ""Control: An external influence over process enactment."",
    ""citations"": [
      {
        ""type"": ""source_text"",
        ""content"": ""Control: An  external  influence  over  process  enactment."",
        ""img_id"": null
      }
    ],
    ""type"": null
  }
]",Control: An external influence over process enactment.,0.315,2.532
What is the difference between an activity and a milestone?,"
[0]
[SECTION]: Planning and Managing the Project > 3.1 Tracking Progress
[CONTENT]:  - documents
 - demonstrations of function
 - demonstrations of subsystems
 - demonstrations of accuracy
 - demonstrations of reliability, security, or performance In our analysis of the project, we must distinguish clearly between milestones and activities. An activity is  a  part  of  the  project  that  takes place over a period of time, whereas a milestone is the completion of an activity-a particular point in time. Thus, an activity has a beginning and an end, whereas a milestone is the end of a specially designated activity. For example, the customer may want the system to be accompanied by an online operator tutorial. The development of the tutorial and its associated programs is an activity; it culminates in the demonstration of those functions to the customer: the milestone.
By examining the project carefully in this way, we can separate development into a succession of phases. Each phase is composed of steps, and each step can be subdivided further if necessary, as shown in Figure 3.1.
To see how this analysis works, consider the phases, steps, and activities of Table 3.1, which describes the building of a house. First, we consider two phases: landscaping the lot and building the house itself. Then, we break each phase into smaller steps, such as PROJECT clearing and grubbing, seeding the turf, and planting trees and shrubs. Where necessary, we can divide the steps into activities; for example, finishing the interior involves completing the interior plumbing, interior electrical work, wallboard, interior painting, floor covering, doors, and fixtures. Each activity is a measurable event and we have objective criteria to determine when the activity is complete.Thus, any activity's end can be a milestone, and Table 3.2 lists the milestones for phase 2.


[1]
[SECTION]: Planning and Managing the Project > 3.6 Process Models And Project Management > Anchoring Milestones
[CONTENT]: In  Chapter  2, we  examined  many  process  models  that  described  how  the  technical activities of software development should progress. Then, in this chapter, we looked at several methods to organize projects to perform those activities. The Alpha AXP and F-16 examples have shown us that project management must be tightly integrated with the  development  process, not  just  for  tracking  progress, but, more  importantly, for effective  planning  and  decision  making  to  prevent  major  problems  from  derailing the project. Boehm  (1996)  has  identified  three  milestones  common  to  all  software development processes that can serve as a basis for both technical process and project management:
 - life-cycle objectives
 - life-cycle architecture
 - initial operational capability We can examine each milestone in more detail.
The purpose of the life-cycle objectives milestone is to make sure the stakeholders agree with the system's goals. The key stakeholders act as a team to determine the system boundary, the environment in which the system will operate, and the external systems with which the system must interact.Then, the stakeholders work through scenarios of how the system will be used.The scenarios can be expressed in terms of prototypes, screen layouts, data flows, or other representations, some of which we will learn about in later chapters. If the system is business- or safety-critical, the scenarios should also include instances where the system fails, so that designers can determine how the system is supposed to react to or even avoid a critical failure. Similarly, other essential features of the system are derived and agreed upon. The result is an initial life-cycle plan that lays out (Boehm 1996):
 - Objectives: Why is the system being developed?
 - Milestones and schedules: What will be done by when?
 - Responsibilities: Who is responsible for a function?
 - Approach: How will the job be done, technically and managerially?
 - Resources: How much of each resource is needed?
 - Feasibility: Can this be done, and is there a good business reason for doing it?


[2]
[SECTION]: Planning and Managing the Project > 3.1 Tracking Progress > Work Breakdown and Activity Graphs
[CONTENT]: Many important characteristics of the project are made visible by the activity graph. For example, it is clear from Figure 3.2 that neither of the two plumbing activities can start before milestone 2.2 is reached; that is, 2.2 is a precursor to both interior and exterior plumbing. Furthermore, the figure shows us that several things can be done simultaneously. For instance, some of the interior and exterior activities are independent  (such  as  installing  wallboard, connecting  exterior  electrical  plumbing, and others leading to milestones 2.6 and 3.3, respectively). The activities on the left-hand path do not depend on those on the right for their initiation, so they can be worked on concurrently. Notice that there is a dashed line from requesting permits (node 1.2) to surveying (node 1.1).This line indicates that these activities must be completed before excavation (the activity leading to milestone 1.3) can begin. However, since there is no real activity that occurs after reaching milestone 1.2 in order to get to milestone 1.1, the dashed line indicates a relationship without an accompanying activity.
It is important to realize that activity graphs depend on an understanding of the parallel nature of tasks. If work cannot be done in parallel, then the (mostly straight) graph is not useful in depicting how tasks will be coordinated. Moreover, the graphs must reflect a realistic depiction of the parallelism. In our house-building example, it is clear that some of the tasks, like plumbing, will be done by different people from those doing other  tasks, like  electrical  work. But  on  software  development  projects, where  some people have many skills, the theoretical parallelism may not reflect reality. A restricted number of people assigned to the project may result in the same person doing many things in series, even though they could be done in parallel by a larger development team.
","[
  {
    ""role"": ""paragraph"",
    ""segment"": ""an activity is  a  part  of  the  project  that  takes place over a period of time, whereas a milestone is the end of a specially designated activity."",
    ""citations"": [
      {
        ""type"": ""source_text"",
        ""content"": ""an activity is  a  part  of  the  project  that  takes place over a period of time, whereas a milestone is the end of a specially designated activity."",
        ""img_id"": null
      }
    ],
    ""type"": null
  }
]","an activity is  a  part  of  the  project  that  takes place over a period of time, whereas a milestone is the end of a specially designated activity.",0.377,4.784
What is a precursor?,,"[
    {
        ""role"": ""paragraph"",
        ""segment"": ""The chatbot can't answer this question. Please try again with another question."",
        ""citations"": [],
        ""type"": ""abstained""
    }
]",The chatbot can't answer this question. Please try again with another question.,0.377,3.494
How is slack time computed using available time and real time?,"
[0]
[SECTION]: Planning and Managing the Project > 3.1 Tracking Progress > Slack time = latest start time -earliest start time
[CONTENT]: The longest path has a slack of zero for each of its nodes, because it is the path that determines whether or not the project is on schedule. For this reason, it is called the critical path. Thus, the critical path is  the  one for which the slack at every node is zero. As you can see from our example, there may be more than one critical path.

|    | TABLE 3.4 SlackTime for Project Activities.Activity   |   TABLE 3.4 SlackTime for Project Activities.Earliest StartTime |   TABLE 3.4 SlackTime for Project Activities.Latest StartTime |   TABLE 3.4 SlackTime for Project Activities.Slack |
|---:|:------------------------------------------------------|----------------------------------------------------------------:|--------------------------------------------------------------:|---------------------------------------------------:|
|  0 | 1.1                                                   |                                                               1 |                                                            13 |                                                 12 |
|  1 | 1.2                                                   |                                                               1 |                                                             1 |                                                  0 |
|  2 | 1.3                                                   |                                                              16 |                                                            16 |                                                  0 |
|  3 | 1.4                                                   |                                                              26 |                                                            26 |                                                  0 |
|  4 | 2.1                                                   |                                                              36 |                                                            36 |                                                  0 |
|  5 | 2.2                                                   |                                                              51 |                                                            51 |                                                  0 |
|  6 | 2.3                                                   |                                                              71 |                                                            83 |                                                 12 |
|  7 | 2.4                                                   |                                                              81 |                                                            93 |                                                 12 |
|  8 | 2.5                                                   |                                                              91 |                                                           103 |                                                 12 |
|  9 | 2.6                                                   |                                                              99 |                                                           111 |                                                 12 |
| 10 | 2.7                                                   |                                                             104 |                                                           119 |                                                 15 |
| 11 | 2.8                                                   |                                                             104 |                                                           116 |                                                 12 |
| 12 | 3.1                                                   |                                                              71 |                                                            71 |                                                  0 |
| 13 | 3.2                                                   |                                                              83 |                                                            83 |                                                  0 |
| 14 | 3.3                                                   |                                                              98 |                                                            98 |                                                  0 |
| 15 | 3.4                                                   |                                                             107 |                                                           107 |                                                  0 |
| 16 | 3.5                                                   |                                                             107 |                                                           107 |                                                  0 |
| 17 | 3.6                                                   |                                                             118 |                                                           118 |                                                  0 |
| 18 | Finish                                                |                                                             124 |                                                           124 |                                                  0 |


[1]
[SECTION]: Planning and Managing the Project > 3.1 Tracking Progress > Slack time = latest start time -earliest start time
[CONTENT]: 
[FIGURE_DESCRIPTIONS]
[0] CPM bar chart diagram with an early date and late date axis. The left column lists test phases or tasks: Test of phase 1, Define test plan, Write test plan, Inspect test plan, Integration testing, Interface testing, Document results, System testing, Performance tests, Configuration tests, Document results. The top header shows Early Date and Late Date, followed by monthly markers: Jan 98, Feb 98, Mar 98, Apr 98, May 98, Jun 98, Jul 98, Aug 98, Sep 98, Oct 98, Nov 98, Dec 98 and a row for each task with rectangular bars spanning weeks/days, some bars filled with asterisks or dashes and numeric codes like ---------- or *****. Right side contains a legend or scale with hexadecimal or dash indicators (e.g., ------, -FFFFFFFF). The diagram emphasizes task durations, sequencing, and parallelism between phases, typical of a CPM (Critical Path Method) bar chart. Visible text includes task names, dates, and the label CPM bar chart at the bottom right.

","[
  {
    ""role"": ""paragraph"",
    ""segment"": ""Slack time is computed as the latest start time minus the earliest start time."",
    ""citations"": [
      {
        ""type"": ""source_text"",
        ""content"": ""Slack time = latest start time -earliest start time"",
        ""img_id"": null
      }
      ]
    ,
    ""type"": null
  }
]",Slack time is computed as the latest start time minus the earliest start time.,0.366,4.226
What is the critical path?,"
[0]
[SECTION]: Planning and Managing the Project > 3.1 Tracking Progress > Slack time = latest start time -earliest start time
[CONTENT]: Since the critical path has no slack, there is no margin for error when performing the activities along its route.
Notice what happens when an activity on the critical path begins late (i.e., later than its earliest start time). The late start pushes all subsequent critical path activities forward, forcing them to be late, too, if there is no slack. And for activities not on the critical path, the subsequent activities may also lose slack time. Thus, the activity graph helps us to understand the impact of any schedule slippage.
Consider what happens if the activity graph has several loops in it. Loops may occur when an activity must be repeated. For instance, in our house-building example, the building inspector may require the plumbing to be redone.In software development, a design inspection may require design or requirements to be respecified. The appearance of these loops may change the critical path as the loop activities are exercised more than once. In this case, the effects on the schedule are far less easy to evaluate.
Figure 3.4 is a bar chart that shows some software development project activities, including information about the early and late start dates; this chart is typical of those produced by automated project management tools. The horizontal bars represent the duration of each activity; those bars composed of asterisks indicate the critical path. Activities depicted by dashes and Fs are not on the critical path, and an F represents float or slack time.
Critical path analysis of a project schedule tells us who must wait for what as the project is being developed. It also tells us which activities must be completed on schedule to avoid delay. This kind of analysis can be enhanced in many ways. For instance, our house-building example supposes that we know exactly how long each activity will take. Often, this is not the case. Instead, we have only an estimated duration for an activity, based on our knowledge of similar projects and events. Thus, to each activity, we can ***********************


[1]
[SECTION]: Planning and Managing the Project > 3.1 Tracking Progress > Estimating Completion
[CONTENT]: We can make an activity  graph  more  useful  by  adding  to  it  information  about  the estimated time it will take to complete each activity. For a given activity, we label the corresponding edge of the graph with the estimate. For example, for the activities in phase 2 of Table 2.1, we can append to the activity graph of Figure 3.2 estimates of the number of days it will take to complete each activity. Table 3.3 contains the estimates for each activity.
The result is the graph shown in Figure 3.3. Notice that milestones 2.7, 2.8, 3.4, and 3.6 are precursors to the finish.That is, these milestones must all be reached in order to consider the project complete. The zeros on the links from those nodes to the finish show that no additional time is needed. There is also an implicit zero on the link from node 1.2 to 1.1, since no additional time is accrued on the dashed link.
This graphical depiction of the project tells us a lot about the project's schedule. For example,since we estimated that the first activity would take 3 days to complete, we cannot hope to reach milestone 1.1 before the end of day 3. Similarly, we cannot reach milestone 1.2 before the end of day 15. Because the beginning of excavation (activity 1.3)  cannot  begin  until  milestones  1.1  and  1.2  are  both  reached, excavation  cannot begin until the beginning of day 16.
Analyzing the paths among the milestones of a project in this way is called the Critical Path Method (CPM) . The paths can show us the minimum amount of time it will take to complete the project, given our estimates of each activity's duration. Moreover, CPM reveals those activities that are most critical to completing the project on time.


[2]
[SECTION]: Planning and Managing the Project > 3.1 Tracking Progress > Slack time = latest start time -earliest start time
[CONTENT]: assign a probable duration according to some probability distribution, so that each activity has associated with it an expected value and a variance. In other words, instead of knowing an exact duration, we estimate a window or interval in which the actual time is likely to fall. The expected value is a point within the interval, and the variance describes the width of the interval. You may be familiar with a standard probability distribution called a normal distribution, whose graph is a bell-shaped curve.The Program Evaluation and Review Technique (PERT) is a popular critical path analysis technique that assumes a  normal distribution. (See Hillier and Lieberman [2001] for more information about PERT.) PERT determines the probability that the earliest start time for an activity is close to the scheduled time for that activity. Using information such as probability distribution, latest and earliest start times, and the activity graph, a PERT program can calculate the critical path and identify those activities most likely to be bottlenecks. Many project managers use the CPM or PERT method to examine their projects. However, these methods are valuable only for stable projects in which several activities take place concurrently. If the project's activities are mostly sequential, then almost all activities are on the critical path and are candidates for bottlenecks. Moreover, if the project requires redesign or rework,the activity graph and critical path are likely to change during development.


[3]
[SECTION]: Planning and Managing the Project > 3.1 Tracking Progress > Estimating Completion
[CONTENT]: To see how CPM works, consider again our house-building example. First, we notice that the activities leading to milestones 1.1 (surveying) and 1.2 (requesting permits) can occur concurrently. Since excavation (the activity culminating in milestone 1.3) cannot begin until day 16, surveying has 15 days in which to be completed, even though it is only 3 days in duration. Thus, surveying has 15 days of available time, but requires only 3 days of real time. In the same way, for each activity in our graph, we can compute a pair of times: real time and available time.The real time or actual time for an activity is the estimated amount of time required for the activity to be completed, and the available time is the amount of time available in the schedule for the activity's completion. Slack time or float for an activity is the difference between the available time and the real time for that activity:
Slack time = available time -real time 1.1 FINISH Another way of looking at slack time is to compare the earliest time an activity may begin  with  the  latest  time  the  activity  may  begin  without  delaying  the  project. For example, surveying may begin on day 1, so the earliest start time is day 1. However, because it will take 15 days to request and receive permits, surveying can begin as late as day 13 and still not hold up the project schedule.Therefore,
","[
  {
    ""role"": ""paragraph"",
    ""segment"": ""The critical path is the sequence of activities identified by the Critical Path Method (CPM) that shows the minimum amount of time required to complete the project and which activities must be completed on schedule to avoid delay."",
    ""citations"": [
      {
        ""type"": ""source_text"",
        ""content"": ""Analyzing the paths among the milestones of a project in this way is called the Critical Path Method (CPM) . The paths can show us the minimum amount of time it will take to complete the project, given our estimates of each activity's duration."",
        ""img_id"": null
      },
      {
        ""type"": ""source_text"",
        ""content"": ""Critical path analysis of a project schedule tells us who must wait for what as the project is being developed. It also tells us which activities must be completed on schedule to avoid delay."",
        ""img_id"": null
      }
    ],
    ""type"": null
  }
]",The critical path is the sequence of activities identified by the Critical Path Method (CPM) that shows the minimum amount of time required to complete the project and which activities must be completed on schedule to avoid delay.,0.346,6.177
What are the two components used to describe a preferred work style?,"
[0]
[SECTION]: Planning and Managing the Project > 3.2 Project Personnel > Work Styles
[CONTENT]: Work styles can also involve choice of worker for a given task.For instance,intuitive employees may prefer design and development (requiring new ideas) to maintenance programming and design (requiring attention to detail and analysis of complex results).


[1]
[SECTION]: Planning and Managing the Project > 3.2 Project Personnel > Work Styles
[CONTENT]: Different people have different preferred styles for interacting with others on the job and for understanding problems that arise in the course of their work. For example, you may prefer to do a detailed analysis of all possible information before making a decision, whereas your colleague may rely on 'gut feeling' for most of his important decisions. You can think of your preferred work style in terms of two components: the way in which your thoughts are communicated and ideas gathered, and the degree to which your emotions affect decision making. When communicating ideas, some people tell others their thoughts, and some people ask for suggestions from others before forming an opinion. Jung (1959) calls the former extroverts and the latter introverts . Clearly, your communication style affects the way you interact with others on a project. Similarly, intuitive people base their decisions on feelings about and emotional reactions to a problem. Others are rational , deciding primarily by examining the facts and carefully considering all options.
We can describe the variety of work styles by considering the graph of Figure 3.10, where communication style forms the horizontal axis and decision style the vertical one.The more extroverted you are, the farther to the right your work style falls on the graph. Similarly, the more emotions play a part in your decisions, the higher up you go. Thus, we can define four basic work styles, corresponding to the four quadrants of the graph. The rational extroverts tend to assert their ideas and not let 'gut feeling' affect their decision making.They tell their colleagues what they want them to know, but they rarely ask for more information before doing so.When reasoning,they rely on logic, not emotion.The rational introverts also avoid emotional decisions, but they are willing to take time to consider all possible courses of action. Rational introverts are information gatherers; they do not feel comfortable making a decision unless they are convinced that all the facts are at hand.


[2]
[SECTION]: Planning and Managing the Project > 3.2 Project Personnel > Work Styles
[CONTENT]: Ying, an intuitive introvert, also thrives on her colleagues' attention. She is sensitive and aware of her emotional reactions to people and problems; it is very important that she be liked by her peers. Because she is a good listener, Ying is the project member to whom others turn to express their feelings. Ying takes a lot of time to make a decision, not only because she needs complete information, but also because she wants to make the right decision. She is sensitive to what others think about her ability and ideas. She analyzes situations much as Marcel does, but with a different focus; Marcel looks at all the facts and figures, but Ying examines relational dependencies and emotional involvements, too.
Clearly, not everyone fits neatly into one of the four categories. Different people have different tendencies, and we can use the framework of Figure 3.10 to describe those tendencies and preferences.
Communication is critical to project success, and work style determines communication style. For example, if you are responsible for a part of the project that is behind schedule, Kai and David are likely to tell you when your work must be ready. David may offer several ideas to get the work back on track, and Kai will give you a new schedule to follow. However, Marcel and Ying will probably ask when the results will be ready. Marcel, in analyzing his options, will want to know why it is not ready; Ying will ask if there is anything she can do to help.
Understanding work styles can help you to be flexible in your approach to other project team members and to customers and users. In particular, work styles give you information about the priorities of others. If a colleague's priorities and interests are different from yours, you can present information to her in terms of what she deems important. For example, suppose Claude is your customer and you are preparing a presentation for him on the status of the project. If Claude is an introvert, you know that he prefers gathering information to giving it.Thus, you may organize your presentation so that it tells him a great deal about how the project is structured and how it is progressing. However, if Claude is an extrovert, you can include questions to allow him to tell you what he wants or needs. Similarly, if Claude is intuitive, you can take advantage of his creativity by soliciting new ideas from him; if he is rational, your presentation can include facts or figures rather than judgments or feelings. Thus, work styles affect interactions among customers, developers, and users.


[3]
[SECTION]: Planning and Managing the Project > 3.2 Project Personnel > Work Styles
[CONTENT]: In  contrast, intuitive  extroverts base  many  decisions  on  emotional  reactions, tending to want to tell others about them rather than ask for input.They use their intuition to be creative, and they often suggest unusual approaches to solving a problem. The intuitive introvert is creative, too, but applies creativity only after having gathered INTUITIVE sufficient information on which to base a decision. Winston Churchill was an intuitive introvert; when he wanted to learn about an issue, he read every bit of material available that addressed it. He often made his decisions based on how he felt about what he had learned (Manchester 1983).
[FIGURE_DESCRIPTIONS]
[0] Diagram showing a 2x2 grid with axes labeled INTUITIVE vs RATIONAL horizontally and INTROVERT vs EXTROVERT vertically, plus axes labeled INWARD and OUTWARD at left and right ends. The top left quadrant contains terms: INTUITIVE, INTROVERT, Asks others, Acknowledges feelings. The top right quadrant labeled INTUITIVE, EXTROVERT, Tells others, Acknowledges feelings. The bottom left quadrant labeled RATIONAL, INTROVERT, Asks others, Decides logically. The bottom right quadrant labeled RATIONAL, EXTROVERT, Tells others, Decides logically. The vertical axis on left marks INWARD at top and OUTWARD at bottom, while horizontal axis marks INTUITIVE at top and RATIONAL at bottom. The diagram emphasizes work styles and personality orientation, possibly comparing intuitive versus rational approaches with inward vs outward directions. Visible text includes the quadrant labels and brief descriptors in each quadrant, forming a matrix of communication and decision styles. The overall figure appears to be a conceptual chart from a theory-practice document with minimal additional annotations.

","[
  {
    ""role"": ""paragraph"",
    ""segment"": ""two components: the way in which your thoughts are communicated and ideas gathered, and the degree to which your emotions affect decision making."",
    ""citations"": [
      {
        ""type"": ""source_text"",
        ""content"": ""You can think of your preferred work style in terms of two components: the way in which your thoughts are communicated and ideas gathered, and the degree to which your emotions affect decision making."",
        ""img_id"": null
      }
    ],
    ""type"": null
  }
]","two components: the way in which your thoughts are communicated and ideas gathered, and the degree to which your emotions affect decision making.",0.478,3.33
How do rational extroverts make decisions according to the work styles framework?,"
[0]
[SECTION]: Planning and Managing the Project > 3.2 Project Personnel > Work Styles
[CONTENT]: In  contrast, intuitive  extroverts base  many  decisions  on  emotional  reactions, tending to want to tell others about them rather than ask for input.They use their intuition to be creative, and they often suggest unusual approaches to solving a problem. The intuitive introvert is creative, too, but applies creativity only after having gathered INTUITIVE sufficient information on which to base a decision. Winston Churchill was an intuitive introvert; when he wanted to learn about an issue, he read every bit of material available that addressed it. He often made his decisions based on how he felt about what he had learned (Manchester 1983).
[FIGURE_DESCRIPTIONS]
[0] Diagram showing a 2x2 grid with axes labeled INTUITIVE vs RATIONAL horizontally and INTROVERT vs EXTROVERT vertically, plus axes labeled INWARD and OUTWARD at left and right ends. The top left quadrant contains terms: INTUITIVE, INTROVERT, Asks others, Acknowledges feelings. The top right quadrant labeled INTUITIVE, EXTROVERT, Tells others, Acknowledges feelings. The bottom left quadrant labeled RATIONAL, INTROVERT, Asks others, Decides logically. The bottom right quadrant labeled RATIONAL, EXTROVERT, Tells others, Decides logically. The vertical axis on left marks INWARD at top and OUTWARD at bottom, while horizontal axis marks INTUITIVE at top and RATIONAL at bottom. The diagram emphasizes work styles and personality orientation, possibly comparing intuitive versus rational approaches with inward vs outward directions. Visible text includes the quadrant labels and brief descriptors in each quadrant, forming a matrix of communication and decision styles. The overall figure appears to be a conceptual chart from a theory-practice document with minimal additional annotations.



[1]
[SECTION]: Planning and Managing the Project > 3.2 Project Personnel > Work Styles
[CONTENT]: Different people have different preferred styles for interacting with others on the job and for understanding problems that arise in the course of their work. For example, you may prefer to do a detailed analysis of all possible information before making a decision, whereas your colleague may rely on 'gut feeling' for most of his important decisions. You can think of your preferred work style in terms of two components: the way in which your thoughts are communicated and ideas gathered, and the degree to which your emotions affect decision making. When communicating ideas, some people tell others their thoughts, and some people ask for suggestions from others before forming an opinion. Jung (1959) calls the former extroverts and the latter introverts . Clearly, your communication style affects the way you interact with others on a project. Similarly, intuitive people base their decisions on feelings about and emotional reactions to a problem. Others are rational , deciding primarily by examining the facts and carefully considering all options.
We can describe the variety of work styles by considering the graph of Figure 3.10, where communication style forms the horizontal axis and decision style the vertical one.The more extroverted you are, the farther to the right your work style falls on the graph. Similarly, the more emotions play a part in your decisions, the higher up you go. Thus, we can define four basic work styles, corresponding to the four quadrants of the graph. The rational extroverts tend to assert their ideas and not let 'gut feeling' affect their decision making.They tell their colleagues what they want them to know, but they rarely ask for more information before doing so.When reasoning,they rely on logic, not emotion.The rational introverts also avoid emotional decisions, but they are willing to take time to consider all possible courses of action. Rational introverts are information gatherers; they do not feel comfortable making a decision unless they are convinced that all the facts are at hand.


[2]
[SECTION]: Planning and Managing the Project > 3.2 Project Personnel > Work Styles
[CONTENT]: To see how work styles affect interactions on a project, consider several typical staff profiles. Kai, a rational extrovert, judges her colleagues by the results they produce. When making a decision, her top priority is efficiency. Thus, she wants to know only the bottom line. She examines her options and their probable effects, but she does not need to see documents or hear explanations supporting each option. If her time is wasted or her efficiency is hampered in some way, she asserts her authority to regain control of the situation.Thus, Kai is good at making sound decisions quickly.
Marcel, a rational introvert, is very different from his colleague Kai. He judges his peers by how busy they are, and he has little tolerance for those who appear not to be working hard all the time. He is a good worker, admired for the energy he devotes to his work. His reputation as a good worker is very important to him, and he prides himself on being accurate and thorough. He does not like to make decisions without complete information. When asked to make a presentation, Marcel does so only after gathering all relevant information on the subject.
Marcel shares an office with David, an intuitive extrovert. Whereas Marcel will not make a decision without complete knowledge of the situation, David prefers to follow his feelings. Often, he will trust his intuition about a problem, basing his decision on professional judgment rather than a slow, careful analysis of the information at hand. Since he is assertive, David tends to tell the others on his project about his new ideas. He is creative, and he enjoys when others recognize his ideas. David likes to work in an environment where there is a great deal of interaction among the staff members.


[3]
[SECTION]: Planning and Managing the Project > 3.2 Project Personnel > Work Styles
[CONTENT]: Work styles can also involve choice of worker for a given task.For instance,intuitive employees may prefer design and development (requiring new ideas) to maintenance programming and design (requiring attention to detail and analysis of complex results).


[4]
[SECTION]: The Future of Software Engineering > 14.3 Decision-Making In Software Engineering > How We Really Decide
[CONTENT]: Anchoring-and-adjustment is another common technique employed by estimators. Here the estimator selects an analogous situation and then adjusts it to suit the new circumstances. However, there is considerable evidence to suggest that estimators are unduly cautious when making the adjustment. In other words, the anchoring dominates and then insufficient adaptation is made. This approach may be influenced by recall, in  that  the  most  suitable  analogies  may  be  overlooked  because  they  are  not recent.
A reluctance to appear negative can also affect expert judgment. DeMarco (1982) reminds us that 'realism can be mistaken for disloyalty,' leading to undue optimism in making predictions, both individually and in groups.
","[
  {
    ""role"": ""paragraph"",
    ""segment"": ""Rational extroverts make decisions by relying on logic and not letting gut feelings drive choices; they assert their ideas, tell colleagues what they want them to know, and rarely ask for more information before deciding. In practice, they prioritize efficiency and want only the bottom line."",
    ""citations"": [
      {
        ""type"": ""source_text"",
        ""content"": ""The rational extroverts tend to assert their ideas and not let 'gut feeling' affect their decision making.They tell their colleagues what they want them to know, but they rarely ask for more information before doing so.When reasoning,they rely on logic, not emotion."",
        ""img_id"": null
      },
      {
        ""type"": ""source_text"",
        ""content"": ""Kai, a rational extrovert, judges her colleagues by the results they produce. When making a decision, her top priority is efficiency. Thus, she wants to know only the bottom line."",
        ""img_id"": null
      }
    ],
    ""type"": null
  }
]","Rational extroverts make decisions by relying on logic and not letting gut feelings drive choices; they assert their ideas, tell colleagues what they want them to know, and rarely ask for more information before deciding. In practice, they prioritize efficiency and want only the bottom line.",0.388,5.781
How does an egoless programming team approach responsibility?,"
[0]
[SECTION]: Testing the Programs > 8.2 Testing Issues > Who Performs the Tests?
[CONTENT]: Even when a system is developed with an egoless approach, we sometimes have difficulty removing our personal feelings from the testing process. Thus, we often use an independent test team to test a system. In this way, we avoid conflict between personal responsibility for faults and the need to discover as many faults as possible.
In addition, several other factors justify an independent team. First, we may inadvertently introduce faults when interpreting the design, determining the program logic, writing descriptive documentation, or implementing the algorithms. Clearly, we would not have submitted our code for testing if we did not think the code performed according to specification. But we may be too close to the code to be objective and to recognize some of the more subtle faults.
Furthermore, an independent test team can participate in reviewing the components throughout development. The team can be part of the requirements and design reviews, can test the code components individually, and can test the system as it is integrated and presented to the customers for acceptance. In this way, testing can proceed concurrently with coding; the test team can test components as they are completed and begin to piece them together while the programming staff continues to code other components.


[1]
[SECTION]: Testing the Programs > 8.2 Testing Issues > Attitudes Toward Testing
[CONTENT]: New programmers are not accustomed to viewing testing as a discovery process.As students, we write programs according to the specifications given by our instructor. After having designed a program, we write the code and compile it to determine if any syntax faults are present. When submitting our program for a grade, we usually present our instructor with a program listing, data used as test input, and any output that shows how our program handled the input. The collection of code, input, and output acts as evidence that our code runs correctly, and we usually choose our input to persuade our instructor that the code functions as directed in our class assignment.
We may have considered our program only as a solution to a problem;we may not have considered the problem itself. If so, our test data may have been chosen to show positive results in certain cases rather than the absence of faults. Programs written and presented in this way are evidence of our programming skill. Thus, psychologically, we may consider a critique of our program to be a critique of our ability. Testing to show that our program works correctly is a way of demonstrating our skills to our instructor.
However,developing a system for customers is different. Customers are not interested in knowing that the system works properly under certain conditions. Rather, they are interested in being sure that the system works properly under all conditions. So our goal as a developer should be to eliminate as many faults as possible, no matter where in the system they occur and no matter who created them. Hurt feelings and bruised egos have no place in the development process as faults are discovered. Hence, many software engineers adopt an attitude known as egoless programming , where programs are viewed as components of a larger system, not as the property of those who wrote them. When a fault is discovered or a failure occurs, the egoless development team is concerned with correcting the fault, not with placing blame on a particular developer.


[2]
[SECTION]: Planning and Managing the Project > 3.2 Project Personnel > Project Organization
[CONTENT]: [FIGURE 3.11 Chief programmer team organization.] 
Clearly, the chief programmer must be good at making decisions quickly, so the chief is likely to be an extrovert. However, if most of the team members are introverts, the chief programmer team may not be the best structure for the project. An alternative is based on the idea of 'egoless' programming, as described by Weinberg (1971). Instead of a single point of responsibility, an egoless approach holds everyone equally responsible. Moreover, the process is separated from the individuals; criticism is made of  the  product  or  the  result, not  the  people  involved. The  egoless  team  structure  is democratic, and all team members vote on a decision, whether it concerns design considerations or testing techniques.
Of course, there are many other ways to organize a development or maintenance project, and the two described above represent extremes.Which structure is preferable? The more people on the project, the more need there is for a formal structure. Certainly, a development team with only three or four members does not always need an elaborate organizational structure. However, a team of several dozen workers must have a welldefined organization.In fact, your company or your customer may impose a structure on the development team, based on past success, on the need to track progress in a certain way, or on the desire to minimize points of contact. For example, your customer may insist that the test team be totally independent of program design and development.


[3]
[SECTION]: Planning and Managing the Project > 3.2 Project Personnel > Project Organization
[CONTENT]: Software development and maintenance project teams do not consist of people working independently or without coordination. Instead, team members are organized in ways that  enhance the swift completion of quality products. The choice of an appropriate structure for your project depends on several things:
 - the backgrounds and work styles of the team members
 - the number of people on the team
 - the management styles of the customers and developers Good project managers are aware of these issues, and they seek team members who are flexible enough to interact with all players, regardless of work style.
One popular organizational structure is the chief programmer team, first used at IBM (Baker 1972).On a chief programmer team , one person is totally responsible for a system's design and development. All other team members report to the chief programmer, who has the final say on every decision.The chief programmer supervises all others, designs all programs, and assigns the code development to the other team members. Assisting the chief is an understudy, whose principal job is substituting for the chief programmer when necessary. A librarian assists the team, responsible for maintaining all project documentation. The librarian also compiles and links the code, and performs preliminary testing of all modules submitted to the library. This division of labor allows the programmers to focus on what they do best: programming.
","[
  {
    ""role"": ""paragraph"",
    ""segment"": ""An egoless programming team holds everyone equally responsible and treats the process as distinct from the people; criticism is aimed at the product or the result, not at individuals."",
    ""citations"": [
      {
        ""type"": ""source_text"",
        ""content"": ""the egoless approach holds everyone equally responsible."",
        ""img_id"": null
      },
      {
        ""type"": ""source_text"",
        ""content"": ""the process is separated from the individuals; criticism is made of  the  product  or  the  result, not  the people involved."",
        ""img_id"": null
      },
      {
        ""type"": ""source_text"",
        ""content"": ""the egoless team structure is democratic, and all team members vote on a decision"",
        ""img_id"": null
      }
    ],
    ""type"": null
  }
]","An egoless programming team holds everyone equally responsible and treats the process as distinct from the people; criticism is aimed at the product or the result, not at individuals.",0.458,7.993
How do you quantify the risk exposure for an identified risk?,"
[0]
[SECTION]: Planning and Managing the Project > 3.4 Risk Management > Risk Management Activities
[CONTENT]: The risk exposure is computed from the risk impact and the risk probability, so we must estimate each of these risk aspects. To see how the quantification is done, consider the analysis depicted in Figure 3.16. Suppose we have analyzed the system development process and we know we are working under tight deadlines for delivery.We have decided to build the system in a series of releases, where each release has more functionality than the one that preceded it. Because the system is designed so that functions are relatively independent, we consider testing only the new functions for a release, and we assume that the existing functions still work as they did before. However, we may worry that there are risks associated with not performing regression testing : the assurance that existing functionality still works correctly.
For  each  possible  outcome, we  estimate  two  quantities: the  probability  of  an unwanted  outcome, P(UO), and  the  loss  associated  with  the  unwanted  outcome,
[FIGURE 3.16 Example of risk exposure calculation.] 
[FIGURE_DESCRIPTIONS]
[0] Diagram depicting a fault-tolerant decision process for risk exposure with labeled branches and numerical thresholds. Central diamond-shaped decision node asks “Do regression testing?” with Yes/No branches guiding to subsequent tests: if Yes, branch includes P(U0) = 0.75 and L(U0) = $5M?; a path to “Find critical fault” with P(U0) = 0.75, L(U0) = $5M, and outcomes showing $1.875M at right; if No, path shows P(U0) = 0.25 and L(U0) = $0.5M, then “Find critical fault” with P(U0) = 0.25, L(U0) = $0.5M, and final exposure values such as $16.625M and $16.5M. A right-most combined-risk exposure arrow labeled “COMBINED RISK EXPOSURE” aggregates the estimated risk and displays multiple monetary values, including $1.875M, $16.625M, and $16.5M. The chart uses rounded monetary figures and probabilistic terms to compare risk effects with and without regression testing, highlighting how test decisions influence exposure outcomes. Text boxes indicate risk exposure thresholds and conditional probabilities, forming a decision tree structure with limited nodes and explicit numeric labels for cost and probability metrics.



[1]
[SECTION]: Planning and Managing the Project > 3.4 Risk Management > Risk Management Activities
[CONTENT]: L(UO). For instance, there are three possible consequences of performing regression testing: finding a critical fault if one exists, not finding the critical fault (even though it exists), or deciding (correctly) that there is no critical fault. As the figure illustrates, we have estimated the probability of the first case to be 0.75, of the second to be 0.05, and of the third to be 0.20. The loss associated with an unwanted outcome is estimated to be $500,000 if a critical fault is found, so that the risk exposure is $375,000. Similarly, we calculate the risk exposure for the other branches of this decision tree, and we find that our risk exposure if we perform regression testing is almost $2 million. However, the same kind of analysis shows us that the risk exposure if we do not perform regression testing is almost $17 million. Thus, we say (loosely) that more is at risk if we do not perform regression testing.
Risk exposure helps us to list the risks in priority order, with the risks of most concern given the highest priority. Next, we must take steps to control the risks.The notion of control acknowledges that we may not be able to eliminate all risks. Instead, we may be able to minimize the risk or mitigate it by taking action to handle the unwanted outcome in an acceptable way. Therefore, risk control involves risk reduction, risk planning, and risk resolution.
There are three strategies for risk reduction:
 - avoiding the risk, by changing requirements for performance or functionality
 - transferring the risk, by allocating risks to other systems or by buying insurance to cover any financial loss should the risk become a reality
 - assuming the risk, by accepting it and controlling it with the project's resources To aid decision making about risk reduction, we must take into account the cost of reducing the risk. We call risk leverage the difference in risk exposure divided by the cost of reducing the risk. In other words, risk reduction leverage is If the leverage value is not high enough to justify the action, then we can look for other less costly or more effective reduction techniques.


[2]
[SECTION]: Planning and Managing the Project > 3.4 Risk Management > SIDEBAR 3.4 BOEHM'S TOP TEN RISK ITEMS
[CONTENT]:  - The likelihood that the event will occur. We must have some idea of the probability that the event will occur. For example, suppose a project is being developed on one machine and will be ported to another when the system is fully tested. If the second machine is a new model to be delivered by the vendor, we must estimate the likelihood that it will not be ready on time. The likelihood of the risk, measured from 0 (impossible) to 1 (certainty) is called the risk probability . When the risk probability is 1, then the risk is called a problem , since it is certain to happen.
 - The degree to which we can change the outcome. For each risk, we must determine what we can do to minimize or avoid the impact of the event. Risk control involves a set of actions taken to reduce or eliminate a risk. For example, if the requirements may change after design, we can minimize the impact of the change by creating a flexible design. If the second machine is not ready when the software is tested, we may be able to identify other models or brands that have the same functionality and performance and can run our new software until the new model is delivered.
We can quantify the effects of the risks we identify by multiplying the risk impact by the risk probability, to yield the risk exposure . For example, if the likelihood that the requirements will change after design is 0.3, and the cost to redesign to new requirements is $50,000, then the risk exposure is $15,000. Clearly, the risk probability can change over time, as can the impact, so part of a project manager's job is to track these values over time and plan for the events accordingly.


[3]
[SECTION]: Planning and Managing the Project > 3.4 Risk Management > Risk Management Activities
[CONTENT]: / 1 cost of risk reduction 2 1 Risk exposure before reduction -risk exposure after reduction 2 In some cases, we can choose a development process to help reduce the risk. For example,we saw in Chapter 2 that prototyping can improve understanding of the requirements and design,so selecting a prototyping process can reduce many project risks.
It is useful to record decisions in a risk management plan , so that both customer and development team can review how problems are to be avoided, as well as how they are to be  handled  should  they  arise. Then, we  should  monitor  the  project  as  development progresses, periodically reevaluating the risks, their probability, and their likely impact.
","[
  {
    ""role"": ""sentence"",
    ""segment"": ""We can quantify the effects of the risks we identify by multiplying the risk impact by the risk probability, to yield the risk exposure."",
    ""citations"": [
      {
        ""type"": ""source_text"",
        ""content"": ""We can quantify the effects of the risks we identify by multiplying the risk impact by the risk probability, to yield the risk exposure."",
        ""img_id"": null
      },
      {
        ""type"": ""source_text"",
        ""content"": ""The risk exposure is computed from the risk impact and the risk probability, so we must estimate each of these risk aspects."",
        ""img_id"": null
      }
    ]
  }
]","We can quantify the effects of the risks we identify by multiplying the risk impact by the risk probability, to yield the risk exposure.",0.483,4.945
What are the three strategies for risk reduction?,"
[0]
[SECTION]: Planning and Managing the Project > 3.4 Risk Management > Risk Management Activities
[CONTENT]: L(UO). For instance, there are three possible consequences of performing regression testing: finding a critical fault if one exists, not finding the critical fault (even though it exists), or deciding (correctly) that there is no critical fault. As the figure illustrates, we have estimated the probability of the first case to be 0.75, of the second to be 0.05, and of the third to be 0.20. The loss associated with an unwanted outcome is estimated to be $500,000 if a critical fault is found, so that the risk exposure is $375,000. Similarly, we calculate the risk exposure for the other branches of this decision tree, and we find that our risk exposure if we perform regression testing is almost $2 million. However, the same kind of analysis shows us that the risk exposure if we do not perform regression testing is almost $17 million. Thus, we say (loosely) that more is at risk if we do not perform regression testing.
Risk exposure helps us to list the risks in priority order, with the risks of most concern given the highest priority. Next, we must take steps to control the risks.The notion of control acknowledges that we may not be able to eliminate all risks. Instead, we may be able to minimize the risk or mitigate it by taking action to handle the unwanted outcome in an acceptable way. Therefore, risk control involves risk reduction, risk planning, and risk resolution.
There are three strategies for risk reduction:
 - avoiding the risk, by changing requirements for performance or functionality
 - transferring the risk, by allocating risks to other systems or by buying insurance to cover any financial loss should the risk become a reality
 - assuming the risk, by accepting it and controlling it with the project's resources To aid decision making about risk reduction, we must take into account the cost of reducing the risk. We call risk leverage the difference in risk exposure divided by the cost of reducing the risk. In other words, risk reduction leverage is If the leverage value is not high enough to justify the action, then we can look for other less costly or more effective reduction techniques.


[1]
[SECTION]: Planning and Managing the Project > 3.4 Risk Management > Risk Management Activities
[CONTENT]: / 1 cost of risk reduction 2 1 Risk exposure before reduction -risk exposure after reduction 2 In some cases, we can choose a development process to help reduce the risk. For example,we saw in Chapter 2 that prototyping can improve understanding of the requirements and design,so selecting a prototyping process can reduce many project risks.
It is useful to record decisions in a risk management plan , so that both customer and development team can review how problems are to be avoided, as well as how they are to be  handled  should  they  arise. Then, we  should  monitor  the  project  as  development progresses, periodically reevaluating the risks, their probability, and their likely impact.


[2]
[SECTION]: Planning and Managing the Project > 3.4 Risk Management > Risk Management Activities
[CONTENT]: [FIGURE 3.15 Steps in risk management (Rook 1993).] 
Finally, we  analyze  the  risks  we  have  identified, so  that  we  can  understand  as much as possible about when, why, and where they might occur. There are many techniques we can use to enhance our understanding, including system dynamics models, cost models, performance models, network analysis, and more.
Once we have itemized all the risks, we use our understanding to assign priorities them. A priority scheme enables us to devote our limited resources only to the most threatening risks. Usually, priorities are based on the risk exposure, which takes into account not only likely impact, but also the probability of occurrence.
[FIGURE_DESCRIPTIONS]
[0] Diagram of risk management process with hierarchical branching and labeled nodes. The leftmost node is Risk management connecting to Risk assessment and Risk control. Risk assessment branches into Risk identification, Risk analysis, Risk prioritization, and further into sub-branches like Checklist, Decomposition, Assumption management, Decision driver analysis, and various dynamic and performance models. The Risk analysis branch includes components such as Decision analysis, Risk dynamics, Performance models, Cost models, Network analysis, Decision analysis, and Quality risk factor analysis. The Risk control branch splits into Risk reduction, Risk management planning, Risk allocation, Risk monitoring and reporting, and Risk reassessment. Additional sub-nodes include Risk reduction processes like Buying information, Risk avoidance, Risk reduction leverage, Development process, and Risk plant integration. The diagram emphasizes a structured flow from risk assessment to risk control with multiple iterative feedback loops.



[3]
[SECTION]: Planning and Managing the Project > 3.4 Risk Management > Risk Management Activities
[CONTENT]: Risk  management  involves  several  important  steps, each  of  which  is  illustrated  in Figure 3.15. First, we assess the risks on a project, so that we understand what may occur during the course of development or maintenance. The assessment consists of three activities: identifying the risks, analyzing them, and assigning priorities to each of them. To identify them, we may use many different techniques.
If the system we are building is similar in some way to a system we have built before, we may have a checklist of problems that may occur; we can review the checklist to determine if the new project is likely to be subject to the risks listed. For systems that are new in some way, we may augment the checklist with an analysis of each of the activities in the development cycle; by decomposing the process into small pieces, we may be able to anticipate problems that may arise. For example, we may decide that there is a risk of the chief designer leaving during the design process. Similarly, we may analyze the assumptions or decisions we make about how the project will be done, who will do it, and with what resources. Then, each assumption is assessed to determine the risks involved.


[4]
[SECTION]: Planning and Managing the Project > 3.4 Risk Management > What Is a Risk?
[CONTENT]: Many events occur during software development; Sidebar 3.4 lists Boehm's view of some of the riskiest ones.We distinguish risks from other project events by looking for three things (Rook 1993):
 - A loss associated with the event. The event must create a situation where something  negative  happens  to  the  project: a  loss  of  time, quality, money, control, understanding, and so on. For example, if requirements change dramatically after
","[
  {
    ""role"": ""bullet_intro"",
    ""segment"": ""There are three strategies for risk reduction:"",
    ""citations"": [
      {
        ""type"": ""source_text"",
        ""content"": ""There are three strategies for risk reduction:"",
        ""img_id"": null
      }
      ]
    ,
    ""type"": null
  },
  {
    ""role"": ""bullet"",
    ""segment"": ""avoiding the risk, by changing requirements for performance or functionality"",
    ""citations"": [
      {
        ""type"": ""source_text"",
        ""content"": ""avoiding the risk, by changing requirements for performance or functionality"",
        ""img_id"": null
      }
      ]
    ,
    ""type"": null
  },
  {
    ""role"": ""bullet"",
    ""segment"": ""transferring the risk, by allocating risks to other systems or by buying insurance to cover any financial loss should the risk become a reality"",
    ""citations"": [
      {
        ""type"": ""source_text"",
        ""content"": ""transferring the risk, by allocating risks to other systems or by buying insurance to cover any financial loss should the risk become a reality"",
        ""img_id"": null
      }
      ]
    ,
    ""type"": null
  },
  {
    ""role"": ""bullet"",
    ""segment"": ""assuming the risk, by accepting it and controlling it with the project's resources"",
    ""citations"": [
      {
        ""type"": ""source_text"",
        ""content"": ""assuming the risk, by accepting it and controlling it with the project's resources"",
        ""img_id"": null
      }
      ]
    ,
    ""type"": null
  }
]","There are three strategies for risk reduction:
- avoiding the risk, by changing requirements for performance or functionality
- transferring the risk, by allocating risks to other systems or by buying insurance to cover any financial loss should the risk become a reality
- assuming the risk, by accepting it and controlling it with the project's resources",0.362,7.854
What three milestones common to all software development processes were identified by Boehm?,"
[0]
[SECTION]: Planning and Managing the Project > 3.6 Process Models And Project Management > Anchoring Milestones
[CONTENT]: The life-cycle architecture is coordinated with the life-cycle objectives. The purpose of the life-cycle architecture milestone is defining both the system and the software architectures, the components of which we will study in Chapters 5, 6, and 7. The architectural choices must address the project risks addressed by the risk management plan, focusing on system evolution in the long term as well as system requirements in the short term.
The key elements of the initial operational capability are the readiness of the software itself, the site at which the system will be used, and the selection and training of the team that will use it. Boehm notes that different processes can be used to implement  the  initial  operational  capability, and  different  estimating  techniques  can  be applied at different stages.
To  supplement  these  milestones, Boehm  suggests  using  the  Win-Win  spiral model, illustrated in Figure 3.22 and intended to be an extension of the spiral model we examined in Chapter 2. The model encourages participants to converge on a common understanding of the system's next-level objectives, alternatives, and constraints.
Boehm applied Win-Win, called the Theory W approach, to the U.S. Department of Defense's STARS program, whose focus was developing a set of prototype software 1.  Identify engineering environments. The project was a good candidate for Theory W, because there was a great mismatch between what the government was planning to build and what the potential users needed and wanted. The Win-Win model led to several key compromises,including negotiation of a set of common, open interface specifications to enable tool vendors to reach a larger marketplace at reduced cost, and the inclusion of three demonstration projects to reduce risk. Boehm reports that Air Force costs on the project  were  reduced  from  $140  to  $57  per  delivered  line  of  code  and  that  quality improved  from  3  to  0.035  faults  per  thousand  delivered  lines  of  code. Several  other projects report similar success.TRW developed over half a million lines of code for complex distributed software within budget and schedule using Boehm's milestones with five increments. The first increment included distributed kernel software as part of the lifecycle architecture milestone; the project was required to demonstrate its ability to meet projections that the number of requirements would grow over time (Royce 1990).


[1]
[SECTION]: Planning and Managing the Project > 3.6 Process Models And Project Management > Anchoring Milestones
[CONTENT]: In  Chapter  2, we  examined  many  process  models  that  described  how  the  technical activities of software development should progress. Then, in this chapter, we looked at several methods to organize projects to perform those activities. The Alpha AXP and F-16 examples have shown us that project management must be tightly integrated with the  development  process, not  just  for  tracking  progress, but, more  importantly, for effective  planning  and  decision  making  to  prevent  major  problems  from  derailing the project. Boehm  (1996)  has  identified  three  milestones  common  to  all  software development processes that can serve as a basis for both technical process and project management:
 - life-cycle objectives
 - life-cycle architecture
 - initial operational capability We can examine each milestone in more detail.
The purpose of the life-cycle objectives milestone is to make sure the stakeholders agree with the system's goals. The key stakeholders act as a team to determine the system boundary, the environment in which the system will operate, and the external systems with which the system must interact.Then, the stakeholders work through scenarios of how the system will be used.The scenarios can be expressed in terms of prototypes, screen layouts, data flows, or other representations, some of which we will learn about in later chapters. If the system is business- or safety-critical, the scenarios should also include instances where the system fails, so that designers can determine how the system is supposed to react to or even avoid a critical failure. Similarly, other essential features of the system are derived and agreed upon. The result is an initial life-cycle plan that lays out (Boehm 1996):
 - Objectives: Why is the system being developed?
 - Milestones and schedules: What will be done by when?
 - Responsibilities: Who is responsible for a function?
 - Approach: How will the job be done, technically and managerially?
 - Resources: How much of each resource is needed?
 - Feasibility: Can this be done, and is there a good business reason for doing it?


[2]
[SECTION]: Evaluating Products, Processes, and Resources > 12.4 Evaluating Products > Product Quality Models
[CONTENT]: There are several quality models that suggest ways to tie together different quality attributes. Each model helps us to understand how the several facets contribute to the whole. Often, we narrow our focus and think only about faults and failures; these models show us that quality is much broader.When we evaluate the quality of development products, we must see this bigger picture.
Boehm's Model. There are many software quality models, and Boehm and colleagues have constructed one of the best-known, shown in Figure 12.2. It is similar to McCall's in that it presents a hierarchy of characteristics, each of which contributes to overall quality (Boehm et al. 1978). Note that Boehm's notion of successful software includes the needs and expectations of users, as does McCall's; however, Boehm also includes characteristics of hardware performance that are missing in the McCall model. Let us examine Boehm's model in more detail.
Boehm's model begins with the general utility of the software. Thus, Boehm and his colleagues are asserting that first and foremost, a software system must be useful. If it is not, then its development has been a waste of time, money, and effort.We can consider utility in several ways, corresponding to the types of users who remain involved once the system is delivered.


[3]
[SECTION]: Modeling the Process and Life Cycle > 2.11 Key References
[CONTENT]: As a result of the Fifth International Software Process Workshop,a working group chaired by Kellner formulated a standard problem, to be used to evaluate and compare some of the more popular process modeling techniques.The problem was designed to be complex enough so that it would test a technique's ability to include each of the following:
 - multiple levels of abstraction
 - control flow, sequencing, and constraints on sequencing
","[
    {
        ""role"": ""sentence"",
        ""segment"": ""The three milestones common to all software development processes identified by Boehm are life-cycle objectives, life-cycle architecture, and initial operational capability."",
        ""citations"": [
            {
                ""type"": ""source_text"",
                ""content"": ""- life-cycle objectives"",
                ""img_id"": null
            },
            {
                ""type"": ""source_text"",
                ""content"": ""- life-cycle architecture"",
                ""img_id"": null
            },
            {
                ""type"": ""source_text"",
                ""content"": ""- initial operational capability"",
                ""img_id"": null
            }
        ],
        ""type"": null
    }
]","The three milestones common to all software development processes identified by Boehm are life-cycle objectives, life-cycle architecture, and initial operational capability.",0.447,4.719
What is a functional requirement?,"
[0]
[SECTION]: Capturing the Requirements > 4.3 Types Of Requirements
[CONTENT]: When most people think about requirements, they think about required functionality : What  services  should  be  provided?  What  operations  should  be  performed?  What should be the reaction to certain stimuli? How does required behavior change over time  and  in  response  to  the  history  of  events? A functional  requirement describes required behavior in terms of required activities, such as reactions to inputs, and the state of each entity before and after an activity occurs. For instance, for a payroll system, the functional requirements state how often paychecks are issued, what input is necessary for a paycheck to be printed, under what conditions the amount of pay can be changed, and what causes the removal of an employee from the payroll list.
Requirements template The functional requirements define the boundaries of the solution space for our problem.The solution space is the set of possible ways that software can be designed to implement the requirements, and initially that set can be very large. However, in practice it is usually not enough for a software product to compute correct outputs; there are other types of requirements that also distinguish between acceptable and unacceptable products. A quality requirement , or nonfunctional requirement , describes some quality  characteristic  that  the  software  solution  must  possess, such  as  fast  response time, ease of use, high reliability, or low maintenance costs. A design constraint is  a design decision, such as choice of platform or interface components, that has already been made and that restricts the set of solutions to our problem.A process constraint is a restriction on the techniques or resources that can be used to build the system. For example, customers may insist that we use agile methods, so that they can use early versions  of  the  system  while  we  continue  to  add  features. Thus, quality  requirements, design constraints, and process constraints further restrict our solution space by differentiating  acceptable, well-liked  solutions  from  unused  products. Table  4.2 gives examples of each kind of requirement.
[FIGURE_DESCRIPTIONS]
[0] Diagram labeled as FIGURE 4.2 showing sources of possible requirements (Roberts and Robertson 1999) surrounding a central ellipse titled 'Elitist requirements' or possibly 'Elicit requirements' with arrows pointing to and from. Surrounding elements include 'Current situation model', 'Domain models', 'Stakeholder wants and needs', 'Current organization and systems', 'Existing documents', 'Suggested types of requirements', and 'Base library' / 'Requirements template'. Additional notes mention 'Current situation model' and 'Reusable requirements' beneath the central ellipse, with lines connecting to 'Base library' and 'Requirements template'. The diagram emphasizes relationships between various inputs to elicitation, including current documents, stakeholder needs, domain models, and templates, within a requirements engineering context. The text around the diagram mentions 'FIGURE 4.2 (Sources of possible requirements (Roberts and Robertson 1999))' and 'Elicit requirements'.



[1]
[SECTION]: Capturing the Requirements > 4.5 Modeling Notations > Functions and Relations
[CONTENT]: Some formal paradigms model requirements or software behavior as a collection of  mathematical functions or relations that, when  composed  together, map  system inputs to system outputs. Some functions specify the state of a system's execution, and other functions specify outputs. A relation is used instead of a function whenever an input value maps to more than one output value. For example, we can represent the turnstile problem using two functions: one function to keep track of the state of the turnstile, mapping from the current state and input event to the next state; and a second function to specify the turnstile's output, based on the current state and input event:
[FORMULA]
e buzz s = locked AND e = slug Output(s,e) = 6 none 7 Otherwise L unlocked s = locked AND e = coin NextState(s,e) = rotating s = unlocked AND e = push locked (s = rotating AND e = rotated) OR (s = locked AND e = slug)
Together, the  above  functions  are  semantically  equivalent  to  the  graphical  statemachine model of the turnstile shown in Figure 4.8.
Because it maps each input to a single output, a function is by definition consistent. If the function specifies an output for every distinct input, it is called a total function and is by definition complete. Thus, functional specifications lend themselves to systematic and straightforward tests for consistency and completeness.


[2]
[SECTION]: Capturing the Requirements > 4.1 The Requirements Process
[CONTENT]: A customer who asks us to build a new system has some notion of what the system should do. Often, the customer wants to automate a manual task, such as paying bills electronically rather than with handwritten checks. Sometimes, the customer wants to enhance or extend a current manual or automated system. For example, a telephone billing  system  that  charged  customers  only  for  local  telephone  service  and  longdistance calls may be updated to bill for call forwarding, call waiting, and other new features. More and more frequently, a customer wants products that do things that have never been done before: tailoring electronic news to a user's interests, changing the shape of an airplane wing in mid-flight, or monitoring a diabetic's blood sugar and automatically controlling insulin dosage. No matter whether its functionality is old or new, a proposed software system has a purpose, usually expressed in terms of goals or desired behavior.
A requirement is  an expression of desired behavior. A requirement deals with objects or entities, the states they can be in, and the functions that are performed to change states or object characteristics. For example, suppose we are building a system to generate paychecks for our customer's company. One requirement may be that the checks are to be issued every two weeks. Another may be that direct deposit of an employee's check is to be allowed for every employee at a certain salary level or higher. The customer may request access to the paycheck system from several different company locations.All of these requirements are specific descriptions of functions or characteristics that address the general purpose of the system: to generate paychecks.Thus, we look for requirements that identify key entities ('an employee is a person who is paid by the company'), limit entities ('an employee may be paid for no more than 40 hours per week'), or define relationships among entities ('employee X is supervised by employee Y if Y can authorize a change to X's salary').
","[
  {
    ""role"": ""sentence"",
    ""segment"": ""A functional requirement describes required behavior in terms of required activities, such as reactions to inputs, and the state of each entity before and after an activity occurs."",
    ""citations"": [
      {
        ""type"": ""source_text"",
        ""content"": ""A functional requirement describes required behavior in terms of required activities, such as reactions to inputs, and the state of each entity before and after an activity occurs."",
        ""img_id"": null
      }
    ],
    ""type"": null
  }
]","A functional requirement describes required behavior in terms of required activities, such as reactions to inputs, and the state of each entity before and after an activity occurs.",0.224,3.337
What is a design constraint?,"
[0]
[SECTION]: Designing the Architecture > 5.1 The Design Process > Design Is a Creative Process
[CONTENT]: Designing software is an intellectually challenging task. It can be taxing to keep track of all the possible cases that the software system might encounter, including the exceptional cases (such as missing or incorrect information) that the system must accommodate.And this effort takes into account only the system's expected functionality.In addition,the system has nonfunctional design goals to fulfill, such as being easy to maintain and extend, being easy to use, or being easy to port to other platforms. These nonfunctional requirements not only constrain the set of acceptable solutions, but also may actually conflict with  each  other. For  example, techniques  for  making  a  software  system  reliable  or reusable are costly, and thus hinder goals to keep development costs within a specified budget. Furthermore, external factors can complicate the design task. For example, the software may have to adhere to preexisting hardware interface specifications, work with legacy software, or conform with standard data formats or government regulations.
There are no instructions or formulae that we can follow to guarantee a successful design. Creativity, intelligence, experience, and expert judgment are needed to devise a design that adequately satisfies all of the system's requirements. Design methods and techniques can guide us in making design decisions, but they are no substitute for creativity and judgment.


[1]
[SECTION]: Designing the Architecture > 5.1 The Design Process > Design Is a Creative Process
[CONTENT]: Sometimes, improving one aspect of a software system has an adverse effect on another aspect. For this reason, creating a software system design can raise several orthogonal issues. Good software architectural design is about selecting, adapting, and integrating  several  architectural  styles  in  ways  that  best  produce  the  desired  result. There are many tools at our disposal for understanding our options and evaluating the chosen  architecture. Design  patterns are  generic  solutions  for  making  lower-level design decisions about individual software modules or small collections of modules; they will be discussed in Chapter 6. A design convention or idiom is  a  collection of design decisions and advice that, taken together, promotes certain design qualities. For example, abstract data types (ADTs) are a design convention that encapsulates data representation and supports reusability. As a design convention matures and becomes more widely used, it is packaged into a design pattern or architectural style, for easier reference  and  use; ultimately, it  may  be  encoded  as  a  program-language  construct. Objects, modules, exceptions, and templates are examples of design and programming conventions that are now supported by programming languages.


[2]
[SECTION]: Capturing the Requirements > 4.5 Modeling Notations > Example: Object Constraint Language (OCL)
[CONTENT]: The Object Constraint Language (OCL) is an attempt to create a constraint language that is both mathematically precise and easy for nonmathematicians, like customers, to read, write, and  understand. The  language  is  specially  designed  for  expressing  constraints on object models (i.e., ER diagrams), and introduces language constructs for navigating from one object to another via association paths, for dealing with collections of objects, and for expressing queries on object type.
A partial Library class model from Figure 4.5 appears in Figure 4.18, in which three classes have been detailed and annotated with OCL constraints. The leftmost constraint is an invariant on the Patron class, and specifies that no patron's fines may have  a  negative  value  (i.e., the  library  always  makes  change  if  a  patron's  payment exceeds his or her fines). The topmost constraint is an invariant on the Publication class, and specifies that call numbers are unique.This constraint introduces Thus, the constraint literally says that for any two publications, p1 and p2 , returned by allinstances, if p1 and p2 are not the same publication, then they have different call numbers.The third constraint, attached to the method borrow() , expresses the operation's pre- and post-conditions. One of the pre-conditions concerns an attribute in the Patron class, which is accessible via the borrow association; the patron object can be referenced either by its role name, borrower , or by the class name written in lowercase letters, if the association's far end has no role name. If the association's multiplicity were greater than 0..1, then  navigating  the  association  would  return  a  collection  of objects, and we would use notation, rather than dot notation, to access the objects' attributes. :


[3]
[SECTION]: Designing the Architecture > 5.1 The Design Process > Design Is a Creative Process
[CONTENT]: [FIGURE 5.2 Sources of design advice.] 
More typically, our problem does not have a reference model, and we create a design by combining and adapting generic design solutions. In your other courses, you have learned about generic, low-level design solutions such as data structures (e.g., lists, trees) and algorithm paradigms (e.g., divide-and-conquer, dynamic programming) that are useful in addressing entire classes of problems. Software architectures have generic solutions too, called architectural styles . Like reference models, architectural styles give advice about how to decompose a problem into software units and how those units should interact with each other. Unlike reference models, architectural styles are not optimized for specific application domains. Rather, they give generic advice about how to  approach  generic  design  problems  (e.g., how  to  encapsulate  data  shared  by  all aspects of the system).
[FIGURE_DESCRIPTIONS]
[0] Diagram depicting a central concept labeled Design, connected via spokes to surrounding concepts: Similar Systems, Reference Models, Architectural Styles, Design Patterns, Design Conversations, Design Principles, Experience, and perhaps other related terms. The layout is a radial diagram with a central ellipse or circle containing the word 'Design' and multiple lines radiating outward to labeled nodes. The labels are in a mix of regular and bold text; the visible terms suggest a modeling approach where Design is influenced by experiences, principles, patterns, conversations, and styles, while also relating to reference models and similar systems. The image quality is small; text readability is limited but the key terms are legible, arranged in a hexagonal-like ring around the center. This appears to be an abstract conceptual map used in software engineering or design theory, illustrating interconnected factors that influence design decisions.

","[
  {
    ""role"": ""paragraph"",
    ""segment"": ""A design constraint is a nonfunctional requirement that constrains the set of acceptable solutions and may conflict with other goals; examples include being easy to maintain and extend, easy to use, or easy to port to other platforms."",
    ""citations"": [
      {
        ""type"": ""source_text"",
        ""content"": ""nonfunctional design goals to fulfill, such as being easy to maintain and extend, being easy to use, or being easy to port to other platforms."",
        ""img_id"": null
      },
      {
        ""type"": ""source_text"",
        ""content"": ""These nonfunctional requirements not only constrain the set of acceptable solutions, but also may actually conflict with each other."",
        ""img_id"": null
      }
    ],
    ""type"": null
  }
]","A design constraint is a nonfunctional requirement that constrains the set of acceptable solutions and may conflict with other goals; examples include being easy to maintain and extend, easy to use, or easy to port to other platforms.",0.319,6.42
When are two requirements considered inconsistent?,"
[0]
[SECTION]: Capturing the Requirements > 4.2 Requirements Elicitation > SIDEBAR 4.3 USING VIEWPOINTS TO MANAGE INCONSISTENCY
[CONTENT]: A lthough most software engineers strive for consistent requirements, Easterbrook and Nuseibeh (1996) argue that it is often desirable to tolerate and even encourage inconsistency  during  the  requirements  process. They  claim  that  because  the  stakeholders'  understanding of the domain and their needs evolve over time, it is pointless to try to resolve inconsistencies early in the requirements process. Early resolutions are expensive and often unnecessary (and can occur naturally as stakeholders revise their views). They can also be counter-productive if the resolution process focuses attention on how to come to agreement rather than on the underlying causes of the inconsistency (e.g., stakeholders' misunderstanding of the domain).
Instead, Easterbrook and Nuseibeh propose that stakeholders' views be documented and maintained as separate Viewpoints (Nuseibeh et al. 1994) throughout the software development  process. The  requirements  analyst  defines  consistency  rules  that  should  apply between Viewpoints (e.g., how objects, states, or transitions in one Viewpoint correspond to similar entities in another Viewpoint; or how one Viewpoint refines another Viewpoint), and the Viewpoints are analyzed (possibly automatically) to see if they conform to the consistency rules. If the rules are violated, the inconsistencies are recorded as part of the Viewpoints, so that other software developers do not mistakenly implement a view that is being contested. The recorded inconsistencies are rechecked whenever an associated Viewpoint is modified, to see if the Viewpoints are still inconsistent; and the consistency rules are checked periodically, to see if any have been broken by evolving Viewpoints.
The outcome of this approach is a requirements document that accommodates all stakeholders' views at all times. Inconsistencies are highlighted but not addressed until there is sufficient information to make an informed decision. This way, we avoid committing ourselves prematurely to requirements or design decisions.


[1]
[SECTION]: Capturing the Requirements > 4.3 Types Of Requirements > Two Kinds of Requirements Documents
[CONTENT]: (footnote: 1 A more intuitive expression of this second requirement, that anyone who pays should be allowed to enter the zoo, is not implementable. There is no way for the system to prevent external factors from keeping the paid visitor from entering the zoo: another visitor may push through the unlocked turnstile before the paid visitor, the zoo may close before the paid visitor enters the turnstile, the paid visitor may decide to leave, and so on (Jackson and Zave 1995).)
[FIGURE 4.3 Requirements vs. Specification.] 
[FIGURE_DESCRIPTIONS]
[0] Diagram showing overlapping and nested ellipses representing environments, shared interface, and system boundaries. The largest ellipse labeled Environment appears on the left, a mid-sized ellipse labeled System on the right with a shaded gray fill, and a central cluster where three labels intersect: Requirements, Specifications, and an overlapping area that indicates their relationship. A thin, dotted boundary encloses the inner area containing Requirements and Specifications. A separate, lighter oval labeled Shared Interface sits near the bottom center, crossing into both the Environment and System ellipses, suggesting a mediating region. The diagram emphasizes the interaction between environment, system, and the shared interface, with Requirements and Specifications positioned to indicate iterative refinement and alignment. Visible text includes: Environment, System, Shared Interface, Requirements, Specifications. The overall composition appears to illustrate theory-practice relationships within system engineering.



[2]
[SECTION]: Capturing the Requirements > 4.4 Characteristics Of Requirements
[CONTENT]: To ensure that the eventual product is successful, it is important that the requirements be of high quality; what is not specified usually is not built.We discuss later in this chapter how to validate and verify requirements. In the meantime, we list below the desirable characteristics for which we should check.
 - Are the requirements correct? Both we and the customer should review the documented requirements, to ensure that they conform to our understanding of the requirements.
 - Are the requirements consistent? That is, are there any conflicting requirements? For example, if one requirement states that a maximum of 10 users can be using the system at one time, and another requirement says that in a certain situation there may be 20 simultaneous users, the two requirements are said to be inconsistent. In general, two requirements are inconsistent if  it  is  impossible  to  satisfy both simultaneously.
 - Are the requirements unambiguous? The requirements are ambiguous if multiple readers of the requirements can walk away with different but valid interpretations. Suppose a customer for a satellite control system requires the accuracy to be sufficient to support mission planning. The requirement does not tell us what mission  planning  requires  for  support. The  customer  and  the  developers  may have very different ideas as to what level of accuracy is needed. Further discussion of the meaning of 'mission planning' may result in a more precise requirement:'In identifying the position of the satellite, position error shall be less then 50 feet along orbit, less than 30 feet off orbit.' Given this more detailed requirement,we can test for position error and know exactly whether or not we have met the requirement.


[3]
[SECTION]: Capturing the Requirements > 4.3 Types Of Requirements > Two Kinds of Requirements Documents
[CONTENT]: A requirements definition is a complete listing of everything the customer wants to achieve.The document expresses requirements by describing the entities in the environment in which the proposed system will be installed, and by describing the desired constraints on, monitoring of, or transformations of those entities. The purpose of the proposed system is to realize these requirements (Zave and Jackson 1997). Thus, the requirements are written entirely in terms of the environment, describing how the environment will be affected by the proposed system. Our turnstile example has two requirements: (1) no one should enter the zoo without paying an entrance fee, and (2) for every entrance fee paid, the system should not prevent a corresponding entry. 1 The requirements definition is typically written jointly by the client and the requirements analyst, and it represents a contract describing what functionality the developer promises to deliver to the client.
","[
  {
    ""role"": ""paragraph"",
    ""segment"": ""In general, two requirements are inconsistent if  it  is  impossible  to  satisfy both simultaneously. For example, if one requirement states that a maximum of 10 users can be using the system at one time, and another requirement says that in a certain situation there may be 20 simultaneous users, the two requirements are said to be inconsistent."",
    ""citations"": [
      {
        ""type"": ""source_text"",
        ""content"": ""In general, two requirements are inconsistent if  it  is  impossible  to  satisfy both simultaneously."",
        ""img_id"": null
      },
      {
        ""type"": ""source_text"",
        ""content"": ""For example, if one requirement states that a maximum of 10 users can be using the system at one time, and another requirement says that in a certain situation there may be 20 simultaneous users, the two requirements are said to be inconsistent."",
        ""img_id"": null
      }
    ],
    ""type"": null
  }
]","In general, two requirements are inconsistent if  it  is  impossible  to  satisfy both simultaneously. For example, if one requirement states that a maximum of 10 users can be using the system at one time, and another requirement says that in a certain situation there may be 20 simultaneous users, the two requirements are said to be inconsistent.",0.499,5.416
When are requirements considered externally complete?,"
[0]
[SECTION]: Capturing the Requirements > 4.4 Characteristics Of Requirements
[CONTENT]:  - Are the requirements complete? The set of requirements is complete if it specifies required behavior and output for all possible inputs in all possible states under all possible constraints. Thus, a payroll system should describe what happens when an employee takes a leave without pay, gets a raise, or needs an advance. We say that the requirements are externally complete if all states, state changes, inputs,
products, and constraints are described by some requirement. A requirements description  is internally  complete if  there  are  no  undefined  terms  among  the requirements.
 - Are the requirements feasible? That is, does a solution to the customer's needs even exist? For example, suppose the customer wants users to be able to access a main computer that is located several thousand miles away and have the response time for remote users be the same as for local users (whose workstations are connected directly to the main computer). Questions of feasibility often arise when the customer requires two or more quality requirements, such as a request for an inexpensive system that analyzes huge amounts of data and outputs the analysis results within seconds.
 - Is every requirement relevant? Sometimes a requirement restricts the developers unnecessarily, or includes functions that are not directly related to the customer's needs. For  example, a  general  may  decide  that  a  tank's  new  software  system should allow soldiers to send and receive electronic mail, even though the main purpose of the tank is to traverse uneven terrain.We should endeavor to keep this 'feature explosion'under control,and to help keep stakeholders focused on their essential and desirable requirements.


[1]
[SECTION]: Capturing the Requirements > 4.19 Exercises
[CONTENT]:  - Complete  the  partial  SDL  data  specification  for  the  library  problem  in  Figure  4.20. In particular, write axioms for nongenerator operations unreserve, isOnLoan , and isOnReserve . Modify your axioms for operation unreserve so  that  this  operation assumes that multiple requests to put an item on reserve might occur between two requests to unreserve that item.
 - What kinds of problems should you look for when doing a requirements review? Make a checklist of these problems. Can the checklist be universally applicable or is it better to use a checklist that is specific to the application domain?
 - Is  it  ever  possible  to  have  the  requirements  definition  document  be  the  same  as  the requirements specification? What are the pros and cons of having two documents?
 - Pfleeger and Hatton (1997) examined the quality of a system that had been specified using formal methods.They found that the system was unusually well-structured and easy to test.They speculated that the high quality was due to the thoroughness of the specification, not necessarily its formality. How could you design a study to determine whether it is formality or thoroughness that leads to high quality?
 - Sometimes a customer requests a requirement that you know is impossible to implement. Should you agree to put the requirement in the definition and specification documents anyway, thinking that you might come up with a novel way of meeting it, or thinking that you will ask that the requirement be dropped later? Discuss the ethical implications of promising what you know you cannot deliver.
 - Find a set of natural-language requirements at your job or at this book's Web site. Review the requirements to determine if there are any problems. For example, are they consistent? Ambiguous? Conflicting? Do they contain any design or implementation decisions? Which representation techniques might help reveal and eliminate these problems? If the problems remain in the requirements, what is their likely impact as the system is designed and implemented?
5


[2]
[SECTION]: Capturing the Requirements > 4.3 Types Of Requirements > SIDEBAR 4.4 MAKING REQUIREMENTS TESTABLE
[CONTENT]:  - Computation errors shall be fixed within 3 weeks of being reported.
Fit criteria that cannot be evaluated before the final product is delivered are harder to assess:
 - The system shall not be unavailable for more than a total maximum of 3 minutes each year.
 - The mean-time-between-failures shall be no less than 1 year.
In  these  cases, we  either  estimate  a  system's  quality  attributes  (e.g., there  are  techniques for estimating system reliability, and for estimating the number of faults per line of code) or evaluate the delivered system during its operation-and suffer some financial penalty if the system does not live up to its promise.
Interestingly, what gets measured gets done.That is, unless a fit criterion is unrealistic, it will probably be met. The key is to determine, with the customer, just how to demonstrate that a delivered system meets its requirements. The Robertsons suggest three ways to help make requirements testable:
 - Specify a quantitative description for each adverb and adjective so that the meaning of qualifiers is clear and unambiguous.
 - Replace pronouns with specific names of entities.
 - Make sure that every noun is defined in exactly one place in the requirements documents.
An alternative approach, advocated by the Quality Function Deployment (QFD) school (Akao 1990), is to realize quality requirements as special-purpose functional requirements, and to test quality requirements by testing how well their associated functional requirements have been satisfied.This approach works better for some quality requirements than it does for others. For example, real-time requirements can be expressed as additional conditions or constraints on when required functionality occurs. Other quality requirements, such as security, maintainability, and performance, may be satisfied by adopting existing designs and protocols that have been developed specifically to optimize a particular quality requirement.
reflect  on  which  of  the  requested  services  and  features  are  most  essential. A  loose prioritization scheme might separate requirements into three categories:


[3]
[SECTION]: Capturing the Requirements > 4.17 Term Project
[CONTENT]: Your clients  at  FCO  have  prepared  the  following  set  of  English-language  requirements for the Loan Arranger system. Like most sets of requirements, this set must be scrutinized in several ways to determine if it is correct, complete, and consistent. Using the  requirements  here  and  in  supplementary  material  about  the  Loan Arranger  in earlier chapters, evaluate and improve this set of requirements. Use many of the techniques presented in this  chapter, including  requirements  measurement  and Ardis's list. If  necessary, express  the  requirements  in  a  requirements  language  or  modeling technique, to  make  sure  that  the  static  and  dynamic  properties  of  the  system  are expressed well.
","[
  {
    ""role"": ""paragraph"",
    ""segment"": ""A requirements description is externally complete if all states, state changes, inputs, products, and constraints are described by some requirement."",
    ""citations"": [
      {
        ""type"": ""source_text"",
        ""content"": ""A requirements description  is externally complete if all states, state changes, inputs, products, and constraints are described by some requirement."",
        ""img_id"": null
      }
    ],
    ""type"": null
  }
]","A requirements description is externally complete if all states, state changes, inputs, products, and constraints are described by some requirement.",0.466,2.373
What does an entity in an entity-relationship diagram represent?,"
[0]
[SECTION]: Capturing the Requirements > 4.5 Modeling Notations > Entity-Relationship Diagrams
[CONTENT]: ER diagrams have three core constructs-entities, attributes, and relations-that are combined to specify a problem's elements and their interrelationships. Figure 4.4 is an ER diagram of the turnstile. An entity , depicted as a rectangle, represents a collection (sometimes called a class) of real-world objects that have common properties and behaviors. For example, the world contains many Coins , but for the purpose of modeling the turnstile problem, we treat all Coins as being equivalent to one another in all aspects (such as size, shape, and weight) except perhaps for their monetary value . A relationship is depicted as an edge between two entities, with a diamond in the middle of  the  edge  specifying  the  type  of  relationship. An attribute is  an  annotation  on  an entity that describes data or properties associated with the entity. For example, in the turnstile problem, we are most interested in the Coins that are inserted into the turnstile's CoinSlot (a relationship), and how their monetary values compare to the price of admission into the zoo (comparison of attribute values).Variant ER notations introduce additional constructs, such as attributes on relationships, one-to-many relationships, many-to-many relationships, special relationships like inheritance, and class-based in addition to individual-entity-based attributes. For example, our turnstile model shows the cardinality (sometimes called the 'arity') of the relationships, asserting  that  the  turnstile  is  to  admit  multiple Visitors . More sophisticated notations have the concept of a mutable entity , whose membership or whose relations to members of other entities may change over time. For example, in an ER diagram depicting a family, family  members  and  their  interrelations  change  as  they  get  married, have children, and die. By convention, the entities and relationships are laid out so that relationships are read from left to right, or from top to bottom.


[1]
[SECTION]: Capturing the Requirements > 4.5 Modeling Notations > Entity-Relationship Diagrams
[CONTENT]: Early in the requirements phase, it is convenient to build a conceptual model of the problem that identifies what objects or entities are involved, what they look like (by defining their attributes), and how they relate to one another. Such a model designates names for the basic elements of the problem. These elements are then reused in other descriptions of the requirements (possibly written in other notations) that specify how the objects, their attributes, and their relationships would change in the course of the proposed system's execution.Thus, the conceptual model helps to tie together multiple views and descriptions of the requirements.
The entity-relationship diagram (ER diagram) (Chen 1976) is a popular graphical notational paradigm for representing conceptual models.As we will see in Chapter 6, it forms the basis of most object-oriented requirements and design notations, where it is used to model the relationships among objects in a problem description or to model the structure of a software application. This notation paradigm is also popular for describing database schema (i.e., describing the logical structure of data stored in a database).


[2]
[SECTION]: Capturing the Requirements > 4.5 Modeling Notations > Entity-Relationship Diagrams
[CONTENT]: [FIGURE 4.4 Entity-relationship diagram of turnstile problem.] 
ER diagrams are popular because they provide an overview of the problem to be addressed (i.e., they depict all of the parties involved), and because this view is relatively  stable  when  changes  are  made  to  the  problem's  requirements. A  change  in requirements is more likely to be a change in how one or more entities behave than to be a change in the set of participating entities. For these two reasons, an ER diagram is likely to be used to model a problem early in the requirements process.
[FIGURE_DESCRIPTIONS]
[0] Diagram appears to depict a sequence diagram or flowchart illustrating a system with entities and process steps. Top row shows a block labeled Coin with a value flow from a left-side Visitor through a decision/diamond labeled owns to a Coin box, then through a price of admission label to a CoinSlot box and finally to an inserted into or into label CoinSlot. Arrows indicate directional data or value flow. A lower branch begins with a decision node labeled enters leading to a rectangular block labeled Barrier, with a sub-branch listing blocked and entries as outcomes. The leftmost element is a Visitor with a vertical line down to the enters decision, suggesting a gating mechanism. Text visible includes: ""value"", ""Coin"", ""price of admission"", ""inserted into"", ""Barrier"", ""blocked"", ""entries"", and ""Visitor"". The diagram emphasizes the relationship between the visitor, coins, admission price, and barrier control, likely for a theory-practice exploration of an entry system with coins and a barrier gate. The boxes are connected by arrows indicating flow of control or data, and the chart resembles a simple Petri-like or state-transition depiction focused on authentication via coin input and barrier entry. 



[3]
[SECTION]: Capturing the Requirements > 4.5 Modeling Notations > Entity-Relationship Diagrams
[CONTENT]: The simplicity of ER notations is deceptive; in fact, it is quite difficult to use ER modeling notations well in practice. It is not always obvious at what level of detail to model a particular problem, even though there are only three major language constructs. For example, should the barrier and coin slot be modeled as entities, or should they  be  represented  by  a  more  abstract  turnstile  entity? Also, it  can  be  difficult  to decide what data are entities and what data are attributes. For example, should the lock be an entity? There are arguments for and against each of these choices. The primary criteria for making decisions are whether a choice results in a clearer description, and whether a choice unnecessarily constrains design decisions.


[4]
[SECTION]: Capturing the Requirements > 4.5 Modeling Notations > Data-Flow Diagrams
[CONTENT]: The notation paradigms discussed so far promote decomposing a problem by entity (ER diagram); by scenario (event trace); and by control state (i.e., equivalence classes of scenarios) (state machines). However, early requirements tend to be expressed as Such requirements, when decomposed by entity, scenario, or state, devolve into collections  of  lower-level  behaviors  that  are  distributed  among  multiple  entities  and  that must be coordinated. This modular structure makes it harder to see a model's highlevel  functionality. In  our  library  example, none of the above modeling notations is effective in showing, in a single model, all of the steps, and their variants, that a patron must take to borrow a book. For this reason, notations that promote decomposition by functionality have always been popular.
 - Tasks to be completed
 - Functions to be computed
 - Data to be analyzed, transformed, or recorded
","[
  {
    ""role"": ""sentence"",
    ""segment"": ""An entity, depicted as a rectangle, represents a collection (sometimes called a class) of real-world objects that have common properties and behaviors."",
    ""citations"": [
      {
        ""type"": ""source_text"",
        ""content"": ""An entity , depicted as a rectangle, represents a collection (sometimes called a class) of real-world objects that have common properties and behaviors."",
        ""img_id"": null
      }
    ],
    ""type"": null
  }
]","An entity, depicted as a rectangle, represents a collection (sometimes called a class) of real-world objects that have common properties and behaviors.",0.336,4.975
What system functionality do UML use cases model?,"
[0]
[SECTION]: Capturing the Requirements > 4.6 Requirements And Specification Languages > Unified Modeling Language (UML)
[CONTENT]: The Unified Modeling Language (UML) (OMG 2003) is the language best known for combining  multiple  notation  paradigms. Altogether, the  UML  standard  comprises eight graphical modeling notations, plus the OCL constraint language.The UML notations that are used during requirements definition and specification include Most of these notations were discussed in the preceding section, as examples of different notation paradigms. In Chapter 6, we will see more details about how UML works, by applying it to a real-world problem for both specification and design.
 - Use-case diagram (a high-level DFD): A use-case diagram is used at the start of a new project, to record the essential top-level functions that the to-be-developed product should provide. In the course of detailing the use cases' scenarios, we may identify important entities that play a role in the problem being modeled.
 - Class diagram (an ER diagram): As mentioned previously, the class diagram is the flagship model of a UML specification, emphasizing the problem's entities and their interrelationships. The remaining UML specification models provide more detail about how the classes' objects behave and how they interact with one another. As we gain a better understanding of the problem being modeled, we detail the class diagram, with additional attributes, attribute classes, operations, and  signatures. Ideally, new  insight  into  the  problem  is  more  likely  to  cause changes to these details than to affect the model's entities or relationships.
 - Sequence  diagram  (an  event  trace): Sequence  diagrams  are  early  behavioral models that depict traces of messages passed between class instances. They are best used to document important scenarios that involve multiple objects. When creating sequence diagrams, we look for common subsequences that appear in several diagrams; these subsequences may help us to identify states (e.g., the start and end points of the subsequence) in the objects' local behaviors.


[1]
[SECTION]: Capturing the Requirements > 4.5 Modeling Notations > Example: Use Cases
[CONTENT]: A UML use-case diagram (OMG 2003) is similar to a top-level data-flow diagram that depicts observable, user-initiated functionality in terms of interactions between the system and its environment.A large box represents the system boundary. Stick figures outside the box portray actors, both humans and systems, and each oval inside the box is a use  case  that  represents  some  major  required  functionality  and  its  variants. A  line between an actor and a use case indicates that the actor participates in the use case. Use cases are not meant to model all the tasks that the system should provide. Rather, they are used to specify user views of essential system behavior. As such, they model only system  functionality  that  can  be  initiated  by  some  actor  in  the  environment. For example, in Figure 4.15, key library uses include borrowing a book, returning a borrowed book, and paying a library fine.
[FIGURE 4.15 Library use cases.] 
[FIGURE_DESCRIPTIONS]
[0] Diagram depicting a use-case or sequence flow involving a Patron and Librarian interacting with a Library Inventory system. Visual elements include three vertical lanes representing actors on the left (Patron and Librarian) and a central process area containing rounded-rectangle process items and dashed/solid arrows indicating relationships. Key visible labels: pay fines, find item, return item, borrow item, reserve item, recall item, unreserve item. Arrows show include and extend relationships between use cases, with some items extending others as noted by the dashed lines and label <<extend>>. A solid line connects Patron to the Library Inventory boundary, suggesting an external system boundary. The Library Inventory area on the right side contains a tall vertical boundary. The diagram emphasizes interactions such as paying fines, borrowing, returning, searching, and item status operations, with textual cues like include/extend annotations and items arranged in two clusters: core patron actions and librarian-assisted actions. Visual emphasis on relationships between actions (e.g., borrow item extends find item; pay fines includes check fines) and the boundary between actors and system.



[2]
[SECTION]: Designing the Modules > 6.4 Representing Oo Designs In The Uml
[CONTENT]: The UML is a suite of design notations that is popular for describing OO solutions. It can be tailored to fit different development situations and software life cycles. In fact, organizations such as the Object Management Group have adopted the UML as the OO notational standard. In this section, we review the UML constructs introduced in Chapter 4 and apply them to an example problem. For a more complete introduction to the UML,see Larman (1998).
The UML can be used to visualize, specify, or document a software design. It is especially useful for describing different design alternatives, and eventually for documenting design artifacts. UML diagrams include the dynamic view of the system, the static view, restrictions, and formalization.The dynamic view is depicted with use cases, lists  of  activities, interaction  diagrams  showing  sequences  and  communication, and state machines to illustrate states and their changes. The static view is depicted with class  diagrams, showing  relationships  (association, generalization, dependency, and realization) and extensibility (constraints, tagged values, and stereotypes). In addition, the  static  view  shows  packages  and  deployment. Restrictions  and  formalization  are expressed with the Object Constraint Language (OCL).


[3]
[SECTION]: Designing the Modules > 6.4 Representing Oo Designs In The Uml > UML in the Process
[CONTENT]: Communication diagrams show the same information, but from the context of an object  diagram. As  understanding  improves, we  assign  responsibilities  to  individual objects. At this stage, we can use activity diagrams as a type of flowchart notation to describe complex operations. In concert with the activity diagrams, we develop state diagrams to show all possible states that an object can take, and the conditions under which objects execute their operations. The change from one state to another is triggered by a message (representing an event) that is sent from one object to another. Finally, we group the classes into packages, to make the design more hierarchical and easier to understand, and model the result in a package diagram .
In the rest of this section, we use the UML to generate an OO design for the Royal Service Station system, whose requirements are listed in Sidebar 6.4. The corresponding use case diagram, showing the system's essential functionality and the principal actors that interact with the system, is shown in Figure 6.17.


[4]
[SECTION]: Designing the Modules > 6.4 Representing Oo Designs In The Uml > UML Class Diagram
[CONTENT]: [FIGURE 6.17 Use case diagram of the Royal Service Station system.] 
 - operating procedures
 - things that are manipulated by the system to be built
","[
  {
    ""role"": ""paragraph"",
    ""segment"": ""A UML use-case diagram (OMG 2003) is similar to a top-level data-flow diagram that depicts observable, user-initiated functionality in terms of interactions between the system and its environment."",
    ""citations"": [
      {
        ""type"": ""source_text"",
        ""content"": ""A UML use-case diagram (OMG 2003) is similar to a top-level data-flow diagram that depicts observable, user-initiated functionality in terms of interactions between the system and its environment."",
        ""img_id"": null
      }
    ],
    ""type"": null
  }
]","A UML use-case diagram (OMG 2003) is similar to a top-level data-flow diagram that depicts observable, user-initiated functionality in terms of interactions between the system and its environment.",0.393,8.111
"In an object model, what does an aggregate association indicate?","
[0]
[SECTION]: Capturing the Requirements > 4.5 Modeling Notations > Example: UML Class Diagrams
[CONTENT]: A line between two classes, called an association , indicates a relationship between the classes' entities. An association may represent interactions or events that involve objects in the associated classes, such as when a Patron borrows a Publication . Alternatively, an association might relate classes in which one class is a property or element of the other class, such as the relationship between a Patron and his Credit Card . Sometimes these latter types of associations are aggregate associations , or ' has-a' relationships, as in our example. An aggregate association is drawn as an association with a white diamond on one end, where the class at the diamond end is the aggregate and it includes or owns instances of the class(es) at the other end(s) of the association.
Composition association is a special type of aggregation, in which instances of the compound class are physically constructed from instances of the component classes (e.g., a bike consists of wheels, gears, pedals, a handlebar); it is represented as an aggregation with a black diamond. In our library model, each Periodical , such as a newspaper or magazine, is composed of Articles .


[1]
[SECTION]: Capturing the Requirements > 4.5 Modeling Notations > Example: UML Class Diagrams
[CONTENT]: An association with a triangle on one end represents a generalization association, also called a sub-type relation or an 'is-a' relation, where the class at the triangle end of the association is the parent class of the classes at the other ends of the association, called subclasses . A subclass inherits all of the parent class's attributes, operations, and associations. Thus, we  do  not  need  to  specify  explicitly  that Patrons may borrow Books , because  this  association  is  inherited  from  the  association  between Patron and Publication . A subclass extends its inherited behavior with additional attributes, operations, and associations. In fact, a good clue as to whether we want to model an entity as a new subclass, as opposed to as an instance of an existing class, is whether we really need new attributes, operations, or associations to model the class variant. In many cases, we can model variants as class instances that have different attribute values. In  our  library  problem, we  represent  whether  an  item  is  on  reserve  or  on loan using Publication attributes 2 rather than by creating Reserved and OnLoan subclasses.
Associations can have labels, usually verbs, that describe the relationship between associated entities.An end of an association can also be labeled, to describe the role that entity plays in the association. Such role names are useful for specifying the context of an entity with respect to a particular association. In the library example, we might keep track of which patrons are married, so that we can warn someone whose spouse has overdue books.Association ends can also be annotated with multiplicities , which specify constraints on the number of entities and the number of links between associated entities. Multiplicities can be expressed as specific numbers, ranges of numbers, or unlimited numbers (designated '*'). A multiplicity on one end of an association indicates how many instances of that class can be linked to one instance of the associated class.Thus at any point in time, a Patron may borrow zero or more Publications , but an individual Publication can be borrowed by at most one Patron .


[2]
[SECTION]: Capturing the Requirements > 4.5 Modeling Notations > Example: UML Class Diagrams
[CONTENT]: (footnote: 2 In later examples,we model an item's loan state and reserve state as states in a state-machine model (Figure 4.9), and this information is included in the library's detailed class model (Figure 4.18).)
The Loan class in the library model is an association class , which relates attributes and operations to an association. Association classes are used to collect information that cannot be attributed solely to one class or another. For example, the Loan attributes are not properties of the borrower or of the item borrowed, but rather of the loan transaction or contract. An association class has exactly one instantiation per link in the association, so our modeling Loan as an association class is correct only if we want to model snapshots of the library inventory (i.e., model only current loans). If we wanted instead to maintain a history of all loan transactions, then (because a patron might borrow an item multiple times), we would model Loan as a full-fledged class.


[3]
[SECTION]: Capturing the Requirements > 4.5 Modeling Notations > Example: Object Constraint Language (OCL)
[CONTENT]: [FIGURE 4.18 Library classes annotated with OCL properties.] 
 - Construct allinstances, which returns all instances of the Publication class
 - Symbol which applies the attribute or operation of its right operand to all of the objects in its left operand : ,
 - Constructs forall, and, and implies, which correspond to the first-order connectives described above
[FIGURE_DESCRIPTIONS]
[0] Diagram depicts a class-like UML-style representation of a loan or lending system with labeled boxes for Patron, Publication, and Loan. Each box contains fields and types that describe attributes such as id, string, title, author, release date, and status flags. The Patron block lists attributes like id, name, address, fines, and a string type for fees, with a small note about fines being zero. The Publication block enumerates attributes including title, author, and id, along with fields for borrow status and availability, and a nested structure for reserve, date, due date, and renewal policies. A Loan block shows due date, overdue flag, and overdue fines, with relations to Patron and Publication via lines indicating borrow and return relationships. There are arrows and connectors indicating the flow: borrow, return, and possible unpaid fines. The diagram emphasizes object relationships, data types, and state transitions in a library management scenario.



[4]
[SECTION]: Capturing the Requirements > 4.5 Modeling Notations > Example: Object Constraint Language (OCL)
[CONTENT]: Although not originally designed as part of UML, OCL is now tightly coupled with UML and is part of the UML standard.OCL can augment many of UML's models. For example, it can be used to express invariants, preconditions, and post-conditions in class diagrams, or invariants and transition conditions in statechart diagrams. It can also express conditions on events in Message Sequence Charts (Warmer and Kleppe 1999). OCL annotations of UML require a relatively  detailed  class  model, complete  with attribute types, operation signatures, role names, multiplicities, and state enumerations of the class's statechart diagram. OCL expressions can appear in UML diagrams as UML notes,or they can be listed in a supporting document.
","[
  {
    ""role"": ""paragraph"",
    ""segment"": ""An aggregate association is drawn as an association with a white diamond on one end, where the class at the diamond end is the aggregate and it includes or owns instances of the class(es) at the other end(s) of the association."",
    ""citations"": [
      {
        ""type"": ""source_text"",
        ""content"": ""An aggregate association is drawn as an association with a white diamond on one end, where the class at the diamond end is the aggregate and it includes or owns instances of the class(es) at the other end(s) of the association."",
        ""img_id"": null
      }
    ],
    ""type"": null
  }
]","An aggregate association is drawn as an association with a white diamond on one end, where the class at the diamond end is the aggregate and it includes or owns instances of the class(es) at the other end(s) of the association.",0.663,4.398
How is a message depicted in a Message Sequence Chart?,"
[0]
[SECTION]: Capturing the Requirements > 4.5 Modeling Notations > Example: Message Sequence Chart
[CONTENT]: There  are  facilities  for  composing  and  refining  Message  Sequence  Charts. For example, important states in an entity's evolution can be specified as conditions , represented as labeled hexagons.We can then specify a small collection of subtraces between conditions, and derive a variety of traces by composing the charts at points where the entities' states are the same. For example there are multiple scenarios between state publication on loan and the end of the loan transition: the patron renews the loan once, the patron renews the loan twice, the patron returns the publication, the patron reports the publication as being lost. Each of these subscenarios could be appended to a prefix trace of a patron successfully borrowing the publication. Such composition and refinement features help to reduce the number of MSCs one would need to write to specify a problem completely. However, these features do not completely address the trace-explosion  problem, so  Message  Sequences  Charts  are  usually  used  only  to describe key scenarios rather than to specify entire problems.


[1]
[SECTION]: Capturing the Requirements > 4.5 Modeling Notations > Example: Message Sequence Chart
[CONTENT]: Message Sequence Charts (ITU 1996) are an enhanced event-trace notation, with facilities for creating and destroying entities, specifying actions and timers, and composing traces. Figure 4.7 displays an example Message Sequence Chart (MSC) for a loan transaction in our library problem. Each vertical line represents a participating entity , and a message is  depicted as an arrow from the sending entity to the receiving entity; the arrow's label specifies the message name and data parameters, if any.A message arrow may slope downwards (e.g., message recall notice ) to reflect the passage of time between when the message is sent and when it is received. Entities may come and go during the course of a trace; a dashed arrow, optionally annotated with data parameters, represents a create event that spawns a new entity, and a cross at the bottom of an entity line represents the end of that entity's execution. In contrast, a solid rectangle at the end of the line represents the end of an entity's specification without meaning the end of its execution. Actions , such as invoked operations or changes to variable values, are specified as labeled rectangles positioned on an entity's execution line, located at the point in the trace where the action occurs.Thus, in our MSC model of a library loan, loan requests are sent to the Publication to be borrowed, and the Publication entity is responsible for creating a Loan entity that manages loan-specific data, such as the due date . Reserving an item that is out on loan results in a recall of that item. Returning  the  borrowed  item  terminates  the  loan, but  not  before  calculating  the overdue fine , if any, for returning the item after the loan's due date .


[2]
[SECTION]: Capturing the Requirements > 4.5 Modeling Notations > Example: Message Sequence Chart
[CONTENT]: [FIGURE 4.7 Message Sequence Chart for library loan transaction.] 
[FIGURE_DESCRIPTIONS]
[0] Diagrammatic sequence diagram illustrating a publication process between actors labeled Patron and Publisher, with intermediary entities such as Loan, Dates, and Notices. The vertical axes imply actor responsibilities (Publication, Patron) and the horizontal flow shows interactions: publication on loan, duty to bear, recall notifications, and reserve checks. Visible text includes: Publication, Patron, loan, checklists, no fine, quires of data, code due date, recall, recall notification (publications), recall notices (publications), publish, borrow(patron), bar lines indicating lifelines for actors, and arrows indicating actions like reall, renewals, delete, and increases overdues/fines. The diagram emphasizes lifecycle states for loans: due date, recall, overdue fines, and boundaries of publisher/patron responsibilities. It contains decision-like branches and lifecycle transitions between states of a loan and associated notifications. Overall, a high-level UML-like sequence of publication, loan, recall, and notification interactions with textual labels and arrows.



[3]
[SECTION]: Capturing the Requirements > 4.5 Modeling Notations > Example: UML Statechart Diagrams
[CONTENT]: A UML statechart diagram depicts the dynamic behavior of the objects in a UML class. A UML class diagram gives a static, big-picture view of a problem, in terms of the entities involved and their relationships; it says nothing about how the entities behave, or how their behaviors change in response to input events.A statechart diagram shows how a class's instances should change state and how their attributes should change value as the  objects  interact  with  each  other. Statechart  diagrams  are  a  nice  counterpart  to Message Sequence Charts (MSC).An MSC shows the events that pass between entities without saying much about each entity's behavior, whereas a statechart diagram shows how a single entity reacts to input events and generates output events.
A UML model is a collection  of  concurrently  executing  statecharts-one  per instantiated  object-that  communicate  with  each  other  via  message  passing  (OMG 2003). Every class in a UML class diagram has an associated statechart diagram that specifies the dynamic behavior of the objects of that class. Figure 4.9 shows the UML statechart diagram for the Publication class from our Library class model.
UML statechart diagrams have a rich syntax, much of it borrowed from Harel's original conception of statecharts (Harel 1987), including state hierarchy, concurrency, and intermachine communication. State hierarchy is used to unclutter diagrams by collecting into superstates those states with common transitions.We can think of a superstate as a submachine, with its own set of states and transitions. A transition whose destination state is a superstate acts as a transition to the superstate's default initial state, designated  by  an  arrow  from  the  superstate's  internal  black  circle. A  transition  whose source state is a superstate acts as a set of transitions, one from each of the superstate's internal states. For example, in the Publication state diagram, the transition triggered by event lose can be enabled from any of the superstate's internal states; this transition ends in a final state and designates the end of the object's life.
","[
  {
    ""role"": ""sentence"",
    ""segment"": ""A message is depicted as an arrow from the sending entity to the receiving entity; the arrow's label specifies the message name and data parameters, if any."",
    ""citations"": [
      {
        ""type"": ""source_text"",
        ""content"": ""A message arrow may slope downwards (e.g., message recall notice ) to reflect the passage of time between when the message is sent and when it is received. Entities may come and go during the course of a trace; a dashed arrow, optionally annotated with data parameters, represents a create event that spawns a new entity, and a cross at the bottom of an entity line represents the end of that entity's execution. In contrast, a solid rectangle at the end of the line represents the end of an entity's specification without meaning the end of its execution. Actions , such as invoked operations or changes to variable values, are specified as labeled rectangles positioned on an entity's execution line, located at the point in the trace where the action occurs.Thus, in our MSC model of a library loan, loan requests are sent to the Publication to be borrowed, and the Publication entity is responsible for creating a Loan entity that manages loan-specific data, such as the due date . Reserving an item that is out on loan results in a recall of that item. Returning  the  borrowed  item  terminates  the  loan, but  not  before  calculating  the overdue fine , if any, for returning the item after the loan's due date."",
        ""img_id"": null
      }
    ],
    ""type"": null
  }
]","A message is depicted as an arrow from the sending entity to the receiving entity; the arrow's label specifies the message name and data parameters, if any.",0.357,4.747
What happens when a transition fires in a Petri net?,"
[0]
[SECTION]: Capturing the Requirements > 4.5 Modeling Notations > Example: Petri Nets
[CONTENT]: UML statechart diagrams nicely modularize a problem's dynamic behavior into the behaviors of individual class objects, with the effect that it may be easier to consider each class's behavior separately than it is to specify the whole problem in one diagram. This modularization makes it harder, though, to see how objects interact with each other. Looking at an individual statechart diagram, we can see when an object sends a message to another object. However, we have to examine the two objects' diagrams simultaneously to see that a message sent by one object can be received by the other. In fact, to be completely sure, we would have to search the possible executions (event traces) of the two machines, to confirm that whenever one object sends a message to the other, the target object is ready to receive and react to the message.
Petri nets (Peterson 1977) are a form of state-transition notation that is used to model concurrent activities and their interactions. Figure 4.12 shows a basic Petri net specifying the behavior of a book loan. The circles in the net are places that represent activities or conditions, and the bars represent transitions . Directed arrows, called arcs , connect a transition with its input places and its output places . The places are populated with tokens , which act as enabling conditions for the transitions.When a transition fires , it removes tokens from each of its input places and inserts tokens into each of its output places. Each arc can be assigned a weight that specifies how many tokens are removed from the arc's input place, or inserted into the arc's output place, when the transition fires. A transition is enabled if each of its input places contains enough tokens to contribute its arc's weight's worth of tokens, should the enabled transition actually fire.Thus, in  Figure  4.12, transitions Return,Withdraw  Return  Request , and Withdraw Loan Request are all enabled; firing transition Return removes a token from each of the places ReturnRequest and OnLoan , and inserts a token into Avail . The net's marking , which is the distribution of tokens among places, changes as transitions fire. In each execution step, the marking determines the set of enabled transitions; one enabled transition is nondeterministically selected to fire; the firing of this transition produces a new marking, which may enable a different set of transitions.We can model concurrent behavior by combining into a single net the activities, transitions, and tokens for several executing entities. Concurrent entities are synchronized whenever their activities, or places, act as input places to the same transition. This synchronization ensures that all of the pre-transition activities occur before the transition fires, but does not constrain the order in which these activities occur.


[1]
[SECTION]: Capturing the Requirements > 4.5 Modeling Notations > Example: Petri Nets
[CONTENT]: Basic Petri nets are fine for modeling how control flows through events or among concurrent entities. But if we want to model control that depends on the value of data (e.g., borrowing a particular book from a collection of books), then we need to use a high-level Petri net notation.A number of extensions to basic Petri nets have been proposed to improve the notation's expressibility, including inhibitor arcs, which enable a transition only if the input place is empty of tokens; priority among transitions; timing constraints; and structured tokens, which have values.
To model our library problem, which tracks information and events for multiple patrons and publications, we need a Petri net notation that supports structured tokens and transition actions (Ghezzi et al. 1991). A transition action constrains which tokens in  the  input  places  can  enable  the  transition  and  specifies  the  values  of  the  output tokens. Figure 4.13 is a high-level Petri net specification for the library problem. Each place stores tokens of a different data type. Avail stores a token for every library item that is not currently out on loan.A token in Fines is an n -tuple (i.e., an ordered set of n elements, sometimes called a tuple for short) that maps a patron to the value of his or her total outstanding library fines.A token in OnLoan is another type of tuple that maps a patron and a library item to a due date . A few of the transition predicates and actions are shown in Figure 4.13, such as the action on Process Payment , where the inputs are a payment and the patron's current fines , and the output is a new Fines tuple. The predicates not shown assert that if the token elements in a transition's input or output tokens have the same name, they must have the same value. So in  transition Borrow , the patron making  the Loan  Request must  match  the patron with no outstanding Fines and match the patron who appears in the generated OnLoan tuple; at the same time, the item being borrowed must match an item in Avail . Otherwise, those tuples do not enable the transition. The net starts with an initial marking of item tuples in Avail and ( patron, 0 ) tuples in Fines . As library users trigger input transitions Pay , Initiate Loan , and Initiate Return , new tokens are introduced to the system, which enable the library transitions, which in turn fire and update the Fines tokens and the Avail and OnLoan tokens, and so on.


[2]
[SECTION]: Capturing the Requirements > 4.5 Modeling Notations > Example: Petri Nets
[CONTENT]: [FIGURE 4.13 Petri net of the library problem.] 
[FIGURE_DESCRIPTIONS]
[0] Diagram illustrating a loan and fine payment workflow with labeled actions and decision points. Central circular nodes labeled Pay, Payment, Fines, Item, Available, OnLoan, Return, Initiate Return, Initiate Loan, Withdraw Loan Request, Return Request, and Overdue Fine. Arrows indicate flow: from Pay to Payment; Payment leads to Fines and to Finalize Payment if within terms; Fines connect to Available and Late/Fines paths; Overdue Fine branches to Return and Initiate Return. The diagram includes textual labels such as (patron, payment), (patron, fines > payment), (patron, item), (item, overdue fine) and shows interactions between patrons, items, and loan states. It visually encodes a state-machine or sequence diagram for library loan process with fines and return workflows, including statuses like OnLoan and Withdraw/Return Requests, and processes for overdue fines and item availability.

","[
    {
        ""role"": ""sentence"",
        ""segment"": ""When a transition fires , it removes tokens from each of its input places and inserts tokens into each of its output places. The net's marking , which is the distribution of tokens among places, changes as transitions fire. One enabled transition is nondeterministically selected to fire, and the firing of this transition produces a new marking, which may enable a different set of transitions."",
        ""citations"": [
            {
                ""type"": ""source_text"",
                ""content"": ""When a transition fires , it removes tokens from each of its input places and inserts tokens into each of its output places."",
                ""img_id"": null
            },
            {
                ""type"": ""source_text"",
                ""content"": ""The net's marking , which is the distribution of tokens among places, changes as transitions fire."",
                ""img_id"": null
            },
            {
                ""type"": ""source_text"",
                ""content"": ""One enabled transition is nondeterministically selected to fire, and the firing of this transition produces a new marking, which may enable a different set of transitions."",
                ""img_id"": null
            }
        ],
        ""type"": null
    }
]","When a transition fires , it removes tokens from each of its input places and inserts tokens into each of its output places. The net's marking , which is the distribution of tokens among places, changes as transitions fire. One enabled transition is nondeterministically selected to fire, and the firing of this transition produces a new marking, which may enable a different set of transitions.",0.343,11.72
What is a descriptive notation?,"
[0]
[SECTION]: Capturing the Requirements > 4.5 Modeling Notations > Logic
[CONTENT]: Instead, global properties and constraints are better expressed using a descriptive notation, such as logic. A descriptive notation is a notation that describes a problem or a proposed solution in terms of its properties or its invariant behaviors. For example, ER diagrams are descriptive, in that they express relationship properties among entities.A logic consists of a language for expressing properties, plus a set of inference rules for deriving new, consequent properties from the stated properties. In mathematics, a logical expression, 5 called a formula , evaluates to either true or false, depending on the values of the variables that appear in the formula. In contrast, when logic is used to express a property of a software problem or system, the property is an assertion about the problem or system that should be true . As such, a property specification represents only those values of the property's variables for which the property's expression evaluates to true .
There are multiple variants of logic that differ in how expressive their property notation is, or in what inference rules they provide.The logic commonly used to express properties  of  software  requirements  is first-order  logic , comprising  typed  variables; constants; functions; predicates, like  relational  operators and equality; logical connectives (and), (or), ¬ (not), (implies), and (logical equivalence); and quantifiers (there exists) and (for all). Consider the following variables of the turnstile problem, with their initial values: 5 E 3 Q ¡ ¿ 7 ; 6 The following are examples of turnstile properties over these variables, expressed in first-order logic:
(footnote: 5 You can think of a logic as a function that maps expressions to a set of possible values. An n -valued logic maps to a set of n values. Binary logic maps expressions to {true, false}, but n can in general be larger than 2. In this book, we assume that n is 2 unless otherwise stated.)


[1]
[SECTION]: Capturing the Requirements > 4.5 Modeling Notations
[CONTENT]: One trait of an engineering discipline is that it has repeatable processes, such as the techniques presented in Chapter 2, for developing safe and successful products. A second trait is that there exist standard notations for modeling, documenting, and communicating decisions. Modeling can help us to understand the requirements thoroughly, by teasing  out  what  questions  we  should  be  asking. Holes  in  our  models  reveal unknown or ambiguous behavior. Multiple, conflicting outputs to the same input reveal inconsistencies  in  the  requirements. As  the  model  develops, it  becomes  more  and more obvious what we don't know and what the customer doesn't know. We cannot complete a model without understanding the subject of the model. Also, by restating the requirements in a completely different form from the customer's original requests, we force the customer to examine our models carefully in order to validate the model's accuracy.
If we look at the literature, we see that there is a seemingly infinite number of specification and design notations and methods, and that new notations are being introduced and marketed all the time. But if we step back and ignore the details, we see that many notations have a similar look and feel. Despite the number of individual notations, there are probably fewer than ten basic paradigms for expressing information about a problem's concepts, behavior, and properties.
This section focuses on seven basic notational paradigms that can be applied in several ways to steps in the development process. We begin our discussion of each by introducing the paradigm and the types of problems and descriptions for which it is particularly apt.Then we describe one or two concrete examples of notations from that paradigm.Once you are familiar with the paradigms, you can easily learn and use a new notation because you will understand how it relates to existing notations.


[2]
[SECTION]: Capturing the Requirements > 4.5 Modeling Notations > Logic
[CONTENT]: With the exception of ER diagrams, the notations we have considered so far have been model-based and are said to be operational.An operational notation is a notation used to describe a problem or a proposed software solution in terms of situational behavior: how a software system should respond to different input events, how a computation should flow from one step to another, and what a system should output under various conditions. The result is a model of case-based behavior that is particularly useful for answering questions about what the desired response should be to a particular situation: for example, what the next state or system output should be, given the current state, input event, process completion, and variable values. Such models also help the reader to visualize global behavior, in the form of paths representing allowable execution traces through the model.
Operational notations are less effective at expressing global properties or constraints. Suppose we were modeling a traffic light, and we wanted to assert that the lights controlling traffic in cross directions are never green at the same time, or that the lights in each direction are periodically green. We could build an operational model that exhibits these behaviors implicitly, in that all paths through the model satisfy these properties. However, unless the model is closed -meaning that the model expresses all of the desired behavior, and that any implementation that performs additional functionality is incorrect-it is ambiguous as to whether these properties are requirements to be satisfied or simply are accidental effects of the modeling decisions made.


[3]
[SECTION]: Capturing the Requirements > 4.5 Modeling Notations > Algebraic Specifications
[CONTENT]: The first three axioms specify the behavior of operation num_entries when applied to sequences ending with operations coin , push , and rotated , respectively. For example, a rotated operation indicates that another visitor has entered the zoo, so num_entries applied  to rotated(SEQ) should  be  one  more  than num_entries applied to SEQ . The fourth axiom specifies the base case of num_entries when applied to  a new turnstile. Together, the  four  axioms  indicate  that  operation num_entries returns, for a given sequence, the number of occurrences of the operation rotated -without saying anything about how that information may be stored or computed. Similar axioms would need to be written to specify the behaviors of other pairs of operations.
Algebraic  specification  notations  are  not  popular  among  software  developers because, for a collection of operations, it can be tricky to construct a concise set of axioms that is complete and consistent-and correct! Despite their complexity, algebraic notations have been added to several formal specification languages, to enable specifiers to define their own abstract data types for their specifications.
","[
  {
    ""role"": ""sentence"",
    ""segment"": ""A descriptive notation is a notation that describes a problem or a proposed solution in terms of its properties or its invariant behaviors."",
    ""citations"": [
      {
        ""type"": ""source_text"",
        ""content"": ""A descriptive notation is a notation that describes a problem or a proposed solution in terms of its properties or its invariant behaviors."",
        ""img_id"": null
      }
    ],
    ""type"": null
  }
]",A descriptive notation is a notation that describes a problem or a proposed solution in terms of its properties or its invariant behaviors.,0.411,4.232
What do early design decisions regarding a system's architecture explain?,"
[0]
[SECTION]: Designing the Architecture > 5.1 The Design Process
[CONTENT]: At this point in the development process, we have a good understanding of our customer's  problem, and  we  have  a  requirements  specification  that  describes  what  an acceptable software solution would look like. If the specification was done well, it has focused on function, not form; that is, it gives few hints about how to build the proposed system. Design is the creative process of figuring out how to implement all of the customer's requirements; the resulting plan is also called the design .
Early  design  decisions  address  the  system's architecture , explaining  how  to decompose the system into units, how the units relate to one another, and describing any externally visible properties of the units (Bass, Clements, and Kazman 2003). Later design decisions address how to implement the individual units. To see how architecture  relates  to  both  design  and  requirements, consider  again  the  example  in  which Chuck and Betsy Howell want to build a new house.Their requirements include and so on. From the requirements, an architect produces preliminary designs for the Howells to consider.The architect may start by showing the Howells some generic plans based on different styles of houses, such as two-story colonials and bungalows, to get a better feel for what style the Howells would prefer.Within a particular architectural style, the architect may sketch out various design alternatives. For instance, in one design, the kitchen, dining room, and children's play space may share one large open area, whereas another design may locate the play space in a less public part of the house. One design may emphasize large bedrooms,and another may reduce bedroom size to make room for an additional bathroom. How the Howells choose from among the design alternatives will depend on their preferences for a design's distinguishing characteristics, such as the utility and character of the rooms' layouts, or the estimated cost of construction.
 - rooms for them and their three children to sleep
 - a place for the children to play
 - a kitchen and a large dining room that will hold an extendable table


[1]
[SECTION]: Designing the Architecture > 5.13 What This Chapter Means For You
[CONTENT]: In this chapter, we have investigated what it means to design a system based on carefully expressed requirements. We have seen that design begins with a high-level architecture, where architectural decisions are based not only on system functionality and required constraints but also on desirable attributes and the long-term intended use of the system (including product lines, reuse, and likely modification).You should keep in mind several characteristics of good architecture as you go, including appropriate user interfaces, performance,modularity,security,and fault tolerance.You may want to build a prototype to evaluate several options or to demonstrate possibilities to your customers.
The goal is not to design the ideal software architecture for a system, because such an architecture might not even exist. Rather, the goal is to design an architecture that meets all of the customer's requirements while staying within the cost and schedule constraints that we discussed in Chapter 3.


[2]
[SECTION]: Designing the Architecture > 5.1 The Design Process
[CONTENT]:  - storage for bicycles, lawn mower, ladder, barbecue, patio furniture, and more
 - a place for a piano
 - heating and air conditioning The resulting design is the house's architecture, as suggested by Figure 5.1. Most obviously, the architecture describes the skeletal structure of the house, the locations of walls and support beams, and the configuration of each room. It also includes plans for sufficient heating and cooling, and the layout of air ducts; maps of water pipes and their connections to the city's water mains and sewer lines; and maps of electrical circuits, locations of outlets, and the amperage of circuit breakers. Architectural decisions tend to be structural, systematic, and systemic, making sure that all essential elements of the requirements are addressed in ways that harmonize customer needs with the realities of materials, cost, and availability. They are the earliest design decisions to be made and, once implemented, are the hardest to change. In contrast, later design decisions, such as those regarding flooring, cabinetry, wall paint, or paneling, are relatively localized and easy to modify.


[3]
[SECTION]: Designing the Architecture > 5.4 Architectural Styles And Strategies
[CONTENT]: Creating  a  software  architectural  design  is  not  a  straightforward  task. The  design progresses in bursts of activity, with the design team often alternating between top-down and bottom-up analysis. In top-down design, the team tries to partition the system's key functions into distinct modules that can be assigned to separate components. However, if the team recognizes that a known, previously implemented design solution might be useful, the team may switch to a bottom-up design approach, adapting a prepackaged solution.
Often, our approaches to solving some problems have common features, and we can  take  advantage  of  the  commonality  by  applying  generalized  patterns. Software architectural styles are established, large-scale patterns of system structure.Analogous to architectural styles for buildings, software architectural styles have defining rules, elements, and techniques that result in designs with recognizable structures and wellunderstood properties. However, styles are not complete detailed solutions. Rather, they are loose templates that offer distinct solutions for coordinating a system's components.To be specific, architectural styles focus on the different ways that components might communicate, synchronize, or share data with one another. As such, their structures codify constrained interactions among components and offer mechanisms,such as protocols, for realizing those interactions. In the early stages of software development, architectural styles can be useful for exploring and exploiting known approaches to organizing and coordinating access to data and functionality. In general, by constraining intercomponent interactions, architectural styles can be used to help the resulting system  achieve  specific  system  properties, such  as  data  security  (by  restricting  data flow) and maintainability (by simplifying communication interfaces).


[4]
[SECTION]: Designing the Architecture > 5.1 The Design Process > Design Process Model
[CONTENT]: Software architecture and architecture documents play a less clear role in agile development methods.There is an inherent conflict between software architecture,which documents the system's load-bearing, hard-to-change design decisions, and the agile goal of avoiding irreversible decisions.This conflict is discussed further in Sidebar 5.1.
","[
  {
    ""role"": ""sentence"",
    ""segment"": ""Early design decisions address the system's architecture, explaining how to decompose the system into units, how the units relate to one another, and describing any externally visible properties of the units."",
    ""citations"": [
      {
        ""type"": ""source_text"",
        ""content"": ""Early  design  decisions  address  the  system's architecture , explaining  how  to decompose the system into units, how the units relate to one another, and describing any externally visible properties of the units"",
        ""img_id"": null
      }
    ],
    ""type"": null
  }
]","Early design decisions address the system's architecture, explaining how to decompose the system into units, how the units relate to one another, and describing any externally visible properties of the units.",0.444,4.176
How is system functionality achieved in a pipe-and-filter style architecture?,"
[0]
[SECTION]: Designing the Architecture > 5.4 Architectural Styles And Strategies > Pipe-and-Filter
[CONTENT]: In a pipe-and-filter style, illustrated in Figure 5.6, system functionality is achieved by passing input data through a sequence of data-transforming components, called filters , to produce output data. Pipes are connectors that simply transmit data from one filter to  the  next  without  modifying  the  data. Each  filter  is  an  independent  function  that makes no assumptions about other filters that may be applied to the data.Thus, we can build our system by connecting together different filters to form a variety of configurations. If the format of the data is fixed-that is, if all of the filters and pipes assume a common  representation  of  the  data  being  transmitted-then  we  can  join  filters together in any configuration. Such systems have several important properties (Shaw and Garlan 1996):
 - We can understand the system's transformation of input data to output data as the functional composition of the filters' data transformations.
[FIGURE 5.6 Pipes and filters.] 
[FIGURE_DESCRIPTIONS]
[0] Diagram of a multi-path signal processing pipeline featuring a left-to-right flow with branching and merging; blocks represent processing stages connected by directed arrows. A top-right inset labeled KEY contains a small schematic: a line labeled Pipe leading to a rectangular box labeled Filter, indicating a gated or selective pathway. The main diagram shows three horizontal layers of processing blocks with vertical connectors suggesting parallel branches feeding into subsequent stages. Each block is a rectangular node with thin borders and arrows exiting to the right or downward. The visual implies a data flow architecture with multiple concurrent channels, synchronization points, and parallelism. Visible text includes the inset KEY labels Pipe and Filter, helping interpret the pipeline elements. The image emphasizes structural relationships over specific numeric data, suitable for describing data routing, filtering stages, and pipeline topology in a theory-practice context.



[1]
[SECTION]: Designing the Architecture > 5.4 Architectural Styles And Strategies > Pipe-and-Filter
[CONTENT]:  - Filters can be reused in any other pipe-and-filter style program that assumes the same  format  for  input  and  output  data. Examples  of  such  filters  and  systems include image-processing systems and Unix shell programs.
 - System evolution is relatively easy; we can simply introduce new filters into our system's configuration, or replace or remove existing filters, without having to modify other parts of the system.
 - Because of filter independence, we can perform certain types of analyses, such as throughput analysis.
 - There are performance penalties when using a pipe-and-filter  architecture. To support a fixed data format during data transmission, each filter must parse input data before performing its computation and then convert its results back to the fixed data format for output. This repeated parsing and unparsing of data can hamper system performance. It can also make the construction of the individual filters more complex.
In some pipe-and-filter style systems, the filters are independent data-transforming functions, but  the  representation  of  data  passed  between  filters  is  not  fixed. For example, old-style compilers had pipe-and-filter architectures in which the output of each filter (e.g., the lexical analyzer or the parser) was fed directly into the next filter. Because the filters in such systems are independent and have precise input and output formats, it is easy to replace and improve filters but hard to introduce or remove filters. For example, to remove a filter, we may need to substitute a stub that converts the output from the previous filter into the input format expected by the next filter.


[2]
[SECTION]: Designing the Architecture > 5.7 Architecture Evaluation And Refinement > Trade-off Analysis
[CONTENT]: This complication leads us to a fourth design, based on a pipe-and-filter architecture (Figure 5.16), where the sequence of processing is controlled by the sequence of the filter modules.This design is easily extended to include new features, in that we can simply insert additional filters into the sequence. Also, each filter is an independent entity that can be changed without affecting other filters. The design supports the reuse of filters in other pipe-and-filter applications, as long as a filter's input data is in the form that it expects (Shaw and Garlan 1996).The filters may execute in parallel, processing inputs as they are received (although the Alphabetizer cannot output its results until it has received and sorted all of the input lines); this concurrent processing can enhance performance. Unlike the other designs, a data item is no longer stored in any location, but rather flows from one filter to another, being transformed along the way. As such, the design is not conducive to changes that would require the storage of persistent data,
[FIGURE_DESCRIPTIONS]
[0] Diagrammatic flowchart with labeled blocks and a legend. The top-left shows a KEY box containing two legend entries: 'Pipe' represented by a solid line and 'System I/O' represented by a dashed line. The main flow consists of three connected blocks in a horizontal sequence: 'Input medium' → 'Input' → 'Circular shift', with the connections depicted as solid lines (pipes). A lower parallel path begins from the left side with a dashed-line connection to a block labeled 'Alphabetizer', followed by an 'Output' block, and then another block labeled 'Output medium'. The overall structure suggests a two-path processing system with an input stage, a processing stage (circular shift), and a secondary process chain involving alphabetization and output, all connected by labeled arrows and lines. Readable text is case-sensitive and includes the exact terms shown.



[3]
[SECTION]: Designing the Architecture > 5.4 Architectural Styles And Strategies
[CONTENT]: Researchers are continuously analyzing good software designs, looking for useful architectural styles that can be applied more generally. These styles are then collected in style catalogues that an architect can reference when considering the best architecture for a given set of requirements. A few of these catalogues are listed at the end of this chapter.
In  the  rest  of  this  section, we  examine  six  architectural  styles  commonly  used in software development: pipe-and-filter, client-server, peer-to-peer, publish-subscribe, repositories , and layering . For each style, we describe the software elements comprising the style, the constraints on interactions among elements, and some properties (good and bad) of the resulting system.
","[
  {
    ""role"": ""paragraph"",
    ""segment"": ""System functionality is achieved by passing input data through a sequence of data-transforming components called filters to produce output data."",
    ""citations"": [
      {
        ""type"": ""source_text"",
        ""content"": ""In a pipe-and-filter style, illustrated in Figure 5.6, system functionality is achieved by passing input data through a sequence of data-transforming components, called filters , to produce output data."",
        ""img_id"": null
      }
    ],
    ""type"": null
  },
  {
    ""role"": ""paragraph"",
    ""segment"": ""Pipes are connectors that simply transmit data from one filter to the next without modifying the data."",
    ""citations"": [
      {
        ""type"": ""source_text"",
        ""content"": ""Pipes are connectors that simply transmit data from one filter to  the  next  without  modifying  the  data."",
        ""img_id"": null
      }
    ],
    ""type"": null
  }
]","System functionality is achieved by passing input data through a sequence of data-transforming components called filters to produce output data.

Pipes are connectors that simply transmit data from one filter to the next without modifying the data.",0.355,5.263
What is a reference model?,"
[0]
[SECTION]: Designing the Architecture > 5.1 The Design Process > Design Is a Creative Process
[CONTENT]: There  are  many  ways  to  leverage  existing  solutions. One  extreme  is cloning , whereby we borrow a whole design, and perhaps even the code, making minor adjustments to fit our particular problem. For example, a developer might clone an existing system to customize it for a new customer-though,as we will see, there are better ways of producing variations of the same product. Slightly less extreme is to base our design on  a reference  model : a  standard  generic  architecture  for  a  particular  application domain.A reference model suggests only how we decompose our system into its major components and how those components interact with each other. The design of the individual components and the details of their interactions will depend on the specific application being developed.As an example, Figure 5.3 shows the reference model for a compiler; the specifics of the parser, semantic analyzer, optimizations, and data repositories will vary greatly with the compiler's programming language. There are existing or proposed reference models for a variety of application domains, including operating systems, interpreters, database  management  systems, process-control  systems, integrated tool environments, communication networks, and Web services.


[1]
[SECTION]: Modeling the Process and Life Cycle > 2.11 Key References > TABLE 2.3 ( continued )
[CONTENT]:  - iteration and feedback to earlier steps
 - user creativity
 - object and information management, as well as flow through the process
 - object structure, attributes, and interrelationships
 - organizational responsibility for specific tasks
 - physical communication mechanisms for information transfer
 - process measurements
 - temporal aspects (both absolute and relative)
 - tasks executed by humans
 - professional judgment or discretion
 - connection to narrative explanations
 - tasks invoked or executed by a tool
 - resource constraints and allocation, schedule determination
 - process modification and improvement
 - multiple levels of aggregation and parallelism Eighteen different process modeling techniques were applied to the common problem, and varying degrees of satisfaction were found with each one. The results are reported in Kellner and Rombach (1990).
Curtis, Kellner, and Over (1992) present a comprehensive survey of process modeling techniques and tools. The paper also summarizes basic language types and constructs and gives examples of process modeling approaches that use those language types.
Krasner et al. (1992) describe lessons learned when implementing a software process modeling system in a commercial environment.
Several Web sites contain information about process modeling.
 - The U.S. Software Engineering Institute (SEI) continues to investigate process modeling as part of its process improvement efforts.A list of its technical reports and activities can be found at http://www.sei.cmu.edu. The information at http:// www.sei.cmu.edu/collaborating/spins/ describes Software Process Improvement Networks, geographically-based groups of people interested in process improvement who often meet to hear speakers or discuss process-related issues.
 - The European Community has long sponsored research in process modeling and a process model language. Descriptions of current research projects are available at http://cordis.europa.eu/fp7/projects_en.html.


[2]
[SECTION]: Modeling the Process and Life Cycle > 2.11 Key References
[CONTENT]: As a result of the Fifth International Software Process Workshop,a working group chaired by Kellner formulated a standard problem, to be used to evaluate and compare some of the more popular process modeling techniques.The problem was designed to be complex enough so that it would test a technique's ability to include each of the following:
 - multiple levels of abstraction
 - control flow, sequencing, and constraints on sequencing


[3]
[SECTION]: Modeling the Process and Life Cycle > 2.4 Practical Process Modeling > Marvel Case Studies
[CONTENT]: For each model,the MSL process descriptions were used to generate 'process enactment environments,' resulting in a database populated with instances of the information model's classes. Then, researchers simulated several scenarios to verify that the models performed as expected. During the simulation, they collected timing and resource utilization data, providing the basis for analyzing likely process performance. By changing the rules  and  executing a scenario repeatedly, the timings were compared and contrasted, leading to significant process improvement without major investment in resources.
The modeling and simulation exercises were useful for early problem identification and resolution. For example, the software maintenance process definition uncovered three types of problems with the existing process documentation: missing task inputs and outputs, ambiguous input and output criteria, and inefficiency in the process definition. The signaling fault model simulation discovered inefficiencies in the separate descriptions of the workcenters.
Barghouti and his colleagues note the importance of dividing the process modeling problem into two pieces: modeling the information and modeling the behavior. By separating these concerns, the resulting model is clear and concise. They also point out that computer-intensive activities are more easily modeled than human-intensive ones, a lesson noted by Curtis and his colleagues, too.


[4]
[SECTION]: Modeling the Process and Life Cycle > 2.2 Software Process Models > Prototyping Model
[CONTENT]: For example, system development may begin with a nominal set of requirements supplied by the customers and users. Then, alternatives are explored by having interested parties look at possible screens, tables, reports, and other system output that are used directly by the customers and users. As the users and customers decide on what they want, the requirements are revised. Once there is common agreement on what the requirements should be, the developers move on to design. Again, alternative designs are explored, often with consultation with customers and users.
The initial design is revised until the developers, users, and customers are happy with the result. Indeed, considering design alternatives sometimes reveals a problem with the requirements, and the developers drop back to the requirements activities to reconsider and change the requirements specification. Eventually, the system is coded and alternatives are discussed, with possible iteration through requirements and design again.


[5]
[SECTION]: Evaluating Products, Processes, and Resources > 12.4 Evaluating Products > Product Quality Models
[CONTENT]:  - evaluating the model, identifying its weaknesses, and refining or re-creating it Clearly, these steps can be used to produce models for requirements, designs, code, and other development products, and each model will reflect product and project goals.
","[
    {
        ""role"": ""paragraph"",
        ""segment"": ""A reference model suggests only how we decompose our system into its major components and how those components interact with each other."",
        ""citations"": [
            {
                ""type"": ""source_text"",
                ""content"": ""A reference model suggests only how we decompose our system into its major components and how those components interact with each other."",
                ""img_id"": null
            }
            ],
        ""type"": null
    }
]",A reference model suggests only how we decompose our system into its major components and how those components interact with each other.,0.311,3.841
What defines a peer-to-peer (P2P) architecture?,"
[0]
[SECTION]: Designing the Architecture > 5.4 Architectural Styles And Strategies > Peer-to-Peer
[CONTENT]: Technically, a peer-to-peer (P2P) architecture is one in which each component executes as its own process and acts as both a client of and a server to other peer components. Each component has an interface that specifies not only the services it provides, but also the services that it requests from other peer components. Peers communicate by requesting  services  from  each  other. In  this  way, P2P  communication  is  like  the request/reply communication found in client-server architecture, but any component can initiate a request to any other peer component.
[FIGURE 5.7 Three-tiered client-server architecture.] 
The best known P2P architectures are file-sharing networks, such as Napster and Freenet, in which the components provide similar services to each other. What differs among components are the data each component stores locally.Thus, the system's data are distributed among the components; whenever a component needs information not stored locally, it retrieves it from a peer component.
[FIGURE_DESCRIPTIONS]
[0] Diagram illustrating a multi-layer information system architecture with labeled components and flow. Left panel shows a KEY map: client, server with arrows indicating request/reply directions. Right panel depicts a top-down stack: Web Browser, Application Server, Database Server connected via an intermediate Web Browser and Desktop Client Presentation layers. Vertical grouping marks Information System levels: Business Logic, Information System. The flow arrows denote request/response between client-side elements and server-side processing, highlighting how a user's Web Browser requests data from the Application Server, which queries the Database Server. Text labels include Web Browser, Desktop Client Presentation, Client Presentation, Application Server, Database Server, and Business Logic. The diagram emphasizes separation of concerns between presentation, logic, and data storage, with a simple client-server interaction model for a typical web-based information system.



[1]
[SECTION]: Designing the Architecture > 5.4 Architectural Styles And Strategies > Peer-to-Peer
[CONTENT]: P2P networks are attractive because they scale up well. Although each added component increases demands on the system in the form of additional requests, it also increases the system's capabilities, in the form of new or replicated data and as additional server capacity. P2P networks are also highly tolerant of component and network failures, because data are replicated and distributed over multiple peers. Sidebar 5.4 describes the pros and cons of Napster's P2P architecture.


[2]
[SECTION]: Designing the Architecture > 5.4 Architectural Styles And Strategies > SIDEBAR 5.4 NAPSTER'S P2P ARCHITECTURE
[CONTENT]: N apster, the popular music-sharing system, uses a P2P architecture.Typically, the peers are users' desktop computer systems running general-purpose computing applications, such as electronic mail clients, word processors, Web browsers, and more. Many of these user systems do not have stable Internet protocol (IP) addresses, and they are not always available to the rest of the network. And most users are not sophisticated; they are more interested in content than in the network's configuration and protocols. Moreover, there is great variation in methods for accessing the network, from slow dial-up lines to fast broadband connections.
Napster's sophistication comes instead from its servers, which organize requests and manage content. The actual content is provided by users, in the form of files that are shared from peer to peer, and the sharing goes to other (anonymous) users, not to a centralized file server.
This type of architecture works well when the files are static (i.e., their content does not change often or at all), when file content or quality do not matter, and when the speed and reliability of sharing are not important. But if the file content changes frequently (e.g., stock prices or evaluations), sharing speed is key (e.g., large files are needed quickly), file quality is critical (e.g., photographs or video), or one peer needs to be able to trust another (e.g., the content is protected or contains valuable corporate information), then a P2P architecture may not be the best choice; a centralized server architecture may be more appropriate.


[3]
[SECTION]: Designing the Architecture > 5.5 Achieving Quality Attributes > Security
[CONTENT]: TCP/IP, introduced in 1973, cemented the notion of direct host-to-host communication, with the network handling the mechanics of guiding the packets to their destination. Most of the protocols created since then (HTTP , SMTP , DNS, etc.) build on the idea that a host that needs data connects directly to the host that has it, and that it is the network's task to enable this.The techniques used by P2P file-sharing networking systems are simply an evolution of these principles.
Although a P2P network has advantages such as replication and redundancy, the underlying design encourages data sharing even when the data are not intended for open view.
To see how, consider that a typical P2P network involves users who place shareable items in a designated folder.You may think that a careful user's files would be safe. But there are many ways that data are unintentionally shared:
 - The user accidentally shares files or folders containing sensitive information.
 - Files or data are misplaced.
 - The user interface may be confusing, so the user does not realize that a file is being shared.Good and Krekelberg (2003) found the KaZaA system to have this problem.
 - Files or data are poorly organized.
 - The user relies on software to recognize file or data types and make them available, and the software mistakenly includes a file or data that should have been protected.
 - Malicious software shares files or folders without the user's knowledge.
Indeed, Krebs (2008) describes how an investment firm employee used his company computer to participate in LimeWire, an online P2P file-sharing network for people trading in music and videos. In doing so, he inadvertently exposed his firm's private files. These files included the names, dates of birth, and Social Security numbers for 2000 of the firm's clients, among whom was a U.S. Supreme Court Justice! The head of Tiversa, the company hired to help contain the breach said, 'such breaches are hardly rare.About 40 to 60 percent of all data leaks take place outside of a company's secured network, usually as a result of employees or contractors installing file-sharing software on company computers' (Krebs 2008). Leaked often are files containing confidential company plans or  designs  for  new  products. So  architectural  considerations  should address both conventional and unconventional uses of the system being developed.
","[
    {
        ""role"": ""sentence"",
        ""segment"": ""A peer-to-peer (P2P) architecture is one in which each component executes as its own process and acts as both a client of and a server to other peer components; each component has an interface that specifies not only the services it provides, but also the services that it requests from other peer components; peers communicate by requesting services from each other; in this way, P2P communication is like the request/reply communication found in client-server architecture, but any component can initiate a request to any other peer component; the system's data are distributed among the components; whenever a component needs information not stored locally, it retrieves it from a peer component."",
        ""citations"": [
            {
                ""type"": ""source_text"",
                ""content"": ""Technically, a peer-to-peer (P2P) architecture is one in which each component executes as its own process and acts as both a client of and a server to other peer components."",
                ""img_id"": null
            },
            {
                ""type"": ""source_text"",
                ""content"": ""Each component has an interface that specifies not only the services it provides, but also the services that it requests from other peer components."",
                ""img_id"": null
            },
            {
                ""type"": ""source_text"",
                ""content"": ""Peers communicate by requesting  services  from  each  other."",
                ""img_id"": null
            },
            {
                ""type"": ""source_text"",
                ""content"": ""In  this  way, P2P  communication  is  like the request/reply communication found in client-server architecture, but any component can initiate a request to any other peer component."",
                ""img_id"": null
            },
            {
                ""type"": ""source_text"",
                ""content"": ""The system's data are distributed among the components; whenever a component needs information not stored locally, it retrieves it from a peer component."",
                ""img_id"": null
            }
        ],
        ""type"": null
    }
]","A peer-to-peer (P2P) architecture is one in which each component executes as its own process and acts as both a client of and a server to other peer components; each component has an interface that specifies not only the services it provides, but also the services that it requests from other peer components; peers communicate by requesting services from each other; in this way, P2P communication is like the request/reply communication found in client-server architecture, but any component can initiate a request to any other peer component; the system's data are distributed among the components; whenever a component needs information not stored locally, it retrieves it from a peer component.",0.207,9.481
How do components interact in a publish-subscribe architecture?,"
[0]
[SECTION]: Designing the Architecture > 5.4 Architectural Styles And Strategies > Publish-Subscribe
[CONTENT]: In a publish-subscribe architecture, components interact by broadcasting and reacting to events. A component expresses interest in an event by subscribing to it. Then, when another component announces ( publishes ) that the event has taken place, the subscribing components are notified.The underlying publish-subscribe infrastructure is responsible both for registering event subscriptions and for delivering published events to the appropriate components. Implicit invocation is  a  common form of publish-subscribe architecture, in which a subscribing component associates one of its procedures with each event of interest (called registering the procedure). In this case, when the event occurs, the publish-subscribe infrastructure invokes all of the event's registered procedures. In contrast to client-server and P2P components, publish-subscribe components know nothing about each other. Instead, the publishing component simply announces events and then waits for interested components to react; each subscribing component simply reacts to event announcements, regardless of how they are published. In models of this kind of architecture, the underlying infrastructure is often represented as an event bus to which all publish-subscribe components are connected.


[1]
[SECTION]: Designing the Architecture > 5.4 Architectural Styles And Strategies > Publish-Subscribe
[CONTENT]:  - Publish-subscribe systems are difficult to test, because the behavior of a publishing component will depend on which subscribing components are monitoring its events.Thus, we cannot test the component in isolation and infer its correctness in an integrated system.


[2]
[SECTION]: Designing the Architecture > 5.4 Architectural Styles And Strategies > Publish-Subscribe
[CONTENT]: This is a common architectural style for integrating tools in a shared environment. For example, Reiss (1990) reports on an environment called Field, where tools such as editors register for events that might occur during a debugger's functioning.To see how, consider that the debugger processes code, one line at a time. When it recognizes that it has reached a set breakpoint, it announces the event 'reached breakpoint'; then, the system forwards the event to all registered tools, including the editor, and the editor reacts to the event by automatically scrolling to the source-code line that corresponds  to  the  breakpoint. Other  events  that  the  debugger  might  announce  include entry and exit points of functions, runtime errors, and comments to clear or reset the program's execution. However, the debugger is not aware of which tools, if any, have registered for the different events, and it has no control over what the other tools will do in response to one of its events. For this reason, a publish-subscribe system will often include  some  explicit  invocations  (e.g., calls  to  access  methods)  when  a  component wants to enforce or confirm a specific reaction to a critical event.
Publish-subscribe  systems  have  several  strengths  and  weaknesses  (Shaw  and Garlan 1996):
 - Such  systems  provide  strong  support  for  system  evolution  and  customization. Because  all  interactions  are  orchestrated  using  events, any  publish-subscribe
 - component can be added to the system and can register itself without affecting other components.
 - For the same reason, we can easily reuse publish-subscribe components in other event-driven systems.
 - Components can pass data at the time they announce events. But if components need to share persistent data, the system must include a shared repository to support  that  interaction. This  sharing  can  diminish  the  system's  extensibility  and reusability.


[3]
[SECTION]: Designing the Architecture > 5.4 Architectural Styles And Strategies > Combining Architectural Styles
[CONTENT]: [FIGURE 5.10 Combination of publish-subscribe, client-server, and repository architecture styles.] 
[FIGURE_DESCRIPTIONS]
[0] Diagram illustrating client-server architecture and data flow for a web-based application. Key components labeled include client, web browser, web server, and desktop application as separate user interfaces. The left portion shows a KEY block with symbols for server, repository, publish/subscribe, query/response, and database transactions. The right portion maps client-side and server-side roles: Web Browser connecting to Web Server, which hosts Application Server and Application Database components. Diagram includes arrows indicating request/response pathways and deployment relationships among components such as Application Server instances and Application Databases. Visible labels mention terms like Web Server, Desktop Application, Client Application, Business Logic, Enterprise Information Systems, and Client-Server interaction. The overall diagram emphasizes distributed architecture, data flow between client interfaces and server-side repositories, and the separation of concerns between presentation, business logic, and data storage.



[4]
[SECTION]: Designing the Architecture > 5.4 Architectural Styles And Strategies > Combining Architectural Styles
[CONTENT]: It is easiest to think about an architectural style and its associated properties when we consider the style in its purest form. However, actual software architectures are rarely based purely on a single style. Instead, we build our software architecture by combining different architectural styles, selecting and adapting aspects of styles to solve particular problems in our design.
Architectural styles can be combined in several ways:
 - We might use different styles at different levels of our system's decomposition. For example, we might view our system's overall structure as a client-server architecture, but subsequently decompose the server component into a series of layers. Or a simple intercomponent connection at one level of abstraction may be refined to be a collection of components and connectors at a lower level of decomposition.
For  instance, we  might  decompose  one  architecture's  publish-subscribe  interactions to elaborate the components and protocols used to manage event subscriptions and to notify subscribing components of event announcements.
 - Our architecture  may  use  a  mixture  of  architectural  styles  to  model  different components or different types of interactions among components, such as the architecture  shown  in  Figure  5.10. In  this  example, several  client  components interact  with  each  other  using  publish-subscribe  communications. These  same components  use  server  components  via  request/reply  protocols; in  turn, the server components interact with a shared data repository. In this example, the architecture integrates different styles into a single model by allowing components to play multiple roles (e.g., client, publisher, and subscriber) and to engage in multiple types of interactions.
","[
    {
        ""role"": ""paragraph"",
        ""segment"": ""In a publish-subscribe architecture, components interact by broadcasting and reacting to events. A component expresses interest in an event by subscribing to it. Then, when another component announces ( publishes ) that the event has taken place, the subscribing components are notified. The underlying publish-subscribe infrastructure is responsible both for registering event subscriptions and for delivering published events to the appropriate components. Implicit invocation is a common form of publish-subscribe architecture, in which a subscribing component associates one of its procedures with each event of interest (called registering the procedure). In this case, when the event occurs, the publish-subscribe infrastructure invokes all of the event's registered procedures. In contrast to client-server and P2P components, publish-subscribe components know nothing about each other. Instead, the publishing component simply announces events and then waits for interested components to react; each subscribing component simply reacts to event announcements, regardless of how they are published. In models of this kind of architecture, the underlying infrastructure is often represented as an event bus to which all publish-subscribe components are connected."",
        ""citations"": [
            {
                ""type"": ""source_text"",
                ""content"": ""In a publish-subscribe architecture, components interact by broadcasting and reacting to events."",
                ""img_id"": null
            },
            {
                ""type"": ""source_text"",
                ""content"": ""A component expresses interest in an event by subscribing to it."",
                ""img_id"": null
            },
            {
                ""type"": ""source_text"",
                ""content"": ""Then, when another component announces ( publishes ) that the event has taken place, the subscribing components are notified."",
                ""img_id"": null
            },
            {
                ""type"": ""source_text"",
                ""content"": ""The underlying publish-subscribe infrastructure is responsible both for registering event subscriptions and for delivering published events to the appropriate components."",
                ""img_id"": null
            },
            {
                ""type"": ""source_text"",
                ""content"": ""Implicit invocation is a common form of publish-subscribe architecture, in which a subscribing component associates one of its procedures with each event of interest (called registering the procedure)."",
                ""img_id"": null
            },
            {
                ""type"": ""source_text"",
                ""content"": ""In this case, when the event occurs, the publish-subscribe infrastructure invokes all of the event's registered procedures."",
                ""img_id"": null
            },
            {
                ""type"": ""source_text"",
                ""content"": ""In contrast to client-server and P2P components, publish-subscribe components know nothing about each other."",
                ""img_id"": null
            },
            {
                ""type"": ""source_text"",
                ""content"": ""Instead, the publishing component simply announces events and then waits for interested components to react; each subscribing component simply reacts to event announcements, regardless of how they are published."",
                ""img_id"": null
            },
            {
                ""type"": ""source_text"",
                ""content"": ""In models of this kind of architecture, the underlying infrastructure is often represented as an event bus to which all publish-subscribe components are connected."",
                ""img_id"": null
            }
        ],
        ""type"": null
    }
]","In a publish-subscribe architecture, components interact by broadcasting and reacting to events. A component expresses interest in an event by subscribing to it. Then, when another component announces ( publishes ) that the event has taken place, the subscribing components are notified. The underlying publish-subscribe infrastructure is responsible both for registering event subscriptions and for delivering published events to the appropriate components. Implicit invocation is a common form of publish-subscribe architecture, in which a subscribing component associates one of its procedures with each event of interest (called registering the procedure). In this case, when the event occurs, the publish-subscribe infrastructure invokes all of the event's registered procedures. In contrast to client-server and P2P components, publish-subscribe components know nothing about each other. Instead, the publishing component simply announces events and then waits for interested components to react; each subscribing component simply reacts to event announcements, regardless of how they are published. In models of this kind of architecture, the underlying infrastructure is often represented as an event bus to which all publish-subscribe components are connected.",0.394,13.372
What information is mapped in a deployment view of an architecture?,"
[0]
[SECTION]: Designing the Architecture > 5.3 Decomposition And Views > Architectural Views
[CONTENT]:  - Execution view: This view is the traditional box-and-arrow diagram that software architects draw, showing the runtime structure of a system in terms of its components and connectors. Each component is a distinct executing entity, possibly with its  own  program  stack. A connector is  some  intercomponent  communication mechanism, such as a communication channel, shared data repository, or remote procedure call.
 - Implementation view: This view maps code units, such as modules, objects, and procedures, to the source file that contains their implementation. This view helps programmers find the implementation of a software unit within a maze of sourcecode files.
 - Deployment view: This view maps runtime entities, such as components and connectors, onto computer resources, such as processors, data stores, and communication networks. It helps the architect analyze the quality attributes of a design, such as performance, reliability, and security.
 - Work-assignment  view: This  view  decomposes  the  system's  design  into  work tasks that can be assigned to project teams. It helps project managers plan and allocate project resources, as well as track each team's progress.
Each view is a model of some aspect of the system's structure, such as code structure, runtime structure, file structure, or project team structure. A system's architecture represents  the  system's  overall  design  structure; thus, it  is  the  full  collection  of  these views. Normally, we do not attempt to combine views into a single integrated design, because such a description-comprising multiple overlays of different decompositionswould be too difficult to read and keep up-to-date. Later in this chapter, we discuss how to document a system's architecture as a collection of views.The documentation includes mappings among views so that we can understand the big picture.


[1]
[SECTION]: Designing the Architecture > 5.8 Documenting Software Architectures > Mappings among Views
[CONTENT]: How many and which views to include in the SAD depends on the structure of the system being designed and the quality attributes that we want to measure. At the very least, the SAD should contain a decomposition view showing the design's constituent code units, plus an execution view showing the system's runtime structure. In addition, a deployment view that assigns software units to computing resources is essential if we want to reason about the system's performance.Alternatively, we may include multiple execution  views, each  based  on  a  different  architectural  style, if  each  of  the  styles reflects  useful  ways  of  thinking  about  the  system's  structure  and  interactions. For example, if our design is based on a publish-subscribe style, in which components are triggered by events, we may also include a pipe-and-filter view that depicts the order in which components are to be invoked.
Because our design is documented as a collection of views, we should show how the views relate to one another. If one view details an element that is a software unit in a more abstract view, then this relationship is straightforward. However, if two views show different aspects of the same part of the design, and if there is no obvious correspondence between the elements in the two views, then mapping this correspondence is essential. For example, it is useful to record how runtime components and connectors in an execution view map to code-level units in a decomposition view. Such a mapping documents how the components and connectors will be implemented. Similarly, it is useful to record how elements in one decomposition view (e.g., a module view) map to elements in another decomposition view (e.g., a layer view). Such a mapping reveals all of the units needed to implement each layer.


[2]
[SECTION]: Designing the Architecture > 5.3 Decomposition And Views > Architectural Views
[CONTENT]: We want to decompose the system's design into its constituent programmable units, such as modules, objects, or procedures. However, this set of elements may not be the only decomposition we consider. If the proposed system is to be distributed over several computers, we may want a view of the design that shows the distribution of the system's  components as well as how those components communicate with each other. Alternatively, we may want a view of the design that shows the various services that the system is to offer and how the services operate together, regardless of how the services are mapped to code modules.
Common types of architectural views include the following:
 - Decomposition view: This traditional view of a system's decomposition portrays the system as programmable units.As depicted in Figure 5.5, this view is likely to be
 - hierarchical and may be represented by multiple models. For example, a software unit in one model may be expanded in another model to show its constituent units.
 - Dependencies view: This view shows dependencies among software units, such as when one unit calls another unit's procedures or when one unit relies on data produced by one or more other units.This view is useful in project planning, to identify which software units are dependency free and thus can be implemented and tested in isolation. It is also useful for assessing the impact of making a design change to some software unit.
 - Generalization view: This view shows software units that are generalizations or specializations of one another. An obvious example is an inheritance hierarchy among  object-oriented  classes. In  general, this  view  is  useful  when  designing abstract or extendible software units: the general unit encapsulates common data and functionality, and  we  derive  various  specialized  units  by  instantiating  and extending the general unit.


[3]
[SECTION]: Designing the Architecture > 5.8 Documenting Software Architectures > Mappings among Views
[CONTENT]: Clements et al. (2003) describe how to document a mapping between two views as a table, indexed by the elements in one of the views. For each element in the first view, the table lists the corresponding element(s) in the second view and describes the nature of  the  correspondence. For  example, the  indexed  element implements the  other  element(s), or is a generalization of the other element(s). Because it is possible that parts of elements in one view map to parts of elements in the other view, we should also indicate whether the correspondence is partial or complete.


[4]
[SECTION]: Designing the Architecture > 5.1 The Design Process > Design Process Model
[CONTENT]: Software architecture and architecture documents play a less clear role in agile development methods.There is an inherent conflict between software architecture,which documents the system's load-bearing, hard-to-change design decisions, and the agile goal of avoiding irreversible decisions.This conflict is discussed further in Sidebar 5.1.
","[
  {
    ""role"": ""paragraph"",
    ""segment"": ""This view maps runtime entities, such as components and connectors, onto computer resources, such as processors, data stores, and communication networks."",
    ""citations"": [
      {
        ""type"": ""source_text"",
        ""content"": ""Deployment view: This view maps runtime entities, such as components and connectors, onto computer resources, such as processors, data stores, and communication networks."",
        ""img_id"": null
      }
      ,
      {
        ""type"": ""source_text"",
        ""content"": ""maps runtime entities, such as components and connectors, onto computer resources, such as processors, data stores, and communication networks."",
        ""img_id"": null
      }
    ],
    ""type"": null
  }
]","This view maps runtime entities, such as components and connectors, onto computer resources, such as processors, data stores, and communication networks.",0.483,3.908
How do layered systems organize software units?,"
[0]
[SECTION]: Designing the Architecture > 5.4 Architectural Styles And Strategies > Layering
[CONTENT]: Layered systems organize the system's software units into layers, each of which provides services to the layer above it and acts as a client to the layer below. In a 'pure' layered system, a software unit in a given layer can access only the other units in the same layer and services offered by the interface to the layer immediately below it. To improve performance, this constraint may be relaxed in some cases, allowing a layer to access the services of layers below its lower neighbor; this is called layer bridging . However, if a design includes a lot of layer bridging, then it loses some of the portability and maintainability that the layering style offers. Under no circumstances does a layer access the services offered by a higher-level layer; the resulting architecture would no longer be called layered.


[1]
[SECTION]: Designing the Architecture > 5.4 Architectural Styles And Strategies > Layering
[CONTENT]: To see how this type of system works, consider Figure 5.9, which depicts the Open Systems Interconnection (OSI) reference model for network communications (International  Telecommunication  Union  1994). The  bottom  layer  provides  facilities  for transferring data bits over a physical link, like a cable-possibly unsuccessfully. The next layer, the Data Link Layer, provides more complex facilities: it transmits fixedsized data frames, routes data frames to local addressable machines, and recovers from simple transmission errors.The Data Link Layer uses the bottom Physical Layer's facilities to perform the actual transmission of bits between physically connected machines. The Network Layer adds the ability to transmit variable-sized data packets, by breaking packets into fixed-sized data frames which are then sent using the Data Link facilities; the Network Layer also expands the routing of data packets to nonlocal machines. The Transport Layer adds reliability, by recovering from routing errors, such as when data frames are lost or reordered as they are routed (along possibly different paths) through the network.The Session Layer uses the Transport Layer's reliable data-transfer services  to  provide  long-term  communication  connections, over  which  lengthy  data exchanges can take place.The Presentation Layer provides translation among different data representations, to support data exchanges among components that use different data formats. The Application Layer provides application-specific services, such as file transfers if the application is a file-transfer program.
In the OSI example, each layer raises the level of abstraction of the communication services that are available to the next layer, and hides all of the details about how those services are implemented. In general, the layering style is useful whenever we can decompose our system's functionality into steps, each of which builds on previous steps. The resulting design is easier to port to other platforms, if the lowest level encapsulates the software's interactions with the platform. Moreover, because a layer can interact only  with  its  neighboring  layers, layer  modification  is  relatively  easy; such  changes should affect at most only the two adjacent layers.


[2]
[SECTION]: Designing the Architecture > 5.4 Architectural Styles And Strategies > Layering
[CONTENT]: [FIGURE 5.9 Layered architecture of OSI model for network communications.] 
On the other hand, it is not always easy to structure a system into distinct layers of increasingly powerful services, especially when software units are seemingly interdependent. Also, it may appear that layers introduce a performance cost from the set of calls  and  data  transfers  between  system  layers. Fortunately, sophisticated  compilers, linkers, and loaders can reduce this overhead (Clements et al. 2003).
[FIGURE_DESCRIPTIONS]
[0] A diagram illustrating data flow across layers with labeled blocks and arrows. Leftmost column titled KEY shows signals: layer, procedure call, physical cable. Central data flow area contains vertical stacks of rounded rectangles representing layers: Application, send (my data), send (data), Session, Transport, Network, Data, Physical, and corresponding right-side duplicates for a receiving file path: Application, receive (my data), receive (data), Presentation, receive (data), Session, Transport, Network, Data, Physical. Arrows indicate directional movement: up and down between layers, and horizontal transfers between sending and receiving paths, labeled send/receive, close session, and close session. A wide gray vertical boundary labeled Data flow encompasses the entire process, with an upward gray arrow on the right suggesting a completion or acknowledgment flow. Visible labels include: “send (my file)”, “send (data)”, “receive (my data)”, “receive (data)”, “close session”, “Application”, “Presentation”, “Session”, “Transport”, “Network”, “Data”, “Physical”. The diagram emphasizes end-to-end layering similar to OSI/TCP models, showing message encapsulation and de-encapsulation as data moves through protocol stacks in both transmitting and receiving directions.



[3]
[SECTION]: Why Software Engineering? > 1.5 A Systems Approach > Interrelated Systems
[CONTENT]: [FIGURE 1.10 Layers of a water-monitoring system.] 
Recognizing that one system contains another is important, because it reflects the fact that an object or activity in one system is part of every system represented by the outer layers. Since more complexity is introduced with each layer, understanding any one object or activity becomes more difficult with each more encompassing system. Thus, we  maximize  simplicity  and  our  consequent  understanding  of  the  system  by focusing on the smallest system possible at first.
[FIGURE_DESCRIPTIONS]
[0] Concentric diagram illustrating a hierarchical data processing architecture. Centered smallest circle labeled “Remote data collection system.” Surrounding rings progressively labeled with higher-level data handling stages: innermost ring “Calculation system for remote data,” followed by “Communication system from remote sites to central,” then “Data management system for collected data,” and outermost ring “Reporting system for data.” Each ring represents a subsystem with increasing abstraction and scope, implying data flow outward from collection to reporting. The diagram emphasizes relationships among components and data propagation path from remote data collection to final reports, suitable for explaining system architecture and data lifecycle in a distributed environment.

","[
    {
        ""role"": ""sentence"",
        ""segment"": ""Layered systems organize the system's software units into layers, each of which provides services to the layer above it and acts as a client to the layer below."",
        ""citations"": [
            {
                ""type"": ""source_text"",
                ""content"": ""Layered systems organize the system's software units into layers, each of which provides services to the layer above it and acts as a client to the layer below."",
                ""img_id"": null
            }
        ],
        ""type"": null
    },
    {
        ""role"": ""sentence"",
        ""segment"": ""Under no circumstances does a layer access the services offered by a higher-level layer; the resulting architecture would no longer be called layered."",
        ""citations"": [
            {
                ""type"": ""source_text"",
                ""content"": ""Under no circumstances does a layer access the services offered by a higher-level layer; the resulting architecture would no longer be called layered."",
                ""img_id"": null
            }
        ],
        ""type"": null
    }
]","Layered systems organize the system's software units into layers, each of which provides services to the layer above it and acts as a client to the layer below. Under no circumstances does a layer access the services offered by a higher-level layer; the resulting architecture would no longer be called layered.",0.373,7.354
What is layer bridging?,"
[0]
[SECTION]: Designing the Architecture > 5.4 Architectural Styles And Strategies > Layering
[CONTENT]: Layered systems organize the system's software units into layers, each of which provides services to the layer above it and acts as a client to the layer below. In a 'pure' layered system, a software unit in a given layer can access only the other units in the same layer and services offered by the interface to the layer immediately below it. To improve performance, this constraint may be relaxed in some cases, allowing a layer to access the services of layers below its lower neighbor; this is called layer bridging . However, if a design includes a lot of layer bridging, then it loses some of the portability and maintainability that the layering style offers. Under no circumstances does a layer access the services offered by a higher-level layer; the resulting architecture would no longer be called layered.


[1]
[SECTION]: Designing the Architecture > 5.4 Architectural Styles And Strategies > Layering
[CONTENT]: To see how this type of system works, consider Figure 5.9, which depicts the Open Systems Interconnection (OSI) reference model for network communications (International  Telecommunication  Union  1994). The  bottom  layer  provides  facilities  for transferring data bits over a physical link, like a cable-possibly unsuccessfully. The next layer, the Data Link Layer, provides more complex facilities: it transmits fixedsized data frames, routes data frames to local addressable machines, and recovers from simple transmission errors.The Data Link Layer uses the bottom Physical Layer's facilities to perform the actual transmission of bits between physically connected machines. The Network Layer adds the ability to transmit variable-sized data packets, by breaking packets into fixed-sized data frames which are then sent using the Data Link facilities; the Network Layer also expands the routing of data packets to nonlocal machines. The Transport Layer adds reliability, by recovering from routing errors, such as when data frames are lost or reordered as they are routed (along possibly different paths) through the network.The Session Layer uses the Transport Layer's reliable data-transfer services  to  provide  long-term  communication  connections, over  which  lengthy  data exchanges can take place.The Presentation Layer provides translation among different data representations, to support data exchanges among components that use different data formats. The Application Layer provides application-specific services, such as file transfers if the application is a file-transfer program.
In the OSI example, each layer raises the level of abstraction of the communication services that are available to the next layer, and hides all of the details about how those services are implemented. In general, the layering style is useful whenever we can decompose our system's functionality into steps, each of which builds on previous steps. The resulting design is easier to port to other platforms, if the lowest level encapsulates the software's interactions with the platform. Moreover, because a layer can interact only  with  its  neighboring  layers, layer  modification  is  relatively  easy; such  changes should affect at most only the two adjacent layers.


[2]
[SECTION]: Designing the Architecture > 5.4 Architectural Styles And Strategies > Layering
[CONTENT]: [FIGURE 5.9 Layered architecture of OSI model for network communications.] 
On the other hand, it is not always easy to structure a system into distinct layers of increasingly powerful services, especially when software units are seemingly interdependent. Also, it may appear that layers introduce a performance cost from the set of calls  and  data  transfers  between  system  layers. Fortunately, sophisticated  compilers, linkers, and loaders can reduce this overhead (Clements et al. 2003).
[FIGURE_DESCRIPTIONS]
[0] A diagram illustrating data flow across layers with labeled blocks and arrows. Leftmost column titled KEY shows signals: layer, procedure call, physical cable. Central data flow area contains vertical stacks of rounded rectangles representing layers: Application, send (my data), send (data), Session, Transport, Network, Data, Physical, and corresponding right-side duplicates for a receiving file path: Application, receive (my data), receive (data), Presentation, receive (data), Session, Transport, Network, Data, Physical. Arrows indicate directional movement: up and down between layers, and horizontal transfers between sending and receiving paths, labeled send/receive, close session, and close session. A wide gray vertical boundary labeled Data flow encompasses the entire process, with an upward gray arrow on the right suggesting a completion or acknowledgment flow. Visible labels include: “send (my file)”, “send (data)”, “receive (my data)”, “receive (data)”, “close session”, “Application”, “Presentation”, “Session”, “Transport”, “Network”, “Data”, “Physical”. The diagram emphasizes end-to-end layering similar to OSI/TCP models, showing message encapsulation and de-encapsulation as data moves through protocol stacks in both transmitting and receiving directions.

","[
  {
    ""role"": ""sentence"",
    ""segment"": ""To improve performance, this constraint may be relaxed in some cases, allowing a layer to access the services of layers below its lower neighbor; this is called layer bridging."",
    ""citations"": [
      {
        ""type"": ""source_text"",
        ""content"": ""To improve performance, this constraint may be relaxed in some cases, allowing a layer to access the services of layers below its lower neighbor; this is called layer bridging."",
        ""img_id"": null
      }
    ],
    ""type"": null
  }
]","To improve performance, this constraint may be relaxed in some cases, allowing a layer to access the services of layers below its lower neighbor; this is called layer bridging.",0.461,3.297
"In a fault tree, when is a parent node drawn as an and-gate?","
[0]
[SECTION]: Designing the Architecture > 5.7 Architecture Evaluation And Refinement > Safety Analysis
[CONTENT]: We learned earlier about the importance of fault identification, correction, and tolerance in creating reliable and robust designs.There are several techniques that can be used during design to identify possible faults or their likely locations. Fault-tree analysis , a method originally  developed  for  the  U.S. Minuteman  missile  program, helps  us  to  examine  a design and look for faults that might lead to failure.We build fault trees that trace backwards through a design, along the logical path from effect to cause. The trees are then used to help us decide which faults to correct or avoid, and which faults to tolerate.
We begin our analysis by identifying possible failures.Although our identification takes place during design, we consider failures that might be affected by design, operation, or even maintenance. We can use a set of guidewords to help us understand how the system might deviate from its intended behavior. Table 5.1 illustrates some of the guidewords  that  might  be  used; you  can  select  your  own  guidewords  or  checklists, based on your system's application domain.
Next, we build an upside-down tree whose root node is some failure that we want to analyze, and whose other nodes are events or faults that realize or lead to the root node's failure. The edges of the graph indicate the relationships among nodes. Parent nodes are drawn as logic gate operators: an and -gate if both of the child nodes' events must occur for the parent node's event to occur; an orgate if one child's event is sufficient to cause the parent's event. Sometimes, an edge is labeled n_of_m if the system includes m redundant components, where n faulty components lead to the designated failure. Each node represents an independent event; otherwise, the analysis results may be invalid, especially with respect to compound faults.


[1]
[SECTION]: Designing the Architecture > 5.7 Architecture Evaluation And Refinement > Safety Analysis
[CONTENT]: The concepts we have described can be applied to any system's hardware or software. The  challenge  is  to  identify  key  possible  failures, and  then  trace  backwards through the design, looking for data and computations that could contribute to the failure. Data-flow and control-flow graphs can help us trace through a design.As we saw in Chapter 4, a data-flow graph depicts the transfer of data from one process to another. The same ideas can be applied to an architectural design, to show what kinds of data flow among the design's software units. In this way, if one of the failures we are analyzing is data related, we can trace backwards through the data-flow graph to find the software  units  that  could  affect  the  data  and  thereby  cause  the  fault. Similarly, a control-flow graph depicts possible transfers of control among software units. When applied to a design, a control-flow graph can show how a control thread progresses from one unit to the next during execution. If we are analyzing a failure that is related to computation or to a quality attribute, we can trace backwards through the controlflow graph to find the software units involved in that computation.
Once  the  fault  tree  is  constructed, we  can  search  for  design  weaknesses. For example, we can derive another tree, called a cut-set tree , that reveals which event combinations can cause the failure. A cut-set tree is especially useful when the fault tree is complex and difficult to analyze by eye. The rules for forming the cut-set tree are as follows:
 - Assign the top node of the cut-set tree to match the logic gate at the top of the fault tree.
 - Working from the top down, expand the cut-set tree as follows:
 - Expand an or -gate node to have two children, one for each or -gate child.
 - Expand an and -gate node to have a child composition node listing both of the and -gate children.
 - Expand  a  composition  node  by  propagating  the  node  to  its  children, but expanding one of the gates listed in the node.
 - Continue until all leaf nodes are basic events or composition nodes of basic events.


[2]
[SECTION]: Designing the Architecture > 5.7 Architecture Evaluation And Refinement > Safety Analysis
[CONTENT]: [FIGURE 5.12 Cut-set tree generated from a fault tree.] 
Once we know the points of failure in our design, we can redesign to reduce the vulnerabilities.We have several choices when we find a fault in a design:
 - Correct the fault.
 - Add components or conditions to prevent the conditions that cause the fault.
 - Add components that detect the fault or failure and recover from the damage.
Although the first option is preferable, it is not always possible.
[FIGURE_DESCRIPTIONS]
[0] Dual diagrams show fault tree and cut-set tree side by side. Top node labeled G1 branches into G2 and G3 on both sides; G2 branches to G4 and G5 on left, while G3 branches to A4 and A5. Leaves include A1, A2, A3, A4, A5 with braces indicating combinations. Right diagram labeled Cut-set tree uses the same structure but emphasizes combinations producing terminal events like {A1, A3}, {A2, A5}, {A2, A4}, {A2, A4}, highlighting minimal cut-sets. Visible textual elements: G1, G2, G3, G4, G5, A1–A5, braces with set notation, and the section titles Fault tree and Cut-set tree. The image focuses on relationships between components and the extraction of cut-sets from a fault tree for reliability assessment.



[3]
[SECTION]: Designing the Architecture > 5.7 Architecture Evaluation And Refinement > Safety Analysis
[CONTENT]: The cut-set is the set of leaf nodes in the cut-set tree. For example, consider the fault tree on the left side of Figure 5.12. G1 is the top logic gate in the fault tree, and its or condition leads us to expand its corresponding node in the cut-set tree to have two child nodes, G2 and G3. In turn, G2 in the fault tree is composed of both G4 and G5,so G2 in the cut-set tree is expanded to have a composition child node with label {G4, G5}. Continuing in this manner, we end up with the cut-set {A1,A3}, {A1,A4}, {A2,A3}, {A2, A4}, {A4,A5}.The cut-set represents the set of minimal event combinations that could lead to the failure listed at the top of the cut-set tree.Thus, if any member of the cut-set is a singleton event set, {A i }, then the top failure could be caused by a single event, A i . Similarly, the  cut-set  element  {A i , A j }  means  that  the  top  failure  can  occur  if  both events A i and A j occur, and cut-set element {A i , A j , . . ., A n }  means that failure can occur only if all of the composite events occur.Thus, we have reasoned from a failure to all possible causes of it.
","[
  {
    ""role"": ""sentence"",
    ""segment"": ""A parent node is drawn as an and-gate when both of the child nodes' events must occur for the parent node's event to occur."",
    ""citations"": [
      {
        ""type"": ""source_text"",
        ""content"": ""Parent nodes are drawn as logic gate operators: an and -gate if both of the child nodes' events must occur for the parent node's event to occur; an orgate if one child's event is sufficient to cause the parent's event."",
        ""img_id"": null
      }
    ],
    ""type"": null
  }
]",A parent node is drawn as an and-gate when both of the child nodes' events must occur for the parent node's event to occur.,0.344,4.43
How is the return on investment (ROI) of a design change calculated?,"
[0]
[SECTION]: Designing the Architecture > 5.7 Architecture Evaluation And Refinement > Cost-Benefit Analysis
[CONTENT]: If there are multiple attributes to consider (e.g., the time it takes to update, reindex, and re-sort  the  catalogue), then  a  design's  total  financial  added  value  is  the  sum  of  the added values ascribed to each of the attributes-some of whose added values may be negative if a design improves one attribute at the expense of a conflicting attribute.
Computing Return on Investment (ROI). The return on investment of making one of these design changes is the ratio of the benefits gained from making the change to the cost of its implementation:
[FORMULA]
ROI = Benefits/Cost These costs are estimated using the techniques described in Chapter 3. The estimated costs of the proposed design changes in our example are shown in Table 5.4. In general,
an ROI of 1 or greater means that the design's benefits outweigh its costs. The higher the ROI value, the more effective the design.
Another useful measure is the payback period : the length of time before accumulated benefits recover the costs of implementation. In our example, the payback period for restructuring the sorted-index module (design 2) is $300,000/$280,000 = 1.07 of a year = approximately 13 months We return to calculations such as these in Chapter 12, where we investigate the best techniques for evaluating the return on investing in software reuse.


[1]
[SECTION]: Why Software Engineering? > 1.3 What Is Good Software? > Quality in the Context of the Business Environment
[CONTENT]: However, Brodman and Johnson (1995) found that the U.S. government and U.S. industry interpret ROI in very different ways, each different from the other, and both different from the standard business school approaches.The government views ROI in terms of dollars,looking at reducing operating costs,predicting dollar savings,and calculating the cost of employing new technologies. Government investments are also expressed in dollars, such as the cost of introducing new technologies or process improvement initiatives.
On the other hand, industry viewed investment in terms of effort, rather than cost or dollars. That is, companies were interested in saving time or using fewer people, and their  definition  of  return  on  investment  reflected  this  focus  on  decreasing  effort. Among the companies surveyed, return on investment included such items as The cost issues included in the definition involve meeting cost predictions, improving cost performance, and staying within budget, rather than reducing operating costs or streamlining  the  project  or  organization. Figure  1.6 summarizes the frequency with which many organizations included an investment item in their definition of ROI. For example, about 5 percent of those interviewed included a quality group's effort in the ROI effort calculation, and approximately 35 percent included software costs when considering number of dollars invested.
 - training
 - schedule
 - risk
 - quality
 - productivity
 - process
 - customer
 - costs
 - business


[2]
[SECTION]: Evaluating Products, Processes, and Resources > 12.6 Evaluating Resources > Return on Investment
[CONTENT]: In an ongoing attempt to improve software development, we select from among recommended methods and tools. Usually, limited resources constrain our choice; we cannot do everything, so we search for criteria for choosing the one(s) most likely to help us reach our goal.Thus, we must take a hard look at how software engineering developers and managers make decisions about technology investment.
Respected business publications often address the problem of technology investment. For example, an often-cited article suggests that any evaluation of an existing or proposed investment in technology be reported in several ways at once to form a 'balanced  scorecard': from  a  customer  view  (i.e., customer  satisfaction), an  operational view (i.e., core competencies), a financial view (i.e., return on investment, share price), and an improvement view (i.e., market leadership and added value) (Kaplan and Norton 1992). For example, Sidebar 12.8 describes some of the returns on investment at Chase Manhattan Bank. Favaro and Pfleeger (1998) suggest that economic value can be a unifying principle.That is, we can look at each investment alternative in terms of its potential economic value to the company as a whole. In fact, maximizing economic value can very well lead to increases in quality, customer satisfaction, and market leadership.
However, there are many different ways to capture economic value. We must decide which investment analysis approach is most appropriate for software-related investment  decision  making  based  on  economic  value. Investment  analysis  is  concerned only with the best way to allocate capital and human resources. Thus, it is distinctly different from cost estimation or metrics; it weighs several alternatives, including the possibility of using capital markets to provide an expected annual rate of return. In other words, from a high-level corporate perspective, management must decide how a proposed technology investment compares with simply letting the money earn interest in the bank!


[3]
[SECTION]: Evaluating Products, Processes, and Resources > 12.6 Evaluating Resources > Return on Investment
[CONTENT]: Not all investment analysis reflects this reality. Taking the perspective of a financial  analyst, Favaro  and  Pfleeger  (1998)  look  critically  at  the  most  commonly  used approaches: net present value, payback, average return on book value, internal rate of return, and profitability index.They show that net present value (NPV) makes the most sense for evaluating software-related investments.
NPV expresses economic value in terms of total project life, regardless of scale or time frame. Since investment planning involves spending money in the future, we can think of the present value of an investment as the value today of a predicted future cash flow. The NPV calculation uses a discount rate or opportunity cost , corresponding to


[4]
[SECTION]: Why Software Engineering? > 1.3 What Is Good Software? > Quality in the Context of the Business Environment
[CONTENT]: Even though the different ROI calculations can be justified for each organization, it is worrying that software technology return on investment is not the same as financial ROI. At some point, program success must be reported to higher levels of management, many of which are related not to software but to the main company business, such as telecommunications or banking. Much confusion will result from the use of the same terminology to mean vastly different things.Thus, our success criteria must make sense not only for software projects and processes, but also for the more general business practices they support.We will examine this issue in more detail in Chapter 12 and look at using several common measures of business value to choose among technology options.
","[
  {
    ""role"": ""paragraph"",
    ""segment"": ""ROI is calculated as the ratio of the benefits gained from making the change to the cost of its implementation."",
    ""citations"": [
      {
        ""type"": ""source_text"",
        ""content"": ""The return on investment of making one of these design changes is the ratio of the benefits gained from making the change to the cost of its implementation:"",
        ""img_id"": null
      },
      {
        ""type"": ""source_text"",
        ""content"": ""ROI = Benefits/Cost"",
        ""img_id"": null
      }
    ],
    ""type"": null
  }
]",ROI is calculated as the ratio of the benefits gained from making the change to the cost of its implementation.,0.394,4.502
How is the payback period defined?,"
[0]
[SECTION]: Evaluating Products, Processes, and Resources > 12.6 Evaluating Resources > SIDEBAR 12.8 RETURN ON INVESTMENT AT CHASE MANHATTAN
[CONTENT]: the rate of return expected from an equivalent investment in capital markets; this rate may change over time. In other words, the discount rate reflects how much money an organization can make if it invests its money in the bank or a financial vehicle instead of in software technology. Hewlett-Packard used NPV to evaluate investment in two multiyear corporate reuse projects.
The net present value is the present value of the benefits minus the value of the initial investment. For example, to invest in a new tool, a company may spend money for training and learning time, as well as for the tool itself. The NPV calculation subtracts these initial investment costs from the projected benefits.

|    | 0                                                             | 1                                                             | 2                                                             |
|---:|:--------------------------------------------------------------|:--------------------------------------------------------------|:--------------------------------------------------------------|
|  0 | TABLE 12.14 Net Present Value Calculation for TwoAlternatives | TABLE 12.14 Net Present Value Calculation for TwoAlternatives | TABLE 12.14 Net Present Value Calculation for TwoAlternatives |
|  1 | Cash Flows                                                    | COTS                                                          | Reuse                                                         |
|  2 | Initial investment                                            | - 9000                                                        | - 4000                                                        |
|  3 | Year 1                                                        | 5000                                                          | - 2000                                                        |
|  4 | Year 2                                                        | 6000                                                          | 2000                                                          |
|  5 | Year 3                                                        | 7000                                                          | 4500                                                          |
|  6 | Year 4                                                        | - 4000                                                        | 6000                                                          |
|  7 | Sum of all cash flows                                         | 5000                                                          | 6500                                                          |
|  8 | NPVat 15%                                                     | 2200                                                          | 2162                                                          |


[1]
[SECTION]: Evaluating Products, Processes, and Resources > 12.6 Evaluating Resources > Return on Investment
[CONTENT]: Not all investment analysis reflects this reality. Taking the perspective of a financial  analyst, Favaro  and  Pfleeger  (1998)  look  critically  at  the  most  commonly  used approaches: net present value, payback, average return on book value, internal rate of return, and profitability index.They show that net present value (NPV) makes the most sense for evaluating software-related investments.
NPV expresses economic value in terms of total project life, regardless of scale or time frame. Since investment planning involves spending money in the future, we can think of the present value of an investment as the value today of a predicted future cash flow. The NPV calculation uses a discount rate or opportunity cost , corresponding to


[2]
[SECTION]: Evaluating Products, Processes, and Resources > 12.6 Evaluating Resources > SIDEBAR 12.8 RETURN ON INVESTMENT AT CHASE MANHATTAN
[CONTENT]: The acceptance rule for NPV is simple: invest in a project if its NPV is greater than zero. To see how NPV works, consider the following situation. A company can create a new product line in two ways:
 - Base  it  on  commercial  off-the-shelf  software  (COTS). This  choice  involves  a large initial procurement cost, with subsequent high returns (based on avoided work), but the COTS product will be outdated and must be replaced after three years.
 - Build the product with a reusable design. The reuse requires considerable upfront costs for design and documentation, but the long-term costs are less than normal.
The net present value calculation may resemble Table 12.14. The COTS alternative has a slightly higher NPV and is therefore preferred.
The  NPV  approach  is  sensitive  to  the  timing  of  the  cash  flows; the  later  the returns, the more the overall value is penalized. Thus, time to market is essential to the analysis and affects the outcome.The size or scale of a project is also reflected in the NPV. Because NPV is additive, we can evaluate the effects of collections of projects simply by summing their individual NPVs. On the other hand, significant gains from one technology can mask losses from investment in another; for this reason, it is useful to evaluate each type of investment separately. In real-world practice, NPV is not used for naive single-project evaluation, but rather in the context of a more comprehensive financial and strategic framework (Favaro 1996).
","[
  {
    ""role"": ""paragraph"",
    ""segment"": ""The chatbot can't answer this question. Please try again with another question."",
    ""citations"": [],
    ""type"": ""abstained""
  }
]",The chatbot can't answer this question. Please try again with another question.,0.209,3.885
"When is the term ""software unit"" used by developers?","
[0]
[SECTION]: Designing the Architecture > 5.3 Decomposition And Views
[CONTENT]: No matter which design approach we use, the resulting design is likely to refer to several  types  of  software  units, such  as component, subsystem, runtime  process, module, class, package, library , or procedure . The different terms describe different aspects of a design. For example, we use the term module to refer to a structural unit of the software's code; a module could be an atomic unit, like a Java class, or it could be an aggregation of other modules. We use the term component to refer to an identifiable runtime element (e.g., the parser is a component in a compiler)-although this term sometimes has a specific meaning, as explained in Sidebar 5.2. Some of the above terms designate software units at different levels of abstraction. For example, a system may be made up of subsystems, which may be made up of packages, which are in turn made up of classes. In other cases, the terms may overlap and present different views of the same entity (e.g., a parser might be both a component and a high-level module). We use the term software unit when we want to talk about a system's composite parts without being precise about what type of part.


[1]
[SECTION]: Why Software Engineering? > 1.4 Who Does Software Engineering?
[CONTENT]: [FIGURE 1.7 Participants in software development.] 
The customer, being in control of the funds, usually negotiates the contract and signs  the  acceptance  papers. However, sometimes  the  customer  is  not  a  user. For example, suppose Wittenberg Water Works signs a contract with Gentle Systems, Inc., to build a computerized accounting system for the company. The president of Wittenberg may describe to the representatives of Gentle Systems exactly what is needed, and she will sign the contract. However, the president will not use the accounting system directly; the users will be the bookkeepers and accounting clerks.Thus,it is important that the developers understand exactly what both the customer and users want and need.
On the other hand, suppose Wittenberg Water Works is so large that it has its own computer systems development division.The division may decide that it needs an automated tool to keep track of its own project costs and schedules. By building the tool itself, the division is at the same time the user, customer, and developer.
[FIGURE_DESCRIPTIONS]
[0] A diagrammatic slide showing a software development lifecycle with labeled entities and interaction arrows. Left side features a user figure labeled ""USER"" and text ""Uses system"". A businessperson at top left labeled ""CUSTOMER"" raises a hand, connected by a bold double-arrow to the developer on the right, labeled ""DEVELOPER"" with a stack of blocks symbolizing code or system construction. Above the developer, text reads ""Sponsors system development"". Between the user and developer is a central diagonal connection labeled with terms such as ""Contractual obligation"" and a bar with the word ""Need(s)"". At the bottom center is a label ""Software system"". The overall composition conveys the flow from user needs to contractual obligations and development output, with directional arrows indicating requirements input to development and system usage back to the user.



[2]
[SECTION]: Testing the Programs > 8.2 Testing Issues > Test Organization
[CONTENT]: Unit
[FIGURE_DESCRIPTIONS]
[0] Diagram illustrating a software testing process with labeled stages and arrows showing flow from component tests to integration, system, and acceptance tests. Top row labels include: Unit test, Design specifications, System functional requirements, Other software requirements specification, Customer requirements specification, User environment. Bottom row labels indicate: Unit test (repeat line), Integrated software, Integrated modules, Functioning system, Verified, validated software, Accepted system, Installation test. Vertical axis hints at components and test levels: Components to be tested concurrently with dotted bullet lists for unit tests and integrated components. Visual elements include rectangular process blocks such as Unit test, Integration test, Function test, Performance test, Acceptance test, Installation test, connected by arrows that map the testing steps. The diagram is titled FIGURE 3.8 Testing steps and is a high-level schematic of the testing lifecycle in a system deployment scenario.



[3]
[SECTION]: Designing the Architecture > 5.10 Software Product Lines
[CONTENT]:  - Software  units: The  reuse  of  software  units  is  more  than  just  code  reuse. It includes the reuse of significant design work, including interface specifications, relationships and interactions with other units, documentation, test cases, scaffolding code (i.e., code developed to support testing and analysis that is not delivered with the final product), and more.
 - Testing: Reuse of testing includes test plans, test documentation, test data, and testing environments. It may also include the test results of reused software units.
 - Project planning: Project budgets and delivery schedules of product-family members  are  likely  to  be  more  accurate  than  products  developed  from  scratch, because we use our knowledge of the costs and schedules of past family members as guides in estimating the costs of subsequent members.
 - Team organization: Because product-family members have similar design structures, we can reuse information from past decisions on how to decompose a product into work pieces, how to assign work pieces to teams, and what skill sets those teams need.
According to the Software Engineering Institute's Product Line Hall of Fame (at http://www.sei.cmu.edu/productlines/plp_hof.html), companies such as Nokia, HewlettPackard,Boeing,and Lucent report a three- to sevenfold improvement in development costs, time-to-market, and productivity from using a product-line approach to software development. Sidebar 5.8 describes one company's conversion to a software product line.


[4]
[SECTION]: Why Software Engineering? > 1.12 What This Chapter Means For Your Development Team
[CONTENT]: Much of your work will be done as a member of a larger development team.As we have seen in this chapter, development involves requirements analysis, design, implementation, testing, configuration management, quality assurance, and more. Some of the people on your team may wear multiple hats, as may you, and the success of the project depends in large measure on the communication and coordination among the team members.We have seen in this chapter that you can aid the success of your project by selecting
 - a development process that is appropriate to your team size, risk level, and application domain
 - tools  that  are  well-integrated  and  support  the  type  of  communication  your project demands
 - measurements and supporting tools to give you as much visibility and understanding as possible
","[
  {
    ""role"": ""sentence"",
    ""segment"": ""We use the term software unit when we want to talk about a system's composite parts without being precise about what type of part."",
    ""citations"": [
      {
        ""type"": ""source_text"",
        ""content"": ""We use the term software unit when we want to talk about a system's composite parts without being precise about what type of part."",
        ""img_id"": null
      }
    ],
    ""type"": null
  }
]",We use the term software unit when we want to talk about a system's composite parts without being precise about what type of part.,0.344,4.329
"According to McCall's quality model, what are the specific internal product quality criteria (on the right-hand side) that map to the external quality factors (on the left-hand side)?","
[0]
[SECTION]: Evaluating Products, Processes, and Resources > 12.4 Evaluating Products > Product Quality Models
[CONTENT]: [FIGURE 12.3 ISO 9126 quality model.] 
[FIGURE_DESCRIPTIONS]
[0] Diagram showing a hierarchical relationship between high-level quality attributes and their detailed sub-attributes. Left column contains seven rectangular labels: Functionality, Reliability, Usability, Efficiency, Maintainability, Portability, each connected by arrows to a middle cluster of more granular attributes. The middle column lists multiple sub-criteria such as Suitability, Accuracy, Interoperability, Security, Maturity, Fault tolerance, Reliability, Understandability, Learnability, Operability, Time behavior, Resource behavior, Analyzability, Modifiability, Adaptability, Stability, Testability, Reusability, Replaceability, and further down more terms like Compatibility, Configurability, Availability. A rightmost column is partially visible containing additional descriptors aligned with each sub-attribute. The diagram emphasizes traceability from high-level quality attributes to concrete evaluative criteria, illustrating a multi-level decomposition typical in software quality models. The arrows indicate one-to-many mappings, suggesting that each high-level attribute maps to several measurable properties. Text is presented in small, narrow blocks with arrows pointing rightward to the sub-attributes, facilitating a screenshot-like reference for quality attribute decomposition.



[1]
[SECTION]: Evaluating Products, Processes, and Resources > 12.4 Evaluating Products > Product Quality Models
[CONTENT]:  - does what the user wants it do
 - uses computer resources correctly and efficiently
 - is easy for the user to learn and use
 - is well-designed, well-coded, and easily tested and maintained The standard recommends measuring the right-hand characteristics directly, but it does not give details about how the measurement is to be done.
One major difference between the ISO model and those of McCall and Boehm is that the ISO hierarchy is strict: each right-hand characteristic is related only to exactly one left-hand attribute. Moreover, the right-hand characteristics are related to the user view of the software, rather than to an internal, developer view.
These models, and many others, are helpful in articulating just what it is that we value in the software we build and use. But none of the models includes a rationale for why some characteristics are included and others left out, and for where in the hierarchy a particular attribute appears. For example, why do none of the models include safety? And why is portability a top-level characteristic in the ISO 9126 model, rather than a subcharacteristic? In addition, there is no guidance about how to compose lower-level characteristics into higher-level ones, to produce an overall assessment of quality.These problems make it difficult for us to determine if a given model is complete or consistent.


[2]
[SECTION]: Evaluating Products, Processes, and Resources > 12.4 Evaluating Products > Product Quality Models
[CONTENT]: Dromey's Model. Dromey has addressed these issues by proposing a way to construct a product-based quality model, all of whose lowest-level characteristics are measurable (Dromey 1996). His technique is based on two issues:
 - Many product properties appear to influence software quality.
 - Apart from a small amount of anecdotal, empirical evidence, there is little formal basis for understanding which lower-level attributes affect the higher-level ones.
Dromey suggests a generic technique for building a quality model. He notes that product quality is largely determined by the choice of components that comprise the product (including requirements documents,user's guides,and designs,as well as code), the tangible properties of components, and the tangible properties of component composition. Moreover, he classifies tangible qualities using four properties:
 - correctness properties
 - internal properties
 - contextual properties
 - descriptive properties Next, he proposes that high-level quality attributes be only those that are of high priority (which will vary from project to project). In an example, he considers the combination of eight high-level attributes: the six attributes of ISO 9126, plus the attributes of reusability and process maturity. Reusability attributes consist of and process maturity attributes consist of To  make  these  characteristics  more  tangible, Dromey  combines  the  attributes with his framework to obtain the linkage shown in Figure 12.4.Then, he evaluates each type  of  software  component  in  light  of  the  framework; two  examples  are  shown  in Figure 12.5.The model is based on following five steps:
 - machine independence
 - separability
 - configurability
 - client orientation
 - well-definedness
 - assurance
 - effectiveness
 - identifying a set of high-level quality attributes
 - identifying the product components
 - identifying and classifying the most significant, tangible, quality-carrying properties for each component
 - proposing a set of axioms for linking product properties to quality attributes


[3]
[SECTION]: Evaluating Products, Processes, and Resources > 12.4 Evaluating Products > Product Quality Models
[CONTENT]: There are several quality models that suggest ways to tie together different quality attributes. Each model helps us to understand how the several facets contribute to the whole. Often, we narrow our focus and think only about faults and failures; these models show us that quality is much broader.When we evaluate the quality of development products, we must see this bigger picture.
Boehm's Model. There are many software quality models, and Boehm and colleagues have constructed one of the best-known, shown in Figure 12.2. It is similar to McCall's in that it presents a hierarchy of characteristics, each of which contributes to overall quality (Boehm et al. 1978). Note that Boehm's notion of successful software includes the needs and expectations of users, as does McCall's; however, Boehm also includes characteristics of hardware performance that are missing in the McCall model. Let us examine Boehm's model in more detail.
Boehm's model begins with the general utility of the software. Thus, Boehm and his colleagues are asserting that first and foremost, a software system must be useful. If it is not, then its development has been a waste of time, money, and effort.We can consider utility in several ways, corresponding to the types of users who remain involved once the system is delivered.


[4]
[SECTION]: Evaluating Products, Processes, and Resources > 12.4 Evaluating Products > Product Quality Models
[CONTENT]:  - evaluating the model, identifying its weaknesses, and refining or re-creating it Clearly, these steps can be used to produce models for requirements, designs, code, and other development products, and each model will reflect product and project goals.
","[
  {
    ""role"": ""paragraph"",
    ""segment"": ""The McCall model’s internal (right-hand) quality criteria shown in the figure include: suitability; accuracy; interoperability; security; maturity; fault tolerance; recoverability; understandability; operability; time behavior; resource behavior; analyzability; testability; maintainability; portability; configurability; adaptability; installability; replaceability."",
    ""citations"": [
      {
        ""type"": ""source_text"",
        ""content"": ""Image: img0_se_theory_practice.pdf__chunk_5161_5161_1179"",
        ""img_id"": ""image_0_1""
      }
    ],
    ""type"": null
  }
]",The chatbot can't answer this question. Please try again with another question.,0.353,11.052
"Which specific personnel roles (e.g., analyst, designer, programmer, tester, trainer) are actively involved during the System Testing phase of the software development lifecycle?","
[0]
[SECTION]: Testing the System > 9.1 Principles Of System Testing > Test Team
[CONTENT]: As we will see, the developers have primary responsibility for function and performance testing, but the customer plays a large role in acceptance and installation tests. However,the test teams for all tests are drawn from both staffs. Often, no programmers from the project are involved in system testing; they are too familiar with the implementation's structure and intention, and they may have difficulty recognizing the differences between implementation and required function or performance.
Thus,the test team is often independent of the implementation staff. Ideally, some test  team  members  are  already  experienced  as  testers. Usually, these 'professional testers' are former analysts, programmers, and designers who now devote all their time to testing systems. The testers are familiar not only with the system specification, but also with testing methods and tools.
Professional testers organize and run the tests.They are involved from the beginning, designing  test  plans  and  test  cases  as  the  project  progresses. The  professional testers work with the configuration management team to provide documentation and other mechanisms for tying tests to the requirements, design components, and code.
The  professional  testers  focus  on  test  development, methods, and  procedures. Because the testers may not be as well-versed in the particulars of the requirements as those who wrote them, the test team includes additional people who are familiar with the requirements. Analysts who were involved in the original requirements definition and specification are useful in testing because they understand the problem as defined by  the  customer. Much  of  system  testing  compares  the  new  system  to  its  original requirements, and the analysts have a good feeling for the customer's needs and goals. Since they have worked with the designers to fashion a solution, analysts have some idea of how the system should work to solve the problem.


[1]
[SECTION]: Testing the System > 9.1 Principles Of System Testing > Test Team
[CONTENT]: System designers add the perspective of intent to the test team. The designers understand what we proposed as a solution, as well as the solution's constraints. They also know how the system is divided into functional or data-related subsystems, and how the system is supposed to work.When designing test cases and ensuring test coverage, the test team calls on the designers for help in listing all possibilities.
Because  tests  and  test  cases  are  tied  directly  to  requirements  and  design, a configuration management representative is  on  the  test  team. As  failures  occur  and changes  are  requested, the  configuration  management  specialist  arranges  for  the changes  to  be  reflected  in  the  documentation, requirements, design, code, or  other development artifact. In fact, changes to correct a fault may result in modifications to other test cases or to a large part of the test plan. The configuration management specialist implements these changes and coordinates the revision of tests.
Finally, the test team includes users . They are best qualified to evaluate issues dealing with appropriateness of audience, ease of use, and other human factors. Sometimes, users have little voice in the early stages of the project. Customer representatives who participate during requirements analysis may not plan to use the system but have jobs related to those who will. For instance, the representatives may be managers of those who will use the system or technical representatives who have discovered a problem that indirectly relates to their work. However, these representatives may be so removed from the actual problem that the requirements description is inaccurate or incomplete. The customer may not be aware of the need to redefine or add requirements.
Therefore, users of the proposed system are essential, especially if they were not present when the system requirements were first defined.A user is likely to be familiar with the problem because of daily exposure to it, and can be invaluable in evaluating the system to verify that it solves the problem.


[2]
[SECTION]: Planning and Managing the Project > 3.2 Project Personnel > Staff Roles and Characteristics
[CONTENT]: In Chapter 2, we examined several software process models, each depicting the way in which the several activities of software development are related. No matter the model, there  are  certain  activities  necessary  to  any  software  project. For  example, every project requires people to interact with the customers to determine what they want and by when they want it. Other project personnel design the system, and still others write or test the programs. Key project activities are likely to include However, not every task is performed by the same person or group; the assignment of staff to tasks depends on project size, staff expertise, and staff experience.There is great advantage in assigning  different  responsibilities  to  different  sets  of  people, offering 'checks and balances' that can identify faults early in the development process. For example, suppose the test team is separate from those who design and code the system. Testing new or modified software involves a system test, where the developers demonstrate to the customer that the system works as specified.The test team must define and document the way in which this test will be conducted and the criteria for linking the demonstrated functionality and performance characteristics to the requirements specified by the customer. The test team can generate its test plan from the requirements documents without knowing how the internal pieces of the system are put together. Because the test team has no preconceptions about how the hardware and software will work, it can concentrate on system functionality. This approach makes it easier for the test team to catch errors and omissions made by the designers or programmers. It is in part for this reason that the cleanroom method is organized to use an independent test team, as we will see in later chapters (Mills, Dyer, and Linger 1987).
 - requirements analysis
 - system design
 - program design
 - program implementation
 - testing
 - training
 - maintenance
 - quality assurance


[3]
[SECTION]: Testing the Programs > 8.2 Testing Issues
[CONTENT]: Many types of tests are done before we can release the system to the customer with confidence that it will work properly. Some tests depend on what is being tested: components,groups of components,subsystems,or the whole system.Other tests depend on what we want to know: Is the system working according to the design? The requirements? The customer's expectations? Let us consider some of these issues.
","[
  {
    ""role"": ""paragraph"",
    ""segment"": ""The System Testing phase actively involves professional testers (former analysts, programmers, and designers who now devote all their time to testing systems), analysts who were involved in the original requirements definition and specification, system designers, a configuration management representative, and users."",
    ""citations"": [
      {
        ""type"": ""source_text"",
        ""content"": ""Usually, these 'professional testers' are former analysts, programmers, and designers who now devote all their time to testing systems."",
        ""img_id"": null
      },
      {
        ""type"": ""source_text"",
        ""content"": ""Analysts who were involved in the original requirements definition and specification are useful in testing because they understand the problem as defined by the customer."",
        ""img_id"": null
      },
      {
        ""type"": ""source_text"",
        ""content"": ""System designers add the perspective of intent to the test team."",
        ""img_id"": null
      },
      {
        ""type"": ""source_text"",
        ""content"": ""a configuration management representative is on the test team."",
        ""img_id"": null
      },
      {
        ""type"": ""source_text"",
        ""content"": ""Finally, the test team includes users ."",
        ""img_id"": null
      }
    ],
    ""type"": null
  }
]","The System Testing phase actively involves professional testers (former analysts, programmers, and designers who now devote all their time to testing systems), analysts who were involved in the original requirements definition and specification, system designers, a configuration management representative, and users.",0.446,9.749
"Based on the work styles framework charting communication against decision-making, what are the two primary defining traits of a Rational Introvert?","
[0]
[SECTION]: Planning and Managing the Project > 3.2 Project Personnel > Work Styles
[CONTENT]: In  contrast, intuitive  extroverts base  many  decisions  on  emotional  reactions, tending to want to tell others about them rather than ask for input.They use their intuition to be creative, and they often suggest unusual approaches to solving a problem. The intuitive introvert is creative, too, but applies creativity only after having gathered INTUITIVE sufficient information on which to base a decision. Winston Churchill was an intuitive introvert; when he wanted to learn about an issue, he read every bit of material available that addressed it. He often made his decisions based on how he felt about what he had learned (Manchester 1983).
[FIGURE_DESCRIPTIONS]
[0] Diagram showing a 2x2 grid with axes labeled INTUITIVE vs RATIONAL horizontally and INTROVERT vs EXTROVERT vertically, plus axes labeled INWARD and OUTWARD at left and right ends. The top left quadrant contains terms: INTUITIVE, INTROVERT, Asks others, Acknowledges feelings. The top right quadrant labeled INTUITIVE, EXTROVERT, Tells others, Acknowledges feelings. The bottom left quadrant labeled RATIONAL, INTROVERT, Asks others, Decides logically. The bottom right quadrant labeled RATIONAL, EXTROVERT, Tells others, Decides logically. The vertical axis on left marks INWARD at top and OUTWARD at bottom, while horizontal axis marks INTUITIVE at top and RATIONAL at bottom. The diagram emphasizes work styles and personality orientation, possibly comparing intuitive versus rational approaches with inward vs outward directions. Visible text includes the quadrant labels and brief descriptors in each quadrant, forming a matrix of communication and decision styles. The overall figure appears to be a conceptual chart from a theory-practice document with minimal additional annotations.



[1]
[SECTION]: Planning and Managing the Project > 3.2 Project Personnel > Work Styles
[CONTENT]: Different people have different preferred styles for interacting with others on the job and for understanding problems that arise in the course of their work. For example, you may prefer to do a detailed analysis of all possible information before making a decision, whereas your colleague may rely on 'gut feeling' for most of his important decisions. You can think of your preferred work style in terms of two components: the way in which your thoughts are communicated and ideas gathered, and the degree to which your emotions affect decision making. When communicating ideas, some people tell others their thoughts, and some people ask for suggestions from others before forming an opinion. Jung (1959) calls the former extroverts and the latter introverts . Clearly, your communication style affects the way you interact with others on a project. Similarly, intuitive people base their decisions on feelings about and emotional reactions to a problem. Others are rational , deciding primarily by examining the facts and carefully considering all options.
We can describe the variety of work styles by considering the graph of Figure 3.10, where communication style forms the horizontal axis and decision style the vertical one.The more extroverted you are, the farther to the right your work style falls on the graph. Similarly, the more emotions play a part in your decisions, the higher up you go. Thus, we can define four basic work styles, corresponding to the four quadrants of the graph. The rational extroverts tend to assert their ideas and not let 'gut feeling' affect their decision making.They tell their colleagues what they want them to know, but they rarely ask for more information before doing so.When reasoning,they rely on logic, not emotion.The rational introverts also avoid emotional decisions, but they are willing to take time to consider all possible courses of action. Rational introverts are information gatherers; they do not feel comfortable making a decision unless they are convinced that all the facts are at hand.


[2]
[SECTION]: Planning and Managing the Project > 3.2 Project Personnel > Work Styles
[CONTENT]: To see how work styles affect interactions on a project, consider several typical staff profiles. Kai, a rational extrovert, judges her colleagues by the results they produce. When making a decision, her top priority is efficiency. Thus, she wants to know only the bottom line. She examines her options and their probable effects, but she does not need to see documents or hear explanations supporting each option. If her time is wasted or her efficiency is hampered in some way, she asserts her authority to regain control of the situation.Thus, Kai is good at making sound decisions quickly.
Marcel, a rational introvert, is very different from his colleague Kai. He judges his peers by how busy they are, and he has little tolerance for those who appear not to be working hard all the time. He is a good worker, admired for the energy he devotes to his work. His reputation as a good worker is very important to him, and he prides himself on being accurate and thorough. He does not like to make decisions without complete information. When asked to make a presentation, Marcel does so only after gathering all relevant information on the subject.
Marcel shares an office with David, an intuitive extrovert. Whereas Marcel will not make a decision without complete knowledge of the situation, David prefers to follow his feelings. Often, he will trust his intuition about a problem, basing his decision on professional judgment rather than a slow, careful analysis of the information at hand. Since he is assertive, David tends to tell the others on his project about his new ideas. He is creative, and he enjoys when others recognize his ideas. David likes to work in an environment where there is a great deal of interaction among the staff members.


[3]
[SECTION]: Planning and Managing the Project > 3.2 Project Personnel > Work Styles
[CONTENT]: Work styles can also involve choice of worker for a given task.For instance,intuitive employees may prefer design and development (requiring new ideas) to maintenance programming and design (requiring attention to detail and analysis of complex results).
","[
  {
    ""role"": ""sentence"",
    ""segment"": ""A Rational Introvert avoids emotional decisions and relies on taking time to consider all possible courses of action; they are information gatherers who do not feel comfortable making a decision unless all the facts are at hand."",
    ""citations"": [
      {
        ""type"": ""source_text"",
        ""content"": ""Rational introverts also avoid emotional decisions, but they are willing to take time to consider all possible courses of action. Rational introverts are information gatherers; they do not feel comfortable making a decision unless they are convinced that all the facts are at hand."",
        ""img_id"": null
      }
    ]
  }
]",A Rational Introvert avoids emotional decisions and relies on taking time to consider all possible courses of action; they are information gatherers who do not feel comfortable making a decision unless all the facts are at hand.,0.498,5.416
"In the decision tree calculating risk exposure for regression testing, what is the exact combined risk exposure value in dollars if the development team chooses not to perform regression testing?","
[0]
[SECTION]: Planning and Managing the Project > 3.4 Risk Management > Risk Management Activities
[CONTENT]: The risk exposure is computed from the risk impact and the risk probability, so we must estimate each of these risk aspects. To see how the quantification is done, consider the analysis depicted in Figure 3.16. Suppose we have analyzed the system development process and we know we are working under tight deadlines for delivery.We have decided to build the system in a series of releases, where each release has more functionality than the one that preceded it. Because the system is designed so that functions are relatively independent, we consider testing only the new functions for a release, and we assume that the existing functions still work as they did before. However, we may worry that there are risks associated with not performing regression testing : the assurance that existing functionality still works correctly.
For  each  possible  outcome, we  estimate  two  quantities: the  probability  of  an unwanted  outcome, P(UO), and  the  loss  associated  with  the  unwanted  outcome,
[FIGURE 3.16 Example of risk exposure calculation.] 
[FIGURE_DESCRIPTIONS]
[0] Diagram depicting a fault-tolerant decision process for risk exposure with labeled branches and numerical thresholds. Central diamond-shaped decision node asks “Do regression testing?” with Yes/No branches guiding to subsequent tests: if Yes, branch includes P(U0) = 0.75 and L(U0) = $5M?; a path to “Find critical fault” with P(U0) = 0.75, L(U0) = $5M, and outcomes showing $1.875M at right; if No, path shows P(U0) = 0.25 and L(U0) = $0.5M, then “Find critical fault” with P(U0) = 0.25, L(U0) = $0.5M, and final exposure values such as $16.625M and $16.5M. A right-most combined-risk exposure arrow labeled “COMBINED RISK EXPOSURE” aggregates the estimated risk and displays multiple monetary values, including $1.875M, $16.625M, and $16.5M. The chart uses rounded monetary figures and probabilistic terms to compare risk effects with and without regression testing, highlighting how test decisions influence exposure outcomes. Text boxes indicate risk exposure thresholds and conditional probabilities, forming a decision tree structure with limited nodes and explicit numeric labels for cost and probability metrics.



[1]
[SECTION]: Planning and Managing the Project > 3.4 Risk Management > Risk Management Activities
[CONTENT]: L(UO). For instance, there are three possible consequences of performing regression testing: finding a critical fault if one exists, not finding the critical fault (even though it exists), or deciding (correctly) that there is no critical fault. As the figure illustrates, we have estimated the probability of the first case to be 0.75, of the second to be 0.05, and of the third to be 0.20. The loss associated with an unwanted outcome is estimated to be $500,000 if a critical fault is found, so that the risk exposure is $375,000. Similarly, we calculate the risk exposure for the other branches of this decision tree, and we find that our risk exposure if we perform regression testing is almost $2 million. However, the same kind of analysis shows us that the risk exposure if we do not perform regression testing is almost $17 million. Thus, we say (loosely) that more is at risk if we do not perform regression testing.
Risk exposure helps us to list the risks in priority order, with the risks of most concern given the highest priority. Next, we must take steps to control the risks.The notion of control acknowledges that we may not be able to eliminate all risks. Instead, we may be able to minimize the risk or mitigate it by taking action to handle the unwanted outcome in an acceptable way. Therefore, risk control involves risk reduction, risk planning, and risk resolution.
There are three strategies for risk reduction:
 - avoiding the risk, by changing requirements for performance or functionality
 - transferring the risk, by allocating risks to other systems or by buying insurance to cover any financial loss should the risk become a reality
 - assuming the risk, by accepting it and controlling it with the project's resources To aid decision making about risk reduction, we must take into account the cost of reducing the risk. We call risk leverage the difference in risk exposure divided by the cost of reducing the risk. In other words, risk reduction leverage is If the leverage value is not high enough to justify the action, then we can look for other less costly or more effective reduction techniques.


[2]
[SECTION]: Testing the Programs > 8.8 When To Stop Testing > Identifying Fault-Prone Code
[CONTENT]: |    | 0         | 1                  | 2                  |
|---:|:----------|:-------------------|:-------------------|
|  0 | TABLE 8.9 | Paths Not Executed | Paths Not Executed |
|  1 | Test Case | Paths Missed       | Total              |
|  2 | 6         | 1 2 3 4            | 4                  |
[FIGURE 8.20 Classification tree to identify fault-prone components.] 
[FIGURE_DESCRIPTIONS]
[0] Diagram depicting a decision tree with nodes and edges, focusing on logic-based design decisions. Central diamond labeled Size with branches leading to conditions “< 100 LOC” and “> 300 LOC” and further splits. Left subtree includes a circle terminal node with a minus sign connected to a decision node labeled “Number of decisions” and a < 15 threshold to another terminal node. Right subtree shows a decision with “Design complexity?” and a branch labeled “< 5” to a terminal node, while the opposite branch leads to a node labeled “Code changes” with a threshold “≥ 5” to a final terminal node. Labels around the diagram indicate qualitative metrics such as LOC ranges, design versus code changes, and thresholds. Visible text includes: Size, < 100 LOC, > 300 LOC, 100-300 LOC, Number of decisions, < 15, Yes/No style circles for branches, Code changes, ≤ 5, ≥ 5. The image emphasizes a rule-based flowchart for software sizing and modification workload, with decision nodes and leaf outcomes.



[3]
[SECTION]: Planning and Managing the Project > 3.4 Risk Management > Risk Management Activities
[CONTENT]: / 1 cost of risk reduction 2 1 Risk exposure before reduction -risk exposure after reduction 2 In some cases, we can choose a development process to help reduce the risk. For example,we saw in Chapter 2 that prototyping can improve understanding of the requirements and design,so selecting a prototyping process can reduce many project risks.
It is useful to record decisions in a risk management plan , so that both customer and development team can review how problems are to be avoided, as well as how they are to be  handled  should  they  arise. Then, we  should  monitor  the  project  as  development progresses, periodically reevaluating the risks, their probability, and their likely impact.
","[
  {
    ""role"": ""sentence"",
    ""segment"": ""The risk exposure if we do not perform regression testing is almost $17 million."",
    ""citations"": [
      {
        ""type"": ""source_text"",
        ""content"": ""the risk exposure if we do not perform regression testing is almost $17 million."",
        ""img_id"": null
      }
      ]
    ,
    ""type"": null
  }
]",The risk exposure if we do not perform regression testing is almost $17 million.,0.544,5.187
"When visually mapping requirements versus specifications, what domain sits exactly at the intersection where the Environment domain overlaps with the System domain?","
[0]
[SECTION]: Capturing the Requirements > 4.3 Types Of Requirements > Two Kinds of Requirements Documents
[CONTENT]: (footnote: 1 A more intuitive expression of this second requirement, that anyone who pays should be allowed to enter the zoo, is not implementable. There is no way for the system to prevent external factors from keeping the paid visitor from entering the zoo: another visitor may push through the unlocked turnstile before the paid visitor, the zoo may close before the paid visitor enters the turnstile, the paid visitor may decide to leave, and so on (Jackson and Zave 1995).)
[FIGURE 4.3 Requirements vs. Specification.] 
[FIGURE_DESCRIPTIONS]
[0] Diagram showing overlapping and nested ellipses representing environments, shared interface, and system boundaries. The largest ellipse labeled Environment appears on the left, a mid-sized ellipse labeled System on the right with a shaded gray fill, and a central cluster where three labels intersect: Requirements, Specifications, and an overlapping area that indicates their relationship. A thin, dotted boundary encloses the inner area containing Requirements and Specifications. A separate, lighter oval labeled Shared Interface sits near the bottom center, crossing into both the Environment and System ellipses, suggesting a mediating region. The diagram emphasizes the interaction between environment, system, and the shared interface, with Requirements and Specifications positioned to indicate iterative refinement and alignment. Visible text includes: Environment, System, Shared Interface, Requirements, Specifications. The overall composition appears to illustrate theory-practice relationships within system engineering.



[1]
[SECTION]: Capturing the Requirements > 4.8 Requirements Documentation > Requirements Specification
[CONTENT]: The requirements specification covers exactly the same ground as the requirements definition, but from the perspective of the developers. Where the requirements definition  is  written  in  terms  of  the  customer's  vocabulary, referring  to  objects, states, events, and activities in the customer's world, the requirements specification is written in terms of the system's interface.We accomplish this by rewriting the requirements so that they refer only to those real-world objects (states, events, actions) that are sensed or actuated by the proposed system:
 - In  documenting  the  system's  interface, we  describe  all  inputs  and  outputs  in detail, including  the  sources  of  inputs, the  destinations  of  outputs, the  value ranges and data formats of input and output data, protocols governing the order in  which  certain  inputs  and  outputs  must  be  exchanged, window  formats  and organization, and any timing constraints. Note that the user interface is rarely the only system interface; the system may interact with other software components (e.g., a database), special-purpose hardware, the Internet, and so on.
 - Next, we restate the required functionality in terms of the interfaces' inputs and outputs. We may use a functional notation or data-flow diagrams to map inputs to outputs, or use logic to document functions' pre-conditions and post-conditions.We may use state machines or event traces to illustrate exact sequences of operations


[2]
[SECTION]: Capturing the Requirements > 4.8 Requirements Documentation > SIDEBAR 4.7 HIDDEN ASSUMPTIONS
[CONTENT]: Z ave and Jackson (1997) have looked carefully at problems in software requirements and specification, including undocumented assumptions about how the real world behaves.
There are actually two types of environmental behavior of interest: desired behavior to be  realized  by  the  proposed  system  (i.e., the  requirements)  and  existing  behavior  that  is unchanged by the proposed system.The latter type of behavior is often called assumptions or domain knowledge . Most requirements writers consider assumptions to be simply the conditions under which the system is guaranteed to operate correctly.While necessary, these conditions are not the only assumptions. We also make assumptions about how the environment will behave in response to the system's outputs.
Consider a railroad-crossing  gate  at  the  intersection  of  a  road  and  a  set  of  railroad tracks. Our requirement is that trains and cars do not collide in the intersection. However, the trains and cars are outside the control of our system; all our system can do is lower the crossing gate upon the arrival of a train and lift the gate after the train passes. The only way our crossing gate will prevent collisions is if trains and cars follow certain rules. For one thing, we have to assume that the trains travel at some maximum speed, so that we know how early to lower the crossing gate to ensure that the gate is down well before a sensed train reaches the intersection. But we also have to make assumptions about how car drivers will react to the crossing gate being lowered: we have to assume that cars will not stay in or enter the intersection when the gate is down.
or exact orderings of inputs and outputs. We may use an entity-relationship diagram to collect related activities and operations into classes. In the end, the specification  should  be  complete, meaning  that  it  should  specify  an  output  for  any feasible sequence of inputs.Thus, we include validity checks on inputs and system responses to exceptional situations, such as violated pre-conditions.


[3]
[SECTION]: Capturing the Requirements > 4.9 Validation And Verification
[CONTENT]: For example, to show that a thermostat and furnace will control air temperature, we have to assume that air temperature changes continuously rather than abruptly, although the sensors may detect discrete value changes, and that an operating furnace will raise the air temperature.These assumptions may seem obvious, but if a building is sufficiently porous and the outside temperature is sufficiently cold, then our second assumption will not hold. In such a case, it would be prudent to set some boundaries on the requirement: as long as the outside temperature is above -100ºC, the thermostat and furnace will control the air temperature.
This use of environmental assumptions gets at the heart of why the documentation  is  so  important: we  rely  on  the  environment  to  help  us  satisfy  the  customer's requirements, and if our assumptions about how the environment behaves are wrong, then our system may not work as the customer expects. If we cannot prove that our specification  and  our  assumptions fulfill  the  customer's  requirements, then  we  need either to change our specification, strengthen our assumptions about the environment, or  weaken  the  requirements  we  are  trying  to  achieve. Sidebar  4.9  discusses  some techniques for automating these proofs.
","[
  {
    ""role"": ""sentence"",
    ""segment"": ""Shared Interface"",
    ""citations"": [
      {
        ""type"": ""img"",
        ""content"": null,
        ""img_id"": ""img0_se_theory_practice.pdf__chunk_1368_1369_325""
      }
    ],
    ""type"": null
  }
]",Shared Interface,0.46,7.149
"In the reference architecture model for a compiler, which specific component bridges the gap between the Semantic analyzer and the Code generator?","
[0]
[SECTION]: Designing the Architecture > 5.1 The Design Process > Design Is a Creative Process
[CONTENT]: [FIGURE 5.3 Reference model for a compiler (adapted from Shaw and Garlan 1996).] 
[FIGURE_DESCRIPTIONS]
[0] Diagrammatic system architecture showing a symbol table at the top connected via solid and dashed lines to multiple components: Lexical analyzer, Parser, Semantic analyzer, Optimizer, Code generator. Data stores labeled as Component and Data store with a key legend in the upper left corner indicating Data store, Data fetch/store, and Control flow. The symbol table provides the central hub with lines radiating to each processing block, while bidirectional arrows between Lexical analyzer, Parser, Semantic analyzer, Optimizer, and Code generator imply cross-component data and control interactions. Arrows indicate the flow of data and control signals; some arrows are dashed (control flow) and solid (data store). The bottom central element is an Attributed… (likely Attributed tree or table) connected bidirectionally with all processing units, suggesting a shared lexical/semantic attribute propagation. Overall, a classic compiler pipeline diagram emphasizing modular processing stages and inter-component communication.



[1]
[SECTION]: Designing the Architecture > 5.1 The Design Process > Design Is a Creative Process
[CONTENT]: There  are  many  ways  to  leverage  existing  solutions. One  extreme  is cloning , whereby we borrow a whole design, and perhaps even the code, making minor adjustments to fit our particular problem. For example, a developer might clone an existing system to customize it for a new customer-though,as we will see, there are better ways of producing variations of the same product. Slightly less extreme is to base our design on  a reference  model : a  standard  generic  architecture  for  a  particular  application domain.A reference model suggests only how we decompose our system into its major components and how those components interact with each other. The design of the individual components and the details of their interactions will depend on the specific application being developed.As an example, Figure 5.3 shows the reference model for a compiler; the specifics of the parser, semantic analyzer, optimizations, and data repositories will vary greatly with the compiler's programming language. There are existing or proposed reference models for a variety of application domains, including operating systems, interpreters, database  management  systems, process-control  systems, integrated tool environments, communication networks, and Web services.


[2]
[SECTION]: Designing the Architecture > 5.7 Architecture Evaluation And Refinement > Safety Analysis
[CONTENT]: The concepts we have described can be applied to any system's hardware or software. The  challenge  is  to  identify  key  possible  failures, and  then  trace  backwards through the design, looking for data and computations that could contribute to the failure. Data-flow and control-flow graphs can help us trace through a design.As we saw in Chapter 4, a data-flow graph depicts the transfer of data from one process to another. The same ideas can be applied to an architectural design, to show what kinds of data flow among the design's software units. In this way, if one of the failures we are analyzing is data related, we can trace backwards through the data-flow graph to find the software  units  that  could  affect  the  data  and  thereby  cause  the  fault. Similarly, a control-flow graph depicts possible transfers of control among software units. When applied to a design, a control-flow graph can show how a control thread progresses from one unit to the next during execution. If we are analyzing a failure that is related to computation or to a quality attribute, we can trace backwards through the controlflow graph to find the software units involved in that computation.
Once  the  fault  tree  is  constructed, we  can  search  for  design  weaknesses. For example, we can derive another tree, called a cut-set tree , that reveals which event combinations can cause the failure. A cut-set tree is especially useful when the fault tree is complex and difficult to analyze by eye. The rules for forming the cut-set tree are as follows:
 - Assign the top node of the cut-set tree to match the logic gate at the top of the fault tree.
 - Working from the top down, expand the cut-set tree as follows:
 - Expand an or -gate node to have two children, one for each or -gate child.
 - Expand an and -gate node to have a child composition node listing both of the and -gate children.
 - Expand  a  composition  node  by  propagating  the  node  to  its  children, but expanding one of the gates listed in the node.
 - Continue until all leaf nodes are basic events or composition nodes of basic events.


[3]
[SECTION]: Designing the Architecture > 5.15 What This Chapter Means For Researchers
[CONTENT]: The architectures in this chapter are depicted as simple box-and-line diagrams, and we note that the modeling techniques discussed in Chapters 4 and 6 may also be useful in modeling the system. However, there are several drawbacks to representing the system only with diagrams. Garlan (2000) points out that informal diagrams cannot easily be evaluated for consistency, correctness, and completeness, particularly when the system is large or complex. Neither can desired architectural properties be checked and enforced as the system evolves over time. Thus, many researchers are investigating the creation and use of formal languages for expressing and analyzing a software architecture.These Architectural  Description  Languages  (ADLs)  include  three  things: a  framework, a notation, and a syntax for expressing a software architecture. Many also have associated tools for parsing, displaying, analyzing, compiling, or simulating an architecture.
The  ADL  is  often  specific  to  an  application  domain. For  instance, Adage (Coglianese and Szymanski 1993) is intended for use in describing avionics navigation and guidance, and Darwin (Magee et al. 1995) supports distributed message-passing systems. Researchers are also investigating ways to integrate various architectural tools into higher-level architectural environments, some of which may be domain specific. And other researchers are mapping ADL concepts to object-based approaches, such as the UML (Medvidovic and Rosenblum 1999).
Another area  ripe  for  research  is  bridging  the  gap  across  architectural  styles. Sometimes  systems  are  developed  from  pieces  that  are  specified  in  different  ways.
DeLine (2001) and others are examining ways to translate a collection of different pieces into a more coherent whole.
","[
  {
    ""role"": ""sentence"",
    ""segment"": ""The Optimizer bridges the gap between the Semantic analyzer and the Code generator."",
    ""citations"": [
      {
        ""type"": ""img"",
        ""content"": null,
        ""img_id"": ""img0_se_theory_practice.pdf__chunk_1916_1916_465""
      }
    ],
    ""type"": null
  }
]",The Optimizer bridges the gap between the Semantic analyzer and the Code generator.,0.448,6.622
"In the messy UML statechart diagram for the Publication class, what specific input event triggers the transition directly from the onloan state to the recall state?","
[0]
[SECTION]: Capturing the Requirements > 4.5 Modeling Notations > Example: UML Statechart Diagrams
[CONTENT]: (footnote: 3 The messy statechart also has a recall state that covers the case where a publication that is being put on reserve is on loan and needs to be recalled; this behavior cannot be modeled as a transition from onloan to reserveloan , because state reserveloan has a transition cancel (used to disallow a loan request if the Patron has outstanding fines) that would be inappropriate in this situation.This special case is modeled in Figure 4.9 by testing on entry (keyword entry is explained below) to state reserve whether the concurrent submachine is In state onloan and issuing a recall event if it is.)
[FIGURE 4.10 Messy UML statechart diagram for Publication class.] 
The UML statechart diagram for the Loan association class in Figure 4.11 illustrates how states can be annotated with local variables (e.g., variable num renews ), actions, and activities. Variables that are local to a state are declared and initialized in the center section of the state.The state's lower section lists actions and activities on the state's  local  variables  as  well  as  on  the  object's  attributes. The  distinction  between actions and activities is subtle: an action is a computation that takes relatively no time to complete and that is uninterruptible, such as assigning an expression to a variable or sending a message. An action can be triggered by a transition entering or exiting the state, in which case it is designated by keyword entry or exit followed by arbitrarily many actions and generated events; or it  can  be  triggered  by  the  occurrence  of  an event, in which case it is designated by the event name followed by arbitrarily many actions and generated events. In our Loan statechart, variable num renews is incremented every time state item  on  loan is  entered, that is, every time the loan is renewed; and  a recallNotify event  is  sent  to  the Patron whenever a recall event is received in that state. In contrast to actions, an activity is a more complex computation that executes over a period of time and that may be interruptible, such as executing an operation. Activities are initiated on entry to the state. When a transition, including a looping transition like the one triggered by renew , executes, the order in which actions are applied is as follows: first, the exit actions of the transition's source state are applied, followed by the transition's own actions, followed by the entry actions and activities of the new state.
[FIGURE_DESCRIPTIONS]
[0] Diagram labeled Publication illustrating a complex object-relational flow with entities such as strands, reserve, and lease. The diagram contains multiple curved arrows indicating operations like borrow(pattern), return, create(pattern, self), cancel, recall, and lose between nodes. Central flow shows a circular shape with an apex star-like node at bottom, connected to reserve, borrow, and lose paths. Text labels include action verbs (borrow, return, cancel, recall, create), and parameter mentions (patron, self, patron, self). Outer boundary shapes suggest a boundary for a publication system, while inner arrows indicate relationships and state transitions: borrow, reserve, lose, recall, cancel, and create relationships among strands, reserve, and lease entities. Overall, a flowchart-style representation of a lending/publication lifecycle with recursive and cross-entity transitions.



[1]
[SECTION]: Capturing the Requirements > 4.5 Modeling Notations > Example: UML Statechart Diagrams
[CONTENT]: A superstate can actually comprise multiple concurrent submachines, separated by dashed lines.The UML statechart for Publication includes two submachines:one that indicates  whether  or  not  the  publication  is  out  on  loan, and  another  that  indicates whether  or  not  the  publication  is  on  reserve. The  submachines  are  said  to  operate concurrently , in that a Publication instance could at any time receive and respond to events of interest to either or both submachines. In general, concurrent submachines are used  to  model  separate, unrelated  subbehaviors, making  it  easier  to  understand  and consider each subbehavior. An equivalent statechart for Publication in Figure 4.10 that does not make use of state hierarchy or concurrency is comparatively messy and repetitive. Note  that  this  messy  statechart  has  a  state  for  each  combination  of  states from Figure 4.9 ( stacks = Publication is in library and not on reserve, onloan = Publication is on loan and not on reserve, etc.). 3 State transitions are labeled with their enabling events and conditions and with their side effects.Transition labels have syntax where  the  triggering event is  a  message  that  may  carry  parameters. The  enabling condition , delimited by square brackets, is a predicate on the object's attribute values. If the transition is taken, its actions , each prefaced with a slash (/), specify assignments made to the object's attributes; the asterisk indicates that a transition may have arbitrarily  many  actions. If  the  transition  is  taken, it  may  generate  arbitrarily  many output events , /^Object.event , each prefaced with a caret an output event may carry parameters and is either designated for a target Object or is broadcast to all objects. For example, in the messy Publication statechart (Figure 4.10), the transition to state recall is enabled if the publication is in state onloan when a request to put the item on reserve is received.When the transition is taken, it sends an event to the Loan object, which in turn will notify the borrower that the item must be returned to the library sooner than the loan's due date. Each of the transition-label elements is optional. For example, a transition need not be enabled by an input event; it could be enabled  only  by  a  condition  or  by  nothing, in  which  case  the  transition  is  always enabled. 1 ¿ 2 ; ' '*''


[2]
[SECTION]: Capturing the Requirements > 4.5 Modeling Notations > Example: SDL Data
[CONTENT]: Thus, the effect of returning a borrowed book is to discard the borrow operation and to reapply the return operation to the rest of the sequence, so that it can remove any extraneous matching borrow operations; this recursion terminates when the return operation is applied to the corresponding buy operation, which denotes the beginning of the book's existence, or to an empty library, an ERROR . Together, these axioms specify that operation return removes from the library state any trace of the item being borrowed, which is the desired behavior.A specification written in this style would nullify consecutive buying, borrowing, or reserving of the same item.
","[
  {
    ""role"": ""sentence"",
    ""segment"": ""The transition from onloan to recall is triggered by a request to put the item on reserve."",
    ""citations"": [
      {
        ""type"": ""source_text"",
        ""content"": ""a request to put the item on reserve is received."",
        ""img_id"": null
      }
    ],
    ""type"": null
  }
]",The transition from onloan to recall is triggered by a request to put the item on reserve.,0.426,5.885
"In the Petri net model of the library problem, what specific variables or tuples are shown being passed as inputs into the Process Payment transition?","
[0]
[SECTION]: Capturing the Requirements > 4.5 Modeling Notations > Example: Petri Nets
[CONTENT]: Basic Petri nets are fine for modeling how control flows through events or among concurrent entities. But if we want to model control that depends on the value of data (e.g., borrowing a particular book from a collection of books), then we need to use a high-level Petri net notation.A number of extensions to basic Petri nets have been proposed to improve the notation's expressibility, including inhibitor arcs, which enable a transition only if the input place is empty of tokens; priority among transitions; timing constraints; and structured tokens, which have values.
To model our library problem, which tracks information and events for multiple patrons and publications, we need a Petri net notation that supports structured tokens and transition actions (Ghezzi et al. 1991). A transition action constrains which tokens in  the  input  places  can  enable  the  transition  and  specifies  the  values  of  the  output tokens. Figure 4.13 is a high-level Petri net specification for the library problem. Each place stores tokens of a different data type. Avail stores a token for every library item that is not currently out on loan.A token in Fines is an n -tuple (i.e., an ordered set of n elements, sometimes called a tuple for short) that maps a patron to the value of his or her total outstanding library fines.A token in OnLoan is another type of tuple that maps a patron and a library item to a due date . A few of the transition predicates and actions are shown in Figure 4.13, such as the action on Process Payment , where the inputs are a payment and the patron's current fines , and the output is a new Fines tuple. The predicates not shown assert that if the token elements in a transition's input or output tokens have the same name, they must have the same value. So in  transition Borrow , the patron making  the Loan  Request must  match  the patron with no outstanding Fines and match the patron who appears in the generated OnLoan tuple; at the same time, the item being borrowed must match an item in Avail . Otherwise, those tuples do not enable the transition. The net starts with an initial marking of item tuples in Avail and ( patron, 0 ) tuples in Fines . As library users trigger input transitions Pay , Initiate Loan , and Initiate Return , new tokens are introduced to the system, which enable the library transitions, which in turn fire and update the Fines tokens and the Avail and OnLoan tokens, and so on.


[1]
[SECTION]: Capturing the Requirements > 4.5 Modeling Notations > Example: Petri Nets
[CONTENT]: [FIGURE 4.13 Petri net of the library problem.] 
[FIGURE_DESCRIPTIONS]
[0] Diagram illustrating a loan and fine payment workflow with labeled actions and decision points. Central circular nodes labeled Pay, Payment, Fines, Item, Available, OnLoan, Return, Initiate Return, Initiate Loan, Withdraw Loan Request, Return Request, and Overdue Fine. Arrows indicate flow: from Pay to Payment; Payment leads to Fines and to Finalize Payment if within terms; Fines connect to Available and Late/Fines paths; Overdue Fine branches to Return and Initiate Return. The diagram includes textual labels such as (patron, payment), (patron, fines > payment), (patron, item), (item, overdue fine) and shows interactions between patrons, items, and loan states. It visually encodes a state-machine or sequence diagram for library loan process with fines and return workflows, including statuses like OnLoan and Withdraw/Return Requests, and processes for overdue fines and item availability.



[2]
[SECTION]: Capturing the Requirements > 4.5 Modeling Notations > Example: Petri Nets
[CONTENT]: [FIGURE 4.12 Petri net of book loan.] 
These features of concurrency and synchronization are especially useful for modeling events whose order of occurrence is not important. Consider the emergency room in a hospital. Before a patient can be treated, several events must occur.The triage staff must attempt to find out the name and address of the patient and to determine the patient's blood type. Someone must see if the patient is breathing, and also examine the patient for injuries. The events occur in no particular order, but all must occur before a team of doctors begins a more thorough examination. Once the treatment begins (i.e., once the transition is made from a preliminary examination to a thorough one), the  doctors  start  new  activities. The  orthopedic  doctors  check  for  broken  bones, while the hematologist runs blood tests and the surgeon puts stitches in a bleeding wound.The doctors' activities are independent of one another, but none can occur until the transition from the preliminary examination takes place.A state-machine model of the emergency room might specify only a single order of events, thereby excluding several acceptable behaviors, or it might specify all possible sequences of events, resulting in an overly complex model for a relatively simple problem. A Petri net model of the same emergency room nicely avoids both of these problems.
[FIGURE_DESCRIPTIONS]
[0] Diagram illustrating a loan request and return flow in a loan/borrow system. Key labeled nodes include Initiate Loan on the left, Borrow, Return, Withdraw Loan Request, Withdraw Return Request, and OnLoan. The main path forms a diamond shape with Avail at the top circle and OnLoan at the bottom circle, connected by two parallel branches labeled Borrow and Return. Initiate Loan leads to Withdraw Loan Request and then to a circular OnLoan node, while Return Request flows also into Withdraw Return Request and back toward a circle labeled OnLoan, indicating a state machine for loan lifecycle. Text labels emphasize the sequence: Initiate Loan, Withdraw Loan Request, Borrow, OnLoan, Avail, Return, Withdraw Return Request, Return Request. The diagram visually encodes state transitions and resource availability in a two-way lending process.

","[
  {
    ""role"": ""sentence"",
    ""segment"": ""the inputs are a payment and the patron's current fines , and the output is a new Fines tuple."",
    ""citations"": [
      {
        ""type"": ""source_text"",
        ""content"": ""the inputs are a payment and the patron's current fines , and the output is a new Fines tuple."",
        ""img_id"": null
      }
    ],
    ""type"": null
  }
]","the inputs are a payment and the patron's current fines , and the output is a new Fines tuple.",0.404,5.234
"In the use-case diagram for the library system, which two specific use cases are connected to the reserve item use case via an <<extend>> relationship?","
[0]
[SECTION]: Capturing the Requirements > 4.5 Modeling Notations > Example: Use Cases
[CONTENT]: A UML use-case diagram (OMG 2003) is similar to a top-level data-flow diagram that depicts observable, user-initiated functionality in terms of interactions between the system and its environment.A large box represents the system boundary. Stick figures outside the box portray actors, both humans and systems, and each oval inside the box is a use  case  that  represents  some  major  required  functionality  and  its  variants. A  line between an actor and a use case indicates that the actor participates in the use case. Use cases are not meant to model all the tasks that the system should provide. Rather, they are used to specify user views of essential system behavior. As such, they model only system  functionality  that  can  be  initiated  by  some  actor  in  the  environment. For example, in Figure 4.15, key library uses include borrowing a book, returning a borrowed book, and paying a library fine.
[FIGURE 4.15 Library use cases.] 
[FIGURE_DESCRIPTIONS]
[0] Diagram depicting a use-case or sequence flow involving a Patron and Librarian interacting with a Library Inventory system. Visual elements include three vertical lanes representing actors on the left (Patron and Librarian) and a central process area containing rounded-rectangle process items and dashed/solid arrows indicating relationships. Key visible labels: pay fines, find item, return item, borrow item, reserve item, recall item, unreserve item. Arrows show include and extend relationships between use cases, with some items extending others as noted by the dashed lines and label <<extend>>. A solid line connects Patron to the Library Inventory boundary, suggesting an external system boundary. The Library Inventory area on the right side contains a tall vertical boundary. The diagram emphasizes interactions such as paying fines, borrowing, returning, searching, and item status operations, with textual cues like include/extend annotations and items arranged in two clusters: core patron actions and librarian-assisted actions. Visual emphasis on relationships between actions (e.g., borrow item extends find item; pay fines includes check fines) and the boundary between actors and system.



[1]
[SECTION]: Capturing the Requirements > 4.5 Modeling Notations > Example: UML Class Diagrams
[CONTENT]: (footnote: 2 In later examples,we model an item's loan state and reserve state as states in a state-machine model (Figure 4.9), and this information is included in the library's detailed class model (Figure 4.18).)
The Loan class in the library model is an association class , which relates attributes and operations to an association. Association classes are used to collect information that cannot be attributed solely to one class or another. For example, the Loan attributes are not properties of the borrower or of the item borrowed, but rather of the loan transaction or contract. An association class has exactly one instantiation per link in the association, so our modeling Loan as an association class is correct only if we want to model snapshots of the library inventory (i.e., model only current loans). If we wanted instead to maintain a history of all loan transactions, then (because a patron might borrow an item multiple times), we would model Loan as a full-fledged class.


[2]
[SECTION]: Capturing the Requirements > 4.5 Modeling Notations > Example: UML Class Diagrams
[CONTENT]: [FIGURE 4.5 UML class model of the library problem.] 
UML also allows the specifier to designate attributes and operations as being associated  with  the  class  rather  than  with  instances  of  the  class. A class-scope  attribute , represented as an underlined attribute,is a data value that is shared by all instances of the class. In the library class diagram, the attributes reserve loan period and reserve fine rate are values that apply to all publications on reserve. Thus in this model, the librarian can set and modify the loan duration for classes of items (e.g., books, periodicals, items on reserve) but not for individual items. Similarly, a class-scope operation , written  as  an  underlined  operation, is  an  operation  performed  by  the  abstract  class, rather than by class instances, on a new instance or on the whole collection of instances; create() , search() , and delete() are common class-scope operations.
[FIGURE_DESCRIPTIONS]
[0] Diagrammatic data model representing a publishing system with entities such as Patron, Borrower, Publication, Loan, Book, Periodical, and Article. The visual shows rectangular boxes with labeled fields and arrows indicating relationships. Patron connects to Borrower and to Publication through a many-to-many or associative relationship via a bridge table-like structure. Publication aggregates different subtypes including Book, Periodical, and Article, each with their own attributes such as author, title, volume, number, year, and loan-related fields like due date, loan status, and fine value. The Loan entity contains attributes like due date, fine amount, and calls to actions such as renew() and recall(). The Book, Periodical, and Article boxes depict their specific fields, for example Periodical contains editor, volume, number, and issue date. The diagram emphasizes inheritance or specialization from Publication to Book, Periodical, and Article, with a hierarchical pointer from Publication to its subtypes. Text elements visible include: loan, due date, fine, renew(), recall(), publisher, author, title, volume, number, year, editor, and fine rate. The overall structure appears to be a database schema or object-relational diagram illustrating relationships and responsibilities among library-related entities and operations.



[3]
[SECTION]: Capturing the Requirements > 4.5 Modeling Notations > Functions and Relations
[CONTENT]: |    | 0                                                                                 | 1   | 2   | 3   | 4   | 5   | 6   | 7   | 8   |
|---:|:----------------------------------------------------------------------------------|:----|:----|:----|:----|:----|:----|:----|:----|
|  0 | (event) borrow (event) return (event) reserve (event) unreserve                   | T   | T   | T   | F   | F   | F   | F   | F   |
|  1 |                                                                                   | F   | F   | F   | T   | T   | F   | F   | F   |
|  2 |                                                                                   | F   | F   | F   | F   | F   | T   | T   | F   |
|  3 |                                                                                   | F   | F   | F   | F   | F   | F   | F   | T   |
|  4 | item out on loan                                                                  | F   | T   | -   | -   | -   | F   | T   | F   |
|  5 | item on reserve                                                                   | -   | -   | -   | F   | T   | -   | -   | -   |
|  6 | patron.fines > $0.00                                                              | F   | -   | T   | -   | -   | -   | -   | -   |
|  7 | (Re-)Calculate due date Put item in stacks Put item on reserve Send recall notice | X   |     |     | X   |     |     | X   | X   |
|  8 | shelf                                                                             |     |     |     |     | X   | X   | X   |     |
|  9 | Reject event                                                                      |     | X   | X   |     |     |     |     |     |
","[
    {
        ""role"": ""sentence"",
        ""segment"": ""The two use cases connected to the reserve item use case via an <<extend>> relationship are borrow item and find item."",
        ""citations"": [
            {
                ""type"": ""img"",
                ""content"": null,
                ""img_id"": ""img0_se_theory_practice.pdf__chunk_1468_1471_363""
            }
        ],
        ""type"": null
    }
]",The two use cases connected to the reserve item use case via an <<extend>> relationship are borrow item and find item.,0.456,9.557
"In the fault tree analyzing a security breach, what are the two specific basic events that must both occur (linked by an AND-gate) for an Illegal access granted condition to be met?","
[0]
[SECTION]: Designing the Architecture > 5.7 Architecture Evaluation And Refinement > Safety Analysis
[CONTENT]: [FIGURE 5.11 Fault tree for a security breach.] 
For example, consider the fault tree presented in Figure 5.11.The tree shows that a security breach could occur either if a previous logout is not recognized (leaving the previous user logged in) or an unauthorized user gains access to the system. For the latter to happen, both of two basic events must happen: a valid user's password is exposed, and the password is not changed between the time of the exposure and the time an unauthorized user attempts to use it.
[FIGURE_DESCRIPTIONS]
[0] Diagram illustrating a security breach failure flow with labeled elements and logical connectors. Top node labeled Security breach feeds into an OR gateway leading to either an “Neither event leads to failure” path or to an intermediate node labeled Illegal access granted. From there, an AND gateway combines two sub-events: Password exposed and Password not changed, both required for the subsequent path toward failure. The left and right dashed lines indicate two parallel or conditional paths converging on a Failure outcome. Surrounding annotations: “Either event leads to failure” at the right, “Both events must occur to cause failure” near the AND node, and basic events depicted as ovals connected beneath the Illegal access granted node. There are two ovals labeled Password exposed and Password not changed. The overall structure emphasizes a fault-tree-like model with basic events feeding into gates to produce a top-level Failure. Readable text includes security terms and gate types (AND, OR) and event labels.



[1]
[SECTION]: Designing the Architecture > 5.7 Architecture Evaluation And Refinement > Safety Analysis
[CONTENT]: The concepts we have described can be applied to any system's hardware or software. The  challenge  is  to  identify  key  possible  failures, and  then  trace  backwards through the design, looking for data and computations that could contribute to the failure. Data-flow and control-flow graphs can help us trace through a design.As we saw in Chapter 4, a data-flow graph depicts the transfer of data from one process to another. The same ideas can be applied to an architectural design, to show what kinds of data flow among the design's software units. In this way, if one of the failures we are analyzing is data related, we can trace backwards through the data-flow graph to find the software  units  that  could  affect  the  data  and  thereby  cause  the  fault. Similarly, a control-flow graph depicts possible transfers of control among software units. When applied to a design, a control-flow graph can show how a control thread progresses from one unit to the next during execution. If we are analyzing a failure that is related to computation or to a quality attribute, we can trace backwards through the controlflow graph to find the software units involved in that computation.
Once  the  fault  tree  is  constructed, we  can  search  for  design  weaknesses. For example, we can derive another tree, called a cut-set tree , that reveals which event combinations can cause the failure. A cut-set tree is especially useful when the fault tree is complex and difficult to analyze by eye. The rules for forming the cut-set tree are as follows:
 - Assign the top node of the cut-set tree to match the logic gate at the top of the fault tree.
 - Working from the top down, expand the cut-set tree as follows:
 - Expand an or -gate node to have two children, one for each or -gate child.
 - Expand an and -gate node to have a child composition node listing both of the and -gate children.
 - Expand  a  composition  node  by  propagating  the  node  to  its  children, but expanding one of the gates listed in the node.
 - Continue until all leaf nodes are basic events or composition nodes of basic events.


[2]
[SECTION]: Designing the Architecture > 5.7 Architecture Evaluation And Refinement > Safety Analysis
[CONTENT]: We learned earlier about the importance of fault identification, correction, and tolerance in creating reliable and robust designs.There are several techniques that can be used during design to identify possible faults or their likely locations. Fault-tree analysis , a method originally  developed  for  the  U.S. Minuteman  missile  program, helps  us  to  examine  a design and look for faults that might lead to failure.We build fault trees that trace backwards through a design, along the logical path from effect to cause. The trees are then used to help us decide which faults to correct or avoid, and which faults to tolerate.
We begin our analysis by identifying possible failures.Although our identification takes place during design, we consider failures that might be affected by design, operation, or even maintenance. We can use a set of guidewords to help us understand how the system might deviate from its intended behavior. Table 5.1 illustrates some of the guidewords  that  might  be  used; you  can  select  your  own  guidewords  or  checklists, based on your system's application domain.
Next, we build an upside-down tree whose root node is some failure that we want to analyze, and whose other nodes are events or faults that realize or lead to the root node's failure. The edges of the graph indicate the relationships among nodes. Parent nodes are drawn as logic gate operators: an and -gate if both of the child nodes' events must occur for the parent node's event to occur; an orgate if one child's event is sufficient to cause the parent's event. Sometimes, an edge is labeled n_of_m if the system includes m redundant components, where n faulty components lead to the designated failure. Each node represents an independent event; otherwise, the analysis results may be invalid, especially with respect to compound faults.


[3]
[SECTION]: Designing the Architecture > 5.7 Architecture Evaluation And Refinement > Safety Analysis
[CONTENT]: The cut-set is the set of leaf nodes in the cut-set tree. For example, consider the fault tree on the left side of Figure 5.12. G1 is the top logic gate in the fault tree, and its or condition leads us to expand its corresponding node in the cut-set tree to have two child nodes, G2 and G3. In turn, G2 in the fault tree is composed of both G4 and G5,so G2 in the cut-set tree is expanded to have a composition child node with label {G4, G5}. Continuing in this manner, we end up with the cut-set {A1,A3}, {A1,A4}, {A2,A3}, {A2, A4}, {A4,A5}.The cut-set represents the set of minimal event combinations that could lead to the failure listed at the top of the cut-set tree.Thus, if any member of the cut-set is a singleton event set, {A i }, then the top failure could be caused by a single event, A i . Similarly, the  cut-set  element  {A i , A j }  means  that  the  top  failure  can  occur  if  both events A i and A j occur, and cut-set element {A i , A j , . . ., A n }  means that failure can occur only if all of the composite events occur.Thus, we have reasoned from a failure to all possible causes of it.
","[
  {
    ""role"": ""sentence"",
    ""segment"": ""The two basic events are that a valid user's password is exposed, and the password is not changed between the time of the exposure and the time an unauthorized user attempts to use it."",
    ""citations"": [
      {
        ""type"": ""source_text"",
        ""content"": ""a valid user's password is exposed"",
        ""img_id"": null
      },
      {
        ""type"": ""source_text"",
        ""content"": ""the password is not changed between the time of the exposure and the time an unauthorized user attempts to use it"",
        ""img_id"": null
      }
    ],
    ""type"": null
  }
]","The two basic events are that a valid user's password is exposed, and the password is not changed between the time of the exposure and the time an unauthorized user attempts to use it.",0.585,5.294
"In the diagram illustrating the relationship between computer science and software engineering, what specific component directly connects SOFTWARE ENGINEERING to the Problem?","
[0]
[SECTION]: Why Software Engineering? > 1.1 What Is Software Engineering? > Where Does the Software Engineer Fit In?
[CONTENT]: [FIGURE 1.3 The relationship between computer science and software engineering.] 
[FIGURE_DESCRIPTIONS]
[0] Flowchart-like diagram with labeled blocks and connecting arrows. Top row contains two rectangular blocks: 'COMPUTER SCIENCE' on left and 'CUSTOMER' on right, each connected downward by arrows to hexagonal shapes labeled 'Theories' (under Computer Science) and 'Problem' (under Customer). A central column shows a rectangular block labeled 'Computer Functions' beneath both left and right branches, connected by arrows from the hexagons above. Below this, a larger rectangular block labeled 'SOFTWARE ENGINEERING' sits center, with arrows from 'Computer Functions' and a separate downward path. At the bottom is a hexagonal shape labeled 'Tools and Techniques to Solve Problem' with an arrow from the 'SOFTWARE ENGINEERING' block descending into it. The diagram uses simple black outlines and a vertical flow from theory and problem to software engineering and tools.



[1]
[SECTION]: Why Software Engineering? > 1.1 What Is Software Engineering? > Solving Problems
[CONTENT]: [FIGURE 1.2 The process of synthesis.] 
To help us solve a problem, we employ a variety of methods, tools, procedures, and  paradigms. A method or technique is  a  formal  procedure  for  producing  some result. For example, a chef may prepare a sauce using a sequence of ingredients combined in a carefully timed and ordered way so that the sauce thickens but does not curdle or separate. The procedure for preparing the sauce involves timing and ingredients but may not depend on the type of cooking equipment used.
[FIGURE_DESCRIPTIONS]
[0] Diagrammed workflow of problem solving. Starts with a labeled, bold 'PROBLEM' box at the top, connected by a downward arrow to a sequence of staggered, horizontally oriented rectangles resembling subblocks. The first row shows two side-by-side subblocks, one shaded and one unshaded, followed by a small offset pair and a narrow shaded block. A separate right-aligned column contains 'Subproblem 4' as a distinct box. A dotted, caption-like label 'FIGURE 1.1. The process of analysis.' appears beneath the row. In the middle row, there are labeled boxes 'Solution 1', 'Solution 2', 'Solution 3', and 'Solution 4' aligned in a row, with an arrow guiding down to another set of two horizontal blocks and an additional small block underneath, all leading to a final downward arrow into a large shaded 'SOLUTION' box at the bottom. The entire figure conveys decomposition of a problem into subproblems, solutions, and a final solution, using a consistent block-and-arrow schematic language.



[2]
[SECTION]: Why Software Engineering? > 1.1 What Is Software Engineering?
[CONTENT]: As software engineers, we use our knowledge of computers and computing to help solve problems. Often the problem with which we are dealing is related to a computer or an existing computer system, but sometimes the difficulties underlying the problem have nothing to do with computers.Therefore, it is essential that we first understand the nature of the problem. In particular, we must be very careful not to impose computing machinery or techniques on every problem that comes our way. We must solve the problem first. Then, if need be, we can use technology as a tool to implement our solution. For the remainder of this book, we assume that our analysis has shown that some kind of computer system is necessary or desirable to solve a particular problem at hand.


[3]
[SECTION]: Why Software Engineering? > 1.1 What Is Software Engineering? > Solving Problems
[CONTENT]: Most problems are large and sometimes tricky to handle, especially if they represent something new that has never been solved before. So we must begin investigating a problem by analyzing it, that is, by breaking it into pieces that we can understand and try to deal with. We can thus describe the larger problem as a collection of small problems and their interrelationships. Figure 1.1 illustrates how analysis works. It is important  to  remember  that  the  relationships  (the  arrows  in  the  figure, and  the  relative positions of the subproblems) are as essential as the subproblems themselves. Sometimes, it is the relationships that hold the clue to how to solve the larger problem, rather than simply the nature of the subproblems.
Once we have analyzed the problem, we must construct our solution from components that address the problem's various aspects. Figure 1.2 illustrates this reverse process: Synthesis is the putting together of a large structure from small building blocks.As with analysis, the composition of the individual solutions may be as challenging as the process of finding the solutions. To see why, consider the process of writing a novel. The dictionary contains all the words that you might want to use in your writing. But the most difficult part of writing is deciding how to organize and compose the words into sentences,and likewise the sentences into paragraphs and chapters to form the complete book.Thus, any problem-solving technique must have two parts: analyzing the problem to determine its nature, and then synthesizing a solution based on our analysis.


[4]
[SECTION]: Why Software Engineering? > 1.1 What Is Software Engineering? > Where Does the Software Engineer Fit In?
[CONTENT]: To understand how a software engineer fits into the computer science world, let us look to another discipline for an example. Consider the study of chemistry and its use to solve problems. The chemist investigates chemicals: their structure, their interactions, and  the  theory  behind  their  behavior. Chemical  engineers  apply  the  results  of  the chemist's studies to a variety of problems. Chemistry as viewed by chemists is the object of study. On the other hand, for a chemical engineer, chemistry is a tool to be used to address a general problem (which may not even be 'chemical' in nature).
We can view computing in a similar light. We can concentrate on the computers and programming languages, or we can view them as tools to be used in designing and implementing a solution to a problem. Software engineering takes the latter view, as shown in  Figure  1.3. Instead  of  investigating  hardware  design  or  proving  theorems about how algorithms work,a software engineer focuses on the computer as a problemsolving tool. We will see later in this chapter that a software engineer works with the functions of a computer as part of a general solution, rather than with the structure or theory of the computer itself.


[5]
[SECTION]: SOFTWARE ENGINEERING THEORY AND PRACTICE
[CONTENT]: 
","[
  {
    ""role"": ""sentence"",
    ""segment"": ""The diagram shows a direct connection from the Problem to Software Engineering (no intermediate component)."",
    ""citations"": [
      {
        ""type"": ""img"",
        ""content"": null,
        ""img_id"": ""img0_se_theory_practice.pdf__chunk_144_144_44""
      }
    ],
    ""type"": null
  }
]",The diagram shows a direct connection from the Problem to Software Engineering (no intermediate component).,0.457,10.488
"In the structure of software development model by Abdel-Hamid, what specific components fall under the HUMAN RESOURCE MANAGEMENT category?","
[0]
[SECTION]: Planning and Managing the Project > 3.2 Project Personnel > Staff Roles and Characteristics
[CONTENT]: In Chapter 2, we examined several software process models, each depicting the way in which the several activities of software development are related. No matter the model, there  are  certain  activities  necessary  to  any  software  project. For  example, every project requires people to interact with the customers to determine what they want and by when they want it. Other project personnel design the system, and still others write or test the programs. Key project activities are likely to include However, not every task is performed by the same person or group; the assignment of staff to tasks depends on project size, staff expertise, and staff experience.There is great advantage in assigning  different  responsibilities  to  different  sets  of  people, offering 'checks and balances' that can identify faults early in the development process. For example, suppose the test team is separate from those who design and code the system. Testing new or modified software involves a system test, where the developers demonstrate to the customer that the system works as specified.The test team must define and document the way in which this test will be conducted and the criteria for linking the demonstrated functionality and performance characteristics to the requirements specified by the customer. The test team can generate its test plan from the requirements documents without knowing how the internal pieces of the system are put together. Because the test team has no preconceptions about how the hardware and software will work, it can concentrate on system functionality. This approach makes it easier for the test team to catch errors and omissions made by the designers or programmers. It is in part for this reason that the cleanroom method is organized to use an independent test team, as we will see in later chapters (Mills, Dyer, and Linger 1987).
 - requirements analysis
 - system design
 - program design
 - program implementation
 - testing
 - training
 - maintenance
 - quality assurance


[1]
[SECTION]: Modeling the Process and Life Cycle > 2.3 Tools And Techniques For Process Modeling > Dynamic Modeling: System Dynamics
[CONTENT]: Thus, the first  step  in  using  system  dynamics  is  to  identify  these  relationships, based on a combination of empirical evidence, research reports, and intuition.The next step is to quantify the relationships.The quantification can involve direct relationships, such  as  that  between  staff  size  and  communication. We  know  that  if n people  are assigned to a project, then there are n ( n -1)/2 potential pairs of people who must communicate and coordinate with one another. For some relationships, especially those that involve resources that change over time, we must assign distributions that describe the building up and diminishing of the resource. For example, it is rare for everyone on a project to begin work on the first day.The systems analysts begin, and coders join the project  once  the  significant  requirements  and  design  components  are  documented. Thus, the distribution describes the rise and fall (or even the fluctuation, such as availability around holidays or summer vacations) of the resources.
A system dynamics model can be extensive and complex. For example, AbdelHamid's software development model contains more than 100 causal links; Figure 2.14 shows an overview of the relationships he defined. He defined four major areas that affect productivity: software production, human resource management, planning, and control. Production  includes  issues  of  quality  assurance, learning, and  development rate. Human  resources  address  hiring, turnover, and  experience. Planning  concerns schedules and the pressures they cause, and control addresses progress measurement and the effort required to finish the project.
Because the number of links can be quite large, system dynamics models are supported by software that captures both the links and their quantitative descriptions and then simulates the overall process or some subprocess.


[2]
[SECTION]: Modeling the Process and Life Cycle > 2.3 Tools And Techniques For Process Modeling > Dynamic Modeling: System Dynamics
[CONTENT]: [FIGURE 2.13 Model of factors contributing to productivity (Abdel-Hamid 1996).] 
The figure shows us that average nominal potential productivity is affected by three things: the productivity of the experienced staff, the fraction of experienced staff, and the productivity of the new staff. At the same time, new staff must learn about the project; as more of the project is completed, the more the new staff must learn before they can become productive members of the team.
Other issues affect the overall development productivity. First, we must consider the fraction of each day that each developer can devote to the project. Schedule pressures  affect  this  fraction, as  do  the  developers'  tolerances  for  workload. Staff  size affects productivity, too, but the more staff, the more likely it is that time will be needed just to communicate information among team members.Communication and motivation, combined with the potential productivity represented in the upper half of Figure 2.13, suggest a general software development productivity relationship.
[FIGURE_DESCRIPTIONS]
[0] Flow diagram illustrating factors influencing software development productivity and project outcomes. The top section shows a chain starting with Experienced staff nominal potential productivity and New staff nominal potential productivity converging to Average nominal potential productivity, then leading to Potential productivity, which branches into Software development productivity and Learning multiplier, with the latter connected to Percent of project completed. Another branch from Potential productivity points to Actual fraction of person-days on project and Motivation and knowledge losses, which feed into Schedule pressure and Communication overhead, ultimately influencing Software development productivity. Additional modifiers include Over/under work tolerances and Staff size affecting Communication overhead. The diagram includes labeled arrows indicating relationships such as effects of staff experience, staff mix, and project progress on overall productivity and completion rate. Visible text: Fraction of staff experienced, Percent of project completed, New staff nominal productivity, Average nominal potential productivity, Potential productivity, Software development productivity, Learning multiplier, Actual fraction of person-days on project, Motivation and knowledge losses, Schedule pressure, Communication overhead, Staff size, Over/under work tolerances.



[3]
[SECTION]: Evaluating Products, Processes, and Resources > 12.6 Evaluating Resources > People Maturity Model
[CONTENT]:  - develops capabilities
 - builds teams and cultures
 - motivates and manages performance
 - shapes the workforce


[4]
[SECTION]: SOFTWARE ENGINEERING THEORY AND PRACTICE
[CONTENT]: 
","[
  {
    ""role"": ""sentence"",
    ""segment"": ""Hiring, turnover, and experience."",
    ""citations"": [
      {
        ""type"": ""source_text"",
        ""content"": ""Human resources address  hiring, turnover, and  experience."",
        ""img_id"": null
      }
    ],
    ""type"": null
  }
]","Hiring, turnover, and experience.",0.471,4.972
"In the three-tiered client-server architecture diagram, what specific software components are contained within the Client Presentation tier?","
[0]
[SECTION]: Designing the Architecture > 5.11 Information Systems Example
[CONTENT]: [FIGURE 5.19 N-tier architecture of the Piccadilly system.] 
[FIGURE_DESCRIPTIONS]
[0] Diagram illustrating an information system architecture with multiple horizontal layers. Top row shows client-facing web and desktop applications and internal report generator, labeled Web Browser, Desktop Applications, Report Generator. Under these, business functions are depicted: Program Purchasing, Commercial Sales, Airtime Scheduling, Strategic Planning and Management, Billing and Accounting, followed by Business Logic and Information System labels on the right. A Database Server is centered below as a key data store. The left legend box titled KEY defines symbols for client, server, and request/response flow with a small schematic. Arrows indicate the flow of requests and replies between client-side boxes and the database server. Connectivity implies a multi-tier architecture with a clear separation between user interfaces, business logic, and data storage. Visible text includes: Web Browser, Desktop Applications, Report Generator, Program Purchasing, Commercial Sales, Airtime Scheduling, Strategic Planning and Management, Billing and Accounting, Business Logic, Information System, Database Server, KEY, server, client, request/response.



[1]
[SECTION]: Designing the Architecture > 5.4 Architectural Styles And Strategies > SIDEBAR 5.3 THE WORLD CUP CLIENT-SERVER SYSTEM
[CONTENT]: Because this architectural style separates client code and server code into different components, it is possible to improve system performance by shuffling the components among computer processes. For example, client code might execute locally on a user's personal computer or might execute remotely on a more powerful server computer. In a multitier system, like the example shown in Figure 5.7, servers are structured hierarchically into application-specific servers (the middle tiers) that in turn use servers offering more generic services (the bottom tier) (Clements et al. 2003). This architecture improves the system's modularity and gives designers more flexibility in assigning activities to processes. Moreover, the client-server style supports reuse, in that servers providing common services may be useful in multiple applications.


[2]
[SECTION]: Designing the Architecture > 5.4 Architectural Styles And Strategies > Peer-to-Peer
[CONTENT]: Technically, a peer-to-peer (P2P) architecture is one in which each component executes as its own process and acts as both a client of and a server to other peer components. Each component has an interface that specifies not only the services it provides, but also the services that it requests from other peer components. Peers communicate by requesting  services  from  each  other. In  this  way, P2P  communication  is  like  the request/reply communication found in client-server architecture, but any component can initiate a request to any other peer component.
[FIGURE 5.7 Three-tiered client-server architecture.] 
The best known P2P architectures are file-sharing networks, such as Napster and Freenet, in which the components provide similar services to each other. What differs among components are the data each component stores locally.Thus, the system's data are distributed among the components; whenever a component needs information not stored locally, it retrieves it from a peer component.
[FIGURE_DESCRIPTIONS]
[0] Diagram illustrating a multi-layer information system architecture with labeled components and flow. Left panel shows a KEY map: client, server with arrows indicating request/reply directions. Right panel depicts a top-down stack: Web Browser, Application Server, Database Server connected via an intermediate Web Browser and Desktop Client Presentation layers. Vertical grouping marks Information System levels: Business Logic, Information System. The flow arrows denote request/response between client-side elements and server-side processing, highlighting how a user's Web Browser requests data from the Application Server, which queries the Database Server. Text labels include Web Browser, Desktop Client Presentation, Client Presentation, Application Server, Database Server, and Business Logic. The diagram emphasizes separation of concerns between presentation, logic, and data storage, with a simple client-server interaction model for a typical web-based information system.



[3]
[SECTION]: Designing the Architecture > 5.4 Architectural Styles And Strategies > Client-Server
[CONTENT]: In  a  client-server  architecture, the  design  is  divided  into  two  types  of  components: clients and servers. Server components offer services, and clients access them using a request/reply protocol . The components execute concurrently and are usually distributed across several computers. There may be one centralized server, several replicated servers distributed over several machines, or several distinct servers each offering a different set of services.The relationship between clients and servers is asymmetric: Clients know the identities  of  the  servers  from  which  they  request  information, but  servers


[4]
[SECTION]: Designing the Modules > 6.3 Oo Design > Dependency Inversion
[CONTENT]: (b)
(c)
dependency graph in which the newly wrapped server class depends on the new client package. In the original design, any change to the server code would cause us to reexamine and recompile the client code. In the new design, both the client code and the server code depend only on the new ClientServerInterface . A change to either class's implementation does not cause us to revisit or recompile the other class, so the new design is easier to maintain.As we will see, the dependency inversion principle is used in the definitions of several design patterns.
[FIGURE_DESCRIPTIONS]
[0] Diagram shows three panels illustrating client-server architecture with emphasis on client interfaces and server wrappers. Top left panel depicts a Client connected to a Server via a bidirectional or defined interaction labeled with small text arrows; a separate small box labeled Client sits above or beside indicating potential client context. Middle panel highlights a NewClient block that contains a Client and a ClientServer interface, with an explicit dashed or solid connection between Client and ClientServer interface, suggesting a wrapper or adaptor role within the client; server component is placed separately below. Rightmost panel extends the middle by introducing a ServerWrapper box connected to the Server, and an interaction line from the NewClient area to ServerWrapper, indicating an additional wrapping layer that mediates between the client and server, possibly to adapt interfaces. All panels share a consistent border, with clear boxes representing Client, Server, ClientServer interface, and ServerWrapper, plus arrows representing data or control flow.

","[
  {
    ""role"": ""paragraph"",
    ""segment"": ""Web Browser and Desktop Presentation."",
    ""citations"": [
      {
        ""type"": ""img"",
        ""content"": null,
        ""img_id"": ""img0_se_theory_practice.pdf__chunk_2003_2007_489""
      }
      ]
    ,
    ""type"": null
  }
]",Web Browser and Desktop Presentation.,0.34,6.595
"In the Enrollment Management model used during Digital's Alpha AXP program, what are the four specific sub-elements or factors listed under the COMMITMENT DELEGATION quadrant?","
[0]
[SECTION]: Planning and Managing the Project > 3.6 Process Models And Project Management > Enrollment Management
[CONTENT]: Digital Equipment Corporation spent many years developing its Alpha AXP system, a new system architecture and associated products that formed the largest project in Digital's history. The software portion of the effort involved four operating systems and 22 software engineering groups, whose roles included designing migration tools, network systems, compilers, databases, integration frameworks, and applications. Unlike many other development projects, the major problems with Alpha involved reaching milestones too early! Thus, it is instructive to look at how the project was managed and what effects the management process had on the final product.
During the course of development, the project managers developed a model that incorporated four tenets, called the Enrollment Management model:
 - establishing an appropriately large shared vision
 - delegating completely and eliciting specific commitments from participants
 - inspecting vigorously and providing supportive feedback
 - acknowledging every advance and learning as the program progressed (Conklin 1996)
Figure  3.17 illustrates  the  model. Vision  was  used  to 'enroll' the  related  programs, so they all shared common goals. Each group or subgroup of the project defined its own objectives in terms of the global ones stated for the project, including the company's  business  goals. Next, as  managers  developed  plans, they  delegated  tasks  to groups, soliciting comments and commitments about the content of each task and the schedule constraints imposed. Each required result was measurable and identified with a particular owner who was held accountable for delivery. The owner may not have been the person doing the actual work; rather, he or she was the person responsible for getting the work done.


[1]
[SECTION]: Planning and Managing the Project > 3.6 Process Models And Project Management > Enrollment Management
[CONTENT]: Managers continually inspected the project to make sure that delivery would be on time. Project team members were asked to identify risks, and when a risk threatened to  keep  the  team  from  meeting  its  commitments, the  project  manager  declared  the project to be a 'cusp': a critical event. Such a declaration meant that team members were ready to make substantial changes to help move the project forward. For each project step, the managers acknowledged progress both personally and publicly. They recorded what had been learned and they asked team members how things could be improved the next time.
Coordinating all the hardware and software groups was difficult, and managers realized that they had to oversee both technical and project events. That is, the technical focus involved technical design and strategy, whereas the project focus addressed ACKNOWLEDGMENT Engineering commitments and deliverables. Figure  3.18 illustrates  the  organization  that  allowed both foci to contribute to the overall program.
[FIGURE_DESCRIPTIONS]
[0] Diagram labeled as FIGURE 3.17 Enrollment Management model (Conklin 1996) with an oval/ellipse partitioned into four quadrants and surrounding labels. Central axis lines create four equal segments: top-left quadrant contains text 'ACKNOWLEDGMENT LEARNING' and top-right 'VISION ENROLLMENT'; bottom-left 'INSPECTION SUPPORT' and bottom-right 'COMMITMENT DELEGATION'. Outer ring includes additional labels at left and bottom: 'Review', 'Encouragement', and at top-left 'Personal Public', top-right 'Business goals Project objectives'. The chart implies a cross-functional model mapping enrollment processes and governance to segments, showing relationships among internal processes, stakeholder groups, accountability, and trust. The overall graphic is a schematic representation rather than data, focusing on aligning goals, learning, and delegation with enrollment vision. Readable small text emphasizes cross-functional responsibilities within a management framework from 1996.



[2]
[SECTION]: Planning and Managing the Project > 3.6 Process Models And Project Management > Enrollment Management
[CONTENT]: The simplicity of the model and organization does not mean that managing the Alpha program was simple. Several cusps threatened the project and were dealt with in a variety of ways. For example, management was unable to produce an overall plan, and project managers had difficulty coping.At the same time, technical leaders were generating unacceptably large design documents that were difficult to understand. To gain control, the Alpha program managers needed a programwide work plan that illustrated the order in which each contributing task was to be done and how it coordinated with the other tasks.They created a master plan based only on the critical program componentsthose things that were critical to business success.The plan was restricted to a single page, so that the participants could see the 'big picture,'without complexity or detail.Similarly, one-page descriptions of designs, schedules, and other key items enabled project participants to have a global picture of what to do, and when and how to do it.
[FIGURE_DESCRIPTIONS]
[0] Diagram illustrating organizational flow between engineering groups, project managers, technical directors, and the program office. Three engineering groups are shown at the top, connected by horizontal lines to a central set of project managers entities on the left and right, with dashed connections to technical directors. A labeled box at the bottom center represents the program office, receiving inputs from the project managers and possibly from the engineering groups. The top-most frame is titled System board of directors, and the diagram includes a caption referencing Conklin 1996. The visible labels include 'Engineering group' for each circle, 'Project managers' for the left box, 'Technical directors' for the right box, and 'Program office' for the bottom box. The arrows indicate flow of authority or information between groups and the central program office, suggesting governance and coordination across engineering teams. The layout emphasizes hierarchy, with solid and dashed lines denoting different types of relationships.



[3]
[SECTION]: Evaluating Products, Processes, and Resources > 12.5 Evaluating Processes > Category 1: Support and goals
[CONTENT]: Sample question:Were interdivisional lines of responsibility clearly defined throughout the project?
[ ] always [ ] sometimes [ ] rarely [ ] never Category 2: Expectations and communications Sample question: Did project-related meetings make effective use of your time?
[ ] always [ ] sometimes [ ] rarely [ ] never Category 3: Issues resolution Sample question: Were you empowered to participate in discussions regarding issues that affected your work?
[ ] always [ ] sometimes [ ] rarely [ ] never
","[
  {
    ""role"": ""paragraph"",
    ""segment"": ""The four sub-elements under the Commitment Delegation quadrant are:"",
    ""citations"": [
      {
        ""type"": ""source_text"",
        ""content"": ""they delegated tasks to groups, soliciting comments and commitments about the content of each task and the schedule constraints imposed"",
        ""img_id"": null
      }
    ],
    ""type"": null
  },
  {
    ""role"": ""bullet"",
    ""segment"": ""Delegating tasks to groups"",
    ""citations"": [
      {
        ""type"": ""source_text"",
        ""content"": ""they delegated tasks to groups, soliciting comments and commitments about the content of each task and the schedule constraints imposed"",
        ""img_id"": null
      }
    ],
    ""type"": null
  },
  {
    ""role"": ""bullet"",
    ""segment"": ""Soliciting comments and commitments about the content of each task"",
    ""citations"": [
      {
        ""type"": ""source_text"",
        ""content"": ""they delegated tasks to groups, soliciting comments and commitments about the content of each task and the schedule constraints imposed"",
        ""img_id"": null
      }
    ],
    ""type"": null
  },
  {
    ""role"": ""bullet"",
    ""segment"": ""Schedule constraints imposed on each task"",
    ""citations"": [
      {
        ""type"": ""source_text"",
        ""content"": ""they delegated tasks to groups, soliciting comments and commitments about the content of each task and the schedule constraints imposed"",
        ""img_id"": null
      }
    ],
    ""type"": null
  },
  {
    ""role"": ""bullet"",
    ""segment"": ""Each required result was measurable and identified with a particular owner who was held accountable for delivery"",
    ""citations"": [
      {
        ""type"": ""source_text"",
        ""content"": ""Each required result was measurable and identified with a particular owner who was held accountable for delivery"",
        ""img_id"": null
      }
    ],
    ""type"": null
  }
]","The four sub-elements under the Commitment Delegation quadrant are:

- Delegating tasks to groups
- Soliciting comments and commitments about the content of each task
- Schedule constraints imposed on each task
- Each required result was measurable and identified with a particular owner who was held accountable for delivery",0.462,9.274
"According to the decision table for library functions, if the input conditions are that the event is reserve and the item is out on loan, what are the exact three actions that must be performed?","
[0]
[SECTION]: Capturing the Requirements > 4.5 Modeling Notations > Functions and Relations
[CONTENT]: |    | 0                                                                                 | 1   | 2   | 3   | 4   | 5   | 6   | 7   | 8   |
|---:|:----------------------------------------------------------------------------------|:----|:----|:----|:----|:----|:----|:----|:----|
|  0 | (event) borrow (event) return (event) reserve (event) unreserve                   | T   | T   | T   | F   | F   | F   | F   | F   |
|  1 |                                                                                   | F   | F   | F   | T   | T   | F   | F   | F   |
|  2 |                                                                                   | F   | F   | F   | F   | F   | T   | T   | F   |
|  3 |                                                                                   | F   | F   | F   | F   | F   | F   | F   | T   |
|  4 | item out on loan                                                                  | F   | T   | -   | -   | -   | F   | T   | F   |
|  5 | item on reserve                                                                   | -   | -   | -   | F   | T   | -   | -   | -   |
|  6 | patron.fines > $0.00                                                              | F   | -   | T   | -   | -   | -   | -   | -   |
|  7 | (Re-)Calculate due date Put item in stacks Put item on reserve Send recall notice | X   |     |     | X   |     |     | X   | X   |
|  8 | shelf                                                                             |     |     |     |     | X   | X   | X   |     |
|  9 | Reject event                                                                      |     | X   | X   |     |     |     |     |     |


[1]
[SECTION]: Capturing the Requirements > 4.5 Modeling Notations > Example: UML Statechart Diagrams
[CONTENT]: (footnote: 3 The messy statechart also has a recall state that covers the case where a publication that is being put on reserve is on loan and needs to be recalled; this behavior cannot be modeled as a transition from onloan to reserveloan , because state reserveloan has a transition cancel (used to disallow a loan request if the Patron has outstanding fines) that would be inappropriate in this situation.This special case is modeled in Figure 4.9 by testing on entry (keyword entry is explained below) to state reserve whether the concurrent submachine is In state onloan and issuing a recall event if it is.)
[FIGURE 4.10 Messy UML statechart diagram for Publication class.] 
The UML statechart diagram for the Loan association class in Figure 4.11 illustrates how states can be annotated with local variables (e.g., variable num renews ), actions, and activities. Variables that are local to a state are declared and initialized in the center section of the state.The state's lower section lists actions and activities on the state's  local  variables  as  well  as  on  the  object's  attributes. The  distinction  between actions and activities is subtle: an action is a computation that takes relatively no time to complete and that is uninterruptible, such as assigning an expression to a variable or sending a message. An action can be triggered by a transition entering or exiting the state, in which case it is designated by keyword entry or exit followed by arbitrarily many actions and generated events; or it  can  be  triggered  by  the  occurrence  of  an event, in which case it is designated by the event name followed by arbitrarily many actions and generated events. In our Loan statechart, variable num renews is incremented every time state item  on  loan is  entered, that is, every time the loan is renewed; and  a recallNotify event  is  sent  to  the Patron whenever a recall event is received in that state. In contrast to actions, an activity is a more complex computation that executes over a period of time and that may be interruptible, such as executing an operation. Activities are initiated on entry to the state. When a transition, including a looping transition like the one triggered by renew , executes, the order in which actions are applied is as follows: first, the exit actions of the transition's source state are applied, followed by the transition's own actions, followed by the entry actions and activities of the new state.
[FIGURE_DESCRIPTIONS]
[0] Diagram labeled Publication illustrating a complex object-relational flow with entities such as strands, reserve, and lease. The diagram contains multiple curved arrows indicating operations like borrow(pattern), return, create(pattern, self), cancel, recall, and lose between nodes. Central flow shows a circular shape with an apex star-like node at bottom, connected to reserve, borrow, and lose paths. Text labels include action verbs (borrow, return, cancel, recall, create), and parameter mentions (patron, self, patron, self). Outer boundary shapes suggest a boundary for a publication system, while inner arrows indicate relationships and state transitions: borrow, reserve, lose, recall, cancel, and create relationships among strands, reserve, and lease entities. Overall, a flowchart-style representation of a lending/publication lifecycle with recursive and cross-entity transitions.



[2]
[SECTION]: Capturing the Requirements > 4.5 Modeling Notations > Example: Decision Tables
[CONTENT]: A decision table (Hurley 1983) is a tabular representation of a functional specification that maps events and conditions to appropriate responses or actions. We say that the specification  is informal because  the  inputs  (events  and  conditions)  and  outputs (actions) may be expressed in natural language, as mathematical expressions, or both.
Figure 4.16 shows a decision table for the library functions borrow , return , reserve , and unreserve . All of the possible input events (i.e., function invocations), conditions, and actions are listed along the left side of the table, with the input events and conditions listed above the horizontal line and the actions listed below the line. Each  column  represents  a  rule  that  maps  a  set  of  conditions  to  its  corresponding result(s). An entry of 'T' in a cell means that the row's input condition is true, 'F' means that the input condition is false, and a dash indicates that the value of the condition does not matter. An entry of 'X' at the bottom of the table means that the row's action should be performed whenever its corresponding input conditions hold. Thus, column 1 represents the situation where a library patron wants to borrow a book, the book is not already out on loan, and the patron has no outstanding fine; in this situation, the loan is approved and a due date is calculated. Similarly, column 7 illustrates the case where there is a request to put a book on reserve but the book is currently out on loan; in this case, the book is recalled and the due date is recalculated to reflect the recall.
","[
  {
    ""role"": ""paragraph"",
    ""segment"": ""column 7 illustrates the case where there is a request to put a book on reserve but the book is currently out on loan; in this case, the book is recalled and the due date is recalculated to reflect the recall."",
    ""citations"": [
      {
        ""type"": ""source_text"",
        ""content"": ""Similarly, column 1 represents the situation where a library patron wants to borrow a book, the book is not already out on loan, and the patron has no outstanding fine; in this situation, the loan is approved and a due date is calculated. Similarly, column 7 illustrates the case where there is a request to put a book on reserve but the book is currently out on loan; in this case, the book is recalled and the due date is recalculated to reflect the recall."",
        ""img_id"": null
      }
    ],
    ""type"": null
  }
]","column 7 illustrates the case where there is a request to put a book on reserve but the book is currently out on loan; in this case, the book is recalled and the due date is recalculated to reflect the recall.",0.742,10.928
"In the data-module solution architecture for KWIC, what are the four specific data access operations (represented as an annotated arrow) used by the Master control module to interact with the Index module?","
[0]
[SECTION]: Designing the Architecture > 5.7 Architecture Evaluation And Refinement > Trade-off Analysis
[CONTENT]: [FIGURE 5.14 Data-module solution for KWIC (Shaw and Garlan 1996).] 
Instead, Garlan, Kaiser, and  Notkin  (1992)  propose  a  third  design, shown  in Figure 5.15, in which the data are stored in ADTs that manage generic data types, such as  lines  of  text  and  sets  of  indices, rather  than  in  KWIC-based  data  abstractions. Because ADTs are generic, they are even more reusable than data abstractions. Moreover, the data and operations on data are encapsulated in the ADT modules, so changes to data representation are confined to these modules. This design resembles the first design, in that the system's functionality is decomposed and modularized into computational modules. However, in this design, many of the computational modules are triggered by the occurrence of events rather than by explicit procedure invocation. For example, the circular-shift module is activated whenever a new line of text is input.The design can be easily extended, via new computational modules whose methods are triggered by system events; existing modules do not need to be modified to integrate the new modules into the system.
[FIGURE_DESCRIPTIONS]
[0] Diagram illustrates a master control system with distinct blocks and data flow arrows. At top center, a rectangular 'Master control' box connects via arrows to 'Input' on the left and 'Output' on the right, and to an 'Alphabetized index' block on the far right. The leftmost column shows an 'Input' vertical line feeding an array of small stacked components labeled with text such as 'input medium' and 'text' within a framed group. A dashed line labeled 'System I/O' in the legend indicates a specific connection style. The central area presents a cluster of small rectangular nodes arranged in modules with labels like 'Index', 'Text', and 'Figure' or similar tokens, each linked by short arrows representing data or control flow. A separate 'Output' block on the right feeds into the 'Alphabetized index' and final output channel. The legend in the top-left shows two line styles: solid for 'Subprogram call' and dashed for 'System I/O'. Readable text includes 'INPUT', 'Output', and 'Master control'.



[1]
[SECTION]: Designing the Architecture > 5.7 Architecture Evaluation And Refinement > Cost-Benefit Analysis
[CONTENT]: [FIGURE 5.17 Proposed changes to KWIC.] 
be searched when servicing a lookup query. It would involve adding a filter module, between the circular-shift and sorted-indices modules, that aborts any request to store an index to a noise word. (The design changes involve a new Filter module, shown in dashed lines in Figure 5.17.)
 - We could change the representation of indices to be bins of indices, where each bin associates a keyword with the set of indices that point to lines that contain that word.This change reduces the time it takes to find subsequent instances of a keyword once the first instance (i.e., the bin) has been found. (The design changes the internal data representation within the Index module, shown in dashed lines in Figure 5.17.)
[FIGURE_DESCRIPTIONS]
[0] A block diagram illustrating a data processing workflow with labeled components and signal flows. At the top, a Master control block connects to a Circular shift element and an Alphabetizer block, indicating control and data paths. The left side shows an Input block feeding into a series of modules via solid arrows, including a Filter stage and a Linear path leading to a Stack of small boxes labeled with operation steps. A dashed line labeled System I/O indicates indirect interactions and a separate Input medium feeds into the main pipeline. A Query processor appears on the right connected to a Display block and a second Query processor unit. The diagram features a Key in the upper left corner describing lines as Implicit Insertion (solid) and Subprogram call (dashed). Overall, the image emphasizes control flow, data movement through input, circular shift, filtering, indexing, and querying, with multiple boxes representing submodules and two output/display pathways.



[2]
[SECTION]: Designing the Architecture > 5.7 Architecture Evaluation And Refinement > Trade-off Analysis
[CONTENT]: [FIGURE 5.13 Shared-data solution for KWIC (Shaw and Garlan 1996).] 
[FIGURE_DESCRIPTIONS]
[0] Diagram: a block-based data flow showing Master control at top connected to Input, Circular shift, Alphabetizer, and Output with bidirectional and unidirectional arrows. legend indicates direct memory access (solid arrows), subprogram call (dashed arrows), system I/O (thin arrows). Flow splits into three subcomponents: Text, Index, Alphabetized index under Input/Output modules. Input medium feeds into Text, Index, and Alphabetizer blocks; Output module collects processed data. Horizontal dashed lines suggest subsystem boundaries; vertical alignment emphasizes hierarchy from Master control to peripheral modules. The diagram includes labeled boxes: Master control, Input, Circular shift, Alphabetizer, Output, Text, Index, Alphabetized index; additional small boxes under Input/Output labeled Input medium and Output medium/medium. The overall structure implies a control-driven text processing pipeline with indexing and alphabetization stages.



[3]
[SECTION]: Designing the Modules > 6.2 Design Principles > Incremental Development
[CONTENT]: [FIGURE 6.9 Sandwiching, to break a cycle in a uses graph.] 
[FIGURE_DESCRIPTIONS]
[0] Diagram block featuring a directed acyclic graph with labeled nodes and arrows. In panel (a), a small network shows node A at the top right connected from B at left via an arrow, and C at bottom left connected upward to A with an arrow from C to A; B connects to R at left via a horizontal arrow. Panel (b) presents a more extended graph with multiple parallel paths: B1 and B2 feed into A, B3 feeds into C, and arrows indicate data flow from sources to sinks; labels include B1, B2, B3, A, C, and R with directional edges. Panel (c) shows another variant where A is at the top right receiving input from B1 and B2, while C is connected under A with arrows from B1 and B2 to C; the layout emphasizes multiple input sources and cross-links, and all node labels are visible and legible.

","[
  {
    ""role"": ""paragraph"",
    ""segment"": ""The chatbot can't answer this question. Please try again with another question."",
    ""citations"": [],
    ""type"": ""abstained""
  }
]",The chatbot can't answer this question. Please try again with another question.,0.48,7.932
"How does the chronological relationship between errors, faults, and failures described in Chapter 1 fundamentally differ from the analytical direction used when constructing a fault-tree analysis as described in Chapter 5? -Required source types: both -Brief reasoning type label: comparison","
[0]
[SECTION]: Designing the Architecture > 5.7 Architecture Evaluation And Refinement > Safety Analysis
[CONTENT]: We learned earlier about the importance of fault identification, correction, and tolerance in creating reliable and robust designs.There are several techniques that can be used during design to identify possible faults or their likely locations. Fault-tree analysis , a method originally  developed  for  the  U.S. Minuteman  missile  program, helps  us  to  examine  a design and look for faults that might lead to failure.We build fault trees that trace backwards through a design, along the logical path from effect to cause. The trees are then used to help us decide which faults to correct or avoid, and which faults to tolerate.
We begin our analysis by identifying possible failures.Although our identification takes place during design, we consider failures that might be affected by design, operation, or even maintenance. We can use a set of guidewords to help us understand how the system might deviate from its intended behavior. Table 5.1 illustrates some of the guidewords  that  might  be  used; you  can  select  your  own  guidewords  or  checklists, based on your system's application domain.
Next, we build an upside-down tree whose root node is some failure that we want to analyze, and whose other nodes are events or faults that realize or lead to the root node's failure. The edges of the graph indicate the relationships among nodes. Parent nodes are drawn as logic gate operators: an and -gate if both of the child nodes' events must occur for the parent node's event to occur; an orgate if one child's event is sufficient to cause the parent's event. Sometimes, an edge is labeled n_of_m if the system includes m redundant components, where n faulty components lead to the designated failure. Each node represents an independent event; otherwise, the analysis results may be invalid, especially with respect to compound faults.


[1]
[SECTION]: Designing the Architecture > 5.7 Architecture Evaluation And Refinement > Safety Analysis
[CONTENT]: [FIGURE 5.12 Cut-set tree generated from a fault tree.] 
Once we know the points of failure in our design, we can redesign to reduce the vulnerabilities.We have several choices when we find a fault in a design:
 - Correct the fault.
 - Add components or conditions to prevent the conditions that cause the fault.
 - Add components that detect the fault or failure and recover from the damage.
Although the first option is preferable, it is not always possible.
[FIGURE_DESCRIPTIONS]
[0] Dual diagrams show fault tree and cut-set tree side by side. Top node labeled G1 branches into G2 and G3 on both sides; G2 branches to G4 and G5 on left, while G3 branches to A4 and A5. Leaves include A1, A2, A3, A4, A5 with braces indicating combinations. Right diagram labeled Cut-set tree uses the same structure but emphasizes combinations producing terminal events like {A1, A3}, {A2, A5}, {A2, A4}, {A2, A4}, highlighting minimal cut-sets. Visible textual elements: G1, G2, G3, G4, G5, A1–A5, braces with set notation, and the section titles Fault tree and Cut-set tree. The image focuses on relationships between components and the extraction of cut-sets from a fault tree for reliability assessment.



[2]
[SECTION]: Testing the Programs > 8.1 Software Faults And Failures > ORIGIN:  WHERE?
[CONTENT]: [FIGURE 8.2 Faults for one Hewlett-Packard division (Grady 1997).] 
IBM's use of this concept by showing us that the fault profile for design review is very different from that for code inspection.
[FIGURE_DESCRIPTIONS]
[0] Pie chart depicting distribution of topics relevant to theory and practice. Central hub with multiple labeled wedges and varied hatch patterns. Segments include: Logic 32% (largest, solid dark), Computation 18% (dotted pattern), Documentation 19% (light diagonal lines), Data handling 6% (thin striped), Hardware 4% (narrow band), Process/Interprocess 5% (small segment), Requirements 4% (tiny wedge), Other codes 11% (small white with label), Data handling 6% (repeated near top), and an adjacent 6%/11% region. The wedge boundaries radiate from center; labels placed along outer rim with corresponding percentages. Visual emphasis on proportions; text labels are short descriptors without numeric axis. Overall layout resembles a classic thematic distribution chart used in software engineering or computer science theory-practice analysis.



[3]
[SECTION]: Designing the Architecture > 5.7 Architecture Evaluation And Refinement > Safety Analysis
[CONTENT]: We can also use fault trees to calculate the probability that a given failure will occur by estimating the probability of the basic events and propagating these computations up through the tree. But there are some drawbacks to fault-tree analysis. First, constructing the graphs can be time consuming. Second, many systems involve many dependencies, which means that analysis of the design's data-flow and control-flow graphs yields a large number of suspect software units to explore; it is difficult to focus only on the most critical parts of the design unless we have very low coupling. Moreover, the number and kinds of preconditions that are necessary for each failure are daunting and not always easy to spot, and there is no measurement to help us sort them out. However, researchers continue to seek ways to automate the tree building and analysis. In the United States and Canada, fault-tree analysis is used for critical aviation and nuclear applications, where the risk of failure is worth the intense and substantial effort to build and evaluate the fault trees.


[4]
[SECTION]: Why Software Engineering? > 1.2 How Successful Have We Been?
[CONTENT]: There is an enormous difference between an error in a class project and one in a large software system. In fact, software faults and the difficulty in producing fault-free software are frequently discussed in the literature  and  in  the  hallways. Some  faults are merely annoying; others cost a great deal of time and money. Still others are lifethreatening. Sidebar 1.1 explains the relationships among faults, errors, and failures. Let us look at a few examples of failures to see what is going wrong and why.
","[
    {
        ""role"": ""sentence"",
        ""segment"": ""Chapter 1 discusses the relationships among faults, errors, and failures (Sidebar 1.1 explains the relationships among faults, errors, and failures)."",
        ""citations"": [
            {
                ""type"": ""source_text"",
                ""content"": ""Sidebar 1.1 explains the relationships among faults, errors, and failures."",
                ""img_id"": null
            }
            ,
            {
                ""type"": ""source_text"",
                ""content"": ""There is an enormous difference between an error in a class project and one in a large software system."",
                ""img_id"": null
            }
        ],
        ""type"": null
    },
    {
        ""role"": ""sentence"",
        ""segment"": ""In Chapter 5, fault-tree analysis is constructed as an upside-down tree with a root failure that is analyzed by tracing back to events or faults that realize or lead to that failure (the edges indicate relationships among nodes)."",
        ""citations"": [
            {
                ""type"": ""source_text"",
                ""content"": ""We begin our analysis by identifying possible failures."",
                ""img_id"": null
            },
            {
                ""type"": ""source_text"",
                ""content"": ""The edges of the graph indicate the relationships among nodes. Parent nodes are drawn as logic gate operators: an and -gate if both of the child nodes' events must occur for the parent node's event to occur; an or-gate if one child's event is sufficient to cause the parent's event."",
                ""img_id"": null
            },
            {
                ""type"": ""source_text"",
                ""content"": ""Sometimes, an edge is labeled n_of_m if the system includes m redundant components, where n faulty components lead to the designated failure."",
                ""img_id"": null
            },
            {
                ""type"": ""source_text"",
                ""content"": ""We can also use fault trees to calculate the probability that a given failure will occur by estimating the probability of the basic events and propagating these computations up through the tree."",
                ""img_id"": null
            },
            {
                ""type"": ""source_text"",
                ""content"": ""We can also use fault trees to calculate the probability that a given failure will occur by estimating the probability of the basic events and propagating these computations up through the tree."",
                ""img_id"": null
            }
        ],
        ""type"": null
    }
]","Chapter 1 discusses the relationships among faults, errors, and failures (Sidebar 1.1 explains the relationships among faults, errors, and failures). In Chapter 5, fault-tree analysis is constructed as an upside-down tree with a root failure that is analyzed by tracing back to events or faults that realize or lead to that failure (the edges indicate relationships among nodes).",0.506,11.759
Contrast how the traditional Waterfall process model and the Extreme Programming (XP) agile method handle the documentation of requirements and the adaptation to changing requirements late in the development cycle. -Required source types: text -Brief reasoning type label: comparison,"
[0]
[SECTION]: Capturing the Requirements > 4.2 Requirements Elicitation > SIDEBAR 4.2 AGILE REQUIREMENTS MODELING
[CONTENT]: Extreme programming (XP) takes agile requirements processes to the extreme, in that the system is built to the requirements that happen to be defined at the time, with no planning or designing for possible future requirements. Moreover, XP forgoes traditional requirements documentation, and instead encodes the requirements as test cases that the eventual implementation must pass.Berry (2002a) points out that the trade-off for agile methods' flexibility is the difficulty of making changes to the system as requirements are added, deleted, or changed. But there can be additional problems: XP uses test cases to specify requirements, so a poorly written test case can lead to the kinds of misunderstandings described in this chapter.
assumptions  with  which  we  may  not  be  familiar. Likewise, we  as  developers  know about computer solutions, but not always about how possible solutions will affect our customers' business activities.We, too, have our jargon and assumptions, and sometimes we think everyone is speaking the same language, when in fact people have different meanings for the same words. It is only by discussing the requirements with everyone who has a stake in the system, coalescing these different views into a coherent set of requirements, and reviewing these documents with the stakeholders that we all come to an agreement about what the requirements are. (See Sidebar 4.3 for an alternative viewpoint.) If we cannot agree on what the requirements are,then the project is doomed to fail.


[1]
[SECTION]: Modeling the Process and Life Cycle > 2.2 Software Process Models > SIDEBAR 2.2 WHEN IS EXTREME TOO EXTREME?
[CONTENT]: A s with most software development approaches, agile methods are not without their critics. For example, Stephens and Rosenberg (2003) point out that many of extreme programming's practices are interdependent, a vulnerability if one of them is modified. To see why, suppose some people are uncomfortable with pair programming. More coordination and documentation may be required to address the shared vision that is missing when people work on their own. Similarly, many developers prefer to do some design before they write code. Scrum addresses this preference by organizing around monthly sprints. Elssamadissy and Schalliol (2002) note that, in extreme programming, requirements are expressed as a set of test cases that must be passed by the software.This approach may cause customer representatives to focus on the test cases instead of the requirements. Because the test cases are a detailed expression of the requirements and may be solution oriented, the emphasis on test cases can distract the representatives from the project's underlying goals and can lead to a situation where the system passes all the tests but is not what the customers thought they were paying for.As we will see in Chapter 5, refactoring may be the Achilles heel of agile methods; it is difficult to rework a software system without degrading its architecture.


[2]
[SECTION]: Modeling the Process and Life Cycle > 2.2 Software Process Models > Agile Methods
[CONTENT]:  - Adaptive software development (ASD) has six basic principles.There is a mission that acts as a guideline, setting out the destination but not prescribing how to get there. Features are viewed as the crux of customer value, so the project is organized around building components to provide the features. Iteration is important, so redoing is as critical is doing; change is embraced, so that a change is viewed not as a correction but as an adjustment to the realities of software development. Fixed delivery times force developers to scope down the requirements essential for each version produced. At the same time, risk is embraced, so that the developers tackle the hardest problems first.
Often, the phrase 'extreme programming' is used to describe the more general concept of agile methods. In fact, XP is a particular form of agile process, with guiding principles that reflect the more general tenets of the agile manifesto. Proponents of XP emphasize four characteristics of agility: communication, simplicity, courage, and feedback. Communication involves  the  continual  interchange  between  customers  and developers. Simplicity encourages developers to select the simplest design or implementation to address the needs of their customers. Courage is described by XP creators as commitment to delivering functionality early and often. Feedback loops are built into the various activities during the development process. For example, programmers work together to give each other feedback on the best way to implement a design, and customers work with developers to perform planning exercises.
These characteristics are embedded in what are known as the twelve facets of XP .


[3]
[SECTION]: Modeling the Process and Life Cycle > 2.2 Software Process Models > Agile Methods
[CONTENT]:  - Writing tests first: To ensure that the customer's needs are the driving force behind development, test cases are written first, as a way of forcing customers to specify requirements that can be tested and verified once the software is built.Two kinds of tests are used in XP: functional tests that are specified by the customer and executed by both developers and users, and unit tests that are written and run by developers. In XP , functional tests are automated and, ideally, run daily.The functional tests are considered to be part of the system specification. Unit tests are written both before and after coding, to verify that each modular portion of the implementation works as designed.Both functional and unit testing are described in more detail in Chapter 8.
 - Refactoring: As  the  system  is  built, it  is  likely  that  requirements  will  change. Because  a  major  characteristic  of  XP  philosophy  is  to  design  only  to  current requirements, it is often the case that new requirements force the developers to reconsider their existing design. Refactoring refers to revisiting the requirements and  design, reformulating  them  to  match  new  and  existing  needs. Sometimes refactoring addresses ways to restructure design and code without perturbing the system's external behavior. The refactoring is done in small steps, supported by unit tests and pair programming, with simplicity guiding the effort.We will discuss the difficulties of refactoring in Chapter 5.
","[
    {
        ""role"": ""paragraph"",
        ""segment"": ""The chatbot can't answer this question. Please try again with another question."",
        ""citations"": [],
        ""type"": ""abstained""
    }
]",The chatbot can't answer this question. Please try again with another question.,0.55,4.015
"Based on the Application Point approach in COCOMO II Stage 1, how do the number of data tables and views determine the complexity weight of a screen, and how is that weight ultimately combined with CASE maturity and developer experience to calculate an initial effort estimate? -Required source types: both -Brief reasoning type label: process reasoning","
[0]
[SECTION]: Planning and Managing the Project > 3.7 Information Systems Example
[CONTENT]: For each screen or report, we use the guidance in Table 3.10 and an estimate of the number of data tables needed to produce a description of the screen or report. For example,the booking screen may require the use of three data tables:a table of available time slots, a table of past usage by this customer, and a table of the contact information for this customer (such as name, address, tax number, and sales representative handling the sale).Thus, the number of data tables is fewer than four, so we must decide whether we need more than eight views. Since we are likely to need fewer than eight views, we rate the booking screen as 'simple' according to the application point table. Similarly, we may rate the ratecard screen as 'simple,'the availability screen as 'medium,'and the sales report as 'medium.' Next, we use Table 3.11 to assign a complexity rate of 1 to simple screens, 2 to medium screens, and 5 to medium reports; a summary of our ratings is shown in Table 3.15.
|    | Name         | Screen or Report   | Complexity   |   Weight |
|---:|:-------------|:-------------------|:-------------|---------:|
|  0 | Booking      | Screen             | Simple       |        1 |
|  1 | Ratecard     | Screen             | Simple       |        1 |
|  2 | Availability | Screen             | Medium       |        2 |
|  3 | Sales        | Report             | Medium       |        5 |
We add all the weights in the rightmost column to generate a count of new application points (NOPS): 9. Suppose our developers have low experience and low CASE maturity. Table 3.12 tells us that the productivity rate for this circumstance is 7. Then the COCOMO model tells us that the estimated effort to build the Piccadilly system is NOP divided by the productivity rate, or 1.29 person-months.


[1]
[SECTION]: Planning and Managing the Project > 3.3 Effort Estimation > Algorithmic Methods
[CONTENT]: The number to be used for simple, medium, or difficult application points is a complexity weight found in Table 3.11. The weights reflect the relative effort required to implement a report or screen of that complexity level.
Then, you sum the weighted reports and screens to obtain a single applicationpoint number.If r percent of the objects will be reused from previous projects, the number of new application points is calculated to be To use this number for effort estimation, you use an adjustment factor, called a productivity rate, based on developer experience and capability, coupled with CASE maturity and capability. For example, if the developer experience and capability are rated low, and the CASE maturity and capability are rated low, then Table 3.12 tells us that the productivity factor is 7, so the number of person-months required is the number of new application points divided by 7. When the developers' experience is low but CASE maturity is high, the productivity estimate is the mean of the two values: 16. Likewise, when a team of developers has experience levels that vary, the productivity estimate can use the mean of the experience and capability weights.
[FORMULA]
New application points = 1 application points 2 * 1 100 -r 2> 100 At stage 1, the cost drivers are not applied to this effort estimate. However, at stage 2, the effort estimate, based on a function-point calculation, is adjusted for degree of reuse, requirements change, and maintenance. The scale (i.e., the value for c in the effort equation) had been set to 1.0 in stage 1; for stage 2, the scale ranges from 0.91 to 1.23, depending on the degree of novelty of the system, conformity, early architecture and risk resolution, team cohesion, and process maturity.
|    | ElementType   | Simple   | Medium   |   Difficult |
|---:|:--------------|:---------|:---------|------------:|
|  0 | Screen        | 1        | 2        |           3 |
|  1 | Report        | 2        | 5        |           8 |
|  2 | 3GL component | -        | -        |          10 |


[2]
[SECTION]: Planning and Managing the Project > 3.3 Effort Estimation > Algorithmic Methods
[CONTENT]: By  stage  3, the  postarchitecture  stage, development  has  begun, and  far  more information is known. In this stage, sizing can be done in terms of function points or lines of code, and many cost factors can be estimated with some degree of comfort.
COCOMO II also includes models of reuse, takes into account maintenance and breakage (i.e., the change in requirements over time), and more. As with the original COCOMO,the model includes cost factors to adjust the initial effort estimate.A research group at the University of Southern California is assessing and improving its accuracy.
Let us look at COCOMO II in more detail.The basic model is of the form where the initial size-based estimate, is adjusted by the vector of cost driver information, m ( ). Table 3.9 describes the cost drivers at each stage, as well as the use of other models to modify the estimate. bS c , E = bS c m 1 X 2 At stage 1, application points supply the size measure. This size measure is an extension of the object-point approach suggested by Kauffman and Kumar (1993) and productivity data reported by Banker, Kauffman, and Kumar (1992).To compute application points, you first count the number of screens, reports, and third-generation language components that will be involved in the application. It is assumed that these elements are defined in a standard way as part of an integrated computer-aided software engineering environment. Next, you classify each application element as simple, medium,or difficult. Table 3.10 contains guidelines for this classification.


[3]
[SECTION]: Planning and Managing the Project > 3.7 Information Systems Example
[CONTENT]: 'Extra high' is equivalent to a rating of zero,'very high' to 1,'high' to 2,'nominal' to 3, 'low' to 4, and 'very low' to 5. Each of the scale factors is rated, and the sum of all ratings is used to weight the initial effort estimate. For example, suppose we know that the type of application we are building for Piccadilly is generally familiar to the development team; we can rate the first scale factor as 'high.' Similarly, we may rate flexibility as 'very high,' risk resolution as 'nominal,' team interaction as 'high,' and the maturity rating may turn out to be 'low.'We sum the ratings to get a scale factor of 12.Then, we compute the scale exponent to be 1 2 + 1 + 3 + 2 + 4 2 or  1.13. This  scale  exponent  tells  us  that  if  our  initial  effort  estimate  is  100  personmonths, then our new estimate, relative to the characteristics reflected in Table 3.16, is or  182  person-months. In a similar way, the cost drivers adjust this estimate based on characteristics such as tool usage, analyst expertise, and reliability requirements. Once we calculate the adjustment factor, we multiply by our 182 person-months estimate to yield an adjusted effort estimate. 100 1.13 ,
","[
    {
        ""role"": ""paragraph"",
        ""segment"": ""Data tables and views determine the complexity weight of a screen: for example, the booking screen may require three data tables (a table of available time slots, a table of past usage by this customer, and the contact information for this customer). Thus, the number of data tables is fewer than four, so we must decide whether we need more than eight views. Since we are likely to need fewer than eight views, we rate the booking screen as 'simple' according to the application point table."",
        ""citations"": [
            {
                ""type"": ""source_text"",
                ""content"": ""the booking screen may require the use of three data tables:a table of available time slots, a table of past usage by this customer, and a table of the contact information for this customer (such as name, address, tax number, and sales representative handling the sale).Thus, the number of data tables is fewer than four, so we must decide whether we need more than eight views. Since we are likely to need fewer than eight views, we rate the booking screen as 'simple' according to the application point table."",
                ""img_id"": null
            }
        ],
        ""type"": null
    },
    {
        ""role"": ""paragraph"",
        ""segment"": ""The complexity weight for a screen is defined by the complexity level (simple, medium, or difficult) and is reflected in the weights for screens and reports. The weights reflect the relative effort required to implement a report or screen of that complexity level. Then, you sum the weighted reports and screens to obtain a single applicationpoint number."",
        ""citations"": [
            {
                ""type"": ""source_text"",
                ""content"": ""The weights reflect the relative effort required to implement a report or screen of that complexity level. Then, you sum the weighted reports and screens to obtain a single applicationpoint number."",
                ""img_id"": null
            }
        ],
        ""type"": null
    },
    {
        ""role"": ""paragraph"",
        ""segment"": ""Once the application point total (NOPs) is obtained, the initial effort estimate is derived from the productivity rate that depends on developer experience and CASE maturity. For example, if the developers have low experience and low CASE maturity, Table 3.12 tells us that the productivity rate is 7, so the number of person-months required is the number of new application points divided by 7."",
        ""citations"": [
            {
                ""type"": ""source_text"",
                ""content"": ""Suppose our developers have low experience and low CASE maturity. Table 3.12 tells us that the productivity rate for this circumstance is 7, then the COCOMO model tells us that the estimated effort to build the Piccadilly system is NOP divided by the productivity rate, or 1.29 person-months."",
                ""img_id"": null
            }
        ],
        ""type"": null
    }
]","Data tables and views determine the complexity weight of a screen: for example, the booking screen may require three data tables (a table of available time slots, a table of past usage by this customer, and the contact information for this customer). Thus, the number of data tables is fewer than four, so we must decide whether we need more than eight views. Since we are likely to need fewer than eight views, we rate the booking screen as 'simple' according to the application point table.

The complexity weight for a screen is defined by the complexity level (simple, medium, or difficult) and is reflected in the weights for screens and reports. The weights reflect the relative effort required to implement a report or screen of that complexity level. Then, you sum the weighted reports and screens to obtain a single applicationpoint number.

Once the application point total (NOPs) is obtained, the initial effort estimate is derived from the productivity rate that depends on developer experience and CASE maturity. For example, if the developers have low experience and low CASE maturity, Table 3.12 tells us that the productivity rate is 7, so the number of person-months required is the number of new application points divided by 7.",0.38,12.837
"In software architecture, how does the method of passing and storing data between computational units in a Pipe-and-Filter architecture differ from the interactions in a Blackboard repository architecture? -Required source types: both -Brief reasoning type label: structure interpretation","
[0]
[SECTION]: Designing the Architecture > 5.4 Architectural Styles And Strategies > Pipe-and-Filter
[CONTENT]: In a pipe-and-filter style, illustrated in Figure 5.6, system functionality is achieved by passing input data through a sequence of data-transforming components, called filters , to produce output data. Pipes are connectors that simply transmit data from one filter to  the  next  without  modifying  the  data. Each  filter  is  an  independent  function  that makes no assumptions about other filters that may be applied to the data.Thus, we can build our system by connecting together different filters to form a variety of configurations. If the format of the data is fixed-that is, if all of the filters and pipes assume a common  representation  of  the  data  being  transmitted-then  we  can  join  filters together in any configuration. Such systems have several important properties (Shaw and Garlan 1996):
 - We can understand the system's transformation of input data to output data as the functional composition of the filters' data transformations.
[FIGURE 5.6 Pipes and filters.] 
[FIGURE_DESCRIPTIONS]
[0] Diagram of a multi-path signal processing pipeline featuring a left-to-right flow with branching and merging; blocks represent processing stages connected by directed arrows. A top-right inset labeled KEY contains a small schematic: a line labeled Pipe leading to a rectangular box labeled Filter, indicating a gated or selective pathway. The main diagram shows three horizontal layers of processing blocks with vertical connectors suggesting parallel branches feeding into subsequent stages. Each block is a rectangular node with thin borders and arrows exiting to the right or downward. The visual implies a data flow architecture with multiple concurrent channels, synchronization points, and parallelism. Visible text includes the inset KEY labels Pipe and Filter, helping interpret the pipeline elements. The image emphasizes structural relationships over specific numeric data, suitable for describing data routing, filtering stages, and pipeline topology in a theory-practice context.



[1]
[SECTION]: Designing the Architecture > 5.4 Architectural Styles And Strategies > Pipe-and-Filter
[CONTENT]:  - Filters can be reused in any other pipe-and-filter style program that assumes the same  format  for  input  and  output  data. Examples  of  such  filters  and  systems include image-processing systems and Unix shell programs.
 - System evolution is relatively easy; we can simply introduce new filters into our system's configuration, or replace or remove existing filters, without having to modify other parts of the system.
 - Because of filter independence, we can perform certain types of analyses, such as throughput analysis.
 - There are performance penalties when using a pipe-and-filter  architecture. To support a fixed data format during data transmission, each filter must parse input data before performing its computation and then convert its results back to the fixed data format for output. This repeated parsing and unparsing of data can hamper system performance. It can also make the construction of the individual filters more complex.
In some pipe-and-filter style systems, the filters are independent data-transforming functions, but  the  representation  of  data  passed  between  filters  is  not  fixed. For example, old-style compilers had pipe-and-filter architectures in which the output of each filter (e.g., the lexical analyzer or the parser) was fed directly into the next filter. Because the filters in such systems are independent and have precise input and output formats, it is easy to replace and improve filters but hard to introduce or remove filters. For example, to remove a filter, we may need to substitute a stub that converts the output from the previous filter into the input format expected by the next filter.


[2]
[SECTION]: Designing the Architecture > 5.7 Architecture Evaluation And Refinement > Trade-off Analysis
[CONTENT]: This complication leads us to a fourth design, based on a pipe-and-filter architecture (Figure 5.16), where the sequence of processing is controlled by the sequence of the filter modules.This design is easily extended to include new features, in that we can simply insert additional filters into the sequence. Also, each filter is an independent entity that can be changed without affecting other filters. The design supports the reuse of filters in other pipe-and-filter applications, as long as a filter's input data is in the form that it expects (Shaw and Garlan 1996).The filters may execute in parallel, processing inputs as they are received (although the Alphabetizer cannot output its results until it has received and sorted all of the input lines); this concurrent processing can enhance performance. Unlike the other designs, a data item is no longer stored in any location, but rather flows from one filter to another, being transformed along the way. As such, the design is not conducive to changes that would require the storage of persistent data,
[FIGURE_DESCRIPTIONS]
[0] Diagrammatic flowchart with labeled blocks and a legend. The top-left shows a KEY box containing two legend entries: 'Pipe' represented by a solid line and 'System I/O' represented by a dashed line. The main flow consists of three connected blocks in a horizontal sequence: 'Input medium' → 'Input' → 'Circular shift', with the connections depicted as solid lines (pipes). A lower parallel path begins from the left side with a dashed-line connection to a block labeled 'Alphabetizer', followed by an 'Output' block, and then another block labeled 'Output medium'. The overall structure suggests a two-path processing system with an input stage, a processing stage (circular shift), and a secondary process chain involving alphabetization and output, all connected by labeled arrows and lines. Readable text is case-sensitive and includes the exact terms shown.



[3]
[SECTION]: Designing the Architecture > 5.4 Architectural Styles And Strategies
[CONTENT]: Researchers are continuously analyzing good software designs, looking for useful architectural styles that can be applied more generally. These styles are then collected in style catalogues that an architect can reference when considering the best architecture for a given set of requirements. A few of these catalogues are listed at the end of this chapter.
In  the  rest  of  this  section, we  examine  six  architectural  styles  commonly  used in software development: pipe-and-filter, client-server, peer-to-peer, publish-subscribe, repositories , and layering . For each style, we describe the software elements comprising the style, the constraints on interactions among elements, and some properties (good and bad) of the resulting system.
","[
    {
        ""role"": ""paragraph"",
        ""segment"": ""The chatbot can't answer this question. Please try again with another question."",
        ""citations"": [],
        ""type"": ""abstained""
    }
]",The chatbot can't answer this question. Please try again with another question.,0.41,4.726
"According to the V-model of software development, how do the specific objectives of validation and verification map to the different testing phases on the right side of the ""V"" relative to the analysis and design phases on the left? -Required source types: both -Brief reasoning type label: synthesis","
[0]
[SECTION]: Modeling the Process and Life Cycle > 2.2 Software Process Models > V Model
[CONTENT]: The V model is a variation of the waterfall model that demonstrates how the testing activities are related to analysis and design (German Ministry of Defense 1992). As shown in Figure 2.4, coding forms the point of the V, with analysis and design on the left, testing and maintenance on the right. Unit and integration testing addresses the correctness of programs, as we shall see in later chapters. The V model suggests that unit and integration testing can also be used to verify the program design. That is, during unit and integration testing, the coders and test team members should ensure that all aspects of the program design have been implemented correctly in the code. Similarly, system testing should verify the system design, making sure that all system design aspects are correctly implemented. Acceptance testing, which is conducted by the customer rather than the developer, validates the requirements by associating a testing step with each element of the specification; this type of testing checks to see that all requirements have been fully implemented before the system is accepted and paid for.
The model's linkage of the left side with the right side of the V implies that if problems are found during verification and validation, then the left side of the V can be reexecuted to fix and improve the requirements, design, and code before the testing steps on the right side are reenacted. In other words, the V model makes more explicit some of the iteration and rework that are hidden in the waterfall depiction. Whereas the focus of the waterfall is often documents and artifacts, the focus of the V model is activity and correctness.


[1]
[SECTION]: Capturing the Requirements > 4.9 Validation And Verification
[CONTENT]: Remember that the requirements documents serve both as a contract between us and the  customer, detailing  what  we  are  to  deliver, and  as  guidelines  for  the  designers, detailing what they are to build. Thus, before the requirements can be turned over to the  designers, we  and  our  customers  must  be  absolutely  sure  that  each  knows  the other's intent, and that our intents are captured in the requirements documents. To establish this certainty, we validate the requirements and verify the specification.
We have been using the terms 'verify' and 'validate' throughout this chapter without formally defining them. In requirements validation , we check that our requirements definition accurately reflects the customer's-actually, all of the stakeholders'needs. Validation is tricky because there are only a few documents that we can use as the basis for arguing that the requirements definitions are correct. In verification , we check that one document or artifact conforms to another. Thus, we verify that our code conforms to our design,and that our design conforms to our requirements specification;at the requirements level, we verify that our requirements specification conforms to the requirements definition. To summarize, verification ensures that we build the system right , whereas validation ensures that we build the right system!


[2]
[SECTION]: Capturing the Requirements > 4.9 Validation And Verification > Requirements Validation
[CONTENT]: |    | 0            | 1                                                                                                                                                 |
|---:|:-------------|:--------------------------------------------------------------------------------------------------------------------------------------------------|
|  0 | TABLE 4.3    | Validation andVerification Techniques                                                                                                             |
|  1 | Validation   | Walkthroughs Reading Interviews Reviews Checklists Models to check functions and relationships Scenarios Prototypes Simulation Formal inspections |
|  2 | Verification | Cross-referencing Simulation Consistency checks Completeness checks Checks for unreachable states or transitions                                  |
|  3 | Checking     | Model checking Mathematical proofs                                                                                                                |
More often, the requirements are validated in a requirements review . In a review, representatives from our staff and the customer's staff examine the requirements document individually and then meet to discuss identified problems. The customer's representatives include those who will be operating the system, those who will prepare the system's inputs, and those who will use the system's outputs; managers of these employees may also attend. We provide members of the design team, the test team, and the process team. By meeting as a group, we can do more than check that the requirements definition satisfies the validation criteria:
 - We review the stated goals and objectives of the system.
 - We compare the requirements with the goals and objectives, to make certain that all requirements are necessary.
 - We review the environment in which the system is  to  operate, examining  the interfaces between our proposed system and all other systems and checking that their descriptions are complete and correct.


[3]
[SECTION]: Modeling the Process and Life Cycle > 2.2 Software Process Models > V Model
[CONTENT]: [FIGURE 2.4 The V model.] 
[FIGURE_DESCRIPTIONS]
[0] Diagram depicting a V-model software development process with labeled blocks and directional arrows. Top-left block labeled REQUIREMENTS ANALYSIS; connected downward to SYSTEM DESIGN, then to PROGRAM DESIGN, and to CODING at the bottom. Parallel path from REQUIREMENTS ANALYSIS to OPERATION & MAINTENANCE and ACCEPTANCE TESTING on the right, with arrows indicating validation of requirements. SYSTEM DESIGN is linked to SYSTEM TESTING on the right, which connects to UNIT & INTEGRATION TESTING, then back toward CODING via a dashed path labeled Verify design. A solid arrow from PROGRAM DESIGN to CODING; another solid arrow from CODING to UNIT & INTEGRATION TESTING and SYSTEM TESTING, illustrating development-to-testing handoffs. Text on blocks includes: REQUIREMENTS ANALYSIS, SYSTEM DESIGN, PROGRAM DESIGN, CODING, SYSTEM TESTING, UNIT & INTEGRATION TESTING, ACCEPTANCE TESTING, OPERATION & MAINTENANCE. Dashed lines indicate validation and verification flows, forming a V-shaped model common in software engineering.

","[
    {
        ""role"": ""paragraph"",
        ""segment"": ""According to the V-model, verification objectives map to the right-side testing phases that check conformance to design and implementation—unit and integration testing verify the program design (and its implementation) and system testing verifies the system design—while validation objectives map to acceptance testing on the right side, which validates the requirements by confirming the system meets stakeholders' needs."",
        ""citations"": [
            {
                ""type"": ""source_text"",
                ""content"": ""The V model suggests that unit and integration testing can also be used to verify the program design. That is, during unit and integration testing, the coders and test team members should ensure that all aspects of the program design have been implemented correctly in the code. Similarly, system testing should verify the system design, making sure that all system design aspects are correctly implemented. Acceptance testing, which is conducted by the customer rather than the developer, validates the requirements by associating a testing step with each element of the specification; this type of testing checks to see that all requirements have been fully implemented before the system is accepted and paid for."",
                ""img_id"": null
            },
            {
                ""type"": ""source_text"",
                ""content"": ""verification ensures that we build the system right , whereas validation ensures that we build the right system!"",
                ""img_id"": null
            }
        ],
        ""type"": null
    }
]","According to the V-model, verification objectives map to the right-side testing phases that check conformance to design and implementation—unit and integration testing verify the program design (and its implementation) and system testing verifies the system design—while validation objectives map to acceptance testing on the right side, which validates the requirements by confirming the system meets stakeholders' needs.",0.371,7.539
"Why might a Chief Programmer team be a poor organizational choice if the majority of the team members are categorized as ""Rational Introverts"" in Jung's work styles framework, and what alternative team structure is recommended for highly uncertain projects? -Required source types: both -Brief reasoning type label: causal reasoning","
[0]
[SECTION]: Planning and Managing the Project > 3.2 Project Personnel > Project Organization
[CONTENT]: [FIGURE 3.11 Chief programmer team organization.] 
Clearly, the chief programmer must be good at making decisions quickly, so the chief is likely to be an extrovert. However, if most of the team members are introverts, the chief programmer team may not be the best structure for the project. An alternative is based on the idea of 'egoless' programming, as described by Weinberg (1971). Instead of a single point of responsibility, an egoless approach holds everyone equally responsible. Moreover, the process is separated from the individuals; criticism is made of  the  product  or  the  result, not  the  people  involved. The  egoless  team  structure  is democratic, and all team members vote on a decision, whether it concerns design considerations or testing techniques.
Of course, there are many other ways to organize a development or maintenance project, and the two described above represent extremes.Which structure is preferable? The more people on the project, the more need there is for a formal structure. Certainly, a development team with only three or four members does not always need an elaborate organizational structure. However, a team of several dozen workers must have a welldefined organization.In fact, your company or your customer may impose a structure on the development team, based on past success, on the need to track progress in a certain way, or on the desire to minimize points of contact. For example, your customer may insist that the test team be totally independent of program design and development.


[1]
[SECTION]: Planning and Managing the Project > 3.2 Project Personnel > Work Styles
[CONTENT]: In  contrast, intuitive  extroverts base  many  decisions  on  emotional  reactions, tending to want to tell others about them rather than ask for input.They use their intuition to be creative, and they often suggest unusual approaches to solving a problem. The intuitive introvert is creative, too, but applies creativity only after having gathered INTUITIVE sufficient information on which to base a decision. Winston Churchill was an intuitive introvert; when he wanted to learn about an issue, he read every bit of material available that addressed it. He often made his decisions based on how he felt about what he had learned (Manchester 1983).
[FIGURE_DESCRIPTIONS]
[0] Diagram showing a 2x2 grid with axes labeled INTUITIVE vs RATIONAL horizontally and INTROVERT vs EXTROVERT vertically, plus axes labeled INWARD and OUTWARD at left and right ends. The top left quadrant contains terms: INTUITIVE, INTROVERT, Asks others, Acknowledges feelings. The top right quadrant labeled INTUITIVE, EXTROVERT, Tells others, Acknowledges feelings. The bottom left quadrant labeled RATIONAL, INTROVERT, Asks others, Decides logically. The bottom right quadrant labeled RATIONAL, EXTROVERT, Tells others, Decides logically. The vertical axis on left marks INWARD at top and OUTWARD at bottom, while horizontal axis marks INTUITIVE at top and RATIONAL at bottom. The diagram emphasizes work styles and personality orientation, possibly comparing intuitive versus rational approaches with inward vs outward directions. Visible text includes the quadrant labels and brief descriptors in each quadrant, forming a matrix of communication and decision styles. The overall figure appears to be a conceptual chart from a theory-practice document with minimal additional annotations.



[2]
[SECTION]: Planning and Managing the Project > 3.2 Project Personnel > Project Organization
[CONTENT]: Researchers continue to investigate how project team structure affects the resulting product and how to choose the most appropriate organization in a given situation. A National Science Foundation (1983) investigation found that projects with a high degree  of  certainty, stability, uniformity, and  repetition  can  be  accomplished  more effectively  by  a  hierarchical  organizational  structure  such  as  the  chief  programmer team.These projects require little communication among project members, so they are well-suited to an organization that stresses rules, specialization, formality, and a clear definition of organizational hierarchy.
|    | 0                 | 1                                       | 2                                       |
|---:|:------------------|:----------------------------------------|:----------------------------------------|
|  0 | TABLE 3.5         | Comparison of Organizational Structures | Comparison of Organizational Structures |
|  1 | Highly Structured | Highly Structured                       | Loosely Structured                      |
|  2 | High certainty    | High certainty                          | Uncertainty                             |
|  3 | Repetition        | Repetition                              | New techniques or technology            |
|  4 | Large projects    | Large projects                          | Small projects                          |
On the other hand, when there is much uncertainty involved in a project, a more democratic approach may be better. For example, if the requirements may change as development proceeds, the project has a degree of uncertainty. Likewise, suppose your customer is building a new piece of hardware to interface with a system; if the exact specification of the hardware is not yet known, then the level of uncertainty is high. Here, participation in decision making, a loosely defined hierarchy, and the encouragement of open communication can be effective.


[3]
[SECTION]: Planning and Managing the Project > 3.2 Project Personnel > Project Organization
[CONTENT]: Software development and maintenance project teams do not consist of people working independently or without coordination. Instead, team members are organized in ways that  enhance the swift completion of quality products. The choice of an appropriate structure for your project depends on several things:
 - the backgrounds and work styles of the team members
 - the number of people on the team
 - the management styles of the customers and developers Good project managers are aware of these issues, and they seek team members who are flexible enough to interact with all players, regardless of work style.
One popular organizational structure is the chief programmer team, first used at IBM (Baker 1972).On a chief programmer team , one person is totally responsible for a system's design and development. All other team members report to the chief programmer, who has the final say on every decision.The chief programmer supervises all others, designs all programs, and assigns the code development to the other team members. Assisting the chief is an understudy, whose principal job is substituting for the chief programmer when necessary. A librarian assists the team, responsible for maintaining all project documentation. The librarian also compiles and links the code, and performs preliminary testing of all modules submitted to the library. This division of labor allows the programmers to focus on what they do best: programming.
","[
  {
    ""role"": ""paragraph"",
    ""segment"": ""If most of the team members are introverts, the chief programmer team may not be the best structure for the project."",
    ""citations"": [
      {
        ""type"": ""source_text"",
        ""content"": ""However, if most of the team members are introverts, the chief programmer team may not be the best structure for the project."",
        ""img_id"": null
      }
      ]
    ,
    ""type"": null
  },
  {
    ""role"": ""paragraph"",
    ""segment"": ""For highly uncertain projects, a more democratic approach may be better, with participation in decision making, a loosely defined hierarchy, and the encouragement of open communication being effective."",
    ""citations"": [
      {
        ""type"": ""source_text"",
        ""content"": ""On the other hand, when there is much uncertainty involved in a project, a more democratic approach may be better. For example, if the requirements may change as development proceeds, the project has a degree of uncertainty. Likewise, suppose your customer is building a new piece of hardware to interface with a system; if the exact specification of the hardware is not yet known, then the level of uncertainty is high. Here, participation in decision making, a loosely defined hierarchy, and the encouragement of open communication can be effective."",
        ""img_id"": null
      }
    ],
    ""type"": null
  }
]","If most of the team members are introverts, the chief programmer team may not be the best structure for the project.

For highly uncertain projects, a more democratic approach may be better, with participation in decision making, a loosely defined hierarchy, and the encouragement of open communication being effective.",0.515,10.088
"How does the Object Constraint Language (OCL) supplement a standard UML class diagram to enforce that no two publications can share the same call number, and what specific OCL navigational constructs are used to express this invariant? -Required source types: both -Brief reasoning type label: structure interpretation","
[0]
[SECTION]: Capturing the Requirements > 4.5 Modeling Notations > Example: Object Constraint Language (OCL)
[CONTENT]: The Object Constraint Language (OCL) is an attempt to create a constraint language that is both mathematically precise and easy for nonmathematicians, like customers, to read, write, and  understand. The  language  is  specially  designed  for  expressing  constraints on object models (i.e., ER diagrams), and introduces language constructs for navigating from one object to another via association paths, for dealing with collections of objects, and for expressing queries on object type.
A partial Library class model from Figure 4.5 appears in Figure 4.18, in which three classes have been detailed and annotated with OCL constraints. The leftmost constraint is an invariant on the Patron class, and specifies that no patron's fines may have  a  negative  value  (i.e., the  library  always  makes  change  if  a  patron's  payment exceeds his or her fines). The topmost constraint is an invariant on the Publication class, and specifies that call numbers are unique.This constraint introduces Thus, the constraint literally says that for any two publications, p1 and p2 , returned by allinstances, if p1 and p2 are not the same publication, then they have different call numbers.The third constraint, attached to the method borrow() , expresses the operation's pre- and post-conditions. One of the pre-conditions concerns an attribute in the Patron class, which is accessible via the borrow association; the patron object can be referenced either by its role name, borrower , or by the class name written in lowercase letters, if the association's far end has no role name. If the association's multiplicity were greater than 0..1, then  navigating  the  association  would  return  a  collection  of objects, and we would use notation, rather than dot notation, to access the objects' attributes. :


[1]
[SECTION]: Capturing the Requirements > 4.5 Modeling Notations > Example: Object Constraint Language (OCL)
[CONTENT]: [FIGURE 4.18 Library classes annotated with OCL properties.] 
 - Construct allinstances, which returns all instances of the Publication class
 - Symbol which applies the attribute or operation of its right operand to all of the objects in its left operand : ,
 - Constructs forall, and, and implies, which correspond to the first-order connectives described above
[FIGURE_DESCRIPTIONS]
[0] Diagram depicts a class-like UML-style representation of a loan or lending system with labeled boxes for Patron, Publication, and Loan. Each box contains fields and types that describe attributes such as id, string, title, author, release date, and status flags. The Patron block lists attributes like id, name, address, fines, and a string type for fees, with a small note about fines being zero. The Publication block enumerates attributes including title, author, and id, along with fields for borrow status and availability, and a nested structure for reserve, date, due date, and renewal policies. A Loan block shows due date, overdue flag, and overdue fines, with relations to Patron and Publication via lines indicating borrow and return relationships. There are arrows and connectors indicating the flow: borrow, return, and possible unpaid fines. The diagram emphasizes object relationships, data types, and state transitions in a library management scenario.



[2]
[SECTION]: Capturing the Requirements > 4.5 Modeling Notations > Example: Object Constraint Language (OCL)
[CONTENT]: Although not originally designed as part of UML, OCL is now tightly coupled with UML and is part of the UML standard.OCL can augment many of UML's models. For example, it can be used to express invariants, preconditions, and post-conditions in class diagrams, or invariants and transition conditions in statechart diagrams. It can also express conditions on events in Message Sequence Charts (Warmer and Kleppe 1999). OCL annotations of UML require a relatively  detailed  class  model, complete  with attribute types, operation signatures, role names, multiplicities, and state enumerations of the class's statechart diagram. OCL expressions can appear in UML diagrams as UML notes,or they can be listed in a supporting document.


[3]
[SECTION]: Capturing the Requirements > 4.6 Requirements And Specification Languages > Unified Modeling Language (UML)
[CONTENT]:  - Collaboration diagram (an event trace): A collaboration diagram illustrates one or more event traces, overlayed on the class diagram.As such, a collaboration diagram presents the same information as a sequence diagram.The difference is that the  sequence  diagram  emphasizes  a  scenario's  temporal  ordering  of  messages because it organizes messages along a timeline. On the other hand, the collaboration  diagram  emphasizes  the  classes'  relationships, and  treats  the  messages  as elaborations  of  those  relationships  in  the  way  that  it  represents  messages  as arrows between classes in the class diagram.
 - Statechart diagram (a state-machine model): A UML statechart diagram specifies how each instance of one class in the specification's class diagram behaves. Before writing a statechart for a class (more specifically, for a representative object of that class), we should identify the states in the object's life cyle, the events that this object sends to and receives from other objects, the order in which these states and events occur, and the operations that the object invokes. Because such information is fairly detailed, a statechart diagram should not be attempted until late in the requirements phase, when the problem's details are better understood.
 - OCL properties (logic): OCL expressions are properties about a model's elements (e.g., objects, attributes, events, states, messages). OCL properties can be used in any of the above models, to explicate the model's implicit behavior or to impose constraints on the model's specified behavior.
","[
  {
    ""role"": ""paragraph"",
    ""segment"": ""OCL supplements a UML class diagram by attaching an invariant to the Publication class that enforces unique call numbers across all publications. The invariant logic is expressed using all instances of Publication and a comparison between two distinct publications’ call numbers."",
    ""citations"": [
      {
        ""type"": ""source_text"",
        ""content"": ""The topmost constraint is an invariant on the Publication class, and specifies that call numbers are unique."",
        ""img_id"": null
      },
      {
        ""type"": ""source_text"",
        ""content"": ""Thus, the constraint literally says that for any two publications, p1 and p2 , returned by allinstances, if p1 and p2 are not the same publication, then they have different call numbers."",
        ""img_id"": null
      },
      {
        ""type"": ""source_text"",
        ""content"": ""Construct allinstances, which returns all instances of the Publication class"",
        ""img_id"": ""image_0_1""
      }
    ],
    ""type"": null
  }
]",OCL supplements a UML class diagram by attaching an invariant to the Publication class that enforces unique call numbers across all publications. The invariant logic is expressed using all instances of Publication and a comparison between two distinct publications’ call numbers.,0.503,6.036
"Why does the textbook argue that high-level Petri nets are better suited than state-machine models for representing processes like an emergency room triage, where multiple preliminary events must occur before a transition to treatment begins? -Required source types: text -Brief reasoning type label: comparison","
[0]
[SECTION]: Capturing the Requirements > 4.5 Modeling Notations > Example: Petri Nets
[CONTENT]: [FIGURE 4.12 Petri net of book loan.] 
These features of concurrency and synchronization are especially useful for modeling events whose order of occurrence is not important. Consider the emergency room in a hospital. Before a patient can be treated, several events must occur.The triage staff must attempt to find out the name and address of the patient and to determine the patient's blood type. Someone must see if the patient is breathing, and also examine the patient for injuries. The events occur in no particular order, but all must occur before a team of doctors begins a more thorough examination. Once the treatment begins (i.e., once the transition is made from a preliminary examination to a thorough one), the  doctors  start  new  activities. The  orthopedic  doctors  check  for  broken  bones, while the hematologist runs blood tests and the surgeon puts stitches in a bleeding wound.The doctors' activities are independent of one another, but none can occur until the transition from the preliminary examination takes place.A state-machine model of the emergency room might specify only a single order of events, thereby excluding several acceptable behaviors, or it might specify all possible sequences of events, resulting in an overly complex model for a relatively simple problem. A Petri net model of the same emergency room nicely avoids both of these problems.
[FIGURE_DESCRIPTIONS]
[0] Diagram illustrating a loan request and return flow in a loan/borrow system. Key labeled nodes include Initiate Loan on the left, Borrow, Return, Withdraw Loan Request, Withdraw Return Request, and OnLoan. The main path forms a diamond shape with Avail at the top circle and OnLoan at the bottom circle, connected by two parallel branches labeled Borrow and Return. Initiate Loan leads to Withdraw Loan Request and then to a circular OnLoan node, while Return Request flows also into Withdraw Return Request and back toward a circle labeled OnLoan, indicating a state machine for loan lifecycle. Text labels emphasize the sequence: Initiate Loan, Withdraw Loan Request, Borrow, OnLoan, Avail, Return, Withdraw Return Request, Return Request. The diagram visually encodes state transitions and resource availability in a two-way lending process.



[1]
[SECTION]: Capturing the Requirements > 4.5 Modeling Notations > Example: Petri Nets
[CONTENT]: UML statechart diagrams nicely modularize a problem's dynamic behavior into the behaviors of individual class objects, with the effect that it may be easier to consider each class's behavior separately than it is to specify the whole problem in one diagram. This modularization makes it harder, though, to see how objects interact with each other. Looking at an individual statechart diagram, we can see when an object sends a message to another object. However, we have to examine the two objects' diagrams simultaneously to see that a message sent by one object can be received by the other. In fact, to be completely sure, we would have to search the possible executions (event traces) of the two machines, to confirm that whenever one object sends a message to the other, the target object is ready to receive and react to the message.
Petri nets (Peterson 1977) are a form of state-transition notation that is used to model concurrent activities and their interactions. Figure 4.12 shows a basic Petri net specifying the behavior of a book loan. The circles in the net are places that represent activities or conditions, and the bars represent transitions . Directed arrows, called arcs , connect a transition with its input places and its output places . The places are populated with tokens , which act as enabling conditions for the transitions.When a transition fires , it removes tokens from each of its input places and inserts tokens into each of its output places. Each arc can be assigned a weight that specifies how many tokens are removed from the arc's input place, or inserted into the arc's output place, when the transition fires. A transition is enabled if each of its input places contains enough tokens to contribute its arc's weight's worth of tokens, should the enabled transition actually fire.Thus, in  Figure  4.12, transitions Return,Withdraw  Return  Request , and Withdraw Loan Request are all enabled; firing transition Return removes a token from each of the places ReturnRequest and OnLoan , and inserts a token into Avail . The net's marking , which is the distribution of tokens among places, changes as transitions fire. In each execution step, the marking determines the set of enabled transitions; one enabled transition is nondeterministically selected to fire; the firing of this transition produces a new marking, which may enable a different set of transitions.We can model concurrent behavior by combining into a single net the activities, transitions, and tokens for several executing entities. Concurrent entities are synchronized whenever their activities, or places, act as input places to the same transition. This synchronization ensures that all of the pre-transition activities occur before the transition fires, but does not constrain the order in which these activities occur.


[2]
[SECTION]: Capturing the Requirements > 4.5 Modeling Notations > Example: Petri Nets
[CONTENT]: [FIGURE 4.13 Petri net of the library problem.] 
[FIGURE_DESCRIPTIONS]
[0] Diagram illustrating a loan and fine payment workflow with labeled actions and decision points. Central circular nodes labeled Pay, Payment, Fines, Item, Available, OnLoan, Return, Initiate Return, Initiate Loan, Withdraw Loan Request, Return Request, and Overdue Fine. Arrows indicate flow: from Pay to Payment; Payment leads to Fines and to Finalize Payment if within terms; Fines connect to Available and Late/Fines paths; Overdue Fine branches to Return and Initiate Return. The diagram includes textual labels such as (patron, payment), (patron, fines > payment), (patron, item), (item, overdue fine) and shows interactions between patrons, items, and loan states. It visually encodes a state-machine or sequence diagram for library loan process with fines and return workflows, including statuses like OnLoan and Withdraw/Return Requests, and processes for overdue fines and item availability.

","[
  {
    ""role"": ""paragraph"",
    ""segment"": ""High-level Petri nets are better for complex, concurrent workflows like emergency room triage because they model concurrency and synchronization, allowing multiple preliminary events to occur in any order before a single transition to treatment begins. The events occur in no particular order, but all must occur before a team of doctors begins a more thorough examination, and the doctors' activities are independent but gated by the transition from preliminary examination."",
    ""citations"": [
      {
        ""type"": ""source_text"",
        ""content"": ""These features of concurrency and synchronization are especially useful for modeling events whose order of occurrence is not important."",
        ""img_id"": null
      },
      {
        ""type"": ""source_text"",
        ""content"": ""The events occur in no particular order, but all must occur before a team of doctors begins a more thorough examination."",
        ""img_id"": null
      },
      {
        ""type"": ""source_text"",
        ""content"": ""The doctors' activities are independent of one another, but none can occur until the transition from the preliminary examination takes place."",
        ""img_id"": null
      },
      {
        ""type"": ""source_text"",
        ""content"": ""A Petri net model of the same emergency room nicely avoids both of these problems."",
        ""img_id"": null
      }
    ],
    ""type"": null
  }
]","High-level Petri nets are better for complex, concurrent workflows like emergency room triage because they model concurrency and synchronization, allowing multiple preliminary events to occur in any order before a single transition to treatment begins. The events occur in no particular order, but all must occur before a team of doctors begins a more thorough examination, and the doctors' activities are independent but gated by the transition from preliminary examination.",0.511,6.371
"Using the Critical Path Method (CPM), how does a delay in an activity that has zero slack time logically affect the projected staff-days on a resource histogram, and what is the specific term for the path that contains these zero-slack activities? -Required source types: both -Brief reasoning type label: causal reasoning","
[0]
[SECTION]: Planning and Managing the Project > 3.1 Tracking Progress > Slack time = latest start time -earliest start time
[CONTENT]: Since the critical path has no slack, there is no margin for error when performing the activities along its route.
Notice what happens when an activity on the critical path begins late (i.e., later than its earliest start time). The late start pushes all subsequent critical path activities forward, forcing them to be late, too, if there is no slack. And for activities not on the critical path, the subsequent activities may also lose slack time. Thus, the activity graph helps us to understand the impact of any schedule slippage.
Consider what happens if the activity graph has several loops in it. Loops may occur when an activity must be repeated. For instance, in our house-building example, the building inspector may require the plumbing to be redone.In software development, a design inspection may require design or requirements to be respecified. The appearance of these loops may change the critical path as the loop activities are exercised more than once. In this case, the effects on the schedule are far less easy to evaluate.
Figure 3.4 is a bar chart that shows some software development project activities, including information about the early and late start dates; this chart is typical of those produced by automated project management tools. The horizontal bars represent the duration of each activity; those bars composed of asterisks indicate the critical path. Activities depicted by dashes and Fs are not on the critical path, and an F represents float or slack time.
Critical path analysis of a project schedule tells us who must wait for what as the project is being developed. It also tells us which activities must be completed on schedule to avoid delay. This kind of analysis can be enhanced in many ways. For instance, our house-building example supposes that we know exactly how long each activity will take. Often, this is not the case. Instead, we have only an estimated duration for an activity, based on our knowledge of similar projects and events. Thus, to each activity, we can ***********************


[1]
[SECTION]: Planning and Managing the Project > 3.1 Tracking Progress > Slack time = latest start time -earliest start time
[CONTENT]: assign a probable duration according to some probability distribution, so that each activity has associated with it an expected value and a variance. In other words, instead of knowing an exact duration, we estimate a window or interval in which the actual time is likely to fall. The expected value is a point within the interval, and the variance describes the width of the interval. You may be familiar with a standard probability distribution called a normal distribution, whose graph is a bell-shaped curve.The Program Evaluation and Review Technique (PERT) is a popular critical path analysis technique that assumes a  normal distribution. (See Hillier and Lieberman [2001] for more information about PERT.) PERT determines the probability that the earliest start time for an activity is close to the scheduled time for that activity. Using information such as probability distribution, latest and earliest start times, and the activity graph, a PERT program can calculate the critical path and identify those activities most likely to be bottlenecks. Many project managers use the CPM or PERT method to examine their projects. However, these methods are valuable only for stable projects in which several activities take place concurrently. If the project's activities are mostly sequential, then almost all activities are on the critical path and are candidates for bottlenecks. Moreover, if the project requires redesign or rework,the activity graph and critical path are likely to change during development.


[2]
[SECTION]: Planning and Managing the Project > 3.1 Tracking Progress > Slack time = latest start time -earliest start time
[CONTENT]: Let us compute the slack for our example's activities to see what it tells us about the project schedule. We compute slack by examining all paths from the start to the finish. As we have seen, it must take 15 days to complete milestones 1.1 and 1.2.An additional 55 days are used in completing milestones 1.3, 1.4, 2.1, and 2.2. At this point, there are four possible paths to be taken:
 - Following milestones 2.3 through 2.7 on the graph requires 39 days.
 - Following milestones 2.3 through 2.8 on the graph requires 42 days.
 - Following milestones 3.1 through 3.4 on the graph requires 54 days.
 - Following milestones 3.1 through 3.6 on the graph requires 54 days.
Because milestones 2.7, 2.8, 3.4, and 3.6 must be met before the project is finished, our schedule is constrained by the longest path.As you can see from Figure 3.3 and our preceding calculations, the two paths on the right require 124 days to complete, and the two paths on the left require fewer days. To calculate the slack, we can work backward along the path to see how much slack time there is for each activity leading to a node. First, we note that there is zero slack on the longest path.Then, we examine each of the remaining nodes to calculate the slack for the activities leading to them. For example,
54 days are available to complete the activities leading to milestones 2.3, 2.4, 2.5, 2.6, and 2.8, but only 42 days are needed to complete these. Thus, this portion of the graph has 12 days of slack. Similarly, the portion of the graph for activities 2.3 through 2.7 requires only 39 days, so we have 15 days of slack along this route. By working forward through the graph in this way, we can compute the earliest start time and slack for each of the activities.Then, we compute the latest start time for each activity by moving from the finish back through each node to the start. Table 3.4 shows the results: the slack time for each activity in Figure 3.3. (At milestone 2.6, the path can branch to 2.7 or 2.8. The latest start times in Table 3.4 are calculated by using the route from 2.6 to 2.8, rather than from 2.6 to 2.7.)
","[
    {
        ""role"": ""sentence"",
        ""segment"": ""A delay in an activity with zero slack will push all subsequent critical path activities forward, forcing them to be late if there is no slack."",
        ""citations"": [
            {
                ""type"": ""source_text"",
                ""content"": ""The late start pushes all subsequent critical path activities forward, forcing them to be late, too, if there is no slack."",
                ""img_id"": null
            }
            ]
    },
    {
        ""role"": ""sentence"",
        ""segment"": ""The path containing these zero-slack activities is the critical path."",
        ""citations"": [
            {
                ""type"": ""source_text"",
                ""content"": ""those bars composed of asterisks indicate the critical path."",
                ""img_id"": null
            }
        ]
    }
]","A delay in an activity with zero slack will push all subsequent critical path activities forward, forcing them to be late if there is no slack. The path containing these zero-slack activities is the critical path.",0.443,9.598
"How does the U.S. government's definition of Return on Investment (ROI) differ from industry's definition, and how is the ""payback period"" mathematically calculated when a company performs a cost-benefit analysis on a new software architecture design? -Required source types: text -Brief reasoning type label: comparison","
[0]
[SECTION]: Why Software Engineering? > 1.3 What Is Good Software? > Quality in the Context of the Business Environment
[CONTENT]: However, Brodman and Johnson (1995) found that the U.S. government and U.S. industry interpret ROI in very different ways, each different from the other, and both different from the standard business school approaches.The government views ROI in terms of dollars,looking at reducing operating costs,predicting dollar savings,and calculating the cost of employing new technologies. Government investments are also expressed in dollars, such as the cost of introducing new technologies or process improvement initiatives.
On the other hand, industry viewed investment in terms of effort, rather than cost or dollars. That is, companies were interested in saving time or using fewer people, and their  definition  of  return  on  investment  reflected  this  focus  on  decreasing  effort. Among the companies surveyed, return on investment included such items as The cost issues included in the definition involve meeting cost predictions, improving cost performance, and staying within budget, rather than reducing operating costs or streamlining  the  project  or  organization. Figure  1.6 summarizes the frequency with which many organizations included an investment item in their definition of ROI. For example, about 5 percent of those interviewed included a quality group's effort in the ROI effort calculation, and approximately 35 percent included software costs when considering number of dollars invested.
 - training
 - schedule
 - risk
 - quality
 - productivity
 - process
 - customer
 - costs
 - business


[1]
[SECTION]: Designing the Architecture > 5.7 Architecture Evaluation And Refinement > Cost-Benefit Analysis
[CONTENT]: If there are multiple attributes to consider (e.g., the time it takes to update, reindex, and re-sort  the  catalogue), then  a  design's  total  financial  added  value  is  the  sum  of  the added values ascribed to each of the attributes-some of whose added values may be negative if a design improves one attribute at the expense of a conflicting attribute.
Computing Return on Investment (ROI). The return on investment of making one of these design changes is the ratio of the benefits gained from making the change to the cost of its implementation:
[FORMULA]
ROI = Benefits/Cost These costs are estimated using the techniques described in Chapter 3. The estimated costs of the proposed design changes in our example are shown in Table 5.4. In general,
an ROI of 1 or greater means that the design's benefits outweigh its costs. The higher the ROI value, the more effective the design.
Another useful measure is the payback period : the length of time before accumulated benefits recover the costs of implementation. In our example, the payback period for restructuring the sorted-index module (design 2) is $300,000/$280,000 = 1.07 of a year = approximately 13 months We return to calculations such as these in Chapter 12, where we investigate the best techniques for evaluating the return on investing in software reuse.


[2]
[SECTION]: Evaluating Products, Processes, and Resources > 12.6 Evaluating Resources > Return on Investment
[CONTENT]: In an ongoing attempt to improve software development, we select from among recommended methods and tools. Usually, limited resources constrain our choice; we cannot do everything, so we search for criteria for choosing the one(s) most likely to help us reach our goal.Thus, we must take a hard look at how software engineering developers and managers make decisions about technology investment.
Respected business publications often address the problem of technology investment. For example, an often-cited article suggests that any evaluation of an existing or proposed investment in technology be reported in several ways at once to form a 'balanced  scorecard': from  a  customer  view  (i.e., customer  satisfaction), an  operational view (i.e., core competencies), a financial view (i.e., return on investment, share price), and an improvement view (i.e., market leadership and added value) (Kaplan and Norton 1992). For example, Sidebar 12.8 describes some of the returns on investment at Chase Manhattan Bank. Favaro and Pfleeger (1998) suggest that economic value can be a unifying principle.That is, we can look at each investment alternative in terms of its potential economic value to the company as a whole. In fact, maximizing economic value can very well lead to increases in quality, customer satisfaction, and market leadership.
However, there are many different ways to capture economic value. We must decide which investment analysis approach is most appropriate for software-related investment  decision  making  based  on  economic  value. Investment  analysis  is  concerned only with the best way to allocate capital and human resources. Thus, it is distinctly different from cost estimation or metrics; it weighs several alternatives, including the possibility of using capital markets to provide an expected annual rate of return. In other words, from a high-level corporate perspective, management must decide how a proposed technology investment compares with simply letting the money earn interest in the bank!


[3]
[SECTION]: Evaluating Products, Processes, and Resources > 12.6 Evaluating Resources > Return on Investment
[CONTENT]: Not all investment analysis reflects this reality. Taking the perspective of a financial  analyst, Favaro  and  Pfleeger  (1998)  look  critically  at  the  most  commonly  used approaches: net present value, payback, average return on book value, internal rate of return, and profitability index.They show that net present value (NPV) makes the most sense for evaluating software-related investments.
NPV expresses economic value in terms of total project life, regardless of scale or time frame. Since investment planning involves spending money in the future, we can think of the present value of an investment as the value today of a predicted future cash flow. The NPV calculation uses a discount rate or opportunity cost , corresponding to


[4]
[SECTION]: Why Software Engineering? > 1.3 What Is Good Software? > Quality in the Context of the Business Environment
[CONTENT]: Even though the different ROI calculations can be justified for each organization, it is worrying that software technology return on investment is not the same as financial ROI. At some point, program success must be reported to higher levels of management, many of which are related not to software but to the main company business, such as telecommunications or banking. Much confusion will result from the use of the same terminology to mean vastly different things.Thus, our success criteria must make sense not only for software projects and processes, but also for the more general business practices they support.We will examine this issue in more detail in Chapter 12 and look at using several common measures of business value to choose among technology options.
","[
    {
        ""role"": ""paragraph"",
        ""segment"": ""The government views ROI in terms of dollars,looking at reducing operating costs,predicting dollar savings,and calculating the cost of employing new technologies. Government investments are also expressed in dollars, such as the cost of introducing new technologies or process improvement initiatives. On the other hand, industry viewed investment in terms of effort, rather than cost or dollars. That is, companies were interested in saving time or using fewer people, and their  definition  of  return  on  investment  reflected  this  focus  on  decreasing  effort."",
        ""citations"": [
            {
                ""type"": ""source_text"",
                ""content"": ""The government views ROI in terms of dollars,looking at reducing operating costs,predicting dollar savings,and calculating the cost of employing new technologies. Government investments are also expressed in dollars, such as the cost of introducing new technologies or process improvement initiatives."",
                ""img_id"": null
            },
            {
                ""type"": ""source_text"",
                ""content"": ""On the other hand, industry viewed investment in terms of effort, rather than cost or dollars. That is, companies were interested in saving time or using fewer people, and their  definition  of  return  on  investment  reflected  this  focus  on  decreasing  effort."",
                ""img_id"": null
            }
        ],
        ""type"": null
    },
    {
        ""role"": ""paragraph"",
        ""segment"": ""The payback period is described as the length of time before accumulated benefits recover the costs of implementation. In the example, the payback period for restructuring the sorted-index module (design 2) is $300,000/$280,000 = 1.07 of a year = approximately 13 months."",
        ""citations"": [
            {
                ""type"": ""source_text"",
                ""content"": ""The payback period : the length of time before accumulated benefits recover the costs of implementation."",
                ""img_id"": null
            },
            {
                ""type"": ""source_text"",
                ""content"": ""In our example, the payback period for restructuring the sorted-index module (design 2) is $300,000/$280,000 = 1.07 of a year = approximately 13 months"",
                ""img_id"": null
            }
        ],
        ""type"": null
    }
]","The government views ROI in terms of dollars,looking at reducing operating costs,predicting dollar savings,and calculating the cost of employing new technologies. Government investments are also expressed in dollars, such as the cost of introducing new technologies or process improvement initiatives. On the other hand, industry viewed investment in terms of effort, rather than cost or dollars. That is, companies were interested in saving time or using fewer people, and their  definition  of  return  on  investment  reflected  this  focus  on  decreasing  effort.

The payback period is described as the length of time before accumulated benefits recover the costs of implementation. In the example, the payback period for restructuring the sorted-index module (design 2) is $300,000/$280,000 = 1.07 of a year = approximately 13 months.",0.46,9.126
Contrast the primary development goal of building a throwaway rapid prototype during the requirements elicitation phase versus building one during the software architecture design phase. -Required source types: text -Brief reasoning type label: comparison,"
[0]
[SECTION]: Capturing the Requirements > 4.7 Prototyping Requirements
[CONTENT]: There are two approaches to prototyping: throwaway and evolutionary. A throwaway prototype is software that is developed to learn more about a problem or about a proposed solution, and that is never intended to be part of the delivered software. This approach allows us to write 'quick-and-dirty' software that is poorly structured, inefficient, with no error checking-that, in fact, may be a facade that does not implement any of the desired functionality-but that gets quickly to the heart of questions we have about the problem or about a proposed solution. Once our questions are answered, we throw away the prototype software and start engineering the software that will be delivered. In contrast, an evolutionary prototype is software that is developed not only to help us answer questions but also to be incorporated into the final product. As such, we have to be much more careful in its development, because this software has to eventually exhibit the quality requirements (e.g., response rate, modularity) of the final product, and these qualities cannot be retrofitted.
Both techniques are sometimes called rapid prototyping , because they involve building  software  in  order  to  answer  questions  about  the requirements . The  term 'rapid'distinguishes software prototyping from that in other engineering disciplines, in which a prototype is typically a complete solution, like a prototype car or plane that is built manually according to an already approved design. The purpose of such a prototype is to test the design and product before automating or optimizing the manufacturing step for mass production. In contrast, a rapid prototype is a partial solution that is built to help us understand the requirements or to evaluate design alternatives.


[1]
[SECTION]: Designing the Architecture > 5.7 Architecture Evaluation And Refinement > Prototyping
[CONTENT]: If a prototype is intended only to explore design issues, we may not give its development the same careful attention that we would give to a real system. For this reason, we frequently discard the prototype and build the actual system from scratch, rather than try to salvage parts from the prototype. In these cases, the throw-away prototype is meant to be discarded; its development is intended only to assess the feasibility or particular characteristics in a proposed design. In fact, Brooks (1995) recommends building a system, throwing it away, and building it again.The second version of the system benefits from the learning and the mistakes made in the process of building the first system.
Alternatively, we may attempt to reuse parts of the prototype in the actual system. By taking care in the design and development of the prototype's components, we can produce a prototype that answers questions about the design and at the same time provides building blocks for the final system.The challenge is to ensure that this style of prototyping is still fast. If the prototype cannot be built more quickly than the actual system, then it loses its value. Moreover, if too much effort is invested in developing a quality prototype, we may become too attached to the design decisions and other assets embedded in the prototype,and we may be less open to considering design alternatives.
An extreme version of this approach is called rapid prototyping , in which we progressively refine the prototype until it becomes the final system. We start with a prototype of the requirements, in the form of a preliminary user interface that simulates the system's responses to user input. In successive iterations of the prototype, we flesh out the system's design and implementation, providing the functionality promised by the initial user interface. In many ways, rapid prototyping resembles an agile development process, in that the system's development is iterative and there is continual feedback from the customer. The difference is that the initial prototype is a user-interface shell rather than the core of the operational system.


[2]
[SECTION]: Designing the Architecture > 5.7 Architecture Evaluation And Refinement > Prototyping
[CONTENT]: Boehm, Gray, and Seewaldt (1984) studied projects that were developed using rapid prototyping, and they report that such projects performed about as well as those developed using traditional design techniques. In addition, 45 percent less effort was expended and 40 percent fewer lines of code were generated by the developers who used prototypes. Also, the speed and efficiency of the systems developed with prototypes were almost the same as those of the traditionally developed systems. However, there are some risks in using rapid prototyping.The biggest risk is that by showing customers an operational prototype, we may mislead them into believing that the system is close to being finished. A related risk is that customers may expect the final system to exhibit the same performance characteristics as the prototype, which could be unrealistically fast due to omitted functionality, smaller scale, and communication delays.Also, because of the lack of documentation, prototyping as a development process is best suited for smaller projects involving smaller development teams.


[3]
[SECTION]: Capturing the Requirements > 4.7 Prototyping Requirements
[CONTENT]: Questions about the requirements can be explored via either modeling or prototyping. Whether one approach is better than the other depends on what our questions are, how well they can be expressed in models or in software, and how quickly the models or prototype software can be built.As we saw above, questions about user interfaces may be easier to answer using prototypes. A prototype that implements a number of proposed features would more effectively help users to prioritize these features, and possibly to identify some features that are unnecessary. On the other hand, questions about constraints on the order in which events should occur, or about the synchronization of activities, can be answered more quickly using models. In the end, we need to produce final requirements documentation for the testing and maintenance teams, and possibly for regulatory bodies, as well as final software to be delivered. So, whether it is better to model or to prototype depends on whether it is faster and easier to model, and to develop the software from the refined models, or faster and easier to prototype, and to develop documentation from the refined prototype.


[4]
[SECTION]: Designing the Architecture > 5.1 The Design Process > SIDEBAR 5.1 AGILE ARCHITECTURES
[CONTENT]: A bigger problem with agile methods is the need for continuous refactoring.The inherent conflict between an architecture's representing a significant design decision and the need for continuous refactoring means that systems are not refactored as often as they should be. Thomas (2005) calls the refactoring of large, complex systems high-risk 'wizard's work,' particularly when there is a great deal of legacy code containing intricate dependencies.
","[
  {
    ""role"": ""paragraph"",
    ""segment"": ""During the requirements elicitation phase, a throwaway rapid prototype is developed to learn more about a problem or proposed solution, and is never intended to be part of the delivered software; its purpose is to answer questions about the requirements and help identify priorities and unnecessary features."",
    ""citations"": [
      {
        ""type"": ""source_text"",
        ""content"": ""A throwaway prototype is software that is developed to learn more about a problem or about a proposed solution, and that is never intended to be part of the delivered software."",
        ""img_id"": null
      },
      {
        ""type"": ""source_text"",
        ""content"": ""In many ways, rapid prototyping resembles an agile development process, in that the system's development is iterative and there is continual feedback from the customer."",
        ""img_id"": null
      },
      {
        ""type"": ""source_text"",
        ""content"": ""Questions about the requirements can be explored via either modeling or prototyping."",
        ""img_id"": null
      }
    ],
    ""type"": null
  },
  {
    ""role"": ""paragraph"",
    ""segment"": ""During software architecture design, rapid prototyping aims to explore design issues and feasibility, may produce a prototype that is discarded or reused as building blocks for the final system, and is often iterative so the prototype gradually evolves toward the final architecture."",
    ""citations"": [
      {
        ""type"": ""source_text"",
        ""content"": ""If a prototype is intended only to explore design issues, we may not give its development the same careful attention that we would give to a real system."",
        ""img_id"": null
      },
      {
        ""type"": ""source_text"",
        ""content"": ""the throw-away prototype is meant to be discarded; its development is intended only to assess the feasibility or particular characteristics in a proposed design."",
        ""img_id"": null
      },
      {
        ""type"": ""source_text"",
        ""content"": ""An extreme version of this approach is called rapid prototyping , in which we progressively refine the prototype until it becomes the final system."",
        ""img_id"": null
      },
      {
        ""type"": ""source_text"",
        ""content"": ""By taking care in the design and development of the prototype's components, we can produce a prototype that answers questions about the design and at the same time provides building blocks for the final system."",
        ""img_id"": null
      },
      {
        ""type"": ""source_text"",
        ""content"": ""We start with a prototype of the requirements, in the form of a preliminary user interface that simulates the system's responses to user input."",
        ""img_id"": null
      }
    ],
    ""type"": null
  }
]","During the requirements elicitation phase, a throwaway rapid prototype is developed to learn more about a problem or proposed solution, and is never intended to be part of the delivered software; its purpose is to answer questions about the requirements and help identify priorities and unnecessary features.

During software architecture design, rapid prototyping aims to explore design issues and feasibility, may produce a prototype that is discarded or reused as building blocks for the final system, and is often iterative so the prototype gradually evolves toward the final architecture.",0.505,12.572
"How does the representation of conditions and states in a Parnas Table for calculating a library due date differ structurally from the representation of pre-conditions and post-conditions in a formal Z specification schema for a ""Return"" operation? -Required source types: both -Brief reasoning type label: structure interpretation","
[0]
[SECTION]: Capturing the Requirements > 4.5 Modeling Notations > Example: Parnas Tables
[CONTENT]: Parnas tables (Parnas 1992) are tabular representations of mathematical functions or relations. Like decision tables, Parnas tables use rows and columns to separate a function's definition into its different cases. Each table entry either specifies an input condition that partially identifies some case, or it specifies the output value for some case. Unlike decision tables, the inputs and outputs of a Parnas table are purely mathematical expressions.
To  see  how  Parnas  tables  work, consider  Figure  4.17. The  rows  and  columns define Calc due date , an operation in our library example.The information is represented as a Normal Table, which is a type of Parnas table.The column and row headers are predicates used to specify cases, and the internal table entries store the possible function results. Thus, each internal table entry represents a distinct case in the function's definition. For example, if the event is to renew a loan (column header), and the publication being borrowed is on reserve (column header), and the patron making the request has no outstanding fines (row header), then the due date is calculated to be publication.reserve loan period days from Today . A table entry of 'X' indicates that the operation is invalid under the specified conditions; in other specifications, an entry of 'X' could mean that the combination of conditions is infeasible. Notice how the column and row headers are structured to cover all possible combinations of conditions that can affect the calculation of a loaned item's due date. (The symbol ¬ means 'not', so ¬publication.InState(reserve) means that the publication is not on reserve.)


[1]
[SECTION]: Capturing the Requirements > 4.5 Modeling Notations > Example: Parnas Tables
[CONTENT]: The phrase Parnas tables actually refers to a collection of table types and abbreviation strategies for organizing and simplifying functional and relational expressions. Another table type is an Inverted Table, which looks more like a conventional decision table: case conditions are specified as expressions in the row headers and in the table entries, and the function results are listed in the column headers, at the top or the bottom of the table. In general, the specifier's goal is to choose or create a table format that results in a simple and compact representation for the function or relation being specified. The  tabular  structure  of  these  representations  makes  it  easy  for  reviewers  to check that a specification is complete (i.e., there are no missing cases) and consistent (i.e., there are no duplicate cases). It is easier to review each function's definition case by case, rather than examining and reasoning about the whole specification at once.
A functional specification expressed using Parnas tables is best decomposed into a single function per output variable. For every input event and for every condition on entities or other variables, each function specifies the value of its corresponding output variable. The advantage of this model structure over a state-machine model is that the definition of each output variable is localized in a distinct table, rather than spread throughout the model as actions on state transitions.
|    |                 | event { borrow, renew }.publication.ln State   | event { borrow, renew }.publication.ln State   | event = recall.                          |
|---:|:----------------|:-----------------------------------------------|:-----------------------------------------------|:-----------------------------------------|
|  0 | patron.fine = 0 | publication.reserve loan period                | publication.loan period                        | Min(due date, publication.recall period) |
|  1 | patron.fine > 0 | X                                              | X                                              | X                                        |


[2]
[SECTION]: Capturing the Requirements > 4.5 Modeling Notations > SIDEBAR 4.5 GROUND REQUIREMENTS IN THE REAL WORLD
[CONTENT]: The top section of an operation schema indicates whether the operation modifies ( D ) or simply queries ( X ) the system state, and identifies the inputs (?) and outputs (!) of the operation. The bottom section of an operation schema specifies the operation's pre-conditions  and  post-conditions. In  operations  that  modify  the  system  state, unprimed variables represent variable values before the operation is performed, and primed variables represent values following the operation. For example, the input to operation Buy is a new library Item , and the pre-condition specifies that the Item not already be in the library Catalogue . The post-conditions update the Catalogue to include the new Item , and specify that the other library variables do not change value (e.g., the updated value Fine equals the old value Fine ). Operation Return is more complicated. It takes as input the library Item being returned, the Patron who borrowed the Item , and the Date of the return. The post-conditions remove the returned item from variables Borrowers and DueDates ; these updates use Z symbol y , 'domain subtraction,' to return a submapping of their pre-operation values, excluding any element whose domain value is the Item being returned.The next two post-conditions are updates to variable Fines , conditioned on whether the Patron incurs an overdue fine for returning the Item later than the loan's due date.These updates use symbol å , which 'maps' a domain value 'to' a range value, and symbol ± which 'overrides' a function mapping, usually with a new 'maps-to' element. Thus, if today's date is later than the returned Item's DueDate , then the Patron's Fine is overridden with a new value that reflects the old fine value plus the new overdue fine. The last two post-conditions specify that the values of variables Catalogue and OnReserve do not change. ¿


[3]
[SECTION]: Capturing the Requirements > 4.5 Modeling Notations > Example: SDL Data
[CONTENT]: Thus, the effect of returning a borrowed book is to discard the borrow operation and to reapply the return operation to the rest of the sequence, so that it can remove any extraneous matching borrow operations; this recursion terminates when the return operation is applied to the corresponding buy operation, which denotes the beginning of the book's existence, or to an empty library, an ERROR . Together, these axioms specify that operation return removes from the library state any trace of the item being borrowed, which is the desired behavior.A specification written in this style would nullify consecutive buying, borrowing, or reserving of the same item.
","[
  {
    ""role"": ""paragraph"",
    ""segment"": ""Parnas tables organize conditions as table headers (rows and columns) that are predicates specifying cases, with internal entries storing the corresponding function results; a table entry of 'X' indicates the operation is invalid under the specified conditions, and each internal table entry represents a distinct case in the function's definition. In contrast, a Z specification for a Return operation separates state-change details into explicit pre-conditions and post-conditions, with a top section indicating whether the operation modifies or queries the state and identifying inputs and outputs, and a bottom section detailing pre- and post-conditions. Moreover, for state-modifying operations, unprimed variables denote pre-operation values and primed variables denote post-operation values, and post-conditions explicitly describe updates such as removing the returned item from Borrowers and DueDates."",
    ""citations"": [
      {
        ""type"": ""source_text"",
        ""content"": ""The column and row headers are predicates used to specify cases, and the internal table entries store the possible function results."",
        ""img_id"": null
      },
      {
        ""type"": ""source_text"",
        ""content"": ""Thus, each internal table entry represents a distinct case in the function's definition."",
        ""img_id"": null
      },
      {
        ""type"": ""source_text"",
        ""content"": ""A table entry of 'X' indicates that the operation is invalid under the specified conditions;"",
        ""img_id"": null
      },
      {
        ""type"": ""source_text"",
        ""content"": ""The top section of an operation schema indicates whether the operation modifies ( D ) or simply queries ( X ) the system state, and identifies the inputs (?) and outputs (!) of the operation."",
        ""img_id"": null
      },
      {
        ""type"": ""source_text"",
        ""content"": ""The bottom section of an operation schema specifies the operation's pre-conditions  and  post-conditions."",
        ""img_id"": null
      },
      {
        ""type"": ""source_text"",
        ""content"": ""The post-conditions remove the returned item from variables Borrowers and DueDates"",
        ""img_id"": null
      },
      {
        ""type"": ""source_text"",
        ""content"": ""In  operations  that  modify  the system  state, unprimed variables represent variable values before the operation is performed, and primed variables represent values following the operation."",
        ""img_id"": null
      }
    ],
    ""type"": null
  }
]","Parnas tables organize conditions as table headers (rows and columns) that are predicates specifying cases, with internal entries storing the corresponding function results; a table entry of 'X' indicates the operation is invalid under the specified conditions, and each internal table entry represents a distinct case in the function's definition. In contrast, a Z specification for a Return operation separates state-change details into explicit pre-conditions and post-conditions, with a top section indicating whether the operation modifies or queries the state and identifying inputs and outputs, and a bottom section detailing pre- and post-conditions. Moreover, for state-modifying operations, unprimed variables denote pre-operation values and primed variables denote post-operation values, and post-conditions explicitly describe updates such as removing the returned item from Borrowers and DueDates.",0.575,12.698
"Why did the ""hot standby"" redundancy fault-recovery tactic fail during the Ariane-5 maiden flight, and how does the textbook explain this failure using the inherent difference between hardware failures and software failures? -Required source types: text -Brief reasoning type label: causal reasoning","
[0]
[SECTION]: Designing the Architecture > 5.12 Real-Time Example
[CONTENT]: One of the findings of the inquiry board that was set up to investigate the Ariane-5 accident was that the Ariane program in general had a 'culture...of only addressing random hardware failures' (Lions et  al. 1996)  and  of  assuming  that  seemingly  correct software was in fact correct. The board came to this conclusion partly because of the way the Ariane-5's fault-recovery system was designed. The Ariane-5 included a number of redundant components in which both the hardware equipment and the associated software were identical. In most cases, one of the components was supposed to be active; the other was to stay in 'hot standby' mode, ready to become the active component if the current active component failed. But this architecture is not a good choice for this kind of system, because hardware failures are very different from software failures. Hardware failures are independent: if one unit fails, the standby unit is usually unaffected and can take over as the active unit. By contrast, software faults tend to be logical errors, so all copies of a software component have the same set of faults. Moreover, even if the software is not the underlying cause of a failure, replicated software components are likely to exhibit the same bad behavior in response to bad input. For these reasons, the hot standby redundancy in Ariane-5 is likely to recover only from hardware failures.
To see why, consider Table 5.5's list of sources of software failures (NASA 2004). Some of the software faults are internal to the software itself, and some are caused by input errors or erroneous events in the environment. Regardless of the source, most types of faults would adversely affect all instances of replicated software components that are processing the same input at the same time (with the exception of gamma radiation, which is a serious concern in software on spacecraft). As a result, software failures among replicated components in hot standby mode are rarely independent. This was the situation with the failed inertial reference systems (SRIs) on the Ariane-5: both units suffered the same overflow error, simultaneously.


[1]
[SECTION]: Planning and Managing the Project > 3.8 Real-Time Example
[CONTENT]: The board investigating the Ariane-5 failure examined the software, the documentation, and the data captured before and during flight to determine what caused the failure  (Lions  et  al. 1996). Its  report  notes  that  the  launcher  began  to  disintegrate  39 seconds after  takeoff  because  the  angle  of  attack  exceeded  20  degrees, causing  the boosters to separate from the main stage of the rocket; this separation triggered the launcher's self-destruction. The angle of attack was determined by software in the onboard computer on the basis of data transmitted by the active inertial reference system, SRI2.As the report notes, SRI2 was supposed to contain valid flight data, but instead it contained a diagnostic bit pattern that was interpreted erroneously as flight data. The erroneous data had been declared a failure, and the SRI2 had been shut off. Normally, the on-board computer would have switched to the other inertial reference system, SRI1, but that, too, had been shut down for the same reason.
The error occurred in a software module that computed meaningful results only before lift-off.As soon as the launcher lifted off, the function performed by this module served no useful purpose, so it was no longer needed by the rest of the system. However, the module continued its computations for approximately 40 seconds of flight based on a requirement for the Ariane-4 that was not needed for Ariane-5.
The internal events that led to the failure were reproduced by simulation calculations supported by memory readouts and examination of the software itself. Thus, the Ariane-5 destruction might have been prevented had the project managers developed a risk management plan, reviewed it, and developed risk avoidance or mitigation plans for each identified risk. To see how, consider again the steps of Figure 3.15. The first stage of risk assessment is risk identification. The possible problem with reuse of the Ariane-4 software might have been identified by a decomposition of the functions; someone  might  have  recognized  early  on  that  the  requirements  for Ariane-5  were different  from  Ariane-4. Or  an  assumption  analysis  might  have  revealed  that  the assumptions for the SRI in Ariane-4 were different from those for Ariane-5.


[2]
[SECTION]: Maintaining the System > 11.8 Real-Time Example
[CONTENT]: Maintainability is often measured in terms of mean time between failures, so preventing or mitigating failures should be a major goal of the maintenance team. One way to address this goal is to scrutinize the system's failure strategy. That is, we must ask ourselves what assumptions have been made about the best way to handle failures, and then see if we can change those assumptions to decrease the failure rate.
The investigative report after the Ariane-5 explosion points out that the developers focused on mitigating random failure.That is, the guidance given to developers of the inertial reference system (as all the software) was to stop the processor if any exception was detected. When the inertial reference system failed, it failed because of a design fault, not as a result of a random failure, so in fact the cessation of processing was correct according to the specification, but inappropriate according to the rocket's mission.
The investigative board emphasized this fact in its report. It said that The exception was detected, but inappropriately handled because the view had been taken that software should be considered correct until it is shown to be at fault. The Board has reason to believe that this view is also accepted in other areas of Ariane-5 software design. The Board is in favour of the opposite view, that software should be assumed to be faulty until applying the currently accepted best practice methods can demonstrate that it is correct. (Lions et al. 1996)
Thus, a critical next step for the Ariane software is to change the failure strategy and implement a series of preventive enhancements. Indeed, the board describes this task explicitly:
This means that critical software-in the sense that failure of the software puts the mission at risk-must be identified at a very detailed level, that exceptional behaviour must be confined, and that a reasonable back-up policy must take software failures into account. (Lions et al. 1996)
","[
  {
    ""role"": ""paragraph"",
    ""segment"": ""The hot standby redundancy failed because replicated software components are not independent when dealing with software faults; this architecture is not a good choice for this kind of system, because hardware failures are very different from software failures, and software faults tend to be logical errors, so all copies of a software component have the same set of faults, likely causing the same bad behavior in response to bad input."",
    ""citations"": [
      {
        ""type"": ""source_text"",
        ""content"": ""This architecture is not a good choice for this kind of system, because hardware failures are very different from software failures."",
        ""img_id"": null
      },
      {
        ""type"": ""source_text"",
        ""content"": ""software faults tend to be logical errors, so all copies of a software component have the same set of faults."",
        ""img_id"": null
      },
      {
        ""type"": ""source_text"",
        ""content"": ""replicated software components are likely to exhibit the same bad behavior in response to bad input."",
        ""img_id"": null
      },
      {
        ""type"": ""source_text"",
        ""content"": ""the hot standby redundancy in Ariane-5 is likely to recover only from hardware failures."",
        ""img_id"": null
      },
      {
        ""type"": ""source_text"",
        ""content"": ""both units suffered the same overflow error, simultaneously."",
        ""img_id"": null
      }
    ],
    ""type"": null
  }
]","The hot standby redundancy failed because replicated software components are not independent when dealing with software faults; this architecture is not a good choice for this kind of system, because hardware failures are very different from software failures, and software faults tend to be logical errors, so all copies of a software component have the same set of faults, likely causing the same bad behavior in response to bad input.",0.516,5.745
"How does a ""pure"" layered architecture (such as the OSI model) utilize the tactics of reducing coupling and using explicit interfaces to minimize the impact on indirectly affected software units when a layer is modified? -Required source types: both -Brief reasoning type label: synthesis","
[0]
[SECTION]: Designing the Architecture > 5.4 Architectural Styles And Strategies > Layering
[CONTENT]: To see how this type of system works, consider Figure 5.9, which depicts the Open Systems Interconnection (OSI) reference model for network communications (International  Telecommunication  Union  1994). The  bottom  layer  provides  facilities  for transferring data bits over a physical link, like a cable-possibly unsuccessfully. The next layer, the Data Link Layer, provides more complex facilities: it transmits fixedsized data frames, routes data frames to local addressable machines, and recovers from simple transmission errors.The Data Link Layer uses the bottom Physical Layer's facilities to perform the actual transmission of bits between physically connected machines. The Network Layer adds the ability to transmit variable-sized data packets, by breaking packets into fixed-sized data frames which are then sent using the Data Link facilities; the Network Layer also expands the routing of data packets to nonlocal machines. The Transport Layer adds reliability, by recovering from routing errors, such as when data frames are lost or reordered as they are routed (along possibly different paths) through the network.The Session Layer uses the Transport Layer's reliable data-transfer services  to  provide  long-term  communication  connections, over  which  lengthy  data exchanges can take place.The Presentation Layer provides translation among different data representations, to support data exchanges among components that use different data formats. The Application Layer provides application-specific services, such as file transfers if the application is a file-transfer program.
In the OSI example, each layer raises the level of abstraction of the communication services that are available to the next layer, and hides all of the details about how those services are implemented. In general, the layering style is useful whenever we can decompose our system's functionality into steps, each of which builds on previous steps. The resulting design is easier to port to other platforms, if the lowest level encapsulates the software's interactions with the platform. Moreover, because a layer can interact only  with  its  neighboring  layers, layer  modification  is  relatively  easy; such  changes should affect at most only the two adjacent layers.


[1]
[SECTION]: Designing the Architecture > 5.4 Architectural Styles And Strategies > Layering
[CONTENT]: [FIGURE 5.9 Layered architecture of OSI model for network communications.] 
On the other hand, it is not always easy to structure a system into distinct layers of increasingly powerful services, especially when software units are seemingly interdependent. Also, it may appear that layers introduce a performance cost from the set of calls  and  data  transfers  between  system  layers. Fortunately, sophisticated  compilers, linkers, and loaders can reduce this overhead (Clements et al. 2003).
[FIGURE_DESCRIPTIONS]
[0] A diagram illustrating data flow across layers with labeled blocks and arrows. Leftmost column titled KEY shows signals: layer, procedure call, physical cable. Central data flow area contains vertical stacks of rounded rectangles representing layers: Application, send (my data), send (data), Session, Transport, Network, Data, Physical, and corresponding right-side duplicates for a receiving file path: Application, receive (my data), receive (data), Presentation, receive (data), Session, Transport, Network, Data, Physical. Arrows indicate directional movement: up and down between layers, and horizontal transfers between sending and receiving paths, labeled send/receive, close session, and close session. A wide gray vertical boundary labeled Data flow encompasses the entire process, with an upward gray arrow on the right suggesting a completion or acknowledgment flow. Visible labels include: “send (my file)”, “send (data)”, “receive (my data)”, “receive (data)”, “close session”, “Application”, “Presentation”, “Session”, “Transport”, “Network”, “Data”, “Physical”. The diagram emphasizes end-to-end layering similar to OSI/TCP models, showing message encapsulation and de-encapsulation as data moves through protocol stacks in both transmitting and receiving directions.



[2]
[SECTION]: Designing the Architecture > 5.4 Architectural Styles And Strategies > Layering
[CONTENT]: Layered systems organize the system's software units into layers, each of which provides services to the layer above it and acts as a client to the layer below. In a 'pure' layered system, a software unit in a given layer can access only the other units in the same layer and services offered by the interface to the layer immediately below it. To improve performance, this constraint may be relaxed in some cases, allowing a layer to access the services of layers below its lower neighbor; this is called layer bridging . However, if a design includes a lot of layer bridging, then it loses some of the portability and maintainability that the layering style offers. Under no circumstances does a layer access the services offered by a higher-level layer; the resulting architecture would no longer be called layered.


[3]
[SECTION]: Designing the Modules > 6.2 Design Principles > Interfaces
[CONTENT]: A software unit's interface can also suggest the nature of coupling. If an interface restricts all access to the software unit to a collection of access functions that can be invoked, then there is no content coupling. If some of the access functions have complex data parameters, then there may be stamp coupling. To promote low coupling, we want to keep a unit's interface as small and simple as possible. We also want to minimize the assumptions and requirements that the software unit makes of its environment, to reduce the chance that changes to other parts of the system will violate those assumptions.


[4]
[SECTION]: Designing the Modules > 6.2 Design Principles > Modularity
[CONTENT]: [FIGURE 6.1 Module coupling.] 
[FIGURE_DESCRIPTIONS]
[0] Diagram illustrating coupling in software design with two sections: on the left, loosely coupled - some dependencies showing rectangular modules arranged in two stacked rows, connected by vertical and horizontal arrows indicating fewer inter-module dependencies; on the right, tightly coupled - multiple modules with dense interconnections, arrows crisscrossing among modules, and a cluster of interconnected blocks. Above the left cluster, there are additional small rectangles in a 2x2 grid labeled Uncoupled - dependencies (text partially legible). Each module is a simple rounded rectangle, with arrows indicating data or control flow. The bottom row contains paired modules connected by vertical arrows to the top row, suggesting dependency direction. The right cluster features a more complex network where several modules have multiple incoming and outgoing arrows, implying high coupling. The overall theme contrasts dependency management between loose and tight coupling, with minimalistic block diagrams and labeled text cues.

","[
  {
    ""role"": ""paragraph"",
    ""segment"": ""In a pure layered architecture, a software unit in a given layer can access only the other units in the same layer and services offered by the interface to the layer immediately below it, which helps isolate changes and minimize impact when a layer is modified."",
    ""citations"": [
      {
        ""type"": ""source_text"",
        ""content"": ""In a 'pure' layered system, a software unit in a given layer can access only the other units in the same layer and services offered by the interface to the layer immediately below it."",
        ""img_id"": null
      }
    ]
    ,
    ""type"": null
  },
  {
    ""role"": ""paragraph"",
    ""segment"": ""By exposing explicit interfaces to the adjacent lower layer and restricting upward access, changes in one layer are confined to that layer and its immediate neighbor, reducing the likelihood that indirectly affected units will be impacted."",
    ""citations"": [
      {
        ""type"": ""source_text"",
        ""content"": ""and services offered by the interface to the layer immediately below it."",
        ""img_id"": null
      }
    ]
    ,
    ""type"": null
  },
  {
    ""role"": ""paragraph"",
    ""segment"": ""Moreover, under no circumstances does a layer access the services offered by a higher-level layer; the resulting architecture would no longer be called layered, which preserves modularity and the ability to limit changes to adjacent layers."",
    ""citations"": [
      {
        ""type"": ""source_text"",
        ""content"": ""Under no circumstances does a layer access the services offered by a higher-level layer; the resulting architecture would no longer be called layered."",
        ""img_id"": null
      }
    ]
    ,
    ""type"": null
  },
  {
    ""role"": ""paragraph"",
    ""segment"": ""Additionally, the layering approach raises the abstraction level and hides implementation details from the next layer, reinforcing the separation of concerns and limiting the surface area affected by modifications."",
    ""citations"": [
      {
        ""type"": ""source_text"",
        ""content"": ""The Layering style is useful whenever we can decompose our system's functionality into steps, each of which builds on previous steps. The resulting design is easier to port to other platforms, if the lowest level encapsulates the software's interactions with the platform."",
        ""img_id"": null
      }
    ],
    ""type"": null
  }
]","In a pure layered architecture, a software unit in a given layer can access only the other units in the same layer and services offered by the interface to the layer immediately below it, which helps isolate changes and minimize impact when a layer is modified.

By exposing explicit interfaces to the adjacent lower layer and restricting upward access, changes in one layer are confined to that layer and its immediate neighbor, reducing the likelihood that indirectly affected units will be impacted.

Moreover, under no circumstances does a layer access the services offered by a higher-level layer; the resulting architecture would no longer be called layered, which preserves modularity and the ability to limit changes to adjacent layers.

Additionally, the layering approach raises the abstraction level and hides implementation details from the next layer, reinforcing the separation of concerns and limiting the surface area affected by modifications.",0.513,7.358
How does the transition from Stage 1 (Application Composition) to Stage 3 (Postarchitecture) in the COCOMO II model change the metrics used to measure system size and the types of cost drivers that are applied to the effort estimate? -Required source types: both -Brief reasoning type label: process reasoning,"
[0]
[SECTION]: Planning and Managing the Project > 3.3 Effort Estimation > Algorithmic Methods
[CONTENT]: By  stage  3, the  postarchitecture  stage, development  has  begun, and  far  more information is known. In this stage, sizing can be done in terms of function points or lines of code, and many cost factors can be estimated with some degree of comfort.
COCOMO II also includes models of reuse, takes into account maintenance and breakage (i.e., the change in requirements over time), and more. As with the original COCOMO,the model includes cost factors to adjust the initial effort estimate.A research group at the University of Southern California is assessing and improving its accuracy.
Let us look at COCOMO II in more detail.The basic model is of the form where the initial size-based estimate, is adjusted by the vector of cost driver information, m ( ). Table 3.9 describes the cost drivers at each stage, as well as the use of other models to modify the estimate. bS c , E = bS c m 1 X 2 At stage 1, application points supply the size measure. This size measure is an extension of the object-point approach suggested by Kauffman and Kumar (1993) and productivity data reported by Banker, Kauffman, and Kumar (1992).To compute application points, you first count the number of screens, reports, and third-generation language components that will be involved in the application. It is assumed that these elements are defined in a standard way as part of an integrated computer-aided software engineering environment. Next, you classify each application element as simple, medium,or difficult. Table 3.10 contains guidelines for this classification.


[1]
[SECTION]: Planning and Managing the Project > 3.3 Effort Estimation > Algorithmic Methods
[CONTENT]: Boehm (1981) developed the original COCOMO model in the 1970s, using an extensive database of information from projects at TRW, an American company that built software for many different clients. Considering software development from both an engineering and an economics viewpoint, Boehm used size as the primary determinant of cost and then adjusted the initial estimate using over a dozen cost drivers, including attributes of the staff, the project, the product, and the development environment. In the  1990s, Boehm updated the original COCOMO model, creating COCOMO II to reflect the ways in which software development had matured.
The COCOMO II estimation process reflects three major stages of any development project. Whereas the original COCOMO model used delivered source lines of code as its key input, the new model acknowledges that lines of code are impossible to know early in the development cycle. At stage 1, projects usually build prototypes to resolve high-risk issues involving user interfaces, software and system interaction, performance, or technological maturity. Here, little is known about the likely size of the final product under consideration, so COCOMO II estimates size in what its creators call application points. As we shall see, this technique captures size in terms of highlevel effort generators, such as the number of screens and reports, and the number of third-generation language components.
At stage 2, the early design stage, a decision has been made to move forward with development, but the designers must explore alternative architectures and concepts of operation. Again, there is not enough information to support fine-grained effort and duration estimation, but far more is known than at stage 1. For stage 2, COCOMO II employs function points as a size measure. Function points, a technique explored in depth  in  IFPUG  (1994a  and  b), estimate  the  functionality  captured  in  the  requirements, so they offer a richer system description than application points.


[2]
[SECTION]: Planning and Managing the Project > 3.3 Effort Estimation > Algorithmic Methods
[CONTENT]: |    | 0          | 1                                                                                          |
|---:|:-----------|:-------------------------------------------------------------------------------------------|
|  0 | TABLE 3.13 | Tool Use Categories                                                                        |
|  1 | Category   | Meaning                                                                                    |
|  2 | Very low   | Edit, code,debug                                                                           |
|  3 | Low        | Simple front-end, back-end CASE,little integration                                         |
|  4 | Nominal    | Basic life-cycle tools, moderately integrated                                              |
|  5 | High       | Strong,mature life-cycle tools, moderately integrated                                      |
|  6 | Very high  | Strong, mature, proactive life-cycle tools, well-integrated with processes, methods, reuse |
Notice that stage 2 of COCOMO II is intended for use during the early stages of design.The set of cost drivers in this stage is smaller than the set used in stage 3, reflecting lesser understanding of the project's parameters at stage 2.
The various components of the COCOMO model are intended to be tailored to fit  the  characteristics  of  your  own  organization. Tools  are  available  that  implement COCOMO II and compute the estimates from the project characteristics that you supply. Later in this chapter, we will apply COCOMO to our information system example.


[3]
[SECTION]: Evaluating Products, Processes, and Resources > 12.5 Evaluating Processes > Process Maturity Models
[CONTENT]: [FIGURE 12.11 A defined process (level 3).] 
[FIGURE_DESCRIPTIONS]
[0] Diagram showing software engineering workflow from requirements to system software. Leftmost column labeled 'Requirements' feeds into a block labeled 'Define, Design' under a heading 'Design Method'. A vertical annotation 'Tools, Staff' appears beneath. The flow moves to a block titled 'System Design' with sub-labels 'Code', 'Test' and 'Inspect' placed inside. To the right, a block 'Test Plans' leads to 'Integrated' and then to 'System Software'. Top labels indicate process steps: 'Inspection Criteria', 'Test Plans', and 'Integrated'. The diagram emphasizes validation and verification steps with arrows between stages. Text is minimal but includes headings Design Method, Inspection Criteria, Test Plans, System Design, and System Software. The image is a schematic with simple rectangular nodes and directional arrows representing process flow in SE theory and practice.

","[
  {
    ""role"": ""paragraph"",
    ""segment"": ""The transition from Stage 1 to Stage 3 shifts the sizing metric from application points (Stage 1) to function points (Stage 2), and then to allowing size in terms of function points or lines of code at Stage 3, with an increasing amount of information available to refine the estimate."",
    ""citations"": [
      {
        ""type"": ""source_text"",
        ""content"": ""At stage 1, application points supply the size measure."",
        ""img_id"": null
      },
      {
        ""type"": ""source_text"",
        ""content"": ""For stage 2, COCOMO II employs function points as a size measure."",
        ""img_id"": null
      },
      {
        ""type"": ""source_text"",
        ""content"": ""The basic model is of the form where the initial size-based estimate, is adjusted by the vector of cost driver information, m ( )."",
        ""img_id"": null
      },
      {
        ""type"": ""source_text"",
        ""content"": ""In stage 3, sizing can be done in terms of function points or lines of code, and many cost factors can be estimated with some degree of comfort."",
        ""img_id"": null
      }
    ],
    ""type"": null
  }
]","The transition from Stage 1 to Stage 3 shifts the sizing metric from application points (Stage 1) to function points (Stage 2), and then to allowing size in terms of function points or lines of code at Stage 3, with an increasing amount of information available to refine the estimate.",0.478,4.749
"If a risk has an estimated probability of 0.25 and a potential loss impact of $500,000, what is the initial risk exposure, and what mathematical steps must a project manager take next to determine the ""risk reduction leverage"" if a proposed mitigation strategy costs $50,000? -Required source types: both -Brief reasoning type label: process reasoning","
[0]
[SECTION]: Planning and Managing the Project > 3.4 Risk Management > Risk Management Activities
[CONTENT]: The risk exposure is computed from the risk impact and the risk probability, so we must estimate each of these risk aspects. To see how the quantification is done, consider the analysis depicted in Figure 3.16. Suppose we have analyzed the system development process and we know we are working under tight deadlines for delivery.We have decided to build the system in a series of releases, where each release has more functionality than the one that preceded it. Because the system is designed so that functions are relatively independent, we consider testing only the new functions for a release, and we assume that the existing functions still work as they did before. However, we may worry that there are risks associated with not performing regression testing : the assurance that existing functionality still works correctly.
For  each  possible  outcome, we  estimate  two  quantities: the  probability  of  an unwanted  outcome, P(UO), and  the  loss  associated  with  the  unwanted  outcome,
[FIGURE 3.16 Example of risk exposure calculation.] 
[FIGURE_DESCRIPTIONS]
[0] Diagram depicting a fault-tolerant decision process for risk exposure with labeled branches and numerical thresholds. Central diamond-shaped decision node asks “Do regression testing?” with Yes/No branches guiding to subsequent tests: if Yes, branch includes P(U0) = 0.75 and L(U0) = $5M?; a path to “Find critical fault” with P(U0) = 0.75, L(U0) = $5M, and outcomes showing $1.875M at right; if No, path shows P(U0) = 0.25 and L(U0) = $0.5M, then “Find critical fault” with P(U0) = 0.25, L(U0) = $0.5M, and final exposure values such as $16.625M and $16.5M. A right-most combined-risk exposure arrow labeled “COMBINED RISK EXPOSURE” aggregates the estimated risk and displays multiple monetary values, including $1.875M, $16.625M, and $16.5M. The chart uses rounded monetary figures and probabilistic terms to compare risk effects with and without regression testing, highlighting how test decisions influence exposure outcomes. Text boxes indicate risk exposure thresholds and conditional probabilities, forming a decision tree structure with limited nodes and explicit numeric labels for cost and probability metrics.



[1]
[SECTION]: Planning and Managing the Project > 3.4 Risk Management > Risk Management Activities
[CONTENT]: L(UO). For instance, there are three possible consequences of performing regression testing: finding a critical fault if one exists, not finding the critical fault (even though it exists), or deciding (correctly) that there is no critical fault. As the figure illustrates, we have estimated the probability of the first case to be 0.75, of the second to be 0.05, and of the third to be 0.20. The loss associated with an unwanted outcome is estimated to be $500,000 if a critical fault is found, so that the risk exposure is $375,000. Similarly, we calculate the risk exposure for the other branches of this decision tree, and we find that our risk exposure if we perform regression testing is almost $2 million. However, the same kind of analysis shows us that the risk exposure if we do not perform regression testing is almost $17 million. Thus, we say (loosely) that more is at risk if we do not perform regression testing.
Risk exposure helps us to list the risks in priority order, with the risks of most concern given the highest priority. Next, we must take steps to control the risks.The notion of control acknowledges that we may not be able to eliminate all risks. Instead, we may be able to minimize the risk or mitigate it by taking action to handle the unwanted outcome in an acceptable way. Therefore, risk control involves risk reduction, risk planning, and risk resolution.
There are three strategies for risk reduction:
 - avoiding the risk, by changing requirements for performance or functionality
 - transferring the risk, by allocating risks to other systems or by buying insurance to cover any financial loss should the risk become a reality
 - assuming the risk, by accepting it and controlling it with the project's resources To aid decision making about risk reduction, we must take into account the cost of reducing the risk. We call risk leverage the difference in risk exposure divided by the cost of reducing the risk. In other words, risk reduction leverage is If the leverage value is not high enough to justify the action, then we can look for other less costly or more effective reduction techniques.


[2]
[SECTION]: Planning and Managing the Project > 3.4 Risk Management > SIDEBAR 3.4 BOEHM'S TOP TEN RISK ITEMS
[CONTENT]:  - The likelihood that the event will occur. We must have some idea of the probability that the event will occur. For example, suppose a project is being developed on one machine and will be ported to another when the system is fully tested. If the second machine is a new model to be delivered by the vendor, we must estimate the likelihood that it will not be ready on time. The likelihood of the risk, measured from 0 (impossible) to 1 (certainty) is called the risk probability . When the risk probability is 1, then the risk is called a problem , since it is certain to happen.
 - The degree to which we can change the outcome. For each risk, we must determine what we can do to minimize or avoid the impact of the event. Risk control involves a set of actions taken to reduce or eliminate a risk. For example, if the requirements may change after design, we can minimize the impact of the change by creating a flexible design. If the second machine is not ready when the software is tested, we may be able to identify other models or brands that have the same functionality and performance and can run our new software until the new model is delivered.
We can quantify the effects of the risks we identify by multiplying the risk impact by the risk probability, to yield the risk exposure . For example, if the likelihood that the requirements will change after design is 0.3, and the cost to redesign to new requirements is $50,000, then the risk exposure is $15,000. Clearly, the risk probability can change over time, as can the impact, so part of a project manager's job is to track these values over time and plan for the events accordingly.


[3]
[SECTION]: Planning and Managing the Project > 3.4 Risk Management > Risk Management Activities
[CONTENT]: / 1 cost of risk reduction 2 1 Risk exposure before reduction -risk exposure after reduction 2 In some cases, we can choose a development process to help reduce the risk. For example,we saw in Chapter 2 that prototyping can improve understanding of the requirements and design,so selecting a prototyping process can reduce many project risks.
It is useful to record decisions in a risk management plan , so that both customer and development team can review how problems are to be avoided, as well as how they are to be  handled  should  they  arise. Then, we  should  monitor  the  project  as  development progresses, periodically reevaluating the risks, their probability, and their likely impact.
","[
  {
    ""role"": ""paragraph"",
    ""segment"": ""Initial risk exposure is computed by multiplying the risk impact by the risk probability, so with a probability of 0.25 and a potential loss impact of $500,000 the initial risk exposure is $125,000. The risk reduction leverage is defined as the difference in risk exposure divided by the cost of reducing the risk, so after applying a mitigation costing $50,000 you must determine the post-reduction risk exposure to compute the leverage."",
    ""citations"": [
      {
        ""type"": ""source_text"",
        ""content"": ""We can quantify the effects of the risks we identify by multiplying the risk impact by the risk probability, to yield the risk exposure ."",
        ""img_id"": null
      },
      {
        ""type"": ""source_text"",
        ""content"": ""risk reduction leverage is"",
        ""img_id"": null
      },
      {
        ""type"": ""source_text"",
        ""content"": ""In other words, risk reduction leverage is If the leverage value is not high enough to justify the action, then we can look for other less costly or more effective reduction techniques."",
        ""img_id"": null
      }
    ],
    ""type"": null
  },
  {
    ""role"": ""paragraph"",
    ""segment"": ""Step-by-step: 1) Compute initial risk exposure: 0.25 × $500,000 = $125,000. 2) Estimate the post-mitigation risk exposure (requires the new probability and/or the new loss after mitigation). 3) Compute risk reduction: initial exposure − post-exposure. 4) Compute risk reduction leverage: (risk reduction) ÷ $50,000."",
    ""citations"": [
      {
        ""type"": ""source_text"",
        ""content"": ""We can quantify the effects of the risks we identify by multiplying the risk impact by the risk probability, to yield the risk exposure ."",
        ""img_id"": null
      },
      {
        ""type"": ""source_text"",
        ""content"": ""risk reduction leverage is the difference in risk exposure divided by the cost of reducing the risk"",
        ""img_id"": null
      }
    ],
    ""type"": null
  }
]","Initial risk exposure is computed by multiplying the risk impact by the risk probability, so with a probability of 0.25 and a potential loss impact of $500,000 the initial risk exposure is $125,000. The risk reduction leverage is defined as the difference in risk exposure divided by the cost of reducing the risk, so after applying a mitigation costing $50,000 you must determine the post-reduction risk exposure to compute the leverage.

Step-by-step: 1) Compute initial risk exposure: 0.25 × $500,000 = $125,000. 2) Estimate the post-mitigation risk exposure (requires the new probability and/or the new loss after mitigation). 3) Compute risk reduction: initial exposure − post-exposure. 4) Compute risk reduction leverage: (risk reduction) ÷ $50,000.",0.33,8.618
How does a Message Sequence Chart visually depict the passage of time and the creation of new entities differently from how a UML Statechart diagram depicts the local variables and internal activities of a single entity? -Required source types: both -Brief reasoning type label: structure interpretation,"
[0]
[SECTION]: Capturing the Requirements > 4.5 Modeling Notations > Example: Message Sequence Chart
[CONTENT]: There  are  facilities  for  composing  and  refining  Message  Sequence  Charts. For example, important states in an entity's evolution can be specified as conditions , represented as labeled hexagons.We can then specify a small collection of subtraces between conditions, and derive a variety of traces by composing the charts at points where the entities' states are the same. For example there are multiple scenarios between state publication on loan and the end of the loan transition: the patron renews the loan once, the patron renews the loan twice, the patron returns the publication, the patron reports the publication as being lost. Each of these subscenarios could be appended to a prefix trace of a patron successfully borrowing the publication. Such composition and refinement features help to reduce the number of MSCs one would need to write to specify a problem completely. However, these features do not completely address the trace-explosion  problem, so  Message  Sequences  Charts  are  usually  used  only  to describe key scenarios rather than to specify entire problems.


[1]
[SECTION]: Capturing the Requirements > 4.5 Modeling Notations > Example: Message Sequence Chart
[CONTENT]: Message Sequence Charts (ITU 1996) are an enhanced event-trace notation, with facilities for creating and destroying entities, specifying actions and timers, and composing traces. Figure 4.7 displays an example Message Sequence Chart (MSC) for a loan transaction in our library problem. Each vertical line represents a participating entity , and a message is  depicted as an arrow from the sending entity to the receiving entity; the arrow's label specifies the message name and data parameters, if any.A message arrow may slope downwards (e.g., message recall notice ) to reflect the passage of time between when the message is sent and when it is received. Entities may come and go during the course of a trace; a dashed arrow, optionally annotated with data parameters, represents a create event that spawns a new entity, and a cross at the bottom of an entity line represents the end of that entity's execution. In contrast, a solid rectangle at the end of the line represents the end of an entity's specification without meaning the end of its execution. Actions , such as invoked operations or changes to variable values, are specified as labeled rectangles positioned on an entity's execution line, located at the point in the trace where the action occurs.Thus, in our MSC model of a library loan, loan requests are sent to the Publication to be borrowed, and the Publication entity is responsible for creating a Loan entity that manages loan-specific data, such as the due date . Reserving an item that is out on loan results in a recall of that item. Returning  the  borrowed  item  terminates  the  loan, but  not  before  calculating  the overdue fine , if any, for returning the item after the loan's due date .


[2]
[SECTION]: Capturing the Requirements > 4.5 Modeling Notations > Example: UML Statechart Diagrams
[CONTENT]: A UML statechart diagram depicts the dynamic behavior of the objects in a UML class. A UML class diagram gives a static, big-picture view of a problem, in terms of the entities involved and their relationships; it says nothing about how the entities behave, or how their behaviors change in response to input events.A statechart diagram shows how a class's instances should change state and how their attributes should change value as the  objects  interact  with  each  other. Statechart  diagrams  are  a  nice  counterpart  to Message Sequence Charts (MSC).An MSC shows the events that pass between entities without saying much about each entity's behavior, whereas a statechart diagram shows how a single entity reacts to input events and generates output events.
A UML model is a collection  of  concurrently  executing  statecharts-one  per instantiated  object-that  communicate  with  each  other  via  message  passing  (OMG 2003). Every class in a UML class diagram has an associated statechart diagram that specifies the dynamic behavior of the objects of that class. Figure 4.9 shows the UML statechart diagram for the Publication class from our Library class model.
UML statechart diagrams have a rich syntax, much of it borrowed from Harel's original conception of statecharts (Harel 1987), including state hierarchy, concurrency, and intermachine communication. State hierarchy is used to unclutter diagrams by collecting into superstates those states with common transitions.We can think of a superstate as a submachine, with its own set of states and transitions. A transition whose destination state is a superstate acts as a transition to the superstate's default initial state, designated  by  an  arrow  from  the  superstate's  internal  black  circle. A  transition  whose source state is a superstate acts as a set of transitions, one from each of the superstate's internal states. For example, in the Publication state diagram, the transition triggered by event lose can be enabled from any of the superstate's internal states; this transition ends in a final state and designates the end of the object's life.


[3]
[SECTION]: Capturing the Requirements > 4.5 Modeling Notations > Example: Message Sequence Chart
[CONTENT]: [FIGURE 4.7 Message Sequence Chart for library loan transaction.] 
[FIGURE_DESCRIPTIONS]
[0] Diagrammatic sequence diagram illustrating a publication process between actors labeled Patron and Publisher, with intermediary entities such as Loan, Dates, and Notices. The vertical axes imply actor responsibilities (Publication, Patron) and the horizontal flow shows interactions: publication on loan, duty to bear, recall notifications, and reserve checks. Visible text includes: Publication, Patron, loan, checklists, no fine, quires of data, code due date, recall, recall notification (publications), recall notices (publications), publish, borrow(patron), bar lines indicating lifelines for actors, and arrows indicating actions like reall, renewals, delete, and increases overdues/fines. The diagram emphasizes lifecycle states for loans: due date, recall, overdue fines, and boundaries of publisher/patron responsibilities. It contains decision-like branches and lifecycle transitions between states of a loan and associated notifications. Overall, a high-level UML-like sequence of publication, loan, recall, and notification interactions with textual labels and arrows.

","[
  {
    ""role"": ""paragraph"",
    ""segment"": ""MSC visually shows the passage of time and creation of new entities: a message arrow may slope downwards to reflect the passage of time between when the message is sent and when it is received, and a dashed arrow, optionally annotated with data parameters, represents a create event that spawns a new entity."",
    ""citations"": [
      {
        ""type"": ""source_text"",
        ""content"": ""A message arrow may slope downwards (e.g., message recall notice ) to reflect the passage of time between when the message is sent and when it is received."",
        ""img_id"": ""img0_se_theory_practice.pdf__chunk_1419_1419_344""
      },
      {
        ""type"": ""source_text"",
        ""content"": ""a dashed arrow, optionally annotated with data parameters, represents a create event that spawns a new entity"",
        ""img_id"": ""img0_se_theory_practice.pdf__chunk_1419_1419_344""
      }
    ],
    ""type"": null
  },
  {
    ""role"": ""paragraph"",
    ""segment"": ""UML statechart diagrams, by contrast, depict the dynamic behavior of the objects in a UML class and show how a single entity reacts to input events and generates output events."",
    ""citations"": [
      {
        ""type"": ""source_text"",
        ""content"": ""A UML statechart diagram depicts the dynamic behavior of the objects in a UML class."",
        ""img_id"": ""img0_se_theory_practice.pdf__chunk_1419_1419_344""
      },
      {
        ""type"": ""source_text"",
        ""content"": ""A statechart diagram shows how a single entity reacts to input events and generates output events."",
        ""img_id"": ""img0_se_theory_practice.pdf__chunk_1419_1419_344""
      }
    ],
    ""type"": null
  }
]","MSC visually shows the passage of time and creation of new entities: a message arrow may slope downwards to reflect the passage of time between when the message is sent and when it is received, and a dashed arrow, optionally annotated with data parameters, represents a create event that spawns a new entity.

UML statechart diagrams, by contrast, depict the dynamic behavior of the objects in a UML class and show how a single entity reacts to input events and generates output events.",0.454,10.664
"According to Abdel-Hamid's system dynamics model of software development, how does increasing the staff size to alleviate schedule pressure inadvertently impact the average nominal potential productivity and communication overhead? -Required source types: both -Brief reasoning type label: causal reasoning","
[0]
[SECTION]: Modeling the Process and Life Cycle > 2.3 Tools And Techniques For Process Modeling > Dynamic Modeling: System Dynamics
[CONTENT]: [FIGURE 2.13 Model of factors contributing to productivity (Abdel-Hamid 1996).] 
The figure shows us that average nominal potential productivity is affected by three things: the productivity of the experienced staff, the fraction of experienced staff, and the productivity of the new staff. At the same time, new staff must learn about the project; as more of the project is completed, the more the new staff must learn before they can become productive members of the team.
Other issues affect the overall development productivity. First, we must consider the fraction of each day that each developer can devote to the project. Schedule pressures  affect  this  fraction, as  do  the  developers'  tolerances  for  workload. Staff  size affects productivity, too, but the more staff, the more likely it is that time will be needed just to communicate information among team members.Communication and motivation, combined with the potential productivity represented in the upper half of Figure 2.13, suggest a general software development productivity relationship.
[FIGURE_DESCRIPTIONS]
[0] Flow diagram illustrating factors influencing software development productivity and project outcomes. The top section shows a chain starting with Experienced staff nominal potential productivity and New staff nominal potential productivity converging to Average nominal potential productivity, then leading to Potential productivity, which branches into Software development productivity and Learning multiplier, with the latter connected to Percent of project completed. Another branch from Potential productivity points to Actual fraction of person-days on project and Motivation and knowledge losses, which feed into Schedule pressure and Communication overhead, ultimately influencing Software development productivity. Additional modifiers include Over/under work tolerances and Staff size affecting Communication overhead. The diagram includes labeled arrows indicating relationships such as effects of staff experience, staff mix, and project progress on overall productivity and completion rate. Visible text: Fraction of staff experienced, Percent of project completed, New staff nominal productivity, Average nominal potential productivity, Potential productivity, Software development productivity, Learning multiplier, Actual fraction of person-days on project, Motivation and knowledge losses, Schedule pressure, Communication overhead, Staff size, Over/under work tolerances.



[1]
[SECTION]: Modeling the Process and Life Cycle > 2.3 Tools And Techniques For Process Modeling > Dynamic Modeling: System Dynamics
[CONTENT]: A desirable property of a process model is the ability to enact the process, so that we can watch what happens to resources and artifacts as activities occur. In other words, we want to describe a model of the process and then watch as software shows us how resources flow through activities to become outputs.This dynamic process view enables us  to  simulate  the  process  and  make  changes  before  the  resources  are  actually expended. For example, we can use a dynamic process model to help us decide how many testers we need or when we must initiate testing in order to finish on schedule. Similarly, we can include or exclude activities to see their effects on effort and schedule. For instance, we can add a code-review activity, making assumptions about how many faults we will find during the review, and determine whether reviewing shortens test time significantly.
There are several ways to build dynamic process models. The systems dynamics approach, introduced by Forrester in the 1950s, has been useful for simulating diverse processes, including  ecological, economic, and  political  systems  (Forrester  1991). Abdel-Hamid and Madnick have applied system dynamics to software development, enabling project managers to 'test out' their process choices before imposing them on developers (Abdel-Hamid 1989;Abdel-Hamid and Madnick 1991).
To see how system dynamics works, consider how the software development process affects productivity. We can build a descriptive model of the various activities that involve developers' time and then look at how changes in the model increase or decrease the time it takes to design, write, and test the code. First, we must determine which factors affect  overall  productivity. Figure  2.13 depicts Abdel-Hamid's understanding of these factors. The arrows indicate how changes in one factor affect changes in another. For example,if the fraction of experienced staff increases from one-quarter to one-half of the people assigned to the project, then we would expect the average potential productivity to increase, too. Similarly, the larger the staff (reflected in staff size), the more time is devoted to communication among project members (communication overhead).


[2]
[SECTION]: Modeling the Process and Life Cycle > 2.3 Tools And Techniques For Process Modeling > Dynamic Modeling: System Dynamics
[CONTENT]: Thus, the first  step  in  using  system  dynamics  is  to  identify  these  relationships, based on a combination of empirical evidence, research reports, and intuition.The next step is to quantify the relationships.The quantification can involve direct relationships, such  as  that  between  staff  size  and  communication. We  know  that  if n people  are assigned to a project, then there are n ( n -1)/2 potential pairs of people who must communicate and coordinate with one another. For some relationships, especially those that involve resources that change over time, we must assign distributions that describe the building up and diminishing of the resource. For example, it is rare for everyone on a project to begin work on the first day.The systems analysts begin, and coders join the project  once  the  significant  requirements  and  design  components  are  documented. Thus, the distribution describes the rise and fall (or even the fluctuation, such as availability around holidays or summer vacations) of the resources.
A system dynamics model can be extensive and complex. For example, AbdelHamid's software development model contains more than 100 causal links; Figure 2.14 shows an overview of the relationships he defined. He defined four major areas that affect productivity: software production, human resource management, planning, and control. Production  includes  issues  of  quality  assurance, learning, and  development rate. Human  resources  address  hiring, turnover, and  experience. Planning  concerns schedules and the pressures they cause, and control addresses progress measurement and the effort required to finish the project.
Because the number of links can be quite large, system dynamics models are supported by software that captures both the links and their quantitative descriptions and then simulates the overall process or some subprocess.
","[
  {
    ""role"": ""paragraph"",
    ""segment"": ""Increasing staff size increases communication overhead, because the larger the staff (reflected in staff size), the more time is devoted to communication among project members. It can also raise average nominal potential productivity if the fraction of experienced staff rises (and thus productivity is increased), but the overall effect on productivity depends on how many experienced staff are added."",
    ""citations"": [
      {
        ""type"": ""source_text"",
        ""content"": ""the larger the staff (reflected in staff size), the more time is devoted to communication among project members (communication overhead)."",
        ""img_id"": null
      },
      {
        ""type"": ""source_text"",
        ""content"": ""If the fraction of experienced staff increases from one-quarter to one-half of the people assigned to the project, then we would expect the average potential productivity to increase, too."",
        ""img_id"": null
      }
    ],
    ""type"": null
  }
]","Increasing staff size increases communication overhead, because the larger the staff (reflected in staff size), the more time is devoted to communication among project members. It can also raise average nominal potential productivity if the fraction of experienced staff rises (and thus productivity is increased), but the overall effect on productivity depends on how many experienced staff are added.",0.428,6.564
"How does a company mathematically and strategically justify the initial higher development costs of creating a core asset base for a software product line, and how does the ""scoping"" of product commonality affect the eventual return on investment for derived products? -Required source types: text -Brief reasoning type label: causal reasoning","
[0]
[SECTION]: Designing the Architecture > 5.10 Software Product Lines > Strategic Scoping
[CONTENT]: Product lines are based not just on commonalities among products but also on the best way to exploit them. First, we employ strategic business planning to identify the family of products we want to build.We use knowledge and good judgment to forecast market trends and predict the demand for various products. Second, we scope our plans, so that we focus on products that have enough in common to warrant a product-line approach to development. That is, the cost of developing the (common) product line must be


[1]
[SECTION]: Designing the Architecture > 5.10 Software Product Lines > SIDEBAR 5.8 PRODUCT-LINE PRODUCTIVITY
[CONTENT]: Product-line scoping is a challenging problem. If we strive for some notion of optimal commonality among the products (e.g.,by insisting on reusing 80 percent of the code), we may exclude some interesting and profitable products that lie outside of the scope. On the other hand, if we try to include any product that looks related, we reduce the degree of commonality among the derived products, and consequently the amount of savings that can be achieved.A successful product line lies somewhere in the middle of these two extremes, with a core architecture that strongly supports the more promising products that we want to build.
In the end, a product line's success depends on both its inherent variability and the degree of overlap between its core asset base and the derived products. To obtain desired productivity-improvement numbers, each derived product's architecture must start with the product-line architecture, incorporating a significant fraction of its software units from the product line's core asset base. Then the product design adds easily accommodated changes, such as component replacements or extensions and retractions of the architecture. The less the final derived product has in common with the product line, the more the derived product's development will resemble a completely new (i.e., nonderived) product.


[2]
[SECTION]: Designing the Architecture > 5.10 Software Product Lines
[CONTENT]: A distinguishing feature of building a product line is the treatment of the derived products as  a product family . Their  simultaneous  development is  planned  from  the beginning. The family's commonalities are described as a collection of reusable assets (including requirements, designs, code, and test cases), all stored in a core asset base . When developing products in the family, we retrieve assets from the base as needed.As a  result, development  resembles  an  assembly  line: many  of  the  components  can  be adapted from components in the core asset base and then plugged together, rather than developing each from scratch. The design of the core asset base is planned carefully, and it evolves as the product family grows to include new products.
Because  the  products  in  the  product  family  are  related, the  opportunities for reuse  abound  and  extend  well  beyond  the  reuse  of  code  units. Clements  and Northrop (2002) describe why a number of candidate elements may belong in the core asset base:
 - Requirements: Related  products  often  have  common  functional  requirements and quality attributes.
 - Software  architecture: Product  lines  are  based  on  a  common  architecture  that realizes  the  product  family's  shared  requirements. Differences  among  family members can be isolated or parameterized as variations in the architecture; for example, features, user interfaces, computing platforms, and some quality attributes can be altered to address particular product needs.
 - Models and analysis results: Models and analyses (e.g., performance analysis) of an individual product's architecture are likely to build on analyses of the productline  architecture. So  it  is  important  to  get  the  product-line  architecture  right, because it affects the performance of so many associated products.


[3]
[SECTION]: Why Software Engineering? > 1.3 What Is Good Software? > Quality in the Context of the Business Environment
[CONTENT]: The difference in views is disturbing, because it means that calculations of ROI cannot be compared across organizations. But there are good reasons for these differing views. Dollar savings from reduced schedule, higher quality, and increased productivity are returned to the government rather than the contractor. On the other hand, contractors are usually looking for a competitive edge and increased work capacity as well as greater profit; thus, the contractor's ROI is more effort- than cost-based. In particular, more accurate cost and schedule estimation can mean customer satisfaction and repeat business.And decreased time to market as well as improved product quality are perceived as offering business value, too.
[FIGURE 1.6 Terms included in industry definition of return on investment.] 
[FIGURE_DESCRIPTIONS]
[0] Bar chart illustrating distribution of interview emphasis across various categories in a theory-practice study. Horizontal bars labeled along left with: Ballin? (likely 'Balla' or a misread), Effort, and General. Each category shows a percentage of interview focus on subcategories such as Facilities, Software costs, Hardware costs, Materials, General, Assessments, SCE costs, Internal R&D, Process, Documentation, Quality group, Software process group, and General again. The x-axis marks percent of interviewees from 0% to 70% in increments (likely 0-10-20-30-40-50-60-70). Notable long bars in lower levels indicate high emphasis on General, Process, and Documentation, while specific items like Facilities and Materials show shorter bars. The chart appears to compare two or more groups or layers (Effort, maybe Balli) across the listed resources and activities, with visible gridlines aiding percentage estimation. The overall visualization conveys relative importance or emphasis of operational factors in the theory-practice context, highlighting key focus areas for interviews and data gathering.



[4]
[SECTION]: Why Software Engineering? > 1.3 What Is Good Software? > Quality in the Context of the Business Environment
[CONTENT]: Even though the different ROI calculations can be justified for each organization, it is worrying that software technology return on investment is not the same as financial ROI. At some point, program success must be reported to higher levels of management, many of which are related not to software but to the main company business, such as telecommunications or banking. Much confusion will result from the use of the same terminology to mean vastly different things.Thus, our success criteria must make sense not only for software projects and processes, but also for the more general business practices they support.We will examine this issue in more detail in Chapter 12 and look at using several common measures of business value to choose among technology options.
","[
  {
    ""role"": ""paragraph"",
    ""segment"": ""Strategic justification starts with using strategic business planning to identify the family of products we want to build and then scoping plans so that we focus on products that have enough in common to warrant a product-line approach to development."",
    ""citations"": [
      {
        ""type"": ""source_text"",
        ""content"": ""First, we employ strategic business planning to identify the family of products we want to build.We use knowledge and good judgment to forecast market trends and predict the demand for various products. Second, we scope our plans, so that we focus on products that have enough in common to warrant a product-line approach to development."",
        ""img_id"": null
      }
    ],
    ""type"": null
  },
  {
    ""role"": ""paragraph"",
    ""segment"": ""The approach is justified economically by the fact that the product line relies on a core asset base and reusable assets, enabling many components to be adapted from the core and plugged together rather than built from scratch, which drives productivity gains across derived products."",
    ""citations"": [
      {
        ""type"": ""source_text"",
        ""content"": ""Because  the  products  in  the product  family  are  related, the  opportunities for reuse  abound  and  extend  well  beyond  the  reuse  of  code  units. Clements  and Northrop (2002) describe why a number of candidate elements may belong in the core asset base:"",
        ""img_id"": null
      }
    ],
    ""type"": null
  },
  {
    ""role"": ""paragraph"",
    ""segment"": ""A product line's success depends on both its inherent variability and the degree of overlap between its core asset base and the derived products; to obtain desired productivity-improvement numbers, each derived product's architecture must start with the product-line architecture, incorporating a significant fraction of its software units from the product line's core asset base."",
    ""citations"": [
      {
        ""type"": ""source_text"",
        ""content"": ""The less the final derived product has in common with the product line, the more the derived product's development will resemble a completely new (i.e., nonderived) product."",
        ""img_id"": null
      },
      {
        ""type"": ""source_text"",
        ""content"": ""To obtain desired productivity-improvement numbers, each derived product's architecture must start with the product-line architecture, incorporating a significant fraction of its software units from the product line's core asset base."",
        ""img_id"": null
      }
    ],
    ""type"": null
  },
  {
    ""role"": ""paragraph"",
    ""segment"": ""The scoping discipline matters: if we strive for excessive optimal commonality (e.g., insisting on reusing 80 percent of code), we may miss profitable products outside the scope; conversely, including too many related products reduces the degree of commonality and the potential savings."",
    ""citations"": [
      {
        ""type"": ""source_text"",
        ""content"": ""Product-line scoping is a challenging problem. If we strive for some notion of optimal commonality among the products (e.g.,by insisting on reusing 80 percent of the code), we may exclude some interesting and profitable products that lie outside of the scope. On the other hand, if we try to include any product that looks related, we reduce the degree of commonality among the derived products, and consequently the amount of savings that can be achieved."",
        ""img_id"": null
      }
    ],
    ""type"": null
  }
]","Strategic justification starts with using strategic business planning to identify the family of products we want to build and then scoping plans so that we focus on products that have enough in common to warrant a product-line approach to development.

The approach is justified economically by the fact that the product line relies on a core asset base and reusable assets, enabling many components to be adapted from the core and plugged together rather than built from scratch, which drives productivity gains across derived products.

A product line's success depends on both its inherent variability and the degree of overlap between its core asset base and the derived products; to obtain desired productivity-improvement numbers, each derived product's architecture must start with the product-line architecture, incorporating a significant fraction of its software units from the product line's core asset base.

The scoping discipline matters: if we strive for excessive optimal commonality (e.g., insisting on reusing 80 percent of code), we may miss profitable products outside the scope; conversely, including too many related products reduces the degree of commonality and the potential savings.",0.664,12.521
"How does the role of the ""Transformed Specification"" in the operational specification process model conceptually differ from the transition between a throwaway prototype and an evolutionary prototype during the requirements engineering phase? -Required source types: both -Brief reasoning type label: comparison","
[0]
[SECTION]: Modeling the Process and Life Cycle > 2.2 Software Process Models > Operational Specification
[CONTENT]: For many systems, uncertainty about the requirements leads to changes and problems later in development.Zave (1984) suggests a process model that allows the developers and customers to examine the requirements and their implications early in the development process, where they can discuss and resolve some of the uncertainty. In the operational specification  model , the system requirements are evaluated or executed in a way that demonstrates the behavior of the system.That is,once the requirements are specified,they can be enacted using a software package, so their implications can be assessed before design begins. For example, if the specification requires the proposed system to handle 24 users, an executable form of the specification can help analysts determine whether that number of users puts too much of a performance burden on the system.
This type of process is very different from traditional models such as the waterfall model. The waterfall model separates the functionality of the system from the design (i.e., what the system is to do is separated from how the system does it), intending to keep the customer needs apart from the implementation. However,an operational specification allows the functionality and the design to be merged.Figure 2.6 illustrates how an operational specification works.Notice that the operational specification is similar to prototyping; the process enables user and developer to examine requirements early on.


[1]
[SECTION]: Capturing the Requirements > 4.7 Prototyping Requirements
[CONTENT]: There are two approaches to prototyping: throwaway and evolutionary. A throwaway prototype is software that is developed to learn more about a problem or about a proposed solution, and that is never intended to be part of the delivered software. This approach allows us to write 'quick-and-dirty' software that is poorly structured, inefficient, with no error checking-that, in fact, may be a facade that does not implement any of the desired functionality-but that gets quickly to the heart of questions we have about the problem or about a proposed solution. Once our questions are answered, we throw away the prototype software and start engineering the software that will be delivered. In contrast, an evolutionary prototype is software that is developed not only to help us answer questions but also to be incorporated into the final product. As such, we have to be much more careful in its development, because this software has to eventually exhibit the quality requirements (e.g., response rate, modularity) of the final product, and these qualities cannot be retrofitted.
Both techniques are sometimes called rapid prototyping , because they involve building  software  in  order  to  answer  questions  about  the requirements . The  term 'rapid'distinguishes software prototyping from that in other engineering disciplines, in which a prototype is typically a complete solution, like a prototype car or plane that is built manually according to an already approved design. The purpose of such a prototype is to test the design and product before automating or optimizing the manufacturing step for mass production. In contrast, a rapid prototype is a partial solution that is built to help us understand the requirements or to evaluate design alternatives.


[2]
[SECTION]: Capturing the Requirements > 4.5 Modeling Notations > Algebraic Specifications
[CONTENT]: With the exception of logic and OCL notations, all of the notation paradigms we have considered so far tend to result in models that suggest particular implementations. For example,
 - A UML class model suggests what classes ought to appear in the final (objectoriented) implementation.
 - A data-flow specification suggests how an implementation ought to be decomposed into data-transforming modules.
 - A state-machine model suggests how a reactive system should be decomposed into cases.
 - A Z specification suggests how complex data types can be implemented in terms of sets, sequences, or functions.
Such implementation bias in a requirements specification can lead a software designer to produce a design that adheres to the specification's model , subconsciously disregarding possibly better designs that would satisfy the specified behavior . For example, as we will  see  in  Chapter  6, the  classes  in  a  UML  class  diagram  may  be  appropriate  for expressing  a problem simply  and  succinctly, but  the  same  class  decomposition  in  a design may result in an inefficient solution to the problem.
A completely different way of viewing a system is in terms of what happens when combinations of operations are performed.This multi-operational view is the main idea behind algebraic specifications : to specify the behavior of operations by specifying the interactions between pairs of operations rather than modeling individual operations. An execution trace is the sequence of operations that have been performed since the start of execution. For example, one execution of our turnstile problem, starting with a new turnstile, is the operation sequence Specification axioms specify the effects of applying pairs of operations on an arbitrary sequence of operations that have already executed (where SEQ is some prefix sequence of operations):


[3]
[SECTION]: Capturing the Requirements > 4.7 Prototyping Requirements
[CONTENT]: Questions about the requirements can be explored via either modeling or prototyping. Whether one approach is better than the other depends on what our questions are, how well they can be expressed in models or in software, and how quickly the models or prototype software can be built.As we saw above, questions about user interfaces may be easier to answer using prototypes. A prototype that implements a number of proposed features would more effectively help users to prioritize these features, and possibly to identify some features that are unnecessary. On the other hand, questions about constraints on the order in which events should occur, or about the synchronization of activities, can be answered more quickly using models. In the end, we need to produce final requirements documentation for the testing and maintenance teams, and possibly for regulatory bodies, as well as final software to be delivered. So, whether it is better to model or to prototype depends on whether it is faster and easier to model, and to develop the software from the refined models, or faster and easier to prototype, and to develop documentation from the refined prototype.
","[
  {
    ""role"": ""paragraph"",
    ""segment"": ""The Transformed Specification in the operational specification process model is a live, executable form of the requirements used to demonstrate system behavior and assess implications before design begins, and it merges functionality with design, unlike the throwaway-to-evolutionary prototype transition which is about learning through a disposable prototype and then deciding whether to discard it or incorporate it into the final product."",
    ""citations"": [
      {
        ""type"": ""source_text"",
        ""content"": ""the system requirements are evaluated or executed in a way that demonstrates the behavior of the system. That is, once the requirements are specified, they can be enacted using a software package, so their implications can be assessed before design begins."",
        ""img_id"": null
      },
      {
        ""type"": ""source_text"",
        ""content"": ""This type of process is very different from traditional models such as the waterfall model. The waterfall model separates the functionality of the system from the design (i.e., what the system is to do is separated from how the system does it), intending to keep the customer needs apart from the implementation. However,an operational specification allows the functionality and the design to be merged."",
        ""img_id"": null
      },
      {
        ""type"": ""source_text"",
        ""content"": ""A throwaway prototype is software that is developed to learn more about a problem or about a proposed solution, and that is never intended to be part of the delivered software."",
        ""img_id"": null
      },
      {
        ""type"": ""source_text"",
        ""content"": ""an evolutionary prototype is software that is developed not only to help us answer questions but also to be incorporated into the final product."",
        ""img_id"": null
      }
    ],
    ""type"": null
  }
]","The Transformed Specification in the operational specification process model is a live, executable form of the requirements used to demonstrate system behavior and assess implications before design begins, and it merges functionality with design, unlike the throwaway-to-evolutionary prototype transition which is about learning through a disposable prototype and then deciding whether to discard it or incorporate it into the final product.",0.45,6.791
"If a software development team uses a data-flow diagram to model a system's high-level functionality, how would the data stores and actors identified in the DFD directly influence the complexity weights used to calculate Application Points in Stage 1 of the COCOMO II estimation model? -Required source types: both -Brief reasoning type label: process reasoning","
[0]
[SECTION]: Capturing the Requirements > 4.5 Modeling Notations > Data-Flow Diagrams
[CONTENT]: One of the strengths of data-flow diagrams is that they provide an intuitive model of a proposed system's high-level functionality and of the data dependencies among the various processes. Domain experts find them easy to read and understand. However, a data-flow diagram can be aggravatingly ambiguous to a software developer who is less familiar with the problem being modeled. In particular, there are multiple ways of interpreting a DFD process that has multiple input flows (e.g., process Borrow ): are all inputs needed to compute the function, is only one of the inputs needed, or is some subset of the inputs needed? Similarly, there are multiple ways of interpreting a DFD process that has multiple output flows: are all outputs generated every time the process executes, is only one of the outputs generated, or is some subset generated? It is also not obvious that two data flows with the same annotation represent the same values: are the Items Returned that flow from Return to Loan Records the same as the Items Returned that flow from Return to Process Fines ? For these reasons, DFDs are best used by users who are familiar with the application domain being modeled, and as early models of a problem, when details are less important.


[1]
[SECTION]: Capturing the Requirements > 4.5 Modeling Notations > Data-Flow Diagrams
[CONTENT]: The notation paradigms discussed so far promote decomposing a problem by entity (ER diagram); by scenario (event trace); and by control state (i.e., equivalence classes of scenarios) (state machines). However, early requirements tend to be expressed as Such requirements, when decomposed by entity, scenario, or state, devolve into collections  of  lower-level  behaviors  that  are  distributed  among  multiple  entities  and  that must be coordinated. This modular structure makes it harder to see a model's highlevel  functionality. In  our  library  example, none of the above modeling notations is effective in showing, in a single model, all of the steps, and their variants, that a patron must take to borrow a book. For this reason, notations that promote decomposition by functionality have always been popular.
 - Tasks to be completed
 - Functions to be computed
 - Data to be analyzed, transformed, or recorded


[2]
[SECTION]: Planning and Managing the Project > 3.3 Effort Estimation > Algorithmic Methods
[CONTENT]: Boehm (1981) developed the original COCOMO model in the 1970s, using an extensive database of information from projects at TRW, an American company that built software for many different clients. Considering software development from both an engineering and an economics viewpoint, Boehm used size as the primary determinant of cost and then adjusted the initial estimate using over a dozen cost drivers, including attributes of the staff, the project, the product, and the development environment. In the  1990s, Boehm updated the original COCOMO model, creating COCOMO II to reflect the ways in which software development had matured.
The COCOMO II estimation process reflects three major stages of any development project. Whereas the original COCOMO model used delivered source lines of code as its key input, the new model acknowledges that lines of code are impossible to know early in the development cycle. At stage 1, projects usually build prototypes to resolve high-risk issues involving user interfaces, software and system interaction, performance, or technological maturity. Here, little is known about the likely size of the final product under consideration, so COCOMO II estimates size in what its creators call application points. As we shall see, this technique captures size in terms of highlevel effort generators, such as the number of screens and reports, and the number of third-generation language components.
At stage 2, the early design stage, a decision has been made to move forward with development, but the designers must explore alternative architectures and concepts of operation. Again, there is not enough information to support fine-grained effort and duration estimation, but far more is known than at stage 1. For stage 2, COCOMO II employs function points as a size measure. Function points, a technique explored in depth  in  IFPUG  (1994a  and  b), estimate  the  functionality  captured  in  the  requirements, so they offer a richer system description than application points.


[3]
[SECTION]: Planning and Managing the Project > 3.3 Effort Estimation > Algorithmic Methods
[CONTENT]: By  stage  3, the  postarchitecture  stage, development  has  begun, and  far  more information is known. In this stage, sizing can be done in terms of function points or lines of code, and many cost factors can be estimated with some degree of comfort.
COCOMO II also includes models of reuse, takes into account maintenance and breakage (i.e., the change in requirements over time), and more. As with the original COCOMO,the model includes cost factors to adjust the initial effort estimate.A research group at the University of Southern California is assessing and improving its accuracy.
Let us look at COCOMO II in more detail.The basic model is of the form where the initial size-based estimate, is adjusted by the vector of cost driver information, m ( ). Table 3.9 describes the cost drivers at each stage, as well as the use of other models to modify the estimate. bS c , E = bS c m 1 X 2 At stage 1, application points supply the size measure. This size measure is an extension of the object-point approach suggested by Kauffman and Kumar (1993) and productivity data reported by Banker, Kauffman, and Kumar (1992).To compute application points, you first count the number of screens, reports, and third-generation language components that will be involved in the application. It is assumed that these elements are defined in a standard way as part of an integrated computer-aided software engineering environment. Next, you classify each application element as simple, medium,or difficult. Table 3.10 contains guidelines for this classification.
","[
  {
    ""role"": ""paragraph"",
    ""segment"": ""The chatbot can't answer this question. Please try again with another question."",
    ""citations"": [],
    ""type"": ""abstained""
  }
]",The chatbot can't answer this question. Please try again with another question.,0.44,4.365
"According to McCall's quality model, ""Flexibility"" is a key external quality factor. If an architect wants to achieve this factor by minimizing the number of indirectly affected software units when a change occurs, which specific modifiability tactics should be applied to the system's interfaces and coupling? -Required source types: both -Brief reasoning type label: synthesis","
[0]
[SECTION]: Designing the Architecture > 5.5 Achieving Quality Attributes > Modifiability
[CONTENT]: Modifiability is the basis of most of the architectural styles presented in this chapter. Because more than half of the full life-cycle cost of a system-including development, problem fixing, enhancement, and evolution-is spent after the first version of the software is developed and released, modifiability is essential.That is, above all, we want our design to be easy to change. Different architectural styles address different aspects of modifiability, so we must know how to select the styles that address our specific modifiability goals.
Given a particular change to a system, Bass, Clements, and Kazman (2003) distinguish between the software units that are directly affected by the change and those that are indirectly affected.The directly affected units are those whose responsibilities change to accommodate a system modification.We can structure our code to minimize the number  of  units  requiring  change. The  indirectly  affected  units  are  those  whose  responsibilities do not change, but whose implementations must be revised to accommodate changes in the directly affected units. The difference is subtle. Both types aim to reduce the number of altered software units, but the tactics associated with each are different.
Tactics for minimizing the number of software units directly affected by a software change focus on clustering anticipated changes in the design:
 - Anticipate  expected  changes: Identify  design  decisions  that  are  most  likely  to change, and encapsulate each in its own software unit. Anticipated changes are not limited to future features that the customer would like to see implemented. Any service, functionality, or internal check that the system performs is susceptible to future improvement or obsolescence, and as such is a candidate for future changes.


[1]
[SECTION]: Designing the Architecture > 5.5 Achieving Quality Attributes > Modifiability
[CONTENT]:  - Cohesion: We will see in Chapter 6 that a software unit is cohesive if its pieces, data, and functionality all contribute to the unit's purpose and responsibilities. By keeping our software units highly cohesive, we increase the chances that a change to the system's responsibilities is confined to the few units that are assigned those responsibilities.
 - Generality: The more general our software units, the more likely we can accommodate change by modifying a unit's inputs rather than modifying the unit itself. This  characteristic  is  particularly  true  of  servers, which  ought  to  be  general enough to accommodate all variants of requests for their services. For example,
an  object  that  encapsulates  a  data  structure  should  provide  sufficient  access methods to enable other objects to easily retrieve and update data values.
By  contrast, tactics  for  minimizing  the  impact  on  indirectly  affected  software units focus on reducing dependencies among software units. The goal is to reduce the degree to which a change to a directly affected unit also affects the system's other units:
 - Coupling: As we discuss in detail in Chapter 6,the level of coupling among software units is the degree to which the units depend on each other. By lowering coupling, we reduce the likelihood that a change to one unit will ripple to other units.
 - Interfaces: A  software  unit's  interface  reveals  the  unit's  public  requisites  and responsibilities, and hides the unit's private design decisions. If a unit interacts with other units only through their interfaces (e.g., calling public access methods), then changes to one unit will not spread beyond the unit's boundary unless its interface changes (e.g., if method signatures, preconditions, or postconditions change).
 - Multiple interfaces: A unit modified to provide new data or services can offer them using a new interface to the unit without changing any of the unit's existing interfaces.This way, dependencies on the existing interfaces are unaffected by the change.


[2]
[SECTION]: Designing the Architecture > 5.5 Achieving Quality Attributes > Modifiability
[CONTENT]: The above tactics  apply  when  modifiability  goals  include  reducing  the  cost  of changing the design or implementation of our software. Another type of modifiability refers to our being able to modify a system after it is released, perhaps during set-up or on the fly during execution. For example, the process of installing Unix or Linux on a computer  involves  a  complex  configuration  step  in  which  many  questions  must  be answered about the computer's hardware and peripheral devices to be supported, and which libraries, tools, application software, and versions of software are to be installed. Sidebar 5.5 describes a tactic, called self-managing , where the software changes on the fly in response to changes in its environment.


[3]
[SECTION]: Why Software Engineering? > 1.3 What Is Good Software? > The Quality of the Product
[CONTENT]: [FIGURE 1.5 McCall's quality model.] 
[FIGURE_DESCRIPTIONS]
[0] Diagram showing a set of labeled rectangular nodes connected by arrows indicating relationships and mappings. Left column contains quality attributes such as Correctness, Reliability, Efficiency, Integrity, Usability, Maintainability, Testability, Flexibility, Portability, Reusability, Interoperability. Right side features corresponding properties including Flexibility, Compliance, Consistency, Accuracy, Error tolerance, Instance efficiency, Accuracy, Assurence, Access control, Availability, Sensitivity, Generality, Modularity, Software system independence, Communication, and other related terms. Arrows indicate cross-linkages between left attributes and multiple right-side properties, illustrating a many-to-many mapping between software quality characteristics and system attributes. The visual emphasizes guideline relationships, traceability, and how high-level quality measures map to concrete system features. Text is crisp, with uniform font, and arrows connect boxes in a dense network across the two columns, reflecting a quality attribute taxonomy used in theory-practice discussions.



[4]
[SECTION]: Designing the Modules > 6.2 Design Principles > Interfaces
[CONTENT]: A software unit's interface can also suggest the nature of coupling. If an interface restricts all access to the software unit to a collection of access functions that can be invoked, then there is no content coupling. If some of the access functions have complex data parameters, then there may be stamp coupling. To promote low coupling, we want to keep a unit's interface as small and simple as possible. We also want to minimize the assumptions and requirements that the software unit makes of its environment, to reduce the chance that changes to other parts of the system will violate those assumptions.
","[
  {
    ""role"": ""paragraph"",
    ""segment"": ""To minimize the number of indirectly affected units, focus on low coupling and flexible interfaces. Specifically, apply tactics that reduce coupling and manage interfaces:"",
    ""citations"": [
      {
        ""type"": ""source_text"",
        ""content"": ""Coupling: As we discuss in detail in Chapter 6,the level of coupling among software units is the degree to which the units depend on each other. By lowering coupling, we reduce the likelihood that a change to one unit will ripple to other units."",
        ""img_id"": null
      },
      {
        ""type"": ""source_text"",
        ""content"": ""Interfaces: A  software  unit's  interface  reveals  the  unit's  public  requisites  and responsibilities, and hides the unit's private design decisions. If a unit interacts with other units only through their interfaces (e.g., calling public access methods), then changes to one unit will not spread beyond the unit's boundary unless its interface changes (e.g., if method signatures, preconditions, or postconditions change)."",
        ""img_id"": null
      },
      {
        ""type"": ""source_text"",
        ""content"": ""Multiple interfaces: A unit modified to provide new data or services can offer them using a new interface to the unit without changing any of the unit's existing interfaces.This way, dependencies on the existing interfaces are unaffected by the change."",
        ""img_id"": null
      }
    ],
    ""type"": null
  }
]","To minimize the number of indirectly affected units, focus on low coupling and flexible interfaces. Specifically, apply tactics that reduce coupling and manage interfaces:",0.37,6.749
"When quantifying the risk exposure for failing to satisfy a subjective quality requirement like ""usability,"" how can the establishment of specific ""fit criteria"" during the requirements phase alter the parameters used in the risk reduction leverage calculation during project planning? -Required source types: text -Brief reasoning type label: causal reasoning","
[0]
[SECTION]: Planning and Managing the Project > 3.4 Risk Management > Risk Management Activities
[CONTENT]: The risk exposure is computed from the risk impact and the risk probability, so we must estimate each of these risk aspects. To see how the quantification is done, consider the analysis depicted in Figure 3.16. Suppose we have analyzed the system development process and we know we are working under tight deadlines for delivery.We have decided to build the system in a series of releases, where each release has more functionality than the one that preceded it. Because the system is designed so that functions are relatively independent, we consider testing only the new functions for a release, and we assume that the existing functions still work as they did before. However, we may worry that there are risks associated with not performing regression testing : the assurance that existing functionality still works correctly.
For  each  possible  outcome, we  estimate  two  quantities: the  probability  of  an unwanted  outcome, P(UO), and  the  loss  associated  with  the  unwanted  outcome,
[FIGURE 3.16 Example of risk exposure calculation.] 
[FIGURE_DESCRIPTIONS]
[0] Diagram depicting a fault-tolerant decision process for risk exposure with labeled branches and numerical thresholds. Central diamond-shaped decision node asks “Do regression testing?” with Yes/No branches guiding to subsequent tests: if Yes, branch includes P(U0) = 0.75 and L(U0) = $5M?; a path to “Find critical fault” with P(U0) = 0.75, L(U0) = $5M, and outcomes showing $1.875M at right; if No, path shows P(U0) = 0.25 and L(U0) = $0.5M, then “Find critical fault” with P(U0) = 0.25, L(U0) = $0.5M, and final exposure values such as $16.625M and $16.5M. A right-most combined-risk exposure arrow labeled “COMBINED RISK EXPOSURE” aggregates the estimated risk and displays multiple monetary values, including $1.875M, $16.625M, and $16.5M. The chart uses rounded monetary figures and probabilistic terms to compare risk effects with and without regression testing, highlighting how test decisions influence exposure outcomes. Text boxes indicate risk exposure thresholds and conditional probabilities, forming a decision tree structure with limited nodes and explicit numeric labels for cost and probability metrics.



[1]
[SECTION]: Planning and Managing the Project > 3.4 Risk Management > Risk Management Activities
[CONTENT]: L(UO). For instance, there are three possible consequences of performing regression testing: finding a critical fault if one exists, not finding the critical fault (even though it exists), or deciding (correctly) that there is no critical fault. As the figure illustrates, we have estimated the probability of the first case to be 0.75, of the second to be 0.05, and of the third to be 0.20. The loss associated with an unwanted outcome is estimated to be $500,000 if a critical fault is found, so that the risk exposure is $375,000. Similarly, we calculate the risk exposure for the other branches of this decision tree, and we find that our risk exposure if we perform regression testing is almost $2 million. However, the same kind of analysis shows us that the risk exposure if we do not perform regression testing is almost $17 million. Thus, we say (loosely) that more is at risk if we do not perform regression testing.
Risk exposure helps us to list the risks in priority order, with the risks of most concern given the highest priority. Next, we must take steps to control the risks.The notion of control acknowledges that we may not be able to eliminate all risks. Instead, we may be able to minimize the risk or mitigate it by taking action to handle the unwanted outcome in an acceptable way. Therefore, risk control involves risk reduction, risk planning, and risk resolution.
There are three strategies for risk reduction:
 - avoiding the risk, by changing requirements for performance or functionality
 - transferring the risk, by allocating risks to other systems or by buying insurance to cover any financial loss should the risk become a reality
 - assuming the risk, by accepting it and controlling it with the project's resources To aid decision making about risk reduction, we must take into account the cost of reducing the risk. We call risk leverage the difference in risk exposure divided by the cost of reducing the risk. In other words, risk reduction leverage is If the leverage value is not high enough to justify the action, then we can look for other less costly or more effective reduction techniques.


[2]
[SECTION]: Capturing the Requirements > 4.3 Types Of Requirements > SIDEBAR 4.4 MAKING REQUIREMENTS TESTABLE
[CONTENT]:  - Computation errors shall be fixed within 3 weeks of being reported.
Fit criteria that cannot be evaluated before the final product is delivered are harder to assess:
 - The system shall not be unavailable for more than a total maximum of 3 minutes each year.
 - The mean-time-between-failures shall be no less than 1 year.
In  these  cases, we  either  estimate  a  system's  quality  attributes  (e.g., there  are  techniques for estimating system reliability, and for estimating the number of faults per line of code) or evaluate the delivered system during its operation-and suffer some financial penalty if the system does not live up to its promise.
Interestingly, what gets measured gets done.That is, unless a fit criterion is unrealistic, it will probably be met. The key is to determine, with the customer, just how to demonstrate that a delivered system meets its requirements. The Robertsons suggest three ways to help make requirements testable:
 - Specify a quantitative description for each adverb and adjective so that the meaning of qualifiers is clear and unambiguous.
 - Replace pronouns with specific names of entities.
 - Make sure that every noun is defined in exactly one place in the requirements documents.
An alternative approach, advocated by the Quality Function Deployment (QFD) school (Akao 1990), is to realize quality requirements as special-purpose functional requirements, and to test quality requirements by testing how well their associated functional requirements have been satisfied.This approach works better for some quality requirements than it does for others. For example, real-time requirements can be expressed as additional conditions or constraints on when required functionality occurs. Other quality requirements, such as security, maintainability, and performance, may be satisfied by adopting existing designs and protocols that have been developed specifically to optimize a particular quality requirement.
reflect  on  which  of  the  requested  services  and  features  are  most  essential. A  loose prioritization scheme might separate requirements into three categories:
","[
  {
    ""role"": ""paragraph"",
    ""segment"": ""Establishing specific fit criteria for usability makes the subjective quality attribute measurable, transforming it into concrete, testable requirements rather than vague notions. This aligns with the idea that what gets measured gets done and that fit criteria help determine how to demonstrate that a delivered system meets its requirements. When usability (a subjective quality requirement) is tied to quantifiable criteria, the impact and probability of usability-related risks can be assessed more precisely, enabling a more accurate risk exposure calculation and a more informed risk reduction leverage in the project planning stage."",
    ""citations"": [
      [
        {
          ""type"": ""source_text"",
          ""content"": ""What gets measured gets done."",
          ""img_id"": null
        }
      ],
      [
        {
          ""type"": ""source_text"",
          ""content"": ""- Specifiy a quantitative description for each adverb and adjective so that the meaning of qualifiers is clear and unambiguous."",
          ""img_id"": null
        }
      ],
      [
        {
          ""type"": ""source_text"",
          ""content"": ""There are three strategies for risk reduction:"",
          ""img_id"": null
        }
      ]
    ]
  }
]",The chatbot can't answer this question. Please try again with another question.,0.481,11.127
"Why would a highly hierarchical Chief Programmer team structure theoretically face fewer communication bottlenecks than a loosely structured, egoless team when developing a system specified with a tightly coupled algebraic specification notation like SDL Data? -Required source types: text -Brief reasoning type label: causal reasoning","
[0]
[SECTION]: Capturing the Requirements > 4.6 Requirements And Specification Languages > Specification and Description Language (SDL)
[CONTENT]: The Specification and Description Language (SDL) (ITU 2002) is a language standardized  by  the  International  Telecommunications  Union  for  specifying  precisely  the behavior of real-time, concurrent, distributed processes that communicate with each other via unbounded message queues. SDL comprises three graphical diagrams, plus algebraic specifications for defining complex data types:
 - SDL system diagram (a DFD): An SDL system diagram,shown in Figure 4.21(a), depicts the top-level blocks of the specification and the communication channels that connect the blocks. The channels are directional and are labeled with the types of signals that can flow in each direction. Message passing via channels is asynchronous , meaning that we cannot make any assumptions about when sent messages will be received; of course, messages sent along the same channel will be received in the order in which they were sent.
 - SDL block diagram (a DFD): Each SDL block may model a lower-level collection of blocks and the message-delaying channels that interconnect them. Alternatively, it can model a collection of lowest-level processes that communicate via signal routes, shown in Figure 4.21(b). Signal routes pass messages synchronously , so  messages  sent  between  processes  in  the  same  block  are  received  instantaneously. In fact, this difference in communication mechanisms is a factor when deciding how to decompose behavior: processes that need to synchronize with one another and that are highly coupled should reside in the same block.


[1]
[SECTION]: Capturing the Requirements > 4.6 Requirements And Specification Languages > Specification and Description Language (SDL)
[CONTENT]: [FIGURE 4.21 SDL graphical notations.] 
 - SDL process diagram (a state-machine model): An SDL process, shown in Figure 4.21(c), is a state machine, whose transitions are sequences of language constructs (input, decisions, tasks, outputs) that start and end at state constructs. In each execution step, the process removes a signal from the head of its input queue and compares the signal to the input constructs that follow the process's current state. If the signal matches one of the state's inputs, the process executes all of the constructs that follow the matching input, until the execution reaches the next state construct.
 - SDL data type (algebraic specification): An SDL process may declare local variables, and SDL data type definitions are used to declare complex, user-defined variable types.
In addition, an SDL specification is often accompanied by a set of Message Sequence Charts (MSC) (ITU 1996), each of which illustrates a single execution of the specification in terms of the messages passed between the specification's processes.
[FIGURE_DESCRIPTIONS]
[0] The right-hand diagram, labeled (c) An SDL process, shows a stateful process with a rectangular state box at the top, and a set of states connected by transitions. Inside the state box, text such as ‘state’ and transition-like annotations appear, along with inputs and outputs. The figure includes smaller labeled blocks for inputX, inputS, and outputX, suggesting event-driven state transitions and I/O ports. The layout highlights a finite-state machine structure with a focus on state, input, output relationships, and the signaling of true/false conditions, as well as blocks representing state, input, and output subsystems.



[2]
[SECTION]: Planning and Managing the Project > 3.2 Project Personnel > Project Organization
[CONTENT]: The organization of the chief programmer team is illustrated in Figure 3.11. By placing all responsibility for all decisions with the chief programmer, the team structure minimizes the amount of communication needed during the project.Each team member must communicate often with the chief, but not necessarily with other team members. Thus, if the team consists of programmers plus the chief, the team can establish only paths of communication (one path for each team member's interaction with the chief) out of a potential paths. For example, rather than working out a problem themselves, the programmers can simply approach the chief for an answer. Similarly, the chief reviews all design and code, removing the need for peer reviews. n 1 n -1 2> 2 n -1 n -1 Although a chief programmer team is a hierarchy, groups of workers may be formed to accomplish a specialized task. For instance, one or more team members may form an administrative group to provide a status report on the project's current cost and schedule.
[FIGURE_DESCRIPTIONS]
[0] Organizational chart showing a hierarchy of roles in software development. At the top is Chief programmer, followed by Assistant chief programmer. Beneath are four parallel departments: Senior programmers, Librarians, Administration, and Test team. A junior programmers box connects under Senior programmers, indicating a sub-role. The diagram uses rectangular nodes with lines indicating reporting relationships. Visual emphasis on hierarchical structure and management levels. Text labels visible: Chief programmer, Assistant chief programmer, Senior programmers, Librarians, Administration, Test team, junior programmers. Overall layout is a classic pyramid-like chart with a single top node and multiple branches spreading horizontally at the next level.



[3]
[SECTION]: Writing the Programs > 7.8 What This Chapter Means For Your Development Team
[CONTENT]: Although much of coding is an individual endeavor, all of coding must be done with your team in mind.Your use of information hiding allows you to reveal only the essential information about your components so that your colleagues can invoke them or reuse them. Your use of standards enhances communication among team members. And your use of common design techniques and strategies makes your code easier to test, maintain, and reuse.
","[
  {
    ""role"": ""paragraph"",
    ""segment"": ""The chief programmer team centralizes decisions, which minimizes the amount of communication needed during the project. Each team member must communicate often with the chief, but not necessarily with other team members, reducing cross-channel bottlenecks that can occur in looser structures."",
    ""citations"": [
      {
        ""type"": ""source_text"",
        ""content"": ""The organization of the chief programmer team is illustrated in Figure 3.11. By placing all responsibility for all decisions with the chief programmer, the team structure minimizes the amount of communication needed during the project.Each team member must communicate often with the chief, but not necessarily with other team members."",
        ""img_id"": null
      }
    ],
    ""type"": null
  },
  {
    ""role"": ""paragraph"",
    ""segment"": ""This centralized coordination can also reduce the need for peer reviews, since the chief reviews all design and code, further streamlining communication paths and avoiding cascading bottlenecks typical of more egalitarian, egoless teams."",
    ""citations"": [
      {
        ""type"": ""source_text"",
        ""content"": ""Similarly, the chief reviews all design and code, removing the need for peer reviews."",
        ""img_id"": null
      }
    ],
    ""type"": null
  }
]","The chief programmer team centralizes decisions, which minimizes the amount of communication needed during the project. Each team member must communicate often with the chief, but not necessarily with other team members, reducing cross-channel bottlenecks that can occur in looser structures.

This centralized coordination can also reduce the need for peer reviews, since the chief reviews all design and code, further streamlining communication paths and avoiding cascading bottlenecks typical of more egalitarian, egoless teams.",0.484,5.811
"Based on the distinction between an error, a fault, and a failure outlined in Chapter 1, what does a single-element cut-set (e.g., {A1}) derived from a fault-tree analysis strictly represent in terms of a system's observable behavior versus its internal developer view? -Required source types: both -Brief reasoning type label: synthesis","
[0]
[SECTION]: Designing the Architecture > 5.7 Architecture Evaluation And Refinement > Safety Analysis
[CONTENT]: [FIGURE 5.12 Cut-set tree generated from a fault tree.] 
Once we know the points of failure in our design, we can redesign to reduce the vulnerabilities.We have several choices when we find a fault in a design:
 - Correct the fault.
 - Add components or conditions to prevent the conditions that cause the fault.
 - Add components that detect the fault or failure and recover from the damage.
Although the first option is preferable, it is not always possible.
[FIGURE_DESCRIPTIONS]
[0] Dual diagrams show fault tree and cut-set tree side by side. Top node labeled G1 branches into G2 and G3 on both sides; G2 branches to G4 and G5 on left, while G3 branches to A4 and A5. Leaves include A1, A2, A3, A4, A5 with braces indicating combinations. Right diagram labeled Cut-set tree uses the same structure but emphasizes combinations producing terminal events like {A1, A3}, {A2, A5}, {A2, A4}, {A2, A4}, highlighting minimal cut-sets. Visible textual elements: G1, G2, G3, G4, G5, A1–A5, braces with set notation, and the section titles Fault tree and Cut-set tree. The image focuses on relationships between components and the extraction of cut-sets from a fault tree for reliability assessment.



[1]
[SECTION]: Designing the Architecture > 5.7 Architecture Evaluation And Refinement > Safety Analysis
[CONTENT]: The cut-set is the set of leaf nodes in the cut-set tree. For example, consider the fault tree on the left side of Figure 5.12. G1 is the top logic gate in the fault tree, and its or condition leads us to expand its corresponding node in the cut-set tree to have two child nodes, G2 and G3. In turn, G2 in the fault tree is composed of both G4 and G5,so G2 in the cut-set tree is expanded to have a composition child node with label {G4, G5}. Continuing in this manner, we end up with the cut-set {A1,A3}, {A1,A4}, {A2,A3}, {A2, A4}, {A4,A5}.The cut-set represents the set of minimal event combinations that could lead to the failure listed at the top of the cut-set tree.Thus, if any member of the cut-set is a singleton event set, {A i }, then the top failure could be caused by a single event, A i . Similarly, the  cut-set  element  {A i , A j }  means  that  the  top  failure  can  occur  if  both events A i and A j occur, and cut-set element {A i , A j , . . ., A n }  means that failure can occur only if all of the composite events occur.Thus, we have reasoned from a failure to all possible causes of it.


[2]
[SECTION]: Designing the Architecture > 5.7 Architecture Evaluation And Refinement > Safety Analysis
[CONTENT]: We learned earlier about the importance of fault identification, correction, and tolerance in creating reliable and robust designs.There are several techniques that can be used during design to identify possible faults or their likely locations. Fault-tree analysis , a method originally  developed  for  the  U.S. Minuteman  missile  program, helps  us  to  examine  a design and look for faults that might lead to failure.We build fault trees that trace backwards through a design, along the logical path from effect to cause. The trees are then used to help us decide which faults to correct or avoid, and which faults to tolerate.
We begin our analysis by identifying possible failures.Although our identification takes place during design, we consider failures that might be affected by design, operation, or even maintenance. We can use a set of guidewords to help us understand how the system might deviate from its intended behavior. Table 5.1 illustrates some of the guidewords  that  might  be  used; you  can  select  your  own  guidewords  or  checklists, based on your system's application domain.
Next, we build an upside-down tree whose root node is some failure that we want to analyze, and whose other nodes are events or faults that realize or lead to the root node's failure. The edges of the graph indicate the relationships among nodes. Parent nodes are drawn as logic gate operators: an and -gate if both of the child nodes' events must occur for the parent node's event to occur; an orgate if one child's event is sufficient to cause the parent's event. Sometimes, an edge is labeled n_of_m if the system includes m redundant components, where n faulty components lead to the designated failure. Each node represents an independent event; otherwise, the analysis results may be invalid, especially with respect to compound faults.


[3]
[SECTION]: Testing the Programs > 8.1 Software Faults And Failures > ORIGIN:  WHERE?
[CONTENT]: [FIGURE 8.2 Faults for one Hewlett-Packard division (Grady 1997).] 
IBM's use of this concept by showing us that the fault profile for design review is very different from that for code inspection.
[FIGURE_DESCRIPTIONS]
[0] Pie chart depicting distribution of topics relevant to theory and practice. Central hub with multiple labeled wedges and varied hatch patterns. Segments include: Logic 32% (largest, solid dark), Computation 18% (dotted pattern), Documentation 19% (light diagonal lines), Data handling 6% (thin striped), Hardware 4% (narrow band), Process/Interprocess 5% (small segment), Requirements 4% (tiny wedge), Other codes 11% (small white with label), Data handling 6% (repeated near top), and an adjacent 6%/11% region. The wedge boundaries radiate from center; labels placed along outer rim with corresponding percentages. Visual emphasis on proportions; text labels are short descriptors without numeric axis. Overall layout resembles a classic thematic distribution chart used in software engineering or computer science theory-practice analysis.



[4]
[SECTION]: Testing the Programs > 8.1 Software Faults And Failures > Types of Faults
[CONTENT]: Finally, the code should be reviewed to confirm that organizational standards and procedures have been followed. Standards and procedure faults may not always affect the running of the programs, but they may foster an environment where faults are created as the system is tested and modified. By failing to follow the required standards, one programmer may make it difficult for another to understand the code's logic or to find the data descriptions needed for solving a problem.
","[
  {
    ""role"": ""paragraph"",
    ""segment"": ""A single-element cut-set {Ai} means the top failure could be caused by a single event, Ai, i.e., the observable failure could occur if Ai happens; from the fault-tree perspective this single event is an atomic minimal cause, rather than a conjunction of multiple events."",
    ""citations"": [
      {
        ""type"": ""source_text"",
        ""content"": ""Thus, if any member of the cut-set is a singleton event set, {A i }, then the top failure could be caused by a single event, A i ."",
        ""img_id"": null
      }
    ],
    ""type"": null
  }
]","A single-element cut-set {Ai} means the top failure could be caused by a single event, Ai, i.e., the observable failure could occur if Ai happens; from the fault-tree perspective this single event is an atomic minimal cause, rather than a conjunction of multiple events.",0.594,5.213
How does the graphical representation of conditions and states in Lai's process transition diagram differ structurally from the representation of enabling conditions and state transitions in a high-level Petri net model like the one used for the library problem? -Required source types: both -Brief reasoning type label: structure interpretation,"
[0]
[SECTION]: Modeling the Process and Life Cycle > 2.3 Tools And Techniques For Process Modeling > Static Modeling: Lai Notation
[CONTENT]: [FIGURE 2.12 Transition diagram for a car (Lai 1991).] 
[FIGURE_DESCRIPTIONS]
[0] Diagram illustrating a state transition with three labeled nodes: INITIATED, PARKED, and MOVING. The INITIATED node connects to PARKED via a directed arrow labeled 'initiates' and to MOVING via an edge labeled 'get-out' or through a two-step path. PARKED appears as the top oval with the label 'PARKED'. MOVING is the right oval labeled 'MOVING'. An additional edge from INITIATED to MOVING is labeled 'stop' with a parallel arrow labeled 'go' pointing from MOVING back to INITIATED or from INITIATED to MOVING, indicating control flow. The diagram uses simple rounded ellipses to denote states and single-direction arrows to denote transitions. Overall, it presents a finite-state machine or process flow with sequential and optional transitions between INITIATED, PARKED, and MOVING states.



[1]
[SECTION]: Modeling the Process and Life Cycle > 2.3 Tools And Techniques For Process Modeling > Static Modeling: Lai Notation
[CONTENT]: [FIGURE 2.11 The process of starting a car (Lai 1991).] 
Transition diagrams supplement the process model by showing how the states are related to one another. For example, Figure 2.12 illustrates the transitions for a car.
Lai's notation is a good example of how multiple structures and strategies can be used to capture a great deal of information about the software development process. But it is also useful in organizing and depicting process information about user requirements, as the car example demonstrates.
[FIGURE_DESCRIPTIONS]
[0] The image depicts a highly interconnected block diagram representing a vehicle's control architecture or process flow. Numerous rectangular blocks contain short textual tokens such as engine, gear, drive, open_door, close_door, lock, unlock, park, forward, speed, car.acc, car.speed, turn_on, turn_off, ready_for_tow, uphil, downhill, brake, reserve, and standby. Edges weave between blocks in a dense network, implying state transitions or signal routing among subsystems: ignition, propulsion, transmission, door control, and safety interlocks. The configuration suggests a formal model of interactions, with central convergence points where multiple subsystems feed into common states like drive, park, or stand. The overall impression is of a system-level diagram illustrating relationships and control flows in an automotive context.



[2]
[SECTION]: Capturing the Requirements > 4.5 Modeling Notations > Example: Petri Nets
[CONTENT]: UML statechart diagrams nicely modularize a problem's dynamic behavior into the behaviors of individual class objects, with the effect that it may be easier to consider each class's behavior separately than it is to specify the whole problem in one diagram. This modularization makes it harder, though, to see how objects interact with each other. Looking at an individual statechart diagram, we can see when an object sends a message to another object. However, we have to examine the two objects' diagrams simultaneously to see that a message sent by one object can be received by the other. In fact, to be completely sure, we would have to search the possible executions (event traces) of the two machines, to confirm that whenever one object sends a message to the other, the target object is ready to receive and react to the message.
Petri nets (Peterson 1977) are a form of state-transition notation that is used to model concurrent activities and their interactions. Figure 4.12 shows a basic Petri net specifying the behavior of a book loan. The circles in the net are places that represent activities or conditions, and the bars represent transitions . Directed arrows, called arcs , connect a transition with its input places and its output places . The places are populated with tokens , which act as enabling conditions for the transitions.When a transition fires , it removes tokens from each of its input places and inserts tokens into each of its output places. Each arc can be assigned a weight that specifies how many tokens are removed from the arc's input place, or inserted into the arc's output place, when the transition fires. A transition is enabled if each of its input places contains enough tokens to contribute its arc's weight's worth of tokens, should the enabled transition actually fire.Thus, in  Figure  4.12, transitions Return,Withdraw  Return  Request , and Withdraw Loan Request are all enabled; firing transition Return removes a token from each of the places ReturnRequest and OnLoan , and inserts a token into Avail . The net's marking , which is the distribution of tokens among places, changes as transitions fire. In each execution step, the marking determines the set of enabled transitions; one enabled transition is nondeterministically selected to fire; the firing of this transition produces a new marking, which may enable a different set of transitions.We can model concurrent behavior by combining into a single net the activities, transitions, and tokens for several executing entities. Concurrent entities are synchronized whenever their activities, or places, act as input places to the same transition. This synchronization ensures that all of the pre-transition activities occur before the transition fires, but does not constrain the order in which these activities occur.


[3]
[SECTION]: Capturing the Requirements > 4.5 Modeling Notations > Example: Petri Nets
[CONTENT]: [FIGURE 4.13 Petri net of the library problem.] 
[FIGURE_DESCRIPTIONS]
[0] Diagram illustrating a loan and fine payment workflow with labeled actions and decision points. Central circular nodes labeled Pay, Payment, Fines, Item, Available, OnLoan, Return, Initiate Return, Initiate Loan, Withdraw Loan Request, Return Request, and Overdue Fine. Arrows indicate flow: from Pay to Payment; Payment leads to Fines and to Finalize Payment if within terms; Fines connect to Available and Late/Fines paths; Overdue Fine branches to Return and Initiate Return. The diagram includes textual labels such as (patron, payment), (patron, fines > payment), (patron, item), (item, overdue fine) and shows interactions between patrons, items, and loan states. It visually encodes a state-machine or sequence diagram for library loan process with fines and return workflows, including statuses like OnLoan and Withdraw/Return Requests, and processes for overdue fines and item availability.

","[
  {
    ""role"": ""paragraph"",
    ""segment"": ""Lai's transition diagram is a finite-state–like model that shows states (e.g., INITIATED, PARKED, MOVING) and arrows between them to indicate how the process moves from one state to another."",
    ""citations"": [
      {
        ""type"": ""source_text"",
        ""content"": ""Transition diagrams supplement the process model by showing how the states are related to one another. For example, Figure 2.12 illustrates the transitions for a car."",
        ""img_id"": null
      }
    ],
    ""type"": null
  },
  {
    ""role"": ""paragraph"",
    ""segment"": ""In contrast, a high-level Petri net uses places, transitions, and tokens to model concurrent behavior, with explicit notions of enabling, firing, and the marking that changes over time."",
    ""citations"": [
      {
        ""type"": ""source_text"",
        ""content"": ""The circles in the net are places that represent activities or conditions, and the bars represent transitions . Directed arrows, called arcs , connect a transition with its input places and its output places . The places are populated with tokens , which act as enabling conditions for the transitions."",
        ""img_id"": ""image_0_1""
      },
      {
        ""type"": ""source_text"",
        ""content"": ""A transition is enabled if each of its input places contains enough tokens to contribute its arc's weight's worth of tokens, should the enabled transition actually fire."",
        ""img_id"": ""image_0_1""
      }
    ],
    ""type"": null
  }
]","Lai's transition diagram is a finite-state–like model that shows states (e.g., INITIATED, PARKED, MOVING) and arrows between them to indicate how the process moves from one state to another.

In contrast, a high-level Petri net uses places, transitions, and tokens to model concurrent behavior, with explicit notions of enabling, firing, and the marking that changes over time.",0.48,9.183
"If a system is designed using a pure publish-subscribe architectural style with implicit invocation, why would attempting to model the complete system's dynamic behavior using Message Sequence Charts (MSCs) be inherently difficult or misleading regarding the interactions between the publishing and subscribing components? -Required source types: both -Brief reasoning type label: causal reasoning","
[0]
[SECTION]: Designing the Architecture > 5.4 Architectural Styles And Strategies > Publish-Subscribe
[CONTENT]:  - Publish-subscribe systems are difficult to test, because the behavior of a publishing component will depend on which subscribing components are monitoring its events.Thus, we cannot test the component in isolation and infer its correctness in an integrated system.


[1]
[SECTION]: Capturing the Requirements > 4.5 Modeling Notations > Example: Message Sequence Chart
[CONTENT]: There  are  facilities  for  composing  and  refining  Message  Sequence  Charts. For example, important states in an entity's evolution can be specified as conditions , represented as labeled hexagons.We can then specify a small collection of subtraces between conditions, and derive a variety of traces by composing the charts at points where the entities' states are the same. For example there are multiple scenarios between state publication on loan and the end of the loan transition: the patron renews the loan once, the patron renews the loan twice, the patron returns the publication, the patron reports the publication as being lost. Each of these subscenarios could be appended to a prefix trace of a patron successfully borrowing the publication. Such composition and refinement features help to reduce the number of MSCs one would need to write to specify a problem completely. However, these features do not completely address the trace-explosion  problem, so  Message  Sequences  Charts  are  usually  used  only  to describe key scenarios rather than to specify entire problems.


[2]
[SECTION]: Designing the Architecture > 5.4 Architectural Styles And Strategies > Publish-Subscribe
[CONTENT]: This is a common architectural style for integrating tools in a shared environment. For example, Reiss (1990) reports on an environment called Field, where tools such as editors register for events that might occur during a debugger's functioning.To see how, consider that the debugger processes code, one line at a time. When it recognizes that it has reached a set breakpoint, it announces the event 'reached breakpoint'; then, the system forwards the event to all registered tools, including the editor, and the editor reacts to the event by automatically scrolling to the source-code line that corresponds  to  the  breakpoint. Other  events  that  the  debugger  might  announce  include entry and exit points of functions, runtime errors, and comments to clear or reset the program's execution. However, the debugger is not aware of which tools, if any, have registered for the different events, and it has no control over what the other tools will do in response to one of its events. For this reason, a publish-subscribe system will often include  some  explicit  invocations  (e.g., calls  to  access  methods)  when  a  component wants to enforce or confirm a specific reaction to a critical event.
Publish-subscribe  systems  have  several  strengths  and  weaknesses  (Shaw  and Garlan 1996):
 - Such  systems  provide  strong  support  for  system  evolution  and  customization. Because  all  interactions  are  orchestrated  using  events, any  publish-subscribe
 - component can be added to the system and can register itself without affecting other components.
 - For the same reason, we can easily reuse publish-subscribe components in other event-driven systems.
 - Components can pass data at the time they announce events. But if components need to share persistent data, the system must include a shared repository to support  that  interaction. This  sharing  can  diminish  the  system's  extensibility  and reusability.


[3]
[SECTION]: Designing the Architecture > 5.4 Architectural Styles And Strategies > Publish-Subscribe
[CONTENT]: In a publish-subscribe architecture, components interact by broadcasting and reacting to events. A component expresses interest in an event by subscribing to it. Then, when another component announces ( publishes ) that the event has taken place, the subscribing components are notified.The underlying publish-subscribe infrastructure is responsible both for registering event subscriptions and for delivering published events to the appropriate components. Implicit invocation is  a  common form of publish-subscribe architecture, in which a subscribing component associates one of its procedures with each event of interest (called registering the procedure). In this case, when the event occurs, the publish-subscribe infrastructure invokes all of the event's registered procedures. In contrast to client-server and P2P components, publish-subscribe components know nothing about each other. Instead, the publishing component simply announces events and then waits for interested components to react; each subscribing component simply reacts to event announcements, regardless of how they are published. In models of this kind of architecture, the underlying infrastructure is often represented as an event bus to which all publish-subscribe components are connected.


[4]
[SECTION]: Capturing the Requirements > 4.5 Modeling Notations > Example: Message Sequence Chart
[CONTENT]: Message Sequence Charts (ITU 1996) are an enhanced event-trace notation, with facilities for creating and destroying entities, specifying actions and timers, and composing traces. Figure 4.7 displays an example Message Sequence Chart (MSC) for a loan transaction in our library problem. Each vertical line represents a participating entity , and a message is  depicted as an arrow from the sending entity to the receiving entity; the arrow's label specifies the message name and data parameters, if any.A message arrow may slope downwards (e.g., message recall notice ) to reflect the passage of time between when the message is sent and when it is received. Entities may come and go during the course of a trace; a dashed arrow, optionally annotated with data parameters, represents a create event that spawns a new entity, and a cross at the bottom of an entity line represents the end of that entity's execution. In contrast, a solid rectangle at the end of the line represents the end of an entity's specification without meaning the end of its execution. Actions , such as invoked operations or changes to variable values, are specified as labeled rectangles positioned on an entity's execution line, located at the point in the trace where the action occurs.Thus, in our MSC model of a library loan, loan requests are sent to the Publication to be borrowed, and the Publication entity is responsible for creating a Loan entity that manages loan-specific data, such as the due date . Reserving an item that is out on loan results in a recall of that item. Returning  the  borrowed  item  terminates  the  loan, but  not  before  calculating  the overdue fine , if any, for returning the item after the loan's due date .
","[
    {
        ""role"": ""paragraph"",
        ""segment"": ""In a publish-subscribe architecture, components interact by broadcasting and reacting to events. A component expresses interest in an event by subscribing to it. Then, when another component announces ( publishes ) that the event has taken place, the subscribing components are notified."",
        ""citations"": [
            {
                ""type"": ""source_text"",
                ""content"": ""In a publish-subscribe architecture, components interact by broadcasting and reacting to events. A component expresses interest in an event by subscribing to it. Then, when another component announces ( publishes ) that the event has taken place, the subscribing components are notified."",
                ""img_id"": null
            }
        ],
        ""type"": null
    },
    {
        ""role"": ""paragraph"",
        ""segment"": ""Implicit invocation is a common form of publish-subscribe architecture, in which a subscribing component associates one of its procedures with each event of interest (called registering the procedure)."",
        ""citations"": [
            {
                ""type"": ""source_text"",
                ""content"": ""Implicit invocation is  a  common form of publish-subscribe architecture, in which a subscribing component associates one of its procedures with each event of interest (called registering the procedure)."",
                ""img_id"": null
            }
        ],
        ""type"": null
    },
    {
        ""role"": ""paragraph"",
        ""segment"": ""However, the publishing component simply announces events and then waits for interested components to react; each subscribing component simply reacts to event announcements, regardless of how they are published."",
        ""citations"": [
            {
                ""type"": ""source_text"",
                ""content"": ""In this case, when the event occurs, the publish-subscribe infrastructure invokes all of the event's registered procedures. In contrast to client-server and P2P components, publish-subscribe components know nothing about each other. Instead, the publishing component simply announces events and then waits for interested components to react; each subscribing component simply reacts to event announcements, regardless of how they are published."",
                ""img_id"": null
            }
        ],
        ""type"": null
    },
    {
        ""role"": ""paragraph"",
        ""segment"": ""Because the publisher cannot know which subscribers exist or monitor which events, modeling the complete system’s dynamic behavior with MSCs can be misleading or incomplete for interactions between publishing and subscribing components."",
        ""citations"": [
            {
                ""type"": ""source_text"",
                ""content"": ""Publish-subscribe systems have several strengths and weaknesses (Shaw  and Garlan 1996): - Such  systems  provide  strong  support  for  system  evolution  and  customization. Because  all  interactions  are  orchestrated  using  events, any  publish-subscribe - component can be added to the system and can register itself without affecting other components."",
                ""img_id"": null
            },
            {
                ""type"": ""source_text"",
                ""content"": ""Publish-subscribe systems are difficult to test, because the behavior of a publishing component will depend on which subscribing components are monitoring its events."",
                ""img_id"": null
            },
            {
                ""type"": ""source_text"",
                ""content"": ""the publishing component simply announces events and then waits for interested components to react; each subscribing component simply reacts to event announcements, regardless of how they are published."",
                ""img_id"": null
            }
        ],
        ""type"": null
    }
]","In a publish-subscribe architecture, components interact by broadcasting and reacting to events. A component expresses interest in an event by subscribing to it. Then, when another component announces ( publishes ) that the event has taken place, the subscribing components are notified.

Implicit invocation is a common form of publish-subscribe architecture, in which a subscribing component associates one of its procedures with each event of interest (called registering the procedure).

However, the publishing component simply announces events and then waits for interested components to react; each subscribing component simply reacts to event announcements, regardless of how they are published.

Because the publisher cannot know which subscribers exist or monitor which events, modeling the complete system’s dynamic behavior with MSCs can be misleading or incomplete for interactions between publishing and subscribing components.",0.439,9.289
"Contrast the treatment of future, unanticipated requirements in the Extreme Programming (XP) agile methodology with the strategic approach used when scoping and designing a core asset base for a Software Product Line architecture. -Required source types: text -Brief reasoning type label: comparison","
[0]
[SECTION]: Capturing the Requirements > 4.2 Requirements Elicitation > SIDEBAR 4.2 AGILE REQUIREMENTS MODELING
[CONTENT]: Extreme programming (XP) takes agile requirements processes to the extreme, in that the system is built to the requirements that happen to be defined at the time, with no planning or designing for possible future requirements. Moreover, XP forgoes traditional requirements documentation, and instead encodes the requirements as test cases that the eventual implementation must pass.Berry (2002a) points out that the trade-off for agile methods' flexibility is the difficulty of making changes to the system as requirements are added, deleted, or changed. But there can be additional problems: XP uses test cases to specify requirements, so a poorly written test case can lead to the kinds of misunderstandings described in this chapter.
assumptions  with  which  we  may  not  be  familiar. Likewise, we  as  developers  know about computer solutions, but not always about how possible solutions will affect our customers' business activities.We, too, have our jargon and assumptions, and sometimes we think everyone is speaking the same language, when in fact people have different meanings for the same words. It is only by discussing the requirements with everyone who has a stake in the system, coalescing these different views into a coherent set of requirements, and reviewing these documents with the stakeholders that we all come to an agreement about what the requirements are. (See Sidebar 4.3 for an alternative viewpoint.) If we cannot agree on what the requirements are,then the project is doomed to fail.


[1]
[SECTION]: Modeling the Process and Life Cycle > 2.2 Software Process Models > SIDEBAR 2.2 WHEN IS EXTREME TOO EXTREME?
[CONTENT]: A s with most software development approaches, agile methods are not without their critics. For example, Stephens and Rosenberg (2003) point out that many of extreme programming's practices are interdependent, a vulnerability if one of them is modified. To see why, suppose some people are uncomfortable with pair programming. More coordination and documentation may be required to address the shared vision that is missing when people work on their own. Similarly, many developers prefer to do some design before they write code. Scrum addresses this preference by organizing around monthly sprints. Elssamadissy and Schalliol (2002) note that, in extreme programming, requirements are expressed as a set of test cases that must be passed by the software.This approach may cause customer representatives to focus on the test cases instead of the requirements. Because the test cases are a detailed expression of the requirements and may be solution oriented, the emphasis on test cases can distract the representatives from the project's underlying goals and can lead to a situation where the system passes all the tests but is not what the customers thought they were paying for.As we will see in Chapter 5, refactoring may be the Achilles heel of agile methods; it is difficult to rework a software system without degrading its architecture.


[2]
[SECTION]: Modeling the Process and Life Cycle > 2.2 Software Process Models > Agile Methods
[CONTENT]:  - Pair programming: As noted in Chapter 1, there is a tension between viewing software engineering as an art and as a science. Pair programming attempts to address  the  artistic  side  of  software  development, acknowledging  that  the apprentice-master metaphor can be useful in teaching novice software developers how to develop the instincts of masters. Using one keyboard, two paired programmers develop a system from the specifications and design. One person has responsibility for finishing the code, but the pairing is flexible: a developer may have more than one partner on a given day.We will see in Chapter 7 how pair programming compares with the more traditional approach of individuals working separately until their modules have been unit-tested.
 - Collective ownership: In XP, any developer can make a change to any part of the system as it is being developed. In Chapter 11, we will address the difficulties in managing change, including the errors introduced when two people try to change the same module simultaneously.
 - Continuous integration: Delivering functionality quickly means that working systems  can  be  promised  to  the  customer  daily  and  sometimes  even  hourly. The emphasis is on small increments or improvements rather than on grand leaps from one revision to the next.
 - Sustainable pace: XP's emphasis on people includes acknowledging that fatigue can produce errors. So proponents of XP suggest a goal of 40 hours for each work week; pushing developers to devote heroic amounts of time to meeting deadlines is  a  signal  that  the  deadlines  are  unreasonable  or  that  there  are  insufficient resources for meeting them.
 - On-site customer: Ideally, a customer should be present on-site, working with the developers to determine requirements and providing feedback about how to test them.


[3]
[SECTION]: Modeling the Process and Life Cycle > 2.2 Software Process Models > Agile Methods
[CONTENT]:  - The planning game: In this aspect of XP , the customer, who is on-site, defines what is meant by 'value,' so that each requirement can be assessed according to how much value is added by implementing it. The users write stories about how the system should work, and the developers then estimate the resources necessary to realize the stories. The stories describe the actors and actions involved, much like the use cases we define in more detail in Chapters 4 and 6. Each story relates one requirement; two or three sentences are all that is needed to explain the value of the requirement in sufficient detail for the developer to specify test cases and estimate resources for implementing the requirement. Once the stories are written, the prospective users prioritize requirements, splitting and merging them until consensus is reached on what is needed, what is testable, and what can be done with the resources available. The planners then generate a map of each release, documenting what the release includes and when it will be delivered.
 - Small releases: The system is designed so that functionality can be delivered as soon as possible. Functions are decomposed into small parts, so that some functionality
 - can be delivered early and then improved or expanded on in later releases. The small releases require a phased-development approach, with incremental or iterative cycles.
 - Metaphor: The development team agrees on a common vision of how the system will operate. To support its vision, the team chooses common names and agrees on a common way of addressing key issues.
 - Simple design: Design is kept simple by addressing only current needs.This approach reflects the philosophy that anticipating future needs can lead to unnecessary functionality. If a particular portion of a system is very complex, the team may build a spike-a quick and narrow implementation-to help it decide how to proceed.
","[
    {
        ""role"": ""paragraph"",
        ""segment"": ""The chatbot can't answer this question. Please try again with another question."",
        ""citations"": [],
        ""type"": ""abstained""
    }
    ]",The chatbot can't answer this question. Please try again with another question.,0.57,5.064
"How does the software industry's definition of Return on Investment (ROI), which focuses primarily on effort reduction and time savings, contrast with the mathematical calculation of a design's ""payback period"" when performing a formal cost-benefit analysis of architectural trade-offs? -Required source types: both -Brief reasoning type label: comparison","
[0]
[SECTION]: Designing the Architecture > 5.7 Architecture Evaluation And Refinement > Cost-Benefit Analysis
[CONTENT]: If there are multiple attributes to consider (e.g., the time it takes to update, reindex, and re-sort  the  catalogue), then  a  design's  total  financial  added  value  is  the  sum  of  the added values ascribed to each of the attributes-some of whose added values may be negative if a design improves one attribute at the expense of a conflicting attribute.
Computing Return on Investment (ROI). The return on investment of making one of these design changes is the ratio of the benefits gained from making the change to the cost of its implementation:
[FORMULA]
ROI = Benefits/Cost These costs are estimated using the techniques described in Chapter 3. The estimated costs of the proposed design changes in our example are shown in Table 5.4. In general,
an ROI of 1 or greater means that the design's benefits outweigh its costs. The higher the ROI value, the more effective the design.
Another useful measure is the payback period : the length of time before accumulated benefits recover the costs of implementation. In our example, the payback period for restructuring the sorted-index module (design 2) is $300,000/$280,000 = 1.07 of a year = approximately 13 months We return to calculations such as these in Chapter 12, where we investigate the best techniques for evaluating the return on investing in software reuse.


[1]
[SECTION]: Why Software Engineering? > 1.3 What Is Good Software? > Quality in the Context of the Business Environment
[CONTENT]: However, Brodman and Johnson (1995) found that the U.S. government and U.S. industry interpret ROI in very different ways, each different from the other, and both different from the standard business school approaches.The government views ROI in terms of dollars,looking at reducing operating costs,predicting dollar savings,and calculating the cost of employing new technologies. Government investments are also expressed in dollars, such as the cost of introducing new technologies or process improvement initiatives.
On the other hand, industry viewed investment in terms of effort, rather than cost or dollars. That is, companies were interested in saving time or using fewer people, and their  definition  of  return  on  investment  reflected  this  focus  on  decreasing  effort. Among the companies surveyed, return on investment included such items as The cost issues included in the definition involve meeting cost predictions, improving cost performance, and staying within budget, rather than reducing operating costs or streamlining  the  project  or  organization. Figure  1.6 summarizes the frequency with which many organizations included an investment item in their definition of ROI. For example, about 5 percent of those interviewed included a quality group's effort in the ROI effort calculation, and approximately 35 percent included software costs when considering number of dollars invested.
 - training
 - schedule
 - risk
 - quality
 - productivity
 - process
 - customer
 - costs
 - business


[2]
[SECTION]: Evaluating Products, Processes, and Resources > 12.6 Evaluating Resources > Return on Investment
[CONTENT]: In an ongoing attempt to improve software development, we select from among recommended methods and tools. Usually, limited resources constrain our choice; we cannot do everything, so we search for criteria for choosing the one(s) most likely to help us reach our goal.Thus, we must take a hard look at how software engineering developers and managers make decisions about technology investment.
Respected business publications often address the problem of technology investment. For example, an often-cited article suggests that any evaluation of an existing or proposed investment in technology be reported in several ways at once to form a 'balanced  scorecard': from  a  customer  view  (i.e., customer  satisfaction), an  operational view (i.e., core competencies), a financial view (i.e., return on investment, share price), and an improvement view (i.e., market leadership and added value) (Kaplan and Norton 1992). For example, Sidebar 12.8 describes some of the returns on investment at Chase Manhattan Bank. Favaro and Pfleeger (1998) suggest that economic value can be a unifying principle.That is, we can look at each investment alternative in terms of its potential economic value to the company as a whole. In fact, maximizing economic value can very well lead to increases in quality, customer satisfaction, and market leadership.
However, there are many different ways to capture economic value. We must decide which investment analysis approach is most appropriate for software-related investment  decision  making  based  on  economic  value. Investment  analysis  is  concerned only with the best way to allocate capital and human resources. Thus, it is distinctly different from cost estimation or metrics; it weighs several alternatives, including the possibility of using capital markets to provide an expected annual rate of return. In other words, from a high-level corporate perspective, management must decide how a proposed technology investment compares with simply letting the money earn interest in the bank!


[3]
[SECTION]: Evaluating Products, Processes, and Resources > 12.6 Evaluating Resources > Return on Investment
[CONTENT]: Not all investment analysis reflects this reality. Taking the perspective of a financial  analyst, Favaro  and  Pfleeger  (1998)  look  critically  at  the  most  commonly  used approaches: net present value, payback, average return on book value, internal rate of return, and profitability index.They show that net present value (NPV) makes the most sense for evaluating software-related investments.
NPV expresses economic value in terms of total project life, regardless of scale or time frame. Since investment planning involves spending money in the future, we can think of the present value of an investment as the value today of a predicted future cash flow. The NPV calculation uses a discount rate or opportunity cost , corresponding to


[4]
[SECTION]: Why Software Engineering? > 1.3 What Is Good Software? > Quality in the Context of the Business Environment
[CONTENT]: Even though the different ROI calculations can be justified for each organization, it is worrying that software technology return on investment is not the same as financial ROI. At some point, program success must be reported to higher levels of management, many of which are related not to software but to the main company business, such as telecommunications or banking. Much confusion will result from the use of the same terminology to mean vastly different things.Thus, our success criteria must make sense not only for software projects and processes, but also for the more general business practices they support.We will examine this issue in more detail in Chapter 12 and look at using several common measures of business value to choose among technology options.
","[
  {
    ""role"": ""paragraph"",
    ""segment"": ""In software engineering practice, ROI is defined as the ratio of benefits to costs (ROI = Benefits/Cost), and a higher ROI indicates more effective design decisions; by contrast, the industry often frames ROI in terms of effort and time savings—companies aim to save time or use fewer people, so their ROI focuses on decreasing effort rather than purely dollars or costs."",
    ""citations"": [
      {
        ""type"": ""source_text"",
        ""content"": ""ROI = Benefits/Cost"",
        ""img_id"": null
      },
      {
        ""type"": ""source_text"",
        ""content"": ""the industry viewed investment in terms of effort, rather than cost or dollars. That is, companies were interested in saving time or using fewer people, and their definition of return on investment reflected this focus on decreasing effort."",
        ""img_id"": null
      }
    ],
    ""type"": null
  },
  {
    ""role"": ""paragraph"",
    ""segment"": ""A formal cost-benefit analysis introduces the payback period as the time required to recover costs from accumulated benefits (e.g., the payback period for restructuring the sorted-index module is 1.07 years, approximately 13 months, calculated as $300,000/$280,000)."",
    ""citations"": [
      {
        ""type"": ""source_text"",
        ""content"": ""The payback period for restructuring the sorted-index module (design 2) is $300,000/$280,000 = 1.07 of a year = approximately 13 months"",
        ""img_id"": null
      },
      {
        ""type"": ""source_text"",
        ""content"": ""The estimated costs of the proposed design changes in our example are shown in Table 5.4. In general, an ROI of 1 or greater means that the design's benefits outweigh its costs."",
        ""img_id"": null
      }
    ],
    ""type"": null
  }
]","In software engineering practice, ROI is defined as the ratio of benefits to costs (ROI = Benefits/Cost), and a higher ROI indicates more effective design decisions; by contrast, the industry often frames ROI in terms of effort and time savings—companies aim to save time or use fewer people, so their ROI focuses on decreasing effort rather than purely dollars or costs.

A formal cost-benefit analysis introduces the payback period as the time required to recover costs from accumulated benefits (e.g., the payback period for restructuring the sorted-index module is 1.07 years, approximately 13 months, calculated as $300,000/$280,000).",0.531,6.864
