question,context,initial_answer,answer,retrieve_time_sec,generate_time_sec
What is software engineering and how does it fit into computer science?,"
[0]
Software  engineering  courses  build  on  these  foundations  in  computing  and engineering, and introduce the concepts that we cover in this book, including requirements elicitation, software design principles, technical documentation, project management, testing, and verification. In addition, a software engineering curriculum is likely to  include  nontechnical  courses  in  communications, humanities, and  social  sciences. Software engineering projects tend to involve large numbers of people, so software engineers need to understand the dynamics of group interaction to know how to motivate individuals to pursue a common goal. They need to consider the impact of their technology on users and on society as a whole, and they may need to make decisions that take human and social values into account. They may also have to interact with specialists  from  other  disciplines  who  have  varied  levels  of  software  expertise. This work calls for strong communication, business, and reasoning skills.

As such, software engineering is more general, is more applied, and has a broader scope than computer science. At its core, computer science focuses on data, data transformation, and algorithms; advanced courses present designs and programming techniques for specific  application  domains. In  contrast, software  engineering  focuses  on building software products. It looks at all the activities involved in developing a software

system from initial idea to final product. Moreover, software engineering design concepts tend  to  focus  on  general-purpose  design  principles, patterns, and  criteria; advanced courses present design and analysis techniques that scale to large software systems.


[1]
## Software Engineering Education

Historically, software engineering has been considered a relatively small aspect of computer science. At best, a university computer science curriculum included a course on software  engineering, usually  offered  in  the  junior  or  senior  year. At  the  least, it included several lectures on the meaning and intent of software engineering. With the increasing emphasis on software quality and security, and with the recent push to professionalize software developers, universities have increasingly viewed software engineering as a distinct academic discipline. There are now many ways in which a student can navigate through a university curriculum and end up with a software engineering education:

- Specializing in software engineering as part of a computer science major
- Specializing in software engineering as part of a computer engineering major
- Specializing in software engineering as part of an engineering major
- Majoring in software engineering as a separate degree from computer science or computer engineering

As Table 14.6 shows, a software engineering program borrows from both computer science and engineering curricula. Computer science courses provide the technical  knowledge  and  expertise  needed  to  create  and  manipulate  software  artifacts: programming  principles; data  structures; algorithm  paradigms; programming  languages; grammars, parsing, and translation; concurrency and control structures; and the theoretical limits of computing. In addition, computer science and computer engineering courses cover key system components (e.g., computer architecture, operating system, middleware, networks)  and  key  software  components  (e.g., databases, user interfaces), and how the design and implementation of these components can affect the performance, usability, and quality of our software.
","[
    {
        ""role"": ""sentence"",
        ""segment"": ""As such, software engineering is more general, is more applied, and has a broader scope than computer science."",
        ""citations"": [
            {
                ""type"": ""source_text"",
                ""content"": ""As such, software engineering is more general, is more applied, and has a broader scope than computer science."",
                ""img_id"": null
            }
        ],
        ""type"": null
    },
    {
        ""role"": ""sentence"",
        ""segment"": ""At its core, computer science focuses on data, data transformation, and algorithms; advanced courses present designs and programming techniques for specific application domains."",
        ""citations"": [
            {
                ""type"": ""source_text"",
                ""content"": ""At its core, computer science focuses on data, data transformation, and algorithms; advanced courses present designs and programming techniques for specific application domains."",
                ""img_id"": null
            }
        ],
        ""type"": null
    },
    {
        ""role"": ""sentence"",
        ""segment"": ""In  contrast, software  engineering  focuses  on  building software products."",
        ""citations"": [
            {
                ""type"": ""source_text"",
                ""content"": ""In  contrast, software  engineering  focuses  on  building software products."",
                ""img_id"": null
            }
        ],
        ""type"": null
    },
    {
        ""role"": ""sentence"",
        ""segment"": ""It looks at all the activities involved in developing a software system from initial idea to final product."",
        ""citations"": [
            {
                ""type"": ""source_text"",
                ""content"": ""It looks at all the activities involved in developing a software system from initial idea to final product."",
                ""img_id"": null
            }
        ],
        ""type"": null
    },
    {
        ""role"": ""sentence"",
        ""segment"": ""Moreover, software engineering design concepts tend  to  focus  on  general-purpose  design  principles, patterns, and  criteria; advanced courses present design and analysis techniques that scale to large software systems."",
        ""citations"": [
            {
                ""type"": ""source_text"",
                ""content"": ""Moreover, software engineering design concepts tend  to  focus  on  general-purpose  design  principles, patterns, and  criteria; advanced courses present design and analysis techniques that scale to large software systems."",
                ""img_id"": null
            }
        ],
        ""type"": null
    },
    {
        ""role"": ""sentence"",
        ""segment"": ""Historically, software engineering has been considered a relatively small aspect of computer science."",
        ""citations"": [
            {
                ""type"": ""source_text"",
                ""content"": ""Historically, software engineering has been considered a relatively small aspect of computer science."",
                ""img_id"": null
            }
        ],
        ""type"": null
    },
    {
        ""role"": ""sentence"",
        ""segment"": ""There are now many ways in which a student can navigate through a university curriculum and end up with a software engineering education:"",
        ""citations"": [
            {
                ""type"": ""source_text"",
                ""content"": ""There are now many ways in which a student can navigate through a university curriculum and end up with a software engineering education:"",
                ""img_id"": null
            }
        ],
        ""type"": null
    },
    {
        ""role"": ""sentence"",
        ""segment"": ""- Specializing in software engineering as part of a computer science major"",
        ""citations"": [
            {
                ""type"": ""source_text"",
                ""content"": ""- Specializing in software engineering as part of a computer science major"",
                ""img_id"": null
            }
        ],
        ""type"": null
    },
    {
        ""role"": ""sentence"",
        ""segment"": ""- Specializing in software engineering as part of a computer engineering major"",
        ""citations"": [
            {
                ""type"": ""source_text"",
                ""content"": ""- Specializing in software engineering as part of a computer engineering major"",
                ""img_id"": null
            }
        ],
        ""type"": null
    },
    {
        ""role"": ""sentence"",
        ""segment"": ""- Specializing in software engineering as part of an engineering major"",
        ""citations"": [
            {
                ""type"": ""source_text"",
                ""content"": ""- Specializing in software engineering as part of an engineering major"",
                ""img_id"": null
            }
        ],
        ""type"": null
    },
    {
        ""role"": ""sentence"",
        ""segment"": ""- Majoring in software engineering as a separate degree from computer science or computer engineering."",
        ""citations"": [
            {
                ""type"": ""source_text"",
                ""content"": ""- Majoring in software engineering as a separate degree from computer science or computer engineering."",
                ""img_id"": null
            }
        ],
        ""type"": null
    },
    {
        ""role"": ""sentence"",
        ""segment"": ""As Table 14.6 shows, a software engineering program borrows from both computer science and engineering curricula."",
        ""citations"": [
            {
                ""type"": ""source_text"",
                ""content"": ""As Table 14.6 shows, a software engineering program borrows from both computer science and engineering curricula."",
                ""img_id"": null
            }
        ],
        ""type"": null
    },
    {
        ""role"": ""sentence"",
        ""segment"": ""Computer science courses provide the technical  knowledge  and  expertise  needed  to  create  and  manipulate  software  artifacts: programming  principles; data  structures; algorithm  paradigms; programming  languages; grammars, parsing, and translation; concurrency and control structures; and the theoretical limits of computing."",
        ""citations"": [
            {
                ""type"": ""source_text"",
                ""content"": ""Computer science courses provide the technical  knowledge  and  expertise  needed  to  create  and  manipulate  software  artifacts: programming  principles; data  structures; algorithm  paradigms; programming  languages; grammars, parsing, and translation; concurrency and control structures; and the theoretical limits of computing."",
                ""img_id"": null
            }
        ],
        ""type"": null
    },
    {
        ""role"": ""sentence"",
        ""segment"": ""In addition, computer science and computer engineering courses cover key system components (e.g., computer architecture, operating system, middleware, networks)  and  key  software  components (e.g., databases, user interfaces), and how the design and implementation of these components can affect the performance, usability, and quality of our software."",
        ""citations"": [
            {
                ""type"": ""source_text"",
                ""content"": ""In addition, computer science and computer engineering courses cover key system components (e.g., computer architecture, operating system, middleware, networks)  and  key  software  components (e.g., databases, user interfaces), and how the design and implementation of these components can affect the performance, usability, and quality of our software."",
                ""img_id"": null
            }
        ],
        ""type"": null
    }
]","As such, software engineering is more general, is more applied, and has a broader scope than computer science. At its core, computer science focuses on data, data transformation, and algorithms; advanced courses present designs and programming techniques for specific application domains. In  contrast, software  engineering  focuses  on  building software products. It looks at all the activities involved in developing a software system from initial idea to final product. Moreover, software engineering design concepts tend  to  focus  on  general-purpose  design  principles, patterns, and  criteria; advanced courses present design and analysis techniques that scale to large software systems. Historically, software engineering has been considered a relatively small aspect of computer science. There are now many ways in which a student can navigate through a university curriculum and end up with a software engineering education: - Specializing in software engineering as part of a computer science major - Specializing in software engineering as part of a computer engineering major - Specializing in software engineering as part of an engineering major - Majoring in software engineering as a separate degree from computer science or computer engineering. As Table 14.6 shows, a software engineering program borrows from both computer science and engineering curricula. Computer science courses provide the technical  knowledge  and  expertise  needed  to  create  and  manipulate  software  artifacts: programming  principles; data  structures; algorithm  paradigms; programming  languages; grammars, parsing, and translation; concurrency and control structures; and the theoretical limits of computing. In addition, computer science and computer engineering courses cover key system components (e.g., computer architecture, operating system, middleware, networks)  and  key  software  components (e.g., databases, user interfaces), and how the design and implementation of these components can affect the performance, usability, and quality of our software.",1.314,67.357
What is the difference between technical and business quality? Explain why each is important.,,"[
    {
        ""role"": ""paragraph"",
        ""segment"": ""The chatbot can't answer this question. Please try again with another question."",
        ""citations"": [],
        ""type"": ""abstained""
    }
]",The chatbot can't answer this question. Please try again with another question.,1.971,6.309
Give two or three examples of fail ures you have encountered while using software.  Describe how these failures affected the quality of the software product.,,"[
  {
    ""role"": ""paragraph"",
    ""segment"": ""The chatbot can't answer this question. Please try again with another question."",
    ""citations"": [],
    ""type"": ""abstained""
  }
]",The chatbot can't answer this question. Please try again with another question.,0.503,9.788
Examine failures that have occurred in software that you have written.  Identify and list the faults and errors that caused each failure.,,"[
  {
    ""role"": ""paragraph"",
    ""segment"": ""The chatbot can't answer this question. Please try again with another question."",
    ""citations"": [],
    ""type"": ""abstained""
  }
]",The chatbot can't answer this question. Please try again with another question.,0.519,8.055
"Look through several issues of software magazines (IEEE Computer and IEEE Software are good choices) from the 1970's, 1980's and recent issues.  Compare the types of problems and solutions described in the older issues with those described in the more  recent issues.",,"[
  {
    ""role"": ""paragraph"",
    ""segment"": ""The chatbot can't answer this question. Please try again with another question."",
    ""citations"": [],
    ""type"": ""abstained""
  }
]",The chatbot can't answer this question. Please try again with another question.,0.512,6.717
Describe the process you use to get to ready for class or work in the morning. Draw a diagram to capture the process.,,"[
    {
        ""role"": ""paragraph"",
        ""segment"": ""The chatbot can't answer this question. Please try again with another question."",
        ""citations"": [],
        ""type"": ""abstained""
    }
]",The chatbot can't answer this question. Please try again with another question.,0.347,5.512
"Describe three software development life - cycle models. For each, name the main activities performed, and the inputs and outputs of each activity. For each give an example of the kind of software development project where the life - cycle model would be well - suited, and an example of where the life - cycle model would be inappropriate; explain why.",,"[
    {
        ""role"": ""paragraph"",
        ""segment"": ""The chatbot can't answer this question. Please try again with another question."",
        ""citations"": [],
        ""type"": ""abstained""
    }
]",The chatbot can't answer this question. Please try again with another question.,0.78,7.682
What is the difference between static and dynamic modeling? Explain how each type of modeling is useful.,,"[
  {
    ""role"": ""paragraph"",
    ""segment"": ""The chatbot can't answer this question. Please try again with another question."",
    ""citations"": [],
    ""type"": ""abstained""
  }
]",The chatbot can't answer this question. Please try again with another question.,0.453,7.623
"Use the five desirable properties of process modeling tools and techniques identified by Curtis, Kellner and Over(1992) and presented in Section 2.4 of the textbook to evaluate one process modeling tool or technique. You may use an example from the book and/or consult outside sources.","
[0]
## Desirable Properties of Process Modeling Tools and Techniques

There are many process modeling tools and techniques, and researchers continue to work to determine which ones are most appropriate for a given situation. But there are some characteristics that are helpful, regardless of technique. Curtis, Kellner, and Over (1992) have identified five categories of desirable properties:

1. Facilitates  human understanding and communication. The technique should be able to represent the process in a form that most customers and developers can understand, encouraging communication about the process and agreement on its form and improvements. The technique should include sufficient information to allow one or more people to actually perform the process.And the model or tool should form a basis for training.
2. Supports process improvement. The technique should identify the essential components of a development or maintenance process. It should allow reuse of processes

or  subprocesses  on  subsequent  projects, compare  alternatives, and  estimate  the impact of changes before the process is actually put into practice. Similarly, the technique should assist in selecting tools and techniques for the process, in encouraging organizational learning, and in supporting continuing evolution of the process.

3. Supports  process  management. The  technique  should  allow  the  process  to  be project-specific. Then, developers and customers should be able to reason about attributes of software creation or evolution. The technique should also support planning and forecasting, monitoring and managing the process, and measuring key process characteristics.
4. Provides automated guidance in performing the process. The technique should define all or part of the software development environment, provide guidance and suggestions, and retain reusable process representations for later use.
5. Supports automated process execution. The technique should automate all or part of  the  process, support  cooperative work, capture relevant measurement data, and enforce rules to ensure process integrity.
","[
    {
        ""role"": ""paragraph"",
        ""segment"": ""To evaluate a process modeling tool or technique, apply the five desirable properties identified by Curtis, Kellner, and Over (1992): 1. Facilitates  human understanding and communication. The technique should be able to represent the process in a form that most customers and developers can understand, encouraging communication about the process and agreement on its form and improvements. The technique should include sufficient information to allow one or more people to actually perform the process. And the model or tool should form a basis for training. 2. Supports  process improvement. The technique should identify the essential components of a development or maintenance process. It should allow reuse of processes or subprocesses on subsequent projects, compare alternatives, and estimate the impact of changes before the process is actually put into practice. Similarly, the technique should assist in selecting tools and techniques for the process, in encouraging organizational learning, and in supporting continuing evolution of the process. 3. Supports  process management. The technique should allow the process to be project-specific. Then, developers and customers should be able to reason about attributes of software creation or evolution. The technique should also support planning and forecasting, monitoring and managing the process, and measuring key process characteristics. 4. Provides automated guidance in performing the process. The technique should define all or part of the software development environment, provide guidance and suggestions, and retain reusable process representations for later use. 5. Supports automated process execution. The technique should automate all or part of the process, support cooperative work, capture relevant measurement data, and enforce rules to ensure process integrity."",
        ""citations"": [
            {
                ""type"": ""source_text"",
                ""content"": ""Curtis, Kellner, and Over (1992) have identified five categories of desirable properties:"",
                ""img_id"": null
            },
            {
                ""type"": ""source_text"",
                ""content"": ""1. Facilitates  human understanding and communication."",
                ""img_id"": null
            },
            {
                ""type"": ""source_text"",
                ""content"": ""2. Supports  process improvement."",
                ""img_id"": null
            },
            {
                ""type"": ""source_text"",
                ""content"": ""3. Supports  process management."",
                ""img_id"": null
            },
            {
                ""type"": ""source_text"",
                ""content"": ""4. Provides automated guidance in performing the process."",
                ""img_id"": null
            },
            {
                ""type"": ""source_text"",
                ""content"": ""5. Supports automated process execution."",
                ""img_id"": null
            }
        ],
        ""type"": null
    }
]","To evaluate a process modeling tool or technique, apply the five desirable properties identified by Curtis, Kellner, and Over (1992): 1. Facilitates  human understanding and communication. The technique should be able to represent the process in a form that most customers and developers can understand, encouraging communication about the process and agreement on its form and improvements. The technique should include sufficient information to allow one or more people to actually perform the process. And the model or tool should form a basis for training. 2. Supports  process improvement. The technique should identify the essential components of a development or maintenance process. It should allow reuse of processes or subprocesses on subsequent projects, compare alternatives, and estimate the impact of changes before the process is actually put into practice. Similarly, the technique should assist in selecting tools and techniques for the process, in encouraging organizational learning, and in supporting continuing evolution of the process. 3. Supports  process management. The technique should allow the process to be project-specific. Then, developers and customers should be able to reason about attributes of software creation or evolution. The technique should also support planning and forecasting, monitoring and managing the process, and measuring key process characteristics. 4. Provides automated guidance in performing the process. The technique should define all or part of the software development environment, provide guidance and suggestions, and retain reusable process representations for later use. 5. Supports automated process execution. The technique should automate all or part of the process, support cooperative work, capture relevant measurement data, and enforce rules to ensure process integrity.",0.443,46.97
Explain the difference between prescriptive and descriptive process models. What is the purpose for each? When is it appropriate to use each?,,"[
    {
        ""role"": ""paragraph"",
        ""segment"": ""The chatbot can't answer this question. Please try again with another question."",
        ""citations"": [],
        ""type"": ""abstained""
    }
]",The chatbot can't answer this question. Please try again with another question.,0.623,6.505
"Describe the process of getting a degree (bachelor's, master's or PhD) as a work breakdow n structure. Draw an activity graph for the process. What is the critical path?",,"[
  {
    ""role"": ""paragraph"",
    ""segment"": ""The chatbot can't answer this question. Please try again with another question."",
    ""citations"": [],
    ""type"": ""abstained""
  }
]",The chatbot can't answer this question. Please try again with another question.,1.096,10.859
Describe the organizational structure for your work environment. Classify the working styles of several of your co - workers. What are the advantages to this structure? Do y ou see any problems with the current structure?,,"[
  {
    ""role"": ""paragraph"",
    ""segment"": ""The chatbot can't answer this question. Please try again with another question."",
    ""citations"": [],
    ""type"": ""abstained""
  }
]",The chatbot can't answer this question. Please try again with another question.,0.503,5.884
"Discuss two techniques for making a prediction for effort. In particular, explain where during the development process the prediction is made, and when (if at all) the prediction is repeated.",,"[
    {
        ""role"": ""paragraph"",
        ""segment"": ""The chatbot can't answer this question. Please try again with another question."",
        ""citations"": [],
        ""type"": ""abstained""
    }
]",The chatbot can't answer this question. Please try again with another question.,0.742,8.208
"Any prediction generates an estimate, E, that can be compared eventually to an actual value, A. Name two values that can be calculated from E and A to help determine the accuracy of the estimating process. Define the two values and discuss how the values for each are used to tell us that a prediction is acceptable.",,"[
    {
        ""role"": ""paragraph"",
        ""segment"": ""The chatbot can't answer this question. Please try again with another question."",
        ""citations"": [],
        ""type"": ""abstained""
    }
]",The chatbot can't answer this question. Please try again with another question.,0.424,9.953
Describe two different size measures and the advantages and disadvantages of using each.,,"[
  {
    ""role"": ""paragraph"",
    ""segment"": ""The chatbot can't answer this question. Please try again with another question."",
    ""citations"": [],
    ""type"": ""abstained""
  }
]",The chatbot can't answer this question. Please try again with another question.,0.619,8.081
"Most of a system's requirements specify that the system should do what it is intended to do. Is it also appropri ate to specify that the system should not do what it is not intended to do? If your answer is no, explain why; if your answer is yes, give an example.",,"[
    {
        ""role"": ""paragraph"",
        ""segment"": ""The chatbot can't answer this question. Please try again with another question."",
        ""citations"": [],
        ""type"": ""abstained""
    }
]",The chatbot can't answer this question. Please try again with another question.,0.47,6.282
"Describe the different consumers of software requirements i.e. the different users, or types of users, o f a software requirements document). For each consumer, explain how he or she would use the requirements, and how the requirements should be documented to make them useful for this consumer.",,"[
    {
        ""role"": ""paragraph"",
        ""segment"": ""The chatbot can't answer this question. Please try again with another question."",
        ""citations"": [],
        ""type"": ""abstained""
    }
]",The chatbot can't answer this question. Please try again with another question.,0.512,5.906
"One source of problems in the requirements phase can be the rela tionship between system developers and their customers. What are some negative stereotypes customers may hold about developers? What could you, as a developer on a project, do to minimize the impact of those negative stereotypes?",,"[
    {
        ""role"": ""paragraph"",
        ""segment"": ""The chatbot can't answer this question. Please try again with another question."",
        ""citations"": [],
        ""type"": ""abstained""
    }
]",The chatbot can't answer this question. Please try again with another question.,0.527,7.439
"Download and read the Rob ertsons' requirements definition template (from http://www.atlsysguild.com). Write a short report in which you summarize for a software developer how he or she can use the template to validate requirements. Your report should address practical concerns abo ut how to use the template in the requirements process. For example, you should address questions such as: At what point in the requirements process can the template be helpful? What activities are necessary in order to use the template for validating requ irements? What skills will a developer have to possess in order to apply the template effectively? What types of errors and faults will the template help uncover?",,"[
    {
        ""role"": ""paragraph"",
        ""segment"": ""The chatbot can't answer this question. Please try again with another question."",
        ""citations"": [],
        ""type"": ""abstained""
    }
]",The chatbot can't answer this question. Please try again with another question.,0.499,5.191
"Pamela Zave has proposed a classification scheme for organizing the different types of rese arch that go on in the area of software requirements (P. Zave (1997). “Classification of research efforts in requirements engineering.” ACM Computing Surveys, 29(4): 315 - 321). Choose one of the categories she presents and write a brief (one paragraph) des cription of how research in this area is of use to software developers. Track down one of the papers she cites as an example of research in this category, and summarize the problem it addresses and the results it presents.",,"[
  {
    ""role"": ""paragraph"",
    ""segment"": ""The chatbot can't answer this question. Please try again with another question."",
    ""citations"": [],
    ""type"": ""abstained""
  }
]",The chatbot can't answer this question. Please try again with another question.,0.517,5.938
"The following statements describe modules in a (hypothetical) program. F or each, decide whether the module is likely to have a high or low degree of cohesion. If cohesion is low, explain why. a. Module “InventorySearchByID” searches the records in inventory to see if any match the specified range of ID numbers. A data structure is returned containing any matching records. b. Module “ProcessPurchase” removes the purchased product from inventory, prints a receipt for the customer and updates the log. c. Module “FindSet” processes the user's request, determine s the set of items from inventory that match the request, and formats the items into a list that can be shown to the customer.",,"[
    {
        ""role"": ""paragraph"",
        ""segment"": ""High cohesion: InventorySearchByID appears to perform a single, related task—searching the inventory for IDs in a specified range and returning the matching records."",
        ""citations"": [
            {
                ""type"": ""source_text"",
                ""content"": ""InventorySearchByID searches the records in inventory to see if any match the specified range of ID numbers."",
                ""img_id"": null
            },
            {
                ""type"": ""source_text"",
                ""content"": ""A data structure is returned containing any matching records."",
                ""img_id"": null
            }
        ],
        ""type"": null
    },
    {
        ""role"": ""paragraph"",
        ""segment"": ""Low cohesion: ProcessPurchase handles three distinct responsibilities—removing the purchased product from inventory, printing a receipt, and updating the log."",
        ""citations"": [
            {
                ""type"": ""source_text"",
                ""content"": ""ProcessPurchase removes the purchased product from inventory, prints a receipt for the customer and updates the log."",
                ""img_id"": null
            }
        ],
        ""type"": null
    },
    {
        ""role"": ""paragraph"",
        ""segment"": ""High cohesion: FindSet processes the user's request, determines the set of items from inventory that match the request, and formats the items into a list that can be shown to the customer."",
        ""citations"": [
            {
                ""type"": ""source_text"",
                ""content"": ""FindSet processes the user's request, determine s the set of items from inventory that match the request, and formats the items into a list that can be shown to the customer."",
                ""img_id"": null
            }
        ],
        ""type"": null
    }
]",The chatbot can't answer this question. Please try again with another question.,0.554,20.901
What does it mean to say that a design review should be “egoless”? Why are egoless reviews necessary? Suggest some s teps that may help achieve egoless reviews.,,"[
  {
    ""role"": ""paragraph"",
    ""segment"": ""The chatbot can't answer this question. Please try again with another question."",
    ""citations"": [],
    ""type"": ""abstained""
  }
]",The chatbot can't answer this question. Please try again with another question.,0.572,5.039
"Choose a software system that you use and for which there is some feature of the interface that you, as a user, dislike. Briefly describe the software and why you consider this feature of the interface to be a pr oblem. Speculate as to whether the problem could have been avoided during design. If so, what changes to the design process would have been necessary?",,"[
  {
    ""role"": ""paragraph"",
    ""segment"": ""The chatbot can't answer this question. Please try again with another question."",
    ""citations"": [],
    ""type"": ""abstained""
  }
]",The chatbot can't answer this question. Please try again with another question.,0.503,6.221
"Find a paper or book that deals with design patterns in more detail. Summarize briefly one of the patte rns presented; explain what it is useful for, when it can be used, and its effects on the rest of the program. What are some of the difficulties you might expect to encounter if using design patterns in practice?",,"[
    {
        ""role"": ""paragraph"",
        ""segment"": ""The chatbot can't answer this question. Please try again with another question."",
        ""citations"": [],
        ""type"": ""abstained""
    }
]",The chatbot can't answer this question. Please try again with another question.,0.507,5.429
"Read the account by Nancy Leveson and Clark Turner of the Therac - 25 accidents (N. Leveson and C. Turner (1993). “An investigation of the Therac - 25 accidents.” IEEE Computer, 26(7) (July): 18 - 41). Give a brief summary of some of the important lessons that can be learned for design.",,"[
  {
    ""role"": ""paragraph"",
    ""segment"": ""The chatbot can't answer this question. Please try again with another question."",
    ""citations"": [],
    ""type"": ""abstained""
  }
]",The chatbot can't answer this question. Please try again with another question.,0.509,7.429
In what ways do the Object-Oriented characteristics of encapsulation and information hiding support reuse? What kind of criteria would you use in deciding whether to reuse a class in a new system?,,"[
  {
    ""role"": ""paragraph"",
    ""segment"": ""The chatbot can't answer this question. Please try again with another question."",
    ""citations"": [],
    ""type"": ""abstained""
  }
]",The chatbot can't answer this question. Please try again with another question.,0.477,5.611
Why is it useful to have separate phases for system and program design?,,"[
  {
    ""role"": ""paragraph"",
    ""segment"": ""The chatbot can't answer this question. Please try again with another question."",
    ""citations"": [],
    ""type"": ""abstained""
  }
]",The chatbot can't answer this question. Please try again with another question.,0.368,6.978
"In section 6.3, a set of questions was given for helping to find potential problems with a set of use cases. Why is it important if two different terms are being used to refer to the same entity?",,"[
  {
    ""role"": ""paragraph"",
    ""segment"": ""The chatbot can't answer this question. Please try again with another question."",
    ""citations"": [],
    ""type"": ""abstained""
  }
]",The chatbot can't answer this question. Please try again with another question.,0.552,6.321
"You are designing a system to help run a bookstore. Revenue for the store comes from two distinct services: customers can purchase books, or bring their books in for rebinding. You are considering making a separate class for each service, both of which would be subclasses of a general “sale item” class. What are the likely benefits of such an approach? Are there any possible arguments against using inheritance in this case? Be sure to specify what factors could influence your decision.",,"[
    {
        ""role"": ""paragraph"",
        ""segment"": ""The chatbot can't answer this question. Please try again with another question."",
        ""citations"": [],
        ""type"": ""abstained""
    }
]",The chatbot can't answer this question. Please try again with another question.,0.71,6.601
Section 6.7 discusses Chidamber and Kemerer’s metric of depth of inheritance. Why does it seem likely that a class that is deeper in the hierarchy is harder to understand and maintain than one that is less deep?,,"[
    {
        ""role"": ""paragraph"",
        ""segment"": ""The chatbot can't answer this question. Please try again with another question."",
        ""citations"": [],
        ""type"": ""abstained""
    }
]",The chatbot can't answer this question. Please try again with another question.,1.446,5.539
"A stack is a data structure used to store elements. A stack is a last - in, first - out data structure. That is, the last element placed on the stack is the first element that can be removed from the stack. Elements can be placed on or removed from the to p of the stack only. The allowable operations for a stack are empty, full, push, pop and top. The empty operation returns true if there are no elements in the stack, false otherwise. The full operation returns true if the stack is filled to capaci ty, false otherwise. The push operation takes an element as an argument and places the element on top of the stack, if the stack is not full. If the stack is full, the push operation returns an error. The pop operation removes an element from the top of the stack, if the stack is not empty. If the stack is empty, the pop operation returns an error, otherwise, the top element is returned. The top operation returns the element on the top of the stack without removing the element from the stack, if the stack is not empty. The top operation returns an error if the stack is empty. Use an array to implement a stack data structure whose elements are integers. The stack may contain a maximum of 100 elements. Keep in mind the guidelines for programming style that were presented in this chapter.",,"[
  {
    ""role"": ""paragraph"",
    ""segment"": ""Here is a C-like, array-based stack with a fixed capacity of 100 for integers. It provides empty, full, push, pop, and top operations as described:\n\n#define MAX_STACK 100\n\ntypedef struct {\n    int data[MAX_STACK];\n    int size;\n} Stack;\n\nvoid initStack(Stack* s) { s->size = 0; }\n\nint isEmpty(const Stack* s) { return s->size == 0; }\n\nint isFull(const Stack* s) { return s->size == MAX_STACK; }\n\nint push(Stack* s, int value) {\n    if (isFull(s)) return -1; // error: stack is full\n    s->data[s->size++] = value;\n    return 0;\n}\n\nint pop(Stack* s, int* out) {\n    if (isEmpty(s)) return -1; // error: stack is empty\n    *out = s->data[--s->size];\n    return 0;\n}\n\nint topElem(const Stack* s, int* out) {\n    if (isEmpty(s)) return -1; // error: empty\n    *out = s->data[s->size - 1];\n    return 0;\n}"",
    ""citations"": [],
    ""type"": null
  }
]","Here is a C-like, array-based stack with a fixed capacity of 100 for integers. It provides empty, full, push, pop, and top operations as described:

#define MAX_STACK 100

typedef struct {
    int data[MAX_STACK];
    int size;
} Stack;

void initStack(Stack* s) { s->size = 0; }

int isEmpty(const Stack* s) { return s->size == 0; }

int isFull(const Stack* s) { return s->size == MAX_STACK; }

int push(Stack* s, int value) {
    if (isFull(s)) return -1; // error: stack is full
    s->data[s->size++] = value;
    return 0;
}

int pop(Stack* s, int* out) {
    if (isEmpty(s)) return -1; // error: stack is empty
    *out = s->data[--s->size];
    return 0;
}

int topElem(const Stack* s, int* out) {
    if (isEmpty(s)) return -1; // error: empty
    *out = s->data[s->size - 1];
    return 0;
}",0.655,43.929
One difficulty with reuse is selecting an appropriate component. Describe a strategy for finding a reusable component. What guidelines or styles would help in the process of selecting a component for reuse?,"
[0]
## SIDEBAR 7.2 SELECTING COMPONENTS FOR REUSE AT LUCENT

L ucent  Technologies  initiated  a  companywide  program  to  reuse  software  components (McClure 1997).As a consequence, the Workstation Software Development Department formed a Reuse Council to devise a strategy for selecting candidate components for its reuse repository.The Council consisted of seven people, representing all groups in the department. The Council created an inventory of components and formed a matrix with the features of all past  and  planned  projects. Then, each  feature  was  rated  in  terms  of  whether  it  had  been implemented and was still needed, had been implemented but was no longer needed, or had not been implemented but was still needed.Those features that were needed and were common to more than one project were targeted for reuse. In fact, some were redesigned to make them more reusable.

The  Council  met  every  week  for  two  hours  to  make  component  selections, inspect design documentation for those components already in the repository, and to monitor the levels of reuse in the department's projects.

guidelines for you. If you are a consumer for your current project, there are four key characteristics to check about the components you are about to reuse:

1. Does the component perform the function or provide the data you need?
2. If minor modification is required, is it less modification than building the component from scratch?
3. Is the component well-documented, so you can understand it without having to verify its implementation line by line?
4. Is there a complete record of the component's test and revision history, so you can be certain that it contains no faults?

You must also assess the amount of code you need to write so that your system can interface with the reused components.

On the other hand, if you are a producer of reusable components, you should keep in mind several things:
","[
  {
    ""role"": ""paragraph"",
    ""segment"": ""The Council created an inventory of components and formed a matrix with the features of all past  and  planned  projects. Then, each feature was rated in terms of whether it had been implemented and was still needed, had been implemented but was no longer needed, or had not been implemented but was still needed. Those features that were needed and were common to more than one project were targeted for reuse. In fact, some were redesigned to make them more reusable. The Council met every week for two hours to make component selections, inspect design documentation for those components already in the repository, and to monitor the levels of reuse in the department's projects."",
    ""citations"": [
      {""type"": ""source_text"", ""content"": ""The Council created an inventory of components and formed a matrix with the features of all past  and  planned  projects."", ""img_id"": null},
      {""type"": ""source_text"", ""content"": ""Then, each feature was rated in terms of whether it had been implemented and was still needed, had been implemented but was no longer needed, or had not been implemented but was still needed."", ""img_id"": null},
      {""type"": ""source_text"", ""content"": ""Those features that were needed and were common to more than one project were targeted for reuse."", ""img_id"": null},
      {""type"": ""source_text"", ""content"": ""In fact, some were redesigned to make them more reusable."", ""img_id"": null},
      {""type"": ""source_text"", ""content"": ""The Council met every week for two hours to make component selections, inspect design documentation for those components already in the repository, and to monitor the levels of reuse in the department's projects."", ""img_id"": null}
    ],
    ""type"": null
  },
  {
    ""role"": ""bullet_intro"",
    ""segment"": ""guidelines for you. If you are a consumer for your current project, there are four key characteristics to check about the components you are about to reuse:"",
    ""citations"": [
      {""type"": ""source_text"", ""content"": ""guidelines for you. If you are a consumer for your current project, there are four key characteristics to check about the components you are about to reuse:"", ""img_id"": null}
    ],
    ""type"": null
  },
  {
    ""role"": ""bullet"",
    ""segment"": ""Does the component perform the function or provide the data you need?"",
    ""citations"": [
      {""type"": ""source_text"", ""content"": ""Does the component perform the function or provide the data you need?"", ""img_id"": null}
    ],
    ""type"": null
  },
  {
    ""role"": ""bullet"",
    ""segment"": ""If minor modification is required, is it less modification than building the component from scratch?"",
    ""citations"": [
      {""type"": ""source_text"", ""content"": ""If minor modification is required, is it less modification than building the component from scratch?"", ""img_id"": null}
    ],
    ""type"": null
  },
  {
    ""role"": ""bullet"",
    ""segment"": ""Is the component well-documented, so you can understand it without having to verify its implementation line by line?"",
    ""citations"": [
      {""type"": ""source_text"", ""content"": ""Is the component well-documented, so you can understand it without having to verify its implementation line by line?"", ""img_id"": null}
    ],
    ""type"": null
  },
  {
    ""role"": ""bullet"",
    ""segment"": ""Is there a complete record of the component's test and revision history, so you can be certain that it contains no faults?"",
    ""citations"": [
      {""type"": ""source_text"", ""content"": ""Is there a complete record of the component's test and revision history, so you can be certain that it contains no faults?"", ""img_id"": null}
    ],
    ""type"": null
  },
  {
    ""role"": ""bullet"",
    ""segment"": ""You must also assess the amount of code you need to write so that your system can interface with the reused components."",
    ""citations"": [
      {""type"": ""source_text"", ""content"": ""You must also assess the amount of code you need to write so that your system can interface with the reused components."", ""img_id"": null}
    ],
    ""type"": null
  }
]","The Council created an inventory of components and formed a matrix with the features of all past  and  planned  projects. Then, each feature was rated in terms of whether it had been implemented and was still needed, had been implemented but was no longer needed, or had not been implemented but was still needed. Those features that were needed and were common to more than one project were targeted for reuse. In fact, some were redesigned to make them more reusable. The Council met every week for two hours to make component selections, inspect design documentation for those components already in the repository, and to monitor the levels of reuse in the department's projects.

guidelines for you. If you are a consumer for your current project, there are four key characteristics to check about the components you are about to reuse:
- Does the component perform the function or provide the data you need?
- If minor modification is required, is it less modification than building the component from scratch?
- Is the component well-documented, so you can understand it without having to verify its implementation line by line?
- Is there a complete record of the component's test and revision history, so you can be certain that it contains no faults?
- You must also assess the amount of code you need to write so that your system can interface with the reused components.",0.765,36.906
Explain the relationship between the design and implementation. Why is it important to match the implementation to the design? What would you do to keep the two consistent?,,"[
  {
    ""role"": ""paragraph"",
    ""segment"": ""The chatbot can't answer this question. Please try again with another question."",
    ""citations"": [],
    ""type"": ""abstained""
  }
]",The chatbot can't answer this question. Please try again with another question.,0.705,5.997
Consider a case where you have attempted to reuse code written by someone else. Wha t kind of reuse was it? What problems did you encounter? How did you resolve the problems? Are there any guidelines in this chapter that may have helped to eliminate or mitigate the problems you encountered?,,"[
    {
        ""role"": ""paragraph"",
        ""segment"": ""The chatbot can't answer this question. Please try again with another question."",
        ""citations"": [],
        ""type"": ""abstained""
    }
]",The chatbot can't answer this question. Please try again with another question.,0.486,9.856
"When writing code, many people are usually involved. Writing code usually requires a great deal of cooperation and coordination. It is important for others to be able to understand what you have written, why you have written it, and how your work fits in with their work. For these reasons, many o rganizations have coding standards and procedures. Using the guidelines from this chapter, write a set of coding standards for a language of your choice. Explain why you have included the standards you have chosen.","
[0]
programming you have done for your classes. In class, your work is done independently, so that your instructor can judge its quality and suggest improvements. However, in the wider world, most software is developed by teams, and a variety of jobs are required to generate a quality product. Even when writing the code itself, many people are usually involved, and a great deal of cooperation and coordination is required. Thus, it is very important for others to be able to understand not only what you have written, but also why you have written it and how it fits in with their work.

For these reasons, you must know your organization's standards and procedures before you begin to write code. Many companies insist that their code conform to style, format, and content standards, so that the code and associated documentation are clear to everyone who reads them. For example, Sidebar 7.1 describes Microsoft's approach to programming standards.

## Standards for You

Standards and procedures can help you to organize your thoughts and avoid mistakes. Some of the procedures involve methods of documenting your code so that it is clear and easy to follow. Such documentation allows you to leave and return to your work without losing track of what you had been doing. Standardized documentation also helps in locating faults and making changes, because it clarifies which sections of your program perform which functions.

## SIDEBAR 7.1 PROGRAMMING STANDARDS AT MICROSOFT
","[
    {
        ""role"": ""paragraph"",
        ""segment"": ""The chatbot can't answer this question. Please try again with another question."",
        ""citations"": [],
        ""type"": ""abstained""
    }
]",The chatbot can't answer this question. Please try again with another question.,0.427,11.913
"Examine faults from code that you have written . For each fault, identify the type of fault (as in Section 8.1, Types of Faults) and classify the fault using a defect classification. Provide the details of the defect classification used. (You may use the IBM defect classification presented in Table 8.1 or the one from HP illustrated in Figure 8.1.) Describe any difficulties encountered in classifying the faults.","
[0]
| TABLE 8.1            | IBMOrthogonal Defect Classification                                                                                                    |
|----------------------|----------------------------------------------------------------------------------------------------------------------------------------|
| FaultType            | Meaning                                                                                                                                |
| Function             | Fault that affects capability, end-user interfaces, product interfaces, interface with hardware architecture, or global data structure |
| Interface            | Fault in interacting with other components or drivers via calls, macros, control blocks, or parameter lists                            |
| Checking             | Fault in program logic that fails to validate data and values properly before they are used                                            |
| Assignment           | Fault in data structure or code block initialization                                                                                   |
| Timing/serialization | Fault that involves timing of shared and real-time resources                                                                           |
| Build/package/merge  | Fault that occurs because of problems in repositories,management changes, or version control                                           |
| Documentation        | Fault that affects publications and maintenance notes                                                                                  |
| Algorithm            | Fault involving efficiency or correctness of algorithm or data structure but not design                                                |

## SIDEBAR 8.1 HEWLETT-PACKARD'S FAULT CLASSIFICATION


[1]
## SIDEBAR 8.1 HEWLETT-PACKARD'S FAULT CLASSIFICATION

G rady  (1997)  describes  Hewlett-Packard's  approach  to  fault  classification. In  1986, Hewlett-Packard's Software Metrics Council identified several categories in which to track faults. The scheme grew to be the one depicted in Figure 8.1. The developers use this model by selecting three descriptors for each fault found: the origin of the fault (i.e., where the fault was injected in a product), the type of fault, and the mode (i.e., whether information was missing, unclear, wrong, changed, or could be done a better way).

Each Hewlett-Packard division tracks its faults separately, and summary statistics are reported on pie charts like the one in Figure 8.2. Different divisions often have very different fault profiles, and the nature of the profile helps the developers devise requirements, design, code, and test activities that address the particular kinds of faults the division usually sees. The overall effect has been to reduce the number of faults over time.

Fault classifications, such as IBM's and Hewlett-Packard's (see Sidebar 8.1), help improve the entire development process by telling us which types of faults are found in which development activities. For example, for each fault-identification or testing technique  used  while  building  the  system, we  can  build  a  profile  of  the  types  of  faults located. It is likely that different methods will yield different profiles.Then we can build our fault-prevention and -detection strategy based on the kinds of faults we expect in our system, and the activities that will root them out. Chillarege et al. (1992) illustrate

## ORIGIN:  WHERE?

FIGURE 8.1 Hewlett-Packard fault classification (Grady 1997).

<!-- image -->

FIGURE 8.2 Faults for one Hewlett-Packard division (Grady 1997).

<!-- image -->

IBM's use of this concept by showing us that the fault profile for design review is very different from that for code inspection.

## 8.2 TESTING ISSUES


[2]
Chillarege  et  al. (1992)  at  IBM  have  developed  an  approach  to  fault  tracking called orthogonal defect classification , where faults are placed in categories that collectively paint a picture of which parts of the development process need attention because they are responsible for spawning many faults. Thus, the classification scheme must be product-  and  organization-independent, and  be  applicable  to  all  stages  of  development. Table 8.1 lists the types of faults that comprise IBM's classification. When using the classification, the developers identify not only the type of fault, but also whether it is a fault of omission or commission. A fault of omission is one that results when some key aspect of the code is missing; for example, a fault may occur when a variable is not initialized.A fault of commission is one that is incorrect; for example, the variable is initialized to the wrong value.

One of the key features of orthogonal defect classification is its orthogonality. That is, a  classification  scheme  is orthogonal if  any  item  being  classified  belongs  to exactly one category. In other words, we want to track the faults in our system in an unambiguous way, so that the summary information about the number of faults in each class is meaningful.We lose the meaning of the measurements if a fault might belong to more than one class. In the same way, the fault classification must be clear, so that any two developers are likely to classify a particular fault in the same way.
","[
  {
    ""role"": ""paragraph"",
    ""segment"": ""The chatbot can't answer this question. Please try again with another question."",
    ""citations"": [],
    ""type"": ""abstained""
  }
]",The chatbot can't answer this question. Please try again with another question.,0.471,16.041
"Based on the faults identified in the previous question, which type of fault occurred most frequently? How might you change your software development approach to eliminate or reduce the occurrence of this type of fault?",,"[
  {
    ""role"": ""paragraph"",
    ""segment"": ""The chatbot can't answer this question. Please try again with another question."",
    ""citations"": [],
    ""type"": ""abstained""
  }
]",The chatbot can't answer this question. Please try again with another question.,0.506,5.918
Describe the differences between unit and integration testing. Give the goals for each type of testing and describe when and how each should occur.,,"[
    {
        ""role"": ""paragraph"",
        ""segment"": ""The chatbot can't answer this question. Please try again with another question."",
        ""citations"": [],
        ""type"": ""abstained""
    }
]",The chatbot can't answer this question. Please try again with another question.,0.492,5.794
Describe the differences b etween object - oriented and traditional testing.,"
[0]
## Differences between Object-Oriented and Traditional Testing

Perry  and  Kaiser  (1990)  take  a  careful  look  at  testing  object-oriented  components, especially those that are reused from other applications.The properties of object orientation are often thought to help minimize testing, but that is not always the case. For example, encapsulation  isolates  components  that  were  developed  separately. It  is tempting to think that if a programmer reuses some components without change, and reuses others but with some changes, then only the modified code needs to be tested. However, 'a program that has been adequately tested in isolation may not be adequately tested in combination' (Perry and Kaiser 1990). In fact, they show that when we add a new subclass or modify an existing subclass, we must retest the methods inherited from each of its ancestor superclasses.

They also examine the adequacy of test cases. For procedural languages, we can use a set of test data to test a system; then, when a change is made to the system, we can test that the change is correct and use the existing test data to verify that the additional, remaining functionality is still the same. But Perry and Kaiser (1990) show that the situation is different for object-oriented systems. When a subclass replaces an inherited method with a locally defined method with the same name, the overriding subclass must be retested, and probably with a different set of test data. Harrold and McGregor (1989) describe a technique for using the test case history of an object-oriented system to minimize the amount of additional testing.They first test base classes having no parents; the test strategy is to test each function individually and then test the interactions among functions. Next, they provide an algorithm to update incrementally the test history of the parent class; only attributes that are new or are affected by the inheritance scheme are tested.


[1]
Graham (1996a) summarizes the differences between object-oriented and traditional testing in two ways. First, she notes which aspects of object orientation make testing easier and which make it harder. For example, objects tend to be small, and the

<!-- image -->

complexity  that  might  ordinarily  reside  in  the  component  is  often  pushed  instead toward the interfaces among components.This difference means that unit testing is less difficult, but integration testing must be much more extensive.As we have seen, encapsulation is often considered a positive attribute of object-oriented design, but it also requires more extensive integration testing.

Similarly, inheritance introduces the need for more testing.An inherited function needs additional testing if

- it is redefined
- it has a specific behavior in a derived class
- other functions in that class are supposed to be consistent

Figure 8.16 depicts Graham's view of these differences.

Graham also looks at the steps in the testing process that are affected by object orientation.The diagram in Figure 8.17 is a Kiviat or radar graph that compares the differences between object-oriented and traditional testing. The gray polygon shows that

<!-- image -->

requirements analysis and validation,test case generation,source code analysis,and coverage analysis require special treatment.The farther the gray line is out from the center of the diagram, the more the difference between object-oriented and traditional testing.
","[
  {
    ""role"": ""paragraph"",
    ""segment"": ""A program that has been adequately tested in isolation may not be adequately tested in combination; when you add a new subclass or modify an existing subclass, you must retest the methods inherited from each of its ancestor superclasses."",
    ""citations"": [
      {
        ""type"": ""source_text"",
        ""content"": ""a program that has been adequately tested in isolation may not be adequately tested in combination"",
        ""img_id"": null
      },
      {
        ""type"": ""source_text"",
        ""content"": ""when we add a new subclass or modify an existing subclass, we must retest the methods inherited from each of its ancestor superclasses."",
        ""img_id"": null
      }
    ],
    ""type"": null
  },
  {
    ""role"": ""paragraph"",
    ""segment"": ""When a subclass replaces an inherited method with a locally defined method with the same name, the overriding subclass must be retested, and probably with a different set of test data."",
    ""citations"": [
      {
        ""type"": ""source_text"",
        ""content"": ""When a subclass replaces an inherited method with a locally defined method with the same name, the overriding subclass must be retested, and probably with a different set of test data."",
        ""img_id"": null
      }
    ],
    ""type"": null
  },
  {
    ""role"": ""paragraph"",
    ""segment"": ""Harrold and McGregor (1989) describe a technique for using the test case history of an object-oriented system to minimize the amount of additional testing. They first test base classes having no parents; the test strategy is to test each function individually and then test the interactions among functions. Next, they provide an algorithm to update incrementally the test history of the parent class; only attributes that are new or are affected by the inheritance scheme are tested."",
    ""citations"": [
      {
        ""type"": ""source_text"",
        ""content"": ""Harrold and McGregor (1989) describe a technique for using the test case history of an object-oriented system to minimize the amount of additional testing."",
        ""img_id"": null
      },
      {
        ""type"": ""source_text"",
        ""content"": ""They first test base classes having no parents; the test strategy is to test each function individually and then test the interactions among functions."",
        ""img_id"": null
      },
      {
        ""type"": ""source_text"",
        ""content"": ""Next, they provide an algorithm to update incrementally the test history of the parent class; only attributes that are new or are affected by the inheritance scheme are tested."",
        ""img_id"": null
      }
    ],
    ""type"": null
  },
  {
    ""role"": ""paragraph"",
    ""segment"": ""Graham (1996a) summarizes the differences between object-oriented and traditional testing in two ways. First, she notes which aspects of object orientation make testing easier and which make it harder. For example, objects tend to be small, and the complexity that might ordinarily reside in the component is often pushed instead toward the interfaces among components. This difference means that unit testing is less difficult, but integration testing must be much more extensive. As we have seen, encapsulation is often considered a positive attribute of object-oriented design, but it also requires more extensive integration testing."",
    ""citations"": [
      {
        ""type"": ""source_text"",
        ""content"": ""Graham (1996a) summarizes the differences between object-oriented and traditional testing in two ways."",
        ""img_id"": null
      },
      {
        ""type"": ""source_text"",
        ""content"": ""First, she notes which aspects of object orientation make testing easier and which make it harder."",
        ""img_id"": null
      },
      {
        ""type"": ""source_text"",
        ""content"": ""objects tend to be small, and the complexity  that might ordinarily reside in the component  is often pushed instead toward the interfaces among components."",
        ""img_id"": null
      },
      {
        ""type"": ""source_text"",
        ""content"": ""This difference means that unit testing is less difficult, but integration testing must be much more extensive."",
        ""img_id"": null
      },
      {
        ""type"": ""source_text"",
        ""content"": ""encapsulation is often considered a positive attribute of object-oriented design, but it also requires more extensive integration testing."",
        ""img_id"": null
      }
    ],
    ""type"": null
  },
  {
    ""role"": ""paragraph"",
    ""segment"": ""Similarly, inheritance introduces the need for more testing."",
    ""citations"": [
      {
        ""type"": ""source_text"",
        ""content"": ""Similarly, inheritance introduces the need for more testing."",
        ""img_id"": null
      }
    ],
    ""type"": null
  },
  {
    ""role"": ""paragraph"",
    ""segment"": ""An inherited function needs additional testing if"",
    ""citations"": [
      {
        ""type"": ""source_text"",
        ""content"": ""An inherited function needs additional testing if"",
        ""img_id"": null
      }
    ],
    ""type"": null
  },
  {
    ""role"": ""bullet"",
    ""segment"": ""- it is redefined"",
    ""citations"": [
      {
        ""type"": ""source_text"",
        ""content"": ""- it is redefined"",
        ""img_id"": null
      }
    ],
    ""type"": null
  },
  {
    ""role"": ""bullet"",
    ""segment"": ""- it has a specific behavior in a derived class"",
    ""citations"": [
      {
        ""type"": ""source_text"",
        ""content"": ""- it has a specific behavior in a derived class"",
        ""img_id"": null
      }
    ],
    ""type"": null
  },
  {
    ""role"": ""bullet"",
    ""segment"": ""- other functions in that class are supposed to be consistent"",
    ""citations"": [
      {
        ""type"": ""source_text"",
        ""content"": ""- other functions in that class are supposed to be consistent"",
        ""img_id"": null
      }
    ],
    ""type"": null
  },
  {
    ""role"": ""paragraph"",
    ""segment"": ""Figure 8.17 is a Kiviat or radar graph that compares the differences between object-oriented and traditional testing."",
    ""citations"": [
      {
        ""type"": ""source_text"",
        ""content"": ""Figure 8.17 is a Kiviat or radar graph that compares the differences between object-oriented and traditional testing."",
        ""img_id"": null
      }
    ],
    ""type"": null
  },
  {
    ""role"": ""paragraph"",
    ""segment"": ""The gray polygon shows that"",
    ""citations"": [
      {
        ""type"": ""source_text"",
        ""content"": ""The gray polygon shows that"",
        ""img_id"": null
      }
    ],
    ""type"": null
  },
  {
    ""role"": ""paragraph"",
    ""segment"": ""the farther the gray line is out from the center of the diagram, the more the difference between object-oriented and traditional testing."",
    ""citations"": [
      {
        ""type"": ""source_text"",
        ""content"": ""the farther the gray line is out from the center of the diagram, the more the difference between object-oriented and traditional testing."",
        ""img_id"": null
      }
    ],
    ""type"": null
  },
  {
    ""role"": ""paragraph"",
    ""segment"": ""requirements analysis and validation,test case generation,source code analysis,and coverage analysis require special treatment."",
    ""citations"": [
      {
        ""type"": ""source_text"",
        ""content"": ""requirements analysis and validation,test case generation,source code analysis,and coverage analysis require special treatment."",
        ""img_id"": null
      }
    ],
    ""type"": null
  }
]","A program that has been adequately tested in isolation may not be adequately tested in combination; when you add a new subclass or modify an existing subclass, you must retest the methods inherited from each of its ancestor superclasses.

When a subclass replaces an inherited method with a locally defined method with the same name, the overriding subclass must be retested, and probably with a different set of test data.

Harrold and McGregor (1989) describe a technique for using the test case history of an object-oriented system to minimize the amount of additional testing. They first test base classes having no parents; the test strategy is to test each function individually and then test the interactions among functions. Next, they provide an algorithm to update incrementally the test history of the parent class; only attributes that are new or are affected by the inheritance scheme are tested.

Graham (1996a) summarizes the differences between object-oriented and traditional testing in two ways. First, she notes which aspects of object orientation make testing easier and which make it harder. For example, objects tend to be small, and the complexity that might ordinarily reside in the component is often pushed instead toward the interfaces among components. This difference means that unit testing is less difficult, but integration testing must be much more extensive. As we have seen, encapsulation is often considered a positive attribute of object-oriented design, but it also requires more extensive integration testing.

Similarly, inheritance introduces the need for more testing.

An inherited function needs additional testing if

- - it is redefined
- - it has a specific behavior in a derived class
- - other functions in that class are supposed to be consistent
Figure 8.17 is a Kiviat or radar graph that compares the differences between object-oriented and traditional testing.

The gray polygon shows that

the farther the gray line is out from the center of the diagram, the more the difference between object-oriented and traditional testing.

requirements analysis and validation,test case generation,source code analysis,and coverage analysis require special treatment.",0.591,113.366
Choose a piece of code and write test cases for the code to satisfy the requirements of statement testing. Write the test cases for all - uses testing. Which testing strategy is stronger? Which strategy requi res more test cases?,"
[0]
To test code thoroughly, we can choose test cases using at least one of several approaches based on the data manipulated by the code:

- Statement testing: Every statement in the component is executed at least once in some test.
- Branch testing: For every decision point in the code, each branch is chosen at least once in some test.
- Path testing: Every distinct path through the code is executed at least once in some test.
- Definition-use path testing: Every path from every definition of every variable to every use of that definition is exercised in some test.
- All-uses testing: The test set includes at least one path from every definition to every use that can be reached by that definition.
- All-predicate-uses/some-computational-uses testing: For every variable and every definition of that variable, a test includes at least one path from the definition to every predicate use; if there are definitions not covered by that description, then include computational uses so that every definition is covered.
- All-computational-uses/some-predicate-uses testing: For every variable and every definition of that variable, a test includes at least one path from the definition to every computational use; if there are definitions not covered by that description, then include predicate uses so that every definition is covered.

There are other, similar kinds of testing, such as all-definitions, all-predicate-uses, and all-computational-uses. Beizer (1990) describes the relative strengths of these test strategies, as shown in Figure 8.6. For example, testing all paths is stronger than testing all paths from definition to use. In general, the stronger the strategy, the more test cases

<!-- image -->
","[
  {
    ""role"": ""paragraph"",
    ""segment"": ""Beizer (1990) describes the relative strengths of these test strategies, as shown in Figure 8.6. For example, testing all paths is stronger than testing all paths from definition to use. In general, the stronger the strategy, the more test cases."",
    ""citations"": [
      {
        ""type"": ""source_text"",
        ""content"": ""Beizer (1990) describes the relative strengths of these test strategies, as shown in Figure 8.6."",
        ""img_id"": null
      },
      {
        ""type"": ""source_text"",
        ""content"": ""For example, testing all paths is stronger than testing all paths from definition to use."",
        ""img_id"": null
      },
      {
        ""type"": ""source_text"",
        ""content"": ""In general, the stronger the strategy, the more test cases"",
        ""img_id"": null
      }
    ],
    ""type"": null
  }
]","Beizer (1990) describes the relative strengths of these test strategies, as shown in Figure 8.6. For example, testing all paths is stronger than testing all paths from definition to use. In general, the stronger the strategy, the more test cases.",0.646,26.379
How does system testing differ from unit and integration testing?,,"[
  {
    ""role"": ""paragraph"",
    ""segment"": ""The chatbot can't answer this question. Please try again with another question."",
    ""citations"": [],
    ""type"": ""abstained""
  }
]",The chatbot can't answer this question. Please try again with another question.,0.583,6.085
"Explain the purposes and roles of function testing, performance testing, acceptance testing, and installation testing.",,"[
  {
    ""role"": ""paragraph"",
    ""segment"": ""The chatbot can't answer this question. Please try again with another question."",
    ""citations"": [],
    ""type"": ""abstained""
  }
]",The chatbot can't answer this question. Please try again with another question.,0.469,6.429
What is the difference between verification and validation? Which types of testing address verification? Which types of testing address validation?,,"[
    {
        ""role"": ""paragraph"",
        ""segment"": ""The chatbot can't answer this question. Please try again with another question."",
        ""citations"": [],
        ""type"": ""abstained""
    }
]",The chatbot can't answer this question. Please try again with another question.,0.548,5.467
Describe the principles of Cleanroom and how it differs from conventional testing.,,"[
    {
        ""role"": ""paragraph"",
        ""segment"": ""The chatbot can't answer this question. Please try again with another question."",
        ""citations"": [],
        ""type"": ""abstained""
    }
]",The chatbot can't answer this question. Please try again with another question.,0.635,4.698
Read the press release and failure report for the Ariane - 5 Flight 501. An electronic copy of the failure report is available at http://www.esrin.esa.it/htdocs/tidc/Press/Press96/ariane5rep.html . The joint ESA/CNES press release is available at http://www.esrin.esa.it/htdocs/tidc/Pres/Press96/pres19.html . What kinds of tests might have exposed the problems that caused each of the failures?,,"[
  {
    ""role"": ""paragraph"",
    ""segment"": ""The chatbot can't answer this question. Please try again with another question."",
    ""citations"": [],
    ""type"": ""abstained""
  }
]",The chatbot can't answer this question. Please try again with another question.,0.537,6.295
Examine the documentation and training resources for a software system of your choice.  What resources are available to the users?  What resources are available to the operators?,,"[
  {
    ""role"": ""paragraph"",
    ""segment"": ""The chatbot can't answer this question. Please try again with another question."",
    ""citations"": [],
    ""type"": ""abstained""
  }
]",The chatbot can't answer this question. Please try again with another question.,0.497,7.62
What kinds of training aids and resources would be useful for users with little or no computer experience?  Give examples of aids or documentation meant for novice users.,,"[
  {
    ""role"": ""paragraph"",
    ""segment"": ""The chatbot can't answer this question. Please try again with another question."",
    ""citations"": [],
    ""type"": ""abstained""
  }
]",The chatbot can't answer this question. Please try again with another question.,0.535,6.92
Suppose a system has functions that are rarely executed by users or operators.  What types of resources would be appropriate for these rarely used functions?,,"[
  {
    ""role"": ""paragraph"",
    ""segment"": ""The chatbot can't answer this question. Please try again with another question."",
    ""citations"": [],
    ""type"": ""abstained""
  }
]",The chatbot can't answer this question. Please try again with another question.,0.543,7.893
"Often, the training and documentation needs for novice users are very different from the needs of expert users.  Give examples of cases where training aids or documentation for one user group are inappropriate for the other.",,"[
    {
        ""role"": ""paragraph"",
        ""segment"": ""The chatbot can't answer this question. Please try again with another question."",
        ""citations"": [],
        ""type"": ""abstained""
    }
]",The chatbot can't answer this question. Please try again with another question.,0.523,6.904
"Think about experiences you have had with training and documentation resources. Are there any cases where these aids have interfered with your usage of the software system? If so, how would you change the documentation or training aid?",,"[
  {
    ""role"": ""paragraph"",
    ""segment"": ""The chatbot can't answer this question. Please try again with another question."",
    ""citations"": [],
    ""type"": ""abstained""
  }
]",The chatbot can't answer this question. Please try again with another question.,0.463,5.418
"The “Millenium Bug” or “Y2K problem” is perhaps the most infamous software maintenance problem. Many computer systems represent the year as only two digits and are expected to have problems in the year 2000, when the value for the new year (“00”) is suddenly less rather than greater than the value for the previous year (“99”). Find a discussion of the Y2K problem written for nonscientists, for example, in a newspaper or popular magazine. How many of the maintenance problems listed in section 11.3 are accurately presented in the article? Are there issues in section 11.3 that contribute to the Y2K problem but are not given in the article?",,"[
    {
        ""role"": ""paragraph"",
        ""segment"": ""The chatbot can't answer this question. Please try again with another question."",
        ""citations"": [],
        ""type"": ""abstained""
    }
]",The chatbot can't answer this question. Please try again with another question.,0.777,7.443
"The Software Engineering Laboratory (SEL) at NASA's Goddard Space Flight Center collects data from all phases of its software development projects. When users fill out failure reports, they are asked to indicate the severity of the defect according to the following scale: major defect with no workaround; major defect, but workaround exists; cosmetic defect. How can this information be used to help the SEL understand its maintenance process better?",,"[
  {
    ""role"": ""paragraph"",
    ""segment"": ""SEL can use the severity information in failure reports to better understand its maintenance process. Given that SEL collects data from all phases of its software development projects and failure reports indicate defect severity as major defect with no workaround; major defect, but workaround exists; cosmetic defect, the team can quantify the distribution of defects across these categories, determine whether high-severity defects have workarounds, assess the impact of workarounds on users, and track severity trends over time and across phases to evaluate maintenance performance."",
    ""citations"": [
      {
        ""type"": ""source_text"",
        ""content"": ""The Software Engineering Laboratory (SEL) at NASA's Goddard Space Flight Center collects data from all phases of its software development projects."",
        ""img_id"": null
      },
      {
        ""type"": ""source_text"",
        ""content"": ""When users fill out failure reports, they are asked to indicate the severity of the defect according to the following scale: major defect with no workaround; major defect, but workaround exists; cosmetic defect."",
        ""img_id"": null
      }
    ],
    ""type"": null
  }
]",The chatbot can't answer this question. Please try again with another question.,0.751,23.302
"Maintenance is an area of great interest to software engineering researchers. Conferences and workshops such as ICSM (the International Conference on Software Maintenance) and WESS (the Workshop on Empirical Studies of Software maintenance) are devoted exclusively to maintenance issues, as is the Journal of Software Maintenance. Review a recent conference proceedings or journal issue and summarize the types of problems maintenance research addresses.",,"[
  {
    ""role"": ""paragraph"",
    ""segment"": ""The chatbot can't answer this question. Please try again with another question."",
    ""citations"": [],
    ""type"": ""abstained""
  }
]",The chatbot can't answer this question. Please try again with another question.,0.943,6.659
"Researchers with the Institute for Information Technology of the National Research Council, Canada, study maintenance by observing th e work practices of software engineers who are engaged in maintenance projects. A paper by Janice Singer and Timothy Lethbridge summarizes the methods they use to collect this type of data. (J. Singer, T. Lethbridge (1996). “Methods for Studying Maintenanc e Activities.” In Proceedings of the International Workshop on Empirical Studies of Software Maintenance, Monterey, CA. Also available at http://wwwsel.iit.nrc.ca/projects/easse/). Summarize this paper from the viewpoint of a software maintainer. How disru ptive are the data collection methods likely to be to the maintainer's work practices? What does the maintainer stand to gain by participating in such a study?",,"[
    {
        ""role"": ""paragraph"",
        ""segment"": ""The chatbot can't answer this question. Please try again with another question."",
        ""citations"": [],
        ""type"": ""abstained""
    }
]",The chatbot can't answer this question. Please try again with another question.,0.501,6.183
"Revisit the program you wrote for exercise 1, Chapter 7.  Change the underlying data structure o f the stack to a linked list rather than an array, and the data type of the stack elements to a string rather than an integer. How hard was this to do? On what types of activities did you spend your time? Critique your earlier program in terms of maintenan ce effort, paying attention to ideas such as comments, modularity, encapsulation, and others that affected the ease or difficulty of this task.",,"[
  {
    ""role"": ""paragraph"",
    ""segment"": ""The chatbot can't answer this question. Please try again with another question."",
    ""citations"": [],
    ""type"": ""abstained""
  }
]",The chatbot can't answer this question. Please try again with another question.,0.512,7.206
"In the key references section of this chapter, it is noted that the journal Empirical Software Engineering publishes not only descriptions of empirical studies, but data from these studies as well. What do you think are some of the benefits to other researchers of having access to the data? Are there any benefits to practitioners?",,"[
  {
    ""role"": ""paragraph"",
    ""segment"": ""The chatbot can't answer this question. Please try again with another question."",
    ""citations"": [],
    ""type"": ""abstained""
  }
]",The chatbot can't answer this question. Please try again with another question.,0.517,6.464
"Give an example, from a previous programming project, of when you engaged in black - box reuse. What are some of the benefits that can be expected from black - box reuse?  What are some drawbacks? Give an example of a system for which black - box reuse would not h ave been appropriate.",,"[
    {
        ""role"": ""paragraph"",
        ""segment"": ""The chatbot can't answer this question. Please try again with another question."",
        ""citations"": [],
        ""type"": ""abstained""
    }
]",The chatbot can't answer this question. Please try again with another question.,0.554,8.089
"Take a look at the latest issue of a journal that presents articles about software engineering. (IEEE Transactions on Software Engineering, the Journal of Systems and Software, and IEEE Computer are good examples.) Of the articles tha t present a new technique or tool for software development, how many actually present some kind of evidence that the proposed technique is an improvement over what is currently used? For those that do, classify the type of empirical study used, and identif y the variables.",,"[
  {
    ""role"": ""paragraph"",
    ""segment"": ""The chatbot can't answer this question. Please try again with another question."",
    ""citations"": [],
    ""type"": ""abstained""
  }
]",The chatbot can't answer this question. Please try again with another question.,0.605,5.317
"Select one of the studies that you identified in the answer to question 3. Analyze this study with respect to the common pitfalls in evaluation that are described in Table 12.2. For each pitfall, assess whether or not the study has success fully avoided the problem, and explain your reasoning. If the article contains sufficient information to allow you to judge whether the pitfall was avoided, that should also be noted. If there are pitfalls in this study, do the authors identify them and di scuss their impact on the results?",,"[
  {
    ""role"": ""paragraph"",
    ""segment"": ""The chatbot can't answer this question. Please try again with another question."",
    ""citations"": [],
    ""type"": ""abstained""
  }
]",The chatbot can't answer this question. Please try again with another question.,0.87,5.779
"A paper by Barbara Kitchenham, Lesley Pickard, and Shari Lawrence Pfleeger addresses in some detail common pitfalls of case studies in industrial environments (B. Kitchenham, L. Pickard, S. L. Pfleeger (1995). “Case studi es in method and tool evaluation.” IEEE Software, 12(4): 52 - 62). Use this paper to critique a case study of some software engineering technology. (The journals suggested in question 3 are good sources of case studies.) If there are problems with the study,  do you think they can be corrected in such a way thatthe study will still be feasible to run?",,"[
    {
        ""role"": ""paragraph"",
        ""segment"": ""The chatbot can't answer this question. Please try again with another question."",
        ""citations"": [],
        ""type"": ""abstained""
    }
]",The chatbot can't answer this question. Please try again with another question.,0.618,7.927
"An organization currently uses informal, English - language requirements and requirements reviews in its so ftware development process. A consultant has recommended that it switch to the more formal requirements language, Z. The organization decides to try out Z on a new project, to see whether or not it improves the software process. To evaluate Z with respect to the current process, what types of measurements should be collectedon projects using English requirements?  On the trial project? Justify your answers.",,"[
    {
        ""role"": ""paragraph"",
        ""segment"": ""The chatbot can't answer this question. Please try again with another question."",
        ""citations"": [],
        ""type"": ""abstained""
    }
]",The chatbot can't answer this question. Please try again with another question.,0.601,8.058
"Describe an empirical study that could be used to assess whether Z represents an improvement for the organization. What type of empirical study would you select, and why? How much confidence could the organization have in the result? How much disruption would be necessary to the organization's usual software development process?",,"[
  {
    ""role"": ""paragraph"",
    ""segment"": ""The chatbot can't answer this question. Please try again with another question."",
    ""citations"": [],
    ""type"": ""abstained""
  }
]",The chatbot can't answer this question. Please try again with another question.,0.541,10.487
"In a 1997 paper, Vic Basili describes a series of studies of a particular kind of software technology, called software reading. (V. Basili (1997). “Evolving and packaging reading techniques.” Journal of Systems and Software, 38: 3 - 12.) Each study in the series contributed some knowledge about the use of this technology in a particular environment. A number of different types of studies were used: Some studies looked at whether or not the technology was feasible in the environment, other studies tested very specific hypotheses about the technology, and still other studies examined the use of the technology in detail. What kind of studies would you recommend for each of those goals? Sketch a series of studies for the organization interested in Z (discussed in questions 1 and 2) that incorporates all three goals.",,"[
  {
    ""role"": ""paragraph"",
    ""segment"": ""Based on Basili's description, to address each goal: (1) feasibility in the environment — conduct feasibility studies to determine if the technology is feasible in the environment. (2) hypothesis testing — conduct studies that test very specific hypotheses about the technology. (3) in‑depth usage — conduct studies that examine the use of the technology in detail. For organization Z, sketch a plan that includes all three types of studies: feasibility in its environment, hypothesis‑testing studies, and detailed usage studies."",
    ""citations"": [
      {
        ""type"": ""source_text"",
        ""content"": ""Some studies looked at whether or not the technology was feasible in the environment"",
        ""img_id"": null
      },
      {
        ""type"": ""source_text"",
        ""content"": ""other studies tested very specific hypotheses about the technology"",
        ""img_id"": null
      },
      {
        ""type"": ""source_text"",
        ""content"": ""still other studies examined the use of the technology in detail"",
        ""img_id"": null
      }
    ],
    ""type"": null
  }
]",The chatbot can't answer this question. Please try again with another question.,0.661,40.36
"Many studies in computer science compare different technologies and do not involve human factors. For example, a study of a new algorithm may seek to determine whether it runs faster than an older version on practical data se ts. However, many empirical studies in software engineering involve human subjects, because they need to assess the usefulness of development techniques for the people who will use them.  Find a recent journal article that describes an empirical software study using human subjects. Briefly summarize (2 paragraphs) the study and itsresults. What are the things that make studies using human subjects different from studies that do not? Use specific examples from the journal article to illustrate your points.",,"[
  {
    ""role"": ""paragraph"",
    ""segment"": ""The chatbot can't answer this question. Please try again with another question."",
    ""citations"": [],
    ""type"": ""abstained""
  }
]",The chatbot can't answer this question. Please try again with another question.,0.812,8.241
"Do a search of the literature in which you identify the relevant papers on two different approaches to process improvement. Use the references given in the textbook as a starting point. Compare and contrast the two approaches in a short report (less than 5 pages). Your report should be a summary of the two approaches, written for an organization thinking of investing in process improvement. You should answer questions such as: Where have the approaches already been applied? Have they been shown to work? What  support is required from the organization? Identify other relevant criteria as you see fit.",,"[
  {
    ""role"": ""paragraph"",
    ""segment"": ""The chatbot can't answer this question. Please try again with another question."",
    ""citations"": [],
    ""type"": ""abstained""
  }
]",The chatbot can't answer this question. Please try again with another question.,0.366,23.854
"The “recognition-primed” decision model postulates that people make decisions by keeping a repository of past decisions and their results, against which the current situation is compared to suggest a likely strategy. Ongoing work is attempting to apply this theory at the level of whole organizations, by creating an organizational “experience base,” describing the past work of all employees, which can be searched for answers to new problems. Can this model be applied directly to the organization? What are some complications that will have to be overcome before systems of this type could be effective?",,"[
  {
    ""role"": ""paragraph"",
    ""segment"": ""The chatbot can't answer this question. Please try again with another question."",
    ""citations"": [],
    ""type"": ""abstained""
  }
]",The chatbot can't answer this question. Please try again with another question.,1.033,6.436
"Find a paper from the research literature describing a new technology. Remember in this context that “technology” can have a broad meaning, including software processes, tools, or specific techniques. Describe the particular technology being proposed. Does the paper describe who the anticipated users of the technology will be? Can you categorize those users according to the types of adopters in Figure 14.1? What arguments are made as to the technology’s effectiveness? How could you classify those arguments according to the categories of evidence proposed by Schum (described in section 14.2)?",,"[
  {
    ""role"": ""paragraph"",
    ""segment"": ""The chatbot can't answer this question. Please try again with another question."",
    ""citations"": [],
    ""type"": ""abstained""
  }
]",The chatbot can't answer this question. Please try again with another question.,1.343,6.951
"Find a paper describing an organization’s practical experience with a particular technology. If at all possible, find one describing experience with the same technology you chose in question 2. (Many conferences, including ICSE, now include tracks dedicated to industry reports, making these conference proceedings a good place to start your search.) How does the paper measure the success (or lack of success) with the technology? What kinds of evidence are presented to support the evaluation of effectiveness? How would you classify that evidence according to the categories of evidence proposed by Schum (described in section 14.2)?",,"[
  {
    ""role"": ""paragraph"",
    ""segment"": ""The chatbot can't answer this question. Please try again with another question."",
    ""citations"": [],
    ""type"": ""abstained""
  }
]",The chatbot can't answer this question. Please try again with another question.,0.556,6.393
"As a project manager, John has been using design inspections on his projects since he came to his current employer, even though his manager does not believe that the inspection personnel have the necessary background to be successful. Over the last five years, seven design inspections were undertaken and John considered all of them successful (i.e. they all found some significant issues, and no major defects caused by design were found in the product in later development or use). However, in this year three inspections were undertaken and all were unsuccessful (major problems slipped through). One of these instances was particularly embarrassing for John since a major defect was not found until after delivery to the customer, and the redesign that was necessary was particularly expensive. Now John is starting a new project (which is not very similar to his previous projects in this organization) and has to consider whether to spend the resources on a design inspection again. What sources of bias should he be aware of that might affect his decision?",,"[
    {
        ""role"": ""paragraph"",
        ""segment"": ""The chatbot can't answer this question. Please try again with another question."",
        ""citations"": [],
        ""type"": ""abstained""
    }
]",The chatbot can't answer this question. Please try again with another question.,0.448,14.191
"As a project manager, John has been using design inspections on his projects since he came to his current employer, even though his manager does not believe that the inspection personnel have the necessary background to be successful. Over the last five years, seven design inspections were undertaken and John considered all of them successful (i.e. they all found some significant issues, and no major defects caused by design were found in the product in later development or use). However, in this year three inspections were undertaken and all were unsuccessful (major problems slipped through). One of these instances was particularly embarrassing for John since a major defect was not found until after delivery to the customer, and the redesign that was necessary was particularly expensive. Now John is starting a new project (which is not very similar to his previous projects in this organization) and has to consider whether to spend the resources on a design inspection again. The body of evidence John is accumulating about design inspections has internal contradictions. What can John do to try to draw a meaningful and accurate conclusion?",,"[
    {
        ""role"": ""paragraph"",
        ""segment"": ""The chatbot can't answer this question. Please try again with another question."",
        ""citations"": [],
        ""type"": ""abstained""
    }
]",The chatbot can't answer this question. Please try again with another question.,0.496,8.144
"If a system is being developed where the customers are not sure of what they want, the requirements are often poorly defined. Which of the following would be an appropriate process model for this type of development? a. prototyping b. waterfall c. V- model d. spiral",,"[
    {
        ""role"": ""paragraph"",
        ""segment"": ""The chatbot can't answer this question. Please try again with another question."",
        ""citations"": [],
        ""type"": ""abstained""
    }
]",The chatbot can't answer this question. Please try again with another question.,0.488,8.867
"The project team developing a new system is experienced in the domain. Although the new project is fairly large, it is not expected to vary much from applications that have been developed by this team in the past. Which process model would be appropriate for this type of development? a. prototyping b. waterfall c. V- model d. spiral",,"[
  {
    ""role"": ""paragraph"",
    ""segment"": ""The chatbot can't answer this question. Please try again with another question."",
    ""citations"": [],
    ""type"": ""abstained""
  }
]",The chatbot can't answer this question. Please try again with another question.,0.53,7.393
"Which of the following are potential barriers to the consumer of a reusable component ? a. It is unclear where the responsibility for component failures lies. b. Sometimes, it takes more time to find a reuseable component than it would to build it. c. It can be costly to understand the intended behavior of a reuseable component. d. a and b only e. b and c only f. a and c only g. a, b and c",,"[
  {
    ""role"": ""paragraph"",
    ""segment"": ""The chatbot can't answer this question. Please try again with another question."",
    ""citations"": [],
    ""type"": ""abstained""
  }
]",The chatbot can't answer this question. Please try again with another question.,0.589,8.797
"Suppose a library system is being developed. The system has three major subsystems: one that handles the check-out/check-in transactions; one that handles inventories; and one that handles reports. During the development of the system, several problems occur. Identify the problems as errors, faults or failures. In the code for calculating late fees, the fine_total variable is not initialized.",,"[
  {
    ""role"": ""sentence"",
    ""segment"": ""The problem 'the fine_total variable is not initialized' in the late-fee calculation is a software fault (defect)."",
    ""citations"": [
      {
        ""type"": ""source_text"",
        ""content"": ""In the code for calculating late fees, the fine_total variable is not initialized."",
        ""img_id"": null
      }
    ],
    ""type"": null
  }
]",The chatbot can't answer this question. Please try again with another question.,0.81,26.412
"Suppose a library system is being developed. The system has three major subsystems: one that handles the check-out/check-in transactions; one that handles inventories; and one that handles reports. During the development of the system, several problems occur. Identify the problems as errors, faults or failures. While a librarian is attempting to add a new book title to the inventory, the system shuts down.",,"[
    {
        ""role"": ""paragraph"",
        ""segment"": ""The chatbot can't answer this question. Please try again with another question."",
        ""citations"": [],
        ""type"": ""abstained""
    }
]",The chatbot can't answer this question. Please try again with another question.,0.885,13.111
"Suppose a library system is being developed. The system has three major subsystems: one that handles the check-out/check-in transactions; one that handles inventories; and one that handles reports. During the development of the system, several problems occur. Identify the problems as errors, faults or failures. The requirements writer is unaware that a library card is not necessary for the check-in transaction.",,"[
    {
        ""role"": ""paragraph"",
        ""segment"": ""The chatbot can't answer this question. Please try again with another question."",
        ""citations"": [],
        ""type"": ""abstained""
    }
]",The chatbot can't answer this question. Please try again with another question.,0.8,7.645
"Suppose a library system is being developed. The system has three major subsystems: one that handles the check-out/check-in transactions; one that handles inventories; and one that handles reports. During the development of the system, several problems occur. Identify the problems as errors, faults or failures. In the requirements document, a late fee is specified as $0.25 per day with a maximum of $15. The code for calculating the late fee does not check for the maximum fee.",,"[
  {
    ""role"": ""paragraph"",
    ""segment"": ""Fault: The code for calculating the late fee does not check for the maximum fee."",
    ""citations"": [
      {
        ""type"": ""source_text"",
        ""content"": ""The code for calculating the late fee does not check for the maximum fee."",
        ""img_id"": null
      },
      {
        ""type"": ""source_text"",
        ""content"": ""In the requirements document, a late fee is specified as $0.25 per day with a maximum of $15."",
        ""img_id"": null
      }
    ],
    ""type"": null
  }
]",The chatbot can't answer this question. Please try again with another question.,0.536,36.522
"Suppose a library system is being developed. The system has three major subsystems: one that handles the check-out/check-in transactions; one that handles inventories; and one that handles reports. During the development of the system, several problems occur. Identify the problems as errors, faults or failures. Every evening at 11pm, the library system is supposed to perform a backup of the daily transactions. The backup for Tuesday night did not occur.",,"[
  {
    ""role"": ""paragraph"",
    ""segment"": ""The chatbot can't answer this question. Please try again with another question."",
    ""citations"": [],
    ""type"": ""abstained""
  }
]",The chatbot can't answer this question. Please try again with another question.,0.529,20.757
"Paul, a manager of the development team, decides to use a COTS product developed by Reports 2 U, a third party vendor, as part of the inventory subsystem. Which of the following are valid concerns: a. The COTS product may no longer be supported by the vendor at some later date. b. In order for the COTS product to work with the new system, a modification or enhancement to the COTS product may be needed. The vendor may be unwilling to make the change. c. The COTS product may not function as specified. d. a and b only e. b and c only f. a and c only g. a, b and c. Table Data: The table provides the ""Estimate"" and ""Actual"" size values for five different projects:
Project A: Estimate = 8060, Actual = 8000
Project B: Estimate = 9000, Actual = 10000
Project C: Estimate = 7000, Actual = 7200
Project D: Estimate = 15000, Actual = 13000
Project E: Estimate = 10000, Actual = 9600",,"[
    {
        ""role"": ""sentence"",
        ""segment"": ""g. a, b and c."",
        ""citations"": [
            {
                ""type"": ""source_text"",
                ""content"": ""The COTS product may no longer be supported by the vendor at some later date."",
                ""img_id"": null
            },
            {
                ""type"": ""source_text"",
                ""content"": ""In order for the COTS product to work with the new system, a modification or enhancement to the COTS product may be needed."",
                ""img_id"": null
            },
            {
                ""type"": ""source_text"",
                ""content"": ""The vendor may be unwilling to make the change."",
                ""img_id"": null
            },
            {
                ""type"": ""source_text"",
                ""content"": ""The COTS product may not function as specified."",
                ""img_id"": null
            }
        ],
        ""type"": null
    }
]",The chatbot can't answer this question. Please try again with another question.,0.453,15.382
"Jenna, a project manager, has developed a new technique for estimating project size. She has been using the new technique on several projects. Her estimates and the actual values for project size are shown below. The criteria for a good estimating technique are: 75% of the estimates should be within 25% of the actual; and the mean magnitude of the relative estimate errors should be less than 25%. Use the table of project size estimates and the criteria given to answer the questions about Jenna's estimating technique. Project Estimate Actual A 8060 8000 B 9000 10000 C 7000 7200 D 15000 13000 E 10000 9600. Given the table of estimates and actuals, what is the MMRE? Round to the nearest 1/100. a. 0.01 b. 0.05 c. 0.06 d. 0.07 e. 0.10",,"[
  {
    ""role"": ""paragraph"",
    ""segment"": ""MMRE ≈ 0.33"",
    ""citations"": [
      {
        ""type"": ""source_text"",
        ""content"": ""A 8060 8000"",
        ""img_id"": null
      },
      {
        ""type"": ""source_text"",
        ""content"": ""B 9000 10000"",
        ""img_id"": null
      },
      {
        ""type"": ""source_text"",
        ""content"": ""C 7000 7200"",
        ""img_id"": null
      },
      {
        ""type"": ""source_text"",
        ""content"": ""D 15000 13000"",
        ""img_id"": null
      },
      {
        ""type"": ""source_text"",
        ""content"": ""E 10000 9600"",
        ""img_id"": null
      }
    ],
    ""type"": null
  }
]",The chatbot can't answer this question. Please try again with another question.,0.593,28.814
"Jenna, a project manager, has developed a new technique for estimating project size. She has been using the new technique on several projects. Her estimates and the actual values for project size are shown below. The criteria for a good estimating technique are: 75% of the estimates should be within 25% of the actual; and the mean magnitude of the relative estimate errors should be less than 25%. Use the table of project size estimates and the criteria given to answer the questions about Jenna's estimating technique. Project Estimate Actual A 8060 8000 B 9000 10000 C 7000 7200 D 15000 13000 E 10000 9600. What is the PRED(.25)? a. 0.05 b. 0.25 c. 0.33 d. 0.75 e. 1.00",,"[
  {
    ""role"": ""paragraph"",
    ""segment"": ""PRED(.25) = 1.00"",
    ""citations"": [
      {
        ""type"": ""source_text"",
        ""content"": ""A 8060 8000"",
        ""img_id"": null
      },
      {
        ""type"": ""source_text"",
        ""content"": ""B 9000 10000"",
        ""img_id"": null
      },
      {
        ""type"": ""source_text"",
        ""content"": ""C 7000 7200"",
        ""img_id"": null
      },
      {
        ""type"": ""source_text"",
        ""content"": ""D 15000 13000"",
        ""img_id"": null
      },
      {
        ""type"": ""source_text"",
        ""content"": ""E 10000 9600"",
        ""img_id"": null
      }
    ],
    ""type"": null
  }
]",The chatbot can't answer this question. Please try again with another question.,0.657,19.964
"Jenna, a project manager, has developed a new technique for estimating project size. She has been using the new technique on several projects. Her estimates and the actual values for project size are shown below. The criteria for a good estimating technique are: 75% of the estimates should be within 25% of the actual; and the mean magnitude of the relative estimate errors should be less than 25%. Use the table of project size estimates and the criteria given to answer the questions about Jenna's estimating technique. Project Estimate Actual A 8060 8000 B 9000 10000 C 7000 7200 D 15000 13000 E 10000 9600. Based on the criteria for a good estimation technique and the estimate data gathered so far, is the new technique a good one? (Yes/No)",,"[
    {
        ""role"": ""paragraph"",
        ""segment"": ""No. The technique is not a good estimator because, although all five estimates are within 25% of the actual values, the mean magnitude of the relative estimate errors is about 33%, which exceeds the required 25%."",
        ""citations"": [
            {
                ""type"": ""source_text"",
                ""content"": ""Project Estimate Actual A 8060 8000 B 9000 10000 C 7000 7200 D 15000 13000 E 10000 9600."",
                ""img_id"": null
            },
            {
                ""type"": ""source_text"",
                ""content"": ""The criteria for a good estimating technique are: 75% of the estimates should be within 25% of the actual; and the mean magnitude of the relative estimate errors should be less than 25%."",
                ""img_id"": null
            }
        ],
        ""type"": null
    }
]",The chatbot can't answer this question. Please try again with another question.,0.962,71.776
"Suppose Madeline, Andrew and Jason are three managers asked to estimate effort required to build a 50,000 lines of code project. Each manager uses a different estimating technique. Madeline uses the basic, Walston/Felix model. What will her estimate (in person-months) be? Round to the closest month. a. 185 person-months b. 572 person-months c. 620 person-months d. 79634 person-months e. 99134 person-months",,"[
    {
        ""role"": ""paragraph"",
        ""segment"": ""The chatbot can't answer this question. Please try again with another question."",
        ""citations"": [],
        ""type"": ""abstained""
    }
]",The chatbot can't answer this question. Please try again with another question.,0.619,6.008
"Suppose Madeline, Andrew and Jason are three managers asked to estimate effort required to build a 50,000 lines of code project. Each manager uses a different estimating technique. Andrew uses the Bailey and Basili basic model. What will his estimate (in person-months) be? Round to the closest month. a. 65 person-months b. 74 person-months c. 1189 person-months d. 1246 person-months e. 206129 person-months",,"[
  {
    ""role"": ""paragraph"",
    ""segment"": ""The chatbot can't answer this question. Please try again with another question."",
    ""citations"": [],
    ""type"": ""abstained""
  }
]",The chatbot can't answer this question. Please try again with another question.,0.485,5.584
"Suppose Madeline, Andrew and Jason are three managers asked to estimate effort required to build a 50,000 lines of code project. Each manager uses a different estimating technique. Jason uses expert judgment to arrive at a 400 person-month estimate for the project. Using the estimates of Madeline, Andrew and Jason, what is the Delphi estimate for this project? Round to the closest month. a. 220 person-months b. 400 person-months c. 720 person-months d. 755 person-months e. 10188 8 person-months",,"[
    {
        ""role"": ""paragraph"",
        ""segment"": ""The chatbot can't answer this question. Please try again with another question."",
        ""citations"": [],
        ""type"": ""abstained""
    }
]",The chatbot can't answer this question. Please try again with another question.,0.457,6.769
"Suppose Madeline, Andrew and Jason are three managers asked to estimate effort required to build a 50,000 lines of code project. Each manager uses a different estimating technique. If Madeline's estimate is used and there are 12 team members working on the project, how many months will the project take? Assume all team members can work concurrently. Round to the closest month. a. 15 b. 48 c. 52 d. 6636 e. 8261",,"[
    {
        ""role"": ""paragraph"",
        ""segment"": ""The chatbot can't answer this question. Please try again with another question."",
        ""citations"": [],
        ""type"": ""abstained""
    }
]",The chatbot can't answer this question. Please try again with another question.,0.472,6.054
Answer TRUE or FALSE: a. A development project is just beginning. An initial prototype of the user interface has been completed. It would be appropriate to use the COCOMO 2.0 Stage 1 at this point in the development. b. A design has been chosen and development has begun. Detailed information about the design is known. The COCOMO 2.0 stage 2 model would be appropriate at this point in the development.,,"[
    {
        ""role"": ""paragraph"",
        ""segment"": ""The chatbot can't answer this question. Please try again with another question."",
        ""citations"": [],
        ""type"": ""abstained""
    }
]",The chatbot can't answer this question. Please try again with another question.,0.595,5.041
"System A has 4 screens and 3 reports. Of the 4 screens, 3 are medium and 1 is difficult. Of the reports, 2 are medium and 1 is difficult. System B also has 4 screens and 3 reports. For system B, 2 screens are medium and 2 are difficult. The 3 reports for System B are medium difficulty. Which system has more new object points (COCOMO 2.0, stage 1 model)? a. System A b. System B c. System A and B have the same number of new object points. d. It is impossible to determine from the information given.",,"[
    {
        ""role"": ""paragraph"",
        ""segment"": ""The chatbot can't answer this question. Please try again with another question."",
        ""citations"": [],
        ""type"": ""abstained""
    }
]",The chatbot can't answer this question. Please try again with another question.,0.599,11.48
"Consider the following descriptions of different employees' work styles. Kristie seeks out evidence to support her decisions. She is currently considering rearranging the office space to make the working environment more comfortable for the members of her team. While carefully considering the objective aspects of the change are important to her, she is also concerned about the opinions of the people who work for her. The members of Kristie's team consider her to be a good listener and often consult her when they have problems. Kristie's work style is: a. rational extrovert b. rational introvert c. intuitive extrovert d. intuitive introvert",,"[
  {
    ""role"": ""sentence"",
    ""segment"": ""rational extrovert"",
    ""citations"": [
      {
        ""type"": ""source_text"",
        ""content"": ""Kristie seeks out evidence to support her decisions."",
        ""img_id"": null
      },
      {
        ""type"": ""source_text"",
        ""content"": ""While carefully considering the objective aspects of the change are important to her, she is also concerned about the opinions of the people who work for her."",
        ""img_id"": null
      },
      {
        ""type"": ""source_text"",
        ""content"": ""The members of Kristie's team consider her to be a good listener and often consult her when they have problems."",
        ""img_id"": null
      }
    ],
    ""type"": null
  }
]",The chatbot can't answer this question. Please try again with another question.,0.522,11.579
Consider the following descriptions of different employees' work styles. Shane is an efficient leader. He knows what he wants and relies on his own experiences and logic to make decisions. He does not feel the need for extensive information before making a decision. He is capable of making fast decisions. Shane's work style would be described best as: a. rational extrovert b. rational introvert c. intuitive extrovert d. intuitive introvert,,"[
    {
        ""role"": ""paragraph"",
        ""segment"": ""The chatbot can't answer this question. Please try again with another question."",
        ""citations"": [],
        ""type"": ""abstained""
    }
]",The chatbot can't answer this question. Please try again with another question.,0.473,15.423
"Consider the following descriptions of different employees' work styles. Jessica is a developer who enjoys trying new technology. She often finds inventive ways of incorporating new tools and techniques into the development process. After trying a new design tool, she immediately forms a positive opinion of the tool and attempts to get others to use the tool. Jessica's work style could best be described as: a. rational extrovert b. rational introvert c. intuitive extrovert d. intuitive introvert",,"[
  {
    ""role"": ""sentence"",
    ""segment"": ""Intuitive extrovert."",
    ""citations"": [
      {
        ""type"": ""source_text"",
        ""content"": ""Jessica is a developer who enjoys trying new technology."",
        ""img_id"": null
      },
      {
        ""type"": ""source_text"",
        ""content"": ""She often finds inventive ways of incorporating new tools and techniques into the development process."",
        ""img_id"": null
      },
      {
        ""type"": ""source_text"",
        ""content"": ""After trying a new design tool, she immediately forms a positive opinion of the tool and attempts to get others to use the tool."",
        ""img_id"": null
      }
    ],
    ""type"": null
  }
]",The chatbot can't answer this question. Please try again with another question.,0.512,16.194
Consider the following descriptions of different employees' work styles. Matthew is considering a new process for code reviews. He carefully seeks and reviews evidence to determine the potential benefits. He prides himself on being accurate and thorough. Matthew rarely looks to others for opinions. He would rather rely on information that can be objectively observed. Matthew's work style can be described as: a. rational extrovert b. rational introvert c. intuitive extrovert d. intuitive introvert,,"[
  {
    ""role"": ""paragraph"",
    ""segment"": ""b. rational introvert"",
    ""citations"": [
      {
        ""type"": ""source_text"",
        ""content"": ""He carefully seeks and reviews evidence to determine the potential benefits."",
        ""img_id"": null
      },
      {
        ""type"": ""source_text"",
        ""content"": ""Matthew rarely looks to others for opinions."",
        ""img_id"": null
      },
      {
        ""type"": ""source_text"",
        ""content"": ""He would rather rely on information that can be objectively observed."",
        ""img_id"": null
      }
    ],
    ""type"": null
    }
]",The chatbot can't answer this question. Please try again with another question.,0.516,19.613
"Context: The problem provides a project activity graph where the nodes represent project milestones (labeled A through J) and the directed edges represent the activities required to move from one milestone to another. The numbers on the edges indicate the duration in days required to complete that activity. Milestone A is the start of the project (starting at Day 1), and milestone J is the finish.
Nodes (Milestones): A, B, C, D, E, F, G, H, I, J
Edges (Activities and Durations):
From A:
A → B: 3 days
A → C: 6 days
A → D: 10 days
From B:
B → E: 15 days
From C:
C → F: 4 days
From D:
D → F: 8 days
From E:
E → G: 2 days
From F:
F → G: 3 days
F → I: 4 days
F → H: 20 days
From G:
G → J: 7 days
From I:
I → H: 1 day
I → J: 12 days
From H:
H → J: 10 days
Note on Textbook Math / Calculations: If calculating Earliest Start Times (EST) and Latest Start Times (LST), note that Milestone A has a start time of 1. Therefore, finishing a 48-day critical path lands the final milestone (J) at day 49. (The textbook's answer key table lists J's time as 48, slightly conflating the length of the path with the day it finishes, but calculating backwards from day 49 perfectly matches every single other LST/EST value and slack time in the textbook's solution key).
Which of the following is a critical path from milestone A to milestone J? a. ACFHJ b. ACFIHJ c. ABEGHJ d. ADFHJ","
[0]
1. Following milestones 2.3 through 2.7 on the graph requires 39 days.
2. Following milestones 2.3 through 2.8 on the graph requires 42 days.
3. Following milestones 3.1 through 3.4 on the graph requires 54 days.
4. Following milestones 3.1 through 3.6 on the graph requires 54 days.

Because milestones 2.7, 2.8, 3.4, and 3.6 must be met before the project is finished, our schedule is constrained by the longest path.As you can see from Figure 3.3 and our preceding calculations, the two paths on the right require 124 days to complete, and the two paths on the left require fewer days. To calculate the slack, we can work backward along the path to see how much slack time there is for each activity leading to a node. First, we note that there is zero slack on the longest path.Then, we examine each of the remaining nodes to calculate the slack for the activities leading to them. For example,

54 days are available to complete the activities leading to milestones 2.3, 2.4, 2.5, 2.6, and 2.8, but only 42 days are needed to complete these. Thus, this portion of the graph has 12 days of slack. Similarly, the portion of the graph for activities 2.3 through 2.7 requires only 39 days, so we have 15 days of slack along this route. By working forward through the graph in this way, we can compute the earliest start time and slack for each of the activities.Then, we compute the latest start time for each activity by moving from the finish back through each node to the start. Table 3.4 shows the results: the slack time for each activity in Figure 3.3. (At milestone 2.6, the path can branch to 2.7 or 2.8. The latest start times in Table 3.4 are calculated by using the route from 2.6 to 2.8, rather than from 2.6 to 2.7.)

The longest path has a slack of zero for each of its nodes, because it is the path that determines whether or not the project is on schedule. For this reason, it is called the critical path. Thus, the critical path is  the  one for which the slack at every node is zero. As you can see from our example, there may be more than one critical path.
","[
  {
    ""role"": ""paragraph"",
    ""segment"": ""Answer: d. ADFHJ, which corresponds to the path A → D → F → H → J with edges A→D: 10 days, D→F: 8 days, F→H: 20 days, and H→J: 10 days (total 48 days)."",
    ""citations"": [
      {
        ""type"": ""source_text"",
        ""content"": ""A → D: 10 days"",
        ""img_id"": null
      },
      {
        ""type"": ""source_text"",
        ""content"": ""D → F: 8 days"",
        ""img_id"": null
      },
      {
        ""type"": ""source_text"",
        ""content"": ""F → H: 20 days"",
        ""img_id"": null
      },
      {
        ""type"": ""source_text"",
        ""content"": ""H → J: 10 days"",
        ""img_id"": null
      },
      {
        ""type"": ""source_text"",
        ""content"": ""Note on Textbook Math / Calculations: If calculating Earliest Start Times (EST) and Latest Start Times (LST), note that Milestone A has a start time of 1. Therefore, finishing a 48-day critical path lands the final milestone (J) at day 49."",
        ""img_id"": null
      }
    ],
    ""type"": null
  }
]",The chatbot can't answer this question. Please try again with another question.,0.48,64.361
"Activity graphs are used to depict the dependencies among the activities and milestones of a project. The nodes of the graph represent the milestones of the project. The edges linking the nodes represent the activities. The numbers adjacent to the edges represent the number of days required for the activity. For example, in the activity graph below, it will take 6 days to complete the activity starting at milestone A and ending in milestone C. Use this activity graph to answer the following questions: What is the slack time for the activity starting at milestone C? a. 7 b. 8 c. 15 d. 20","
[0]
To see how CPM works, consider again our house-building example. First, we notice that the activities leading to milestones 1.1 (surveying) and 1.2 (requesting permits) can occur concurrently. Since excavation (the activity culminating in milestone 1.3) cannot begin until day 16, surveying has 15 days in which to be completed, even though it is only 3 days in duration. Thus, surveying has 15 days of available time, but requires only 3 days of real time. In the same way, for each activity in our graph, we can compute a pair of times: real time and available time.The real time or actual time for an activity is the estimated amount of time required for the activity to be completed, and the available time is the amount of time available in the schedule for the activity's completion. Slack time or float for an activity is the difference between the available time and the real time for that activity:

Slack time = available time -real time

<!-- image -->

FINISH

Another way of looking at slack time is to compare the earliest time an activity may begin  with  the  latest  time  the  activity  may  begin  without  delaying  the  project. For example, surveying may begin on day 1, so the earliest start time is day 1. However, because it will take 15 days to request and receive permits, surveying can begin as late as day 13 and still not hold up the project schedule.Therefore,

## Slack time = latest start time -earliest start time

Let us compute the slack for our example's activities to see what it tells us about the project schedule. We compute slack by examining all paths from the start to the finish. As we have seen, it must take 15 days to complete milestones 1.1 and 1.2.An additional 55 days are used in completing milestones 1.3, 1.4, 2.1, and 2.2. At this point, there are four possible paths to be taken:

1. Following milestones 2.3 through 2.7 on the graph requires 39 days.
2. Following milestones 2.3 through 2.8 on the graph requires 42 days.
3. Following milestones 3.1 through 3.4 on the graph requires 54 days.
4. Following milestones 3.1 through 3.6 on the graph requires 54 days.
","[
  {
    ""role"": ""paragraph"",
    ""segment"": ""The chatbot can't answer this question. Please try again with another question."",
    ""citations"": [],
    ""type"": ""abstained""
  }
]",The chatbot can't answer this question. Please try again with another question.,0.689,13.657
"Activity graphs are used to depict the dependencies among the activities and milestones of a project. The nodes of the graph represent the milestones of the project. The edges linking the nodes represent the activities. The numbers adjacent to the edges represent the number of days required for the activity. For example, in the activity graph below, it will take 6 days to complete the activity starting at milestone A and ending in milestone C. Use this activity graph to answer the following questions: What is the length of the critical path identified in question 23? a. 32 b. 40 c. 48 d. 55","
[0]
## Estimating Completion

We can make an activity  graph  more  useful  by  adding  to  it  information  about  the estimated time it will take to complete each activity. For a given activity, we label the corresponding edge of the graph with the estimate. For example, for the activities in phase 2 of Table 2.1, we can append to the activity graph of Figure 3.2 estimates of the number of days it will take to complete each activity. Table 3.3 contains the estimates for each activity.

The result is the graph shown in Figure 3.3. Notice that milestones 2.7, 2.8, 3.4, and 3.6 are precursors to the finish.That is, these milestones must all be reached in order to consider the project complete. The zeros on the links from those nodes to the finish show that no additional time is needed. There is also an implicit zero on the link from node 1.2 to 1.1, since no additional time is accrued on the dashed link.

This graphical depiction of the project tells us a lot about the project's schedule. For example,since we estimated that the first activity would take 3 days to complete, we cannot hope to reach milestone 1.1 before the end of day 3. Similarly, we cannot reach milestone 1.2 before the end of day 15. Because the beginning of excavation (activity 1.3)  cannot  begin  until  milestones  1.1  and  1.2  are  both  reached, excavation  cannot begin until the beginning of day 16.

Analyzing the paths among the milestones of a project in this way is called the Critical Path Method (CPM) . The paths can show us the minimum amount of time it will take to complete the project, given our estimates of each activity's duration. Moreover, CPM reveals those activities that are most critical to completing the project on time.
","[
    {
        ""role"": ""paragraph"",
        ""segment"": ""The chatbot can't answer this question. Please try again with another question."",
        ""citations"": [],
        ""type"": ""abstained""
    }
]",The chatbot can't answer this question. Please try again with another question.,0.448,11.31
"Activity graphs are used to depict the dependencies among the activities and milestones of a project. The nodes of the graph represent the milestones of the project. The edges linking the nodes represent the activities. The numbers adjacent to the edges represent the number of days required for the activity. For example, in the activity graph below, it will take 6 days to complete the activity starting at milestone A and ending in milestone C. Use this activity graph to answer the following questions: What is the latest start time for the activity starting at milestone E? a. 10 b. 18 c. 25 d. 40",,"[
    {
        ""role"": ""paragraph"",
        ""segment"": ""The chatbot can't answer this question. Please try again with another question."",
        ""citations"": [],
        ""type"": ""abstained""
    }
]",The chatbot can't answer this question. Please try again with another question.,0.475,5.877
"Activity graphs are used to depict the dependencies among the activities and milestones of a project. The nodes of the graph represent the milestones of the project. The edges linking the nodes represent the activities. The numbers adjacent to the edges represent the number of days required for the activity. For example, in the activity graph below, it will take 6 days to complete the activity starting at milestone A and ending in milestone C. Use this activity graph to answer the following questions: What is the earliest start time for the activities starting at milestone F? a. 11 b. 19 c. 33 d. 37",,"[
    {
        ""role"": ""paragraph"",
        ""segment"": ""The chatbot can't answer this question. Please try again with another question."",
        ""citations"": [],
        ""type"": ""abstained""
    }
]",The chatbot can't answer this question. Please try again with another question.,0.555,8.447
"Activity graphs are used to depict the dependencies among the activities and milestones of a project. The nodes of the graph represent the milestones of the project. The edges linking the nodes represent the activities. The numbers adjacent to the edges represent the number of days required for the activity. For example, in the activity graph below, it will take 6 days to complete the activity starting at milestone A and ending in milestone C. Use this activity graph to answer the following questions: Which milestones are precursors to H? a. A b. B c. C d. A and B e. A and C f. All of the above",,"[
  {
    ""role"": ""paragraph"",
    ""segment"": ""The chatbot can't answer this question. Please try again with another question."",
    ""citations"": [],
    ""type"": ""abstained""
  }
]",The chatbot can't answer this question. Please try again with another question.,0.494,7.768
"If there are seven team members assigned to a project team, how many potential lines of communication are there? a. 6 b. 7 c. 21 d. 49",,"[
  {
    ""role"": ""paragraph"",
    ""segment"": ""The chatbot can't answer this question. Please try again with another question."",
    ""citations"": [],
    ""type"": ""abstained""
  }
]",The chatbot can't answer this question. Please try again with another question.,0.454,13.851
"Determine whether or not each of the following statements is describing a risk. Answer TRUE if the statement describes a risk, FALSE otherwise. To catch defects early, requirements inspections have been incorporated into the process.",,"[
  {
    ""role"": ""paragraph"",
    ""segment"": ""FALSE"",
    ""citations"": [],
    ""type"": null
  }
]",FALSE,0.808,12.695
"Determine whether or not each of the following statements is describing a risk. Answer TRUE if the statement describes a risk, FALSE otherwise. The customers are not clear about what they want. The requirements may be volatile.",,"[
    {
        ""role"": ""paragraph"",
        ""segment"": ""The chatbot can't answer this question. Please try again with another question."",
        ""citations"": [],
        ""type"": ""abstained""
    }
]",The chatbot can't answer this question. Please try again with another question.,0.519,9.844
"Determine whether or not each of the following statements is describing a risk. Answer TRUE if the statement describes a risk, FALSE otherwise. The delivery of a subsystem being developed by another group may be delayed and cause the whole project schedule to slip.",,"[
  {
    ""role"": ""sentence"",
    ""segment"": ""TRUE"",
    ""citations"": [
      {
        ""type"": ""source_text"",
        ""content"": ""The delivery of a subsystem being developed by another group may be delayed and cause the whole project schedule to slip."",
        ""img_id"": null
      }
    ],
    ""type"": null
  }
]",The chatbot can't answer this question. Please try again with another question.,0.511,10.71
"Determine whether or not each of the following statements is describing a risk. Answer TRUE if the statement describes a risk, FALSE otherwise. The project team is inexperienced. A requirement may be misunderstood and designed incorrectly.",,"[
  {
    ""role"": ""paragraph"",
    ""segment"": ""TRUE"",
    ""citations"": [
      {
        ""type"": ""source_text"",
        ""content"": ""The project team is inexperienced."",
        ""img_id"": null
      }
    ],
    ""type"": null
  },
  {
    ""role"": ""paragraph"",
    ""segment"": ""TRUE"",
    ""citations"": [
      {
        ""type"": ""source_text"",
        ""content"": ""A requirement may be misunderstood and designed incorrectly."",
        ""img_id"": null
      }
    ],
    ""type"": null
  }
]",The chatbot can't answer this question. Please try again with another question.,0.593,20.066
"Determine whether or not each of the following statements is describing a risk. Answer TRUE if the statement describes a risk, FALSE otherwise. The development team is using a CASE tool for the first time on the design.",,"[
  {
    ""role"": ""paragraph"",
    ""segment"": ""The chatbot can't answer this question. Please try again with another question."",
    ""citations"": [],
    ""type"": ""abstained""
  }
]",The chatbot can't answer this question. Please try again with another question.,0.48,10.268
"Determine whether or not each of the following statements is describing a risk. Answer TRUE if the statement describes a risk, FALSE otherwise. To aid the customer in identifying requirements, several prototypes are planned.",,"[
  {
    ""role"": ""sentence"",
    ""segment"": ""FALSE"",
    ""citations"": [],
    ""type"": null
  }
]",FALSE,0.558,21.565
"The following questions are in reference to a hypothetical “Gas Station Control System” (or GSCS) that will be used to help manage an American-style gasoline or service station. Our hypothetical gas station basically pr ovides two services:
• There is a small store that carries car parts. Inside the store is at least one cash register, operated by a cashier who is an employee of the gas station.
• There are a number of gas pumps, at which customers can park their cars, interact with the system to pay via credit card, and then pump their own gas. Alternatively, the customer can pay for his or her gas via cash or credit card by going into the store and paying directly to the cashier.
Thus the GSCS has two main classes of users. The first is the cashier, who uses the GSCS to record purchases of car parts by customers. The GSCS must allow the cashier to enter the type and number of parts purchased, then compute the total purchase price and handle the payment. Customers purchasing gasoline are the second type of user. These customers interface with the system at the gas pump, by specifying the amount and type of gas they will buy, paying either at the pump or to the cashier, and then pumping the gas themselves.
The system also has to interact with other automated systems to perform its tasks. For example, in order to accept credit card payments, the GSCS must interface with a system maintained by the credit card company. The credit card system is responsible for checking that the customer's account is in good standing and can accommodate the amount of the purchase, and for debiting the customer's account and eventually reimbursing the gas station. The operation of these external systems is beyond the scope of the GSCS, although the GSCS needs to know how the external systems will communicate the success or failure of their tasks.
The first step that the development team decides to undertake is to create a requirements document to describe the system.

1. Which of the following statements best describe the benefits that the development team may expect from the requirements process?
a. The requirements process can help team members understand how the different types of functionality in the system relate to each other.
b. The requirement s process can help the team make programming decisions, such as which is the best algorithm to use for computations, at an early point.
c. The requirements process can help the team avoid omitting necessary functionality.
d. a and b
e. a and c
f. b and c
g. a, b, and c",,"[
    {
        ""role"": ""paragraph"",
        ""segment"": ""The chatbot can't answer this question. Please try again with another question."",
        ""citations"": [],
        ""type"": ""abstained""
    }
]",The chatbot can't answer this question. Please try again with another question.,0.495,13.112
"The following questions are in reference to a hypothetical “Gas Station Control System” (or GSCS) that will be used to help manage an American-style gasoline or service station. Our hypothetical gas station basically pr ovides two services:
• There is a small store that carries car parts. Inside the store is at least one cash register, operated by a cashier who is an employee of the gas station.
• There are a number of gas pumps, at which customers can park their cars, interact with the system to pay via credit card, and then pump their own gas. Alternatively, the customer can pay for his or her gas via cash or credit card by going into the store and paying directly to the cashier.
Thus the GSCS has two main classes of users. The first is the cashier, who uses the GSCS to record purchases of car parts by customers. The GSCS must allow the cashier to enter the type and number of parts purchased, then compute the total purchase price and handle the payment. Customers purchasing gasoline are the second type of user. These customers interface with the system at the gas pump, by specifying the amount and type of gas they will buy, paying either at the pump or to the cashier, and then pumping the gas themselves.
The system also has to interact with other automated systems to perform its tasks. For example, in order to accept credit card payments, the GSCS must interface with a system maintained by the credit card company. The credit card system is responsible for checking that the customer's account is in good standing and can accommodate the amount of the purchase, and for debiting the customer's account and eventually reimbursing the gas station. The operation of these external systems is beyond the scope of the GSCS, although the GSCS needs to know how the external systems will communicate the success or failure of their tasks.
The first step that the development team decides to undertake is to create a requirements document to describe the system.

2. Which of the following statements best describe the benefits that the owner of the gas station may expect?
a. The requirements process can help the gas station owner think more clearly about the set of functionality that should be included in the GSCS.
b. The re quirements process can help the gas station owner and the development team in communicating while discussing the system.
c. The requirements process gives the owner a specific statement of exactly what the final system will do.
d. a and b
e. a and c
f. b and c
g. a, b, and c",,"[
    {
        ""role"": ""paragraph"",
        ""segment"": ""The chatbot can't answer this question. Please try again with another question."",
        ""citations"": [],
        ""type"": ""abstained""
    }
]",The chatbot can't answer this question. Please try again with another question.,0.419,9.948
"The following questions are in reference to a hypothetical “Gas Station Control System” (or GSCS) that will be used to help manage an American-style gasoline or service station. Our hypothetical gas station basically pr ovides two services:
• There is a small store that carries car parts. Inside the store is at least one cash register, operated by a cashier who is an employee of the gas station.
• There are a number of gas pumps, at which customers can park their cars, interact with the system to pay via credit card, and then pump their own gas. Alternatively, the customer can pay for his or her gas via cash or credit card by going into the store and paying directly to the cashier.
Thus the GSCS has two main classes of users. The first is the cashier, who uses the GSCS to record purchases of car parts by customers. The GSCS must allow the cashier to enter the type and number of parts purchased, then compute the total purchase price and handle the payment. Customers purchasing gasoline are the second type of user. These customers interface with the system at the gas pump, by specifying the amount and type of gas they will buy, paying either at the pump or to the cashier, and then pumping the gas themselves.
The system also has to interact with other automated systems to perform its tasks. For example, in order to accept credit card payments, the GSCS must interface with a system maintained by the credit card company. The credit card system is responsible for checking that the customer's account is in good standing and can accommodate the amount of the purchase, and for debiting the customer's account and eventually reimbursing the gas station. The operation of these external systems is beyond the scope of the GSCS, although the GSCS needs to know how the external systems will communicate the success or failure of their tasks.
The first step that the development team decides to undertake is to create a requirements document to describe the system.

3. The development team needs to pick a representation for the requirements. Which of the following is a valid choice and rationale?
a. Data flow diagrams, since major system functionality will involve data interfaces among hardware (e.g. cash register, pumps, credit card readers).
b. Event tables, because the system will need to handle many events happening concurrently (e.g. multiple customers at multiple gas pumps).
c. Z, because it is easily understandable by the gas station owner and will aid communication about the system.
d. Object - oriented specification, since this will make sure that the system response is specified for every situation.",,"[
    {
        ""role"": ""paragraph"",
        ""segment"": ""The chatbot can't answer this question. Please try again with another question."",
        ""citations"": [],
        ""type"": ""abstained""
    }
]",The chatbot can't answer this question. Please try again with another question.,0.463,9.339
"The following questions are in reference to a hypothetical “Gas Station Control System” (or GSCS) that will be used to help manage an American-style gasoline or service station. Our hypothetical gas station basically pr ovides two services:
• There is a small store that carries car parts. Inside the store is at least one cash register, operated by a cashier who is an employee of the gas station.
• There are a number of gas pumps, at which customers can park their cars, interact with the system to pay via credit card, and then pump their own gas. Alternatively, the customer can pay for his or her gas via cash or credit card by going into the store and paying directly to the cashier.
Thus the GSCS has two main classes of users. The first is the cashier, who uses the GSCS to record purchases of car parts by customers. The GSCS must allow the cashier to enter the type and number of parts purchased, then compute the total purchase price and handle the payment. Customers purchasing gasoline are the second type of user. These customers interface with the system at the gas pump, by specifying the amount and type of gas they will buy, paying either at the pump or to the cashier, and then pumping the gas themselves.
The system also has to interact with other automated systems to perform its tasks. For example, in order to accept credit card payments, the GSCS must interface with a system maintained by the credit card company. The credit card system is responsible for checking that the customer's account is in good standing and can accommodate the amount of the purchase, and for debiting the customer's account and eventually reimbursing the gas station. The operation of these external systems is beyond the scope of the GSCS, although the GSCS needs to know how the external systems will communicate the success or failure of their tasks.
The first step that the development team decides to undertake is to create a requirements document to describe the system.

Mark the following TRUE if they belong in the requirements for the GSCS, and FALSE if they do not.

4. How much documentati on the development team is required to produce.",,"[
  {
    ""role"": ""paragraph"",
    ""segment"": ""The chatbot can't answer this question. Please try again with another question."",
    ""citations"": [],
    ""type"": ""abstained""
  }
]",The chatbot can't answer this question. Please try again with another question.,0.525,10.17
"The following questions are in reference to a hypothetical “Gas Station Control System” (or GSCS) that will be used to help manage an American-style gasoline or service station. Our hypothetical gas station basically pr ovides two services:
• There is a small store that carries car parts. Inside the store is at least one cash register, operated by a cashier who is an employee of the gas station.
• There are a number of gas pumps, at which customers can park their cars, interact with the system to pay via credit card, and then pump their own gas. Alternatively, the customer can pay for his or her gas via cash or credit card by going into the store and paying directly to the cashier.
Thus the GSCS has two main classes of users. The first is the cashier, who uses the GSCS to record purchases of car parts by customers. The GSCS must allow the cashier to enter the type and number of parts purchased, then compute the total purchase price and handle the payment. Customers purchasing gasoline are the second type of user. These customers interface with the system at the gas pump, by specifying the amount and type of gas they will buy, paying either at the pump or to the cashier, and then pumping the gas themselves.
The system also has to interact with other automated systems to perform its tasks. For example, in order to accept credit card payments, the GSCS must interface with a system maintained by the credit card company. The credit card system is responsible for checking that the customer's account is in good standing and can accommodate the amount of the purchase, and for debiting the customer's account and eventually reimbursing the gas station. The operation of these external systems is beyond the scope of the GSCS, although the GSCS needs to know how the external systems will communicate the success or failure of their tasks.
The first step that the development team decides to undertake is to create a requirements document to describe the system.

Mark the following TRUE if they belong in the requirements for the GSCS, and FALSE if they do not.

5. The level of training that will be necessary for the cashiers to use the system effectively.",,"[
    {
        ""role"": ""paragraph"",
        ""segment"": ""The chatbot can't answer this question. Please try again with another question."",
        ""citations"": [],
        ""type"": ""abstained""
    }
]",The chatbot can't answer this question. Please try again with another question.,0.483,12.051
"The following questions are in reference to a hypothetical “Gas Station Control System” (or GSCS) that will be used to help manage an American-style gasoline or service station. Our hypothetical gas station basically pr ovides two services:
• There is a small store that carries car parts. Inside the store is at least one cash register, operated by a cashier who is an employee of the gas station.
• There are a number of gas pumps, at which customers can park their cars, interact with the system to pay via credit card, and then pump their own gas. Alternatively, the customer can pay for his or her gas via cash or credit card by going into the store and paying directly to the cashier.
Thus the GSCS has two main classes of users. The first is the cashier, who uses the GSCS to record purchases of car parts by customers. The GSCS must allow the cashier to enter the type and number of parts purchased, then compute the total purchase price and handle the payment. Customers purchasing gasoline are the second type of user. These customers interface with the system at the gas pump, by specifying the amount and type of gas they will buy, paying either at the pump or to the cashier, and then pumping the gas themselves.
The system also has to interact with other automated systems to perform its tasks. For example, in order to accept credit card payments, the GSCS must interface with a system maintained by the credit card company. The credit card system is responsible for checking that the customer's account is in good standing and can accommodate the amount of the purchase, and for debiting the customer's account and eventually reimbursing the gas station. The operation of these external systems is beyond the scope of the GSCS, although the GSCS needs to know how the external systems will communicate the success or failure of their tasks.
The first step that the development team decides to undertake is to create a requirements document to describe the system.

Mark the following TRUE if they belong in the requirements for the GSCS, and FALSE if they do not.

6. The constraint that new customers, paying for gasoline, must be able to learn how to use the system from simple directions posted at the gas pumps.",,"[
  {
    ""role"": ""paragraph"",
    ""segment"": ""The chatbot can't answer this question. Please try again with another question."",
    ""citations"": [],
    ""type"": ""abstained""
  }
]",The chatbot can't answer this question. Please try again with another question.,0.459,12.991
"The following questions are in reference to a hypothetical “Gas Station Control System” (or GSCS) that will be used to help manage an American-style gasoline or service station. Our hypothetical gas station basically pr ovides two services:
• There is a small store that carries car parts. Inside the store is at least one cash register, operated by a cashier who is an employee of the gas station.
• There are a number of gas pumps, at which customers can park their cars, interact with the system to pay via credit card, and then pump their own gas. Alternatively, the customer can pay for his or her gas via cash or credit card by going into the store and paying directly to the cashier.
Thus the GSCS has two main classes of users. The first is the cashier, who uses the GSCS to record purchases of car parts by customers. The GSCS must allow the cashier to enter the type and number of parts purchased, then compute the total purchase price and handle the payment. Customers purchasing gasoline are the second type of user. These customers interface with the system at the gas pump, by specifying the amount and type of gas they will buy, paying either at the pump or to the cashier, and then pumping the gas themselves.
The system also has to interact with other automated systems to perform its tasks. For example, in order to accept credit card payments, the GSCS must interface with a system maintained by the credit card company. The credit card system is responsible for checking that the customer's account is in good standing and can accommodate the amount of the purchase, and for debiting the customer's account and eventually reimbursing the gas station. The operation of these external systems is beyond the scope of the GSCS, although the GSCS needs to know how the external systems will communicate the success or failure of their tasks.
The first step that the development team decides to undertake is to create a requirements document to describe the system.

Mark the following TRUE if they belong in the requirements for the GSCS, and FALSE if they do not.

7. The maximum cost of the system.",,"[
  {
    ""role"": ""paragraph"",
    ""segment"": ""The chatbot can't answer this question. Please try again with another question."",
    ""citations"": [],
    ""type"": ""abstained""
  }
]",The chatbot can't answer this question. Please try again with another question.,0.624,10.839
"The following questions are in reference to a hypothetical “Gas Station Control System” (or GSCS) that will be used to help manage an American-style gasoline or service station. Our hypothetical gas station basically pr ovides two services:
• There is a small store that carries car parts. Inside the store is at least one cash register, operated by a cashier who is an employee of the gas station.
• There are a number of gas pumps, at which customers can park their cars, interact with the system to pay via credit card, and then pump their own gas. Alternatively, the customer can pay for his or her gas via cash or credit card by going into the store and paying directly to the cashier.
Thus the GSCS has two main classes of users. The first is the cashier, who uses the GSCS to record purchases of car parts by customers. The GSCS must allow the cashier to enter the type and number of parts purchased, then compute the total purchase price and handle the payment. Customers purchasing gasoline are the second type of user. These customers interface with the system at the gas pump, by specifying the amount and type of gas they will buy, paying either at the pump or to the cashier, and then pumping the gas themselves.
The system also has to interact with other automated systems to perform its tasks. For example, in order to accept credit card payments, the GSCS must interface with a system maintained by the credit card company. The credit card system is responsible for checking that the customer's account is in good standing and can accommodate the amount of the purchase, and for debiting the customer's account and eventually reimbursing the gas station. The operation of these external systems is beyond the scope of the GSCS, although the GSCS needs to know how the external systems will communicate the success or failure of their tasks.
The first step that the development team decides to undertake is to create a requirements document to describe the system.

Mark the following TRUE if they belong in the requirements for the GSCS, and FALSE if they do not.

8. The hardware constraints that are necessary for interfacing with the cash registers and gas pumps.",,"[
    {
        ""role"": ""paragraph"",
        ""segment"": ""The chatbot can't answer this question. Please try again with another question."",
        ""citations"": [],
        ""type"": ""abstained""
    }
]",The chatbot can't answer this question. Please try again with another question.,0.505,14.751
"The following questions are in reference to a hypothetical “Gas Station Control System” (or GSCS) that will be used to help manage an American-style gasoline or service station. Our hypothetical gas station basically pr ovides two services:
• There is a small store that carries car parts. Inside the store is at least one cash register, operated by a cashier who is an employee of the gas station.
• There are a number of gas pumps, at which customers can park their cars, interact with the system to pay via credit card, and then pump their own gas. Alternatively, the customer can pay for his or her gas via cash or credit card by going into the store and paying directly to the cashier.
Thus the GSCS has two main classes of users. The first is the cashier, who uses the GSCS to record purchases of car parts by customers. The GSCS must allow the cashier to enter the type and number of parts purchased, then compute the total purchase price and handle the payment. Customers purchasing gasoline are the second type of user. These customers interface with the system at the gas pump, by specifying the amount and type of gas they will buy, paying either at the pump or to the cashier, and then pumping the gas themselves.
The system also has to interact with other automated systems to perform its tasks. For example, in order to accept credit card payments, the GSCS must interface with a system maintained by the credit card company. The credit card system is responsible for checking that the customer's account is in good standing and can accommodate the amount of the purchase, and for debiting the customer's account and eventually reimbursing the gas station. The operation of these external systems is beyond the scope of the GSCS, although the GSCS needs to know how the external systems will communicate the success or failure of their tasks.
The first step that the development team decides to undertake is to create a requirements document to describe the system.

Mark the following TRUE if they belong in the requirements for the GSCS, and FALSE if they do not.

9. The format of the data received from the cash registers and gas pumps.",,"[
  {
    ""role"": ""sentence"",
    ""segment"": ""TRUE"",
    ""citations"": [
      {
        ""type"": ""source_text"",
        ""content"": ""The system also has to interact with other automated systems to perform its tasks."",
        ""img_id"": null
      },
      {
        ""type"": ""source_text"",
        ""content"": ""The GSCS must interface with a system maintained by the credit card company."",
        ""img_id"": null
      },
      {
        ""type"": ""source_text"",
        ""content"": ""The GSCS needs to know how the external systems will communicate the success or failure of their tasks."",
        ""img_id"": null
      }
    ],
    ""type"": null
  }
]",The chatbot can't answer this question. Please try again with another question.,0.439,18.96
"The following questions are in reference to a hypothetical “Gas Station Control System” (or GSCS) that will be used to help manage an American-style gasoline or service station. Our hypothetical gas station basically pr ovides two services:
• There is a small store that carries car parts. Inside the store is at least one cash register, operated by a cashier who is an employee of the gas station.
• There are a number of gas pumps, at which customers can park their cars, interact with the system to pay via credit card, and then pump their own gas. Alternatively, the customer can pay for his or her gas via cash or credit card by going into the store and paying directly to the cashier.
Thus the GSCS has two main classes of users. The first is the cashier, who uses the GSCS to record purchases of car parts by customers. The GSCS must allow the cashier to enter the type and number of parts purchased, then compute the total purchase price and handle the payment. Customers purchasing gasoline are the second type of user. These customers interface with the system at the gas pump, by specifying the amount and type of gas they will buy, paying either at the pump or to the cashier, and then pumping the gas themselves.
The system also has to interact with other automated systems to perform its tasks. For example, in order to accept credit card payments, the GSCS must interface with a system maintained by the credit card company. The credit card system is responsible for checking that the customer's account is in good standing and can accommodate the amount of the purchase, and for debiting the customer's account and eventually reimbursing the gas station. The operation of these external systems is beyond the scope of the GSCS, although the GSCS needs to know how the external systems will communicate the success or failure of their tasks.
The first step that the development team decides to undertake is to create a requirements document to describe the system.

Mark the following TRUE if they belong in the requirements for the GSCS, and FALSE if they do not.

10. How mainten ance to the system will be performed.",,"[
  {
    ""role"": ""sentence"",
    ""segment"": ""FALSE"",
    ""citations"": [],
    ""type"": null
  }
]",FALSE,0.681,9.633
"The following questions are in reference to a hypothetical “Gas Station Control System” (or GSCS) that will be used to help manage an American-style gasoline or service station. Our hypothetical gas station basically pr ovides two services:
• There is a small store that carries car parts. Inside the store is at least one cash register, operated by a cashier who is an employee of the gas station.
• There are a number of gas pumps, at which customers can park their cars, interact with the system to pay via credit card, and then pump their own gas. Alternatively, the customer can pay for his or her gas via cash or credit card by going into the store and paying directly to the cashier.
Thus the GSCS has two main classes of users. The first is the cashier, who uses the GSCS to record purchases of car parts by customers. The GSCS must allow the cashier to enter the type and number of parts purchased, then compute the total purchase price and handle the payment. Customers purchasing gasoline are the second type of user. These customers interface with the system at the gas pump, by specifying the amount and type of gas they will buy, paying either at the pump or to the cashier, and then pumping the gas themselves.
The system also has to interact with other automated systems to perform its tasks. For example, in order to accept credit card payments, the GSCS must interface with a system maintained by the credit card company. The credit card system is responsible for checking that the customer's account is in good standing and can accommodate the amount of the purchase, and for debiting the customer's account and eventually reimbursing the gas station. The operation of these external systems is beyond the scope of the GSCS, although the GSCS needs to know how the external systems will communicate the success or failure of their tasks.
The first step that the development team decides to undertake is to create a requirements document to describe the system.

11. Which of the following excerpts could be considered valid requirements?
a. “Once the payment process is complete, the system should respond in the following way: If the user has paid the cashier directly, or has paid at the pump but does not desire a receipt, then return to the initial state. Otherwise, print a receipt.”
b. “A record should be kept for each cashier. Each record should store the last name, first name, and employee ID number. The records should be maintaine d in a linked list.”
c. “After the user has selected a payment option, the system should check if the input is valid (i.e. a number between one and three).”
d. a and b only
e. a and c only
f. b and c only
g. a, b, and c",,"[
    {
        ""role"": ""paragraph"",
        ""segment"": ""The chatbot can't answer this question. Please try again with another question."",
        ""citations"": [],
        ""type"": ""abstained""
    }
]",The chatbot can't answer this question. Please try again with another question.,0.474,32.686
"The following questions are in reference to a hypothetical “Gas Station Control System” (or GSCS) that will be used to help manage an American-style gasoline or service station. Our hypothetical gas station basically pr ovides two services:
• There is a small store that carries car parts. Inside the store is at least one cash register, operated by a cashier who is an employee of the gas station.
• There are a number of gas pumps, at which customers can park their cars, interact with the system to pay via credit card, and then pump their own gas. Alternatively, the customer can pay for his or her gas via cash or credit card by going into the store and paying directly to the cashier.
Thus the GSCS has two main classes of users. The first is the cashier, who uses the GSCS to record purchases of car parts by customers. The GSCS must allow the cashier to enter the type and number of parts purchased, then compute the total purchase price and handle the payment. Customers purchasing gasoline are the second type of user. These customers interface with the system at the gas pump, by specifying the amount and type of gas they will buy, paying either at the pump or to the cashier, and then pumping the gas themselves.
The system also has to interact with other automated systems to perform its tasks. For example, in order to accept credit card payments, the GSCS must interface with a system maintained by the credit card company. The credit card system is responsible for checking that the customer's account is in good standing and can accommodate the amount of the purchase, and for debiting the customer's account and eventually reimbursing the gas station. The operation of these external systems is beyond the scope of the GSCS, although the GSCS needs to know how the external systems will communicate the success or failure of their tasks.
The first step that the development team decides to undertake is to create a requirements document to describe the system.

12. Which of the following are examples of valid nonfunctional requirements?
a. “The display must update within three seconds after the user has selected a payment option.”
b. “When car parts have been purchased, the count of inventory remaining must be updated. A warning message will be displayed if the count dr ops below the pre - set limit.”
c. “The user must replace the nozzle when finished pumping gas.”
d. a and b only
e. a and c only
f. a and c only
g. a, b, and c",,"[
    {
        ""role"": ""paragraph"",
        ""segment"": ""The chatbot can't answer this question. Please try again with another question."",
        ""citations"": [],
        ""type"": ""abstained""
    }
]",The chatbot can't answer this question. Please try again with another question.,0.511,30.516
"The following questions are in reference to a hypothetical “Gas Station Control System” (or GSCS) that will be used to help manage an American-style gasoline or service station. Our hypothetical gas station basically pr ovides two services:
• There is a small store that carries car parts. Inside the store is at least one cash register, operated by a cashier who is an employee of the gas station.
• There are a number of gas pumps, at which customers can park their cars, interact with the system to pay via credit card, and then pump their own gas. Alternatively, the customer can pay for his or her gas via cash or credit card by going into the store and paying directly to the cashier.
Thus the GSCS has two main classes of users. The first is the cashier, who uses the GSCS to record purchases of car parts by customers. The GSCS must allow the cashier to enter the type and number of parts purchased, then compute the total purchase price and handle the payment. Customers purchasing gasoline are the second type of user. These customers interface with the system at the gas pump, by specifying the amount and type of gas they will buy, paying either at the pump or to the cashier, and then pumping the gas themselves.
The system also has to interact with other automated systems to perform its tasks. For example, in order to accept credit card payments, the GSCS must interface with a system maintained by the credit card company. The credit card system is responsible for checking that the customer's account is in good standing and can accommodate the amount of the purchase, and for debiting the customer's account and eventually reimbursing the gas station. The operation of these external systems is beyond the scope of the GSCS, although the GSCS needs to know how the external systems will communicate the success or failure of their tasks.
The first step that the development team decides to undertake is to create a requirements document to describe the system.

A requirements review is undertaken to make sure that the requirements adequately describe the system to be built. In questions 13 through 17, review the given excerpt from the requirements and decide whether it is an adequate requirement or not. If it should be rewritten, mark all the reasons that apply.

13. “After the payment process is complete, the relevant information should be appended to a log file.”
a. This requirement should be rewritten; it is incorrect.
b. This requirement should be rewritten; it is ambiguous or inconsistent.
c. This requirement should be re written; it is unrealistic.
d. This requirement should be rewritten; it is unverifiable.
e. This requirement is fine.",,"[
    {
        ""role"": ""paragraph"",
        ""segment"": ""The chatbot can't answer this question. Please try again with another question."",
        ""citations"": [],
        ""type"": ""abstained""
    }
]",The chatbot can't answer this question. Please try again with another question.,0.555,14.478
"The following questions are in reference to a hypothetical “Gas Station Control System” (or GSCS) that will be used to help manage an American-style gasoline or service station. Our hypothetical gas station basically pr ovides two services:
• There is a small store that carries car parts. Inside the store is at least one cash register, operated by a cashier who is an employee of the gas station.
• There are a number of gas pumps, at which customers can park their cars, interact with the system to pay via credit card, and then pump their own gas. Alternatively, the customer can pay for his or her gas via cash or credit card by going into the store and paying directly to the cashier.
Thus the GSCS has two main classes of users. The first is the cashier, who uses the GSCS to record purchases of car parts by customers. The GSCS must allow the cashier to enter the type and number of parts purchased, then compute the total purchase price and handle the payment. Customers purchasing gasoline are the second type of user. These customers interface with the system at the gas pump, by specifying the amount and type of gas they will buy, paying either at the pump or to the cashier, and then pumping the gas themselves.
The system also has to interact with other automated systems to perform its tasks. For example, in order to accept credit card payments, the GSCS must interface with a system maintained by the credit card company. The credit card system is responsible for checking that the customer's account is in good standing and can accommodate the amount of the purchase, and for debiting the customer's account and eventually reimbursing the gas station. The operation of these external systems is beyond the scope of the GSCS, although the GSCS needs to know how the external systems will communicate the success or failure of their tasks.
The first step that the development team decides to undertake is to create a requirements document to describe the system.

A requirements review is undertaken to make sure that the requirements adequately describe the system to be built. In questions 13 through 17, review the given excerpt from the requirements and decide whether it is an adequate requirement or not. If it should be rewritten, mark all the reasons that apply.

14. “The system should be constructed so that it will be easy to add new functionality in the future.”
a. This requirement should be rewritten; it is incorrect.
b. This requirement should be rewritten; it is ambiguous or inconsistent.
c. This requirement should be rewritten; it is unrealistic.
d. This requirement should be rewritten; it is unverifiable.
e. This requirement is fine.",,"[
  {
    ""role"": ""paragraph"",
    ""segment"": ""The chatbot can't answer this question. Please try again with another question."",
    ""citations"": [],
    ""type"": ""abstained""
  }
]",The chatbot can't answer this question. Please try again with another question.,0.478,14.744
"The following questions are in reference to a hypothetical “Gas Station Control System” (or GSCS) that will be used to help manage an American-style gasoline or service station. Our hypothetical gas station basically pr ovides two services:
• There is a small store that carries car parts. Inside the store is at least one cash register, operated by a cashier who is an employee of the gas station.
• There are a number of gas pumps, at which customers can park their cars, interact with the system to pay via credit card, and then pump their own gas. Alternatively, the customer can pay for his or her gas via cash or credit card by going into the store and paying directly to the cashier.
Thus the GSCS has two main classes of users. The first is the cashier, who uses the GSCS to record purchases of car parts by customers. The GSCS must allow the cashier to enter the type and number of parts purchased, then compute the total purchase price and handle the payment. Customers purchasing gasoline are the second type of user. These customers interface with the system at the gas pump, by specifying the amount and type of gas they will buy, paying either at the pump or to the cashier, and then pumping the gas themselves.
The system also has to interact with other automated systems to perform its tasks. For example, in order to accept credit card payments, the GSCS must interface with a system maintained by the credit card company. The credit card system is responsible for checking that the customer's account is in good standing and can accommodate the amount of the purchase, and for debiting the customer's account and eventually reimbursing the gas station. The operation of these external systems is beyond the scope of the GSCS, although the GSCS needs to know how the external systems will communicate the success or failure of their tasks.
The first step that the development team decides to undertake is to create a requirements document to describe the system.

A requirements review is undertaken to make sure that the requirements adequately describe the system to be built. In questions 13 through 17, review the given excerpt from the requirements and decide whether it is an adequate requirement or not. If it should be rewritten, mark all the reasons that apply.

15. “The price of a gasoline purchas e is computed as the price per gallon for the type of gas purchased, multiplied by the number of gallons purchased (use two decimal points for representing fractions of gallons).”
a. This requirement should be rewritten; it is incorrect.
b. This requirement shou ld be rewritten; it is ambiguous or inconsistent.
c. This requirement should be rewritten; it is unrealistic.
d. This requirement should be rewritten; it is unverifiable.
e. This requirement is fine.",,"[
  {
    ""role"": ""bullet"",
    ""segment"": ""This requirement should be rewritten; it is ambiguous or inconsistent."",
    ""citations"": [
      {
        ""type"": ""source_text"",
        ""content"": ""The price of a gasoline purchas e is computed as the price per gallon for the type of gas purchased, multiplied by the number of gallons purchased (use two decimal points for representing fractions of gallons)."",
        ""img_id"": null
      }
    ],
    ""type"": null
  }
]",The chatbot can't answer this question. Please try again with another question.,0.682,28.433
"The following questions are in reference to a hypothetical “Gas Station Control System” (or GSCS) that will be used to help manage an American-style gasoline or service station. Our hypothetical gas station basically pr ovides two services:
• There is a small store that carries car parts. Inside the store is at least one cash register, operated by a cashier who is an employee of the gas station.
• There are a number of gas pumps, at which customers can park their cars, interact with the system to pay via credit card, and then pump their own gas. Alternatively, the customer can pay for his or her gas via cash or credit card by going into the store and paying directly to the cashier.
Thus the GSCS has two main classes of users. The first is the cashier, who uses the GSCS to record purchases of car parts by customers. The GSCS must allow the cashier to enter the type and number of parts purchased, then compute the total purchase price and handle the payment. Customers purchasing gasoline are the second type of user. These customers interface with the system at the gas pump, by specifying the amount and type of gas they will buy, paying either at the pump or to the cashier, and then pumping the gas themselves.
The system also has to interact with other automated systems to perform its tasks. For example, in order to accept credit card payments, the GSCS must interface with a system maintained by the credit card company. The credit card system is responsible for checking that the customer's account is in good standing and can accommodate the amount of the purchase, and for debiting the customer's account and eventually reimbursing the gas station. The operation of these external systems is beyond the scope of the GSCS, although the GSCS needs to know how the external systems will communicate the success or failure of their tasks.
The first step that the development team decides to undertake is to create a requirements document to describe the system.

A requirements review is undertaken to make sure that the requirements adequately describe the system to be built. In questions 13 through 17, review the given excerpt from the requirements and decide whether it is an adequate requirement or not. If it should be rewritten, mark all the reasons that apply.

16. “The system should be easy for new customers to use.”
a. This requi rement should be rewritten; it is incorrect.
b. This requirement should be rewritten; it is ambiguous or inconsistent.
c. This requirement should be rewritten; it is unrealistic.
d. This requirement should be rewritten; it is unverifiable.
e. This requirement is fine.",,"[
    {
        ""role"": ""sentence"",
        ""segment"": ""The correct choices are b and d."",
        ""citations"": [
            {
                ""type"": ""source_text"",
                ""content"": ""b. This requi rement should be rewritten; it is ambiguous or inconsistent."",
                ""img_id"": null
            },
            {
                ""type"": ""source_text"",
                ""content"": ""d. This requirement should be rewritten; it is unverifiable."",
                ""img_id"": null
            }
        ],
        ""type"": null
    }
]",The chatbot can't answer this question. Please try again with another question.,0.544,12.214
"The following questions are in reference to a hypothetical “Gas Station Control System” (or GSCS) that will be used to help manage an American-style gasoline or service station. Our hypothetical gas station basically pr ovides two services:
• There is a small store that carries car parts. Inside the store is at least one cash register, operated by a cashier who is an employee of the gas station.
• There are a number of gas pumps, at which customers can park their cars, interact with the system to pay via credit card, and then pump their own gas. Alternatively, the customer can pay for his or her gas via cash or credit card by going into the store and paying directly to the cashier.
Thus the GSCS has two main classes of users. The first is the cashier, who uses the GSCS to record purchases of car parts by customers. The GSCS must allow the cashier to enter the type and number of parts purchased, then compute the total purchase price and handle the payment. Customers purchasing gasoline are the second type of user. These customers interface with the system at the gas pump, by specifying the amount and type of gas they will buy, paying either at the pump or to the cashier, and then pumping the gas themselves.
The system also has to interact with other automated systems to perform its tasks. For example, in order to accept credit card payments, the GSCS must interface with a system maintained by the credit card company. The credit card system is responsible for checking that the customer's account is in good standing and can accommodate the amount of the purchase, and for debiting the customer's account and eventually reimbursing the gas station. The operation of these external systems is beyond the scope of the GSCS, although the GSCS needs to know how the external systems will communicate the success or failure of their tasks.
The first step that the development team decides to undertake is to create a requirements document to describe the system.

A requirements review is undertaken to make sure that the requirements adequately describe the system to be built. In questions 13 through 17, review the given excerpt from the requirements and decide whether it is an adequate requirement or not. If it should be rewritten, mark all the reasons that apply.

17. “The system should be available 24 hours a day, 7 days a week.”
a. This requirement should be rewritten; it is incorrect.
b. This requirement should be rewritten; it is ambiguous or inconsistent.
c. This requirement should be rewritten; it is unrealistic.
d. This re quirement should be rewritten; it is unverifiable.
e. This requirement is fine.",,"[
  {
    ""role"": ""sentence"",
    ""segment"": ""The correct choices are b and d."",
    ""citations"": [
      {
        ""type"": ""source_text"",
        ""content"": ""b. This requirement should be rewritten; it is ambiguous or inconsistent."",
        ""img_id"": null
      },
      {
        ""type"": ""source_text"",
        ""content"": ""d. This re quirement should be rewritten; it is unverifiable."",
        ""img_id"": null
      }
    ],
    ""type"": null
  }
]",The chatbot can't answer this question. Please try again with another question.,0.448,23.405
"The following questions are in reference to a hypothetical “Gas Station Control System” (or GSCS) that will be used to help manage an American-style gasoline or service station. Our hypothetical gas station basically pr ovides two services:
• There is a small store that carries car parts. Inside the store is at least one cash register, operated by a cashier who is an employee of the gas station.
• There are a number of gas pumps, at which customers can park their cars, interact with the system to pay via credit card, and then pump their own gas. Alternatively, the customer can pay for his or her gas via cash or credit card by going into the store and paying directly to the cashier.
Thus the GSCS has two main classes of users. The first is the cashier, who uses the GSCS to record purchases of car parts by customers. The GSCS must allow the cashier to enter the type and number of parts purchased, then compute the total purchase price and handle the payment. Customers purchasing gasoline are the second type of user. These customers interface with the system at the gas pump, by specifying the amount and type of gas they will buy, paying either at the pump or to the cashier, and then pumping the gas themselves.
The system also has to interact with other automated systems to perform its tasks. For example, in order to accept credit card payments, the GSCS must interface with a system maintained by the credit card company. The credit card system is responsible for checking that the customer's account is in good standing and can accommodate the amount of the purchase, and for debiting the customer's account and eventually reimbursing the gas station. The operation of these external systems is beyond the scope of the GSCS, although the GSCS needs to know how the external systems will communicate the success or failure of their tasks.
The first step that the development team decides to undertake is to create a requirements document to describe the system.

After the requirements review, 23 changes are made and a new version of the requirements is created. This version was reviewed again, and 9 changes were suggested. After these were changed, the latest version was shown to the customer, who recommended 5 more changes.

18. Based on the above measurements, what can we conclude?
a. The requirements should be reviewed again, since there are still defects being found.
b. The development team s hould begin working on the design based on these requirements, since the number of changes is decreasing and the requirements are becoming more stable.
c. It is impossible to say whether the requirements should be re -reviewed without knowing the types of chan ges being made.",,"[
    {
        ""role"": ""paragraph"",
        ""segment"": ""The development team s hould begin working on the design based on these requirements, since the number of changes is decreasing and the requirements are becoming more stable."",
        ""citations"": [
            {
                ""type"": ""source_text"",
                ""content"": ""The development team s hould begin working on the design based on these requirements, since the number of changes is decreasing and the requirements are becoming more stable."",
                ""img_id"": null
            }
        ],
        ""type"": null
    }
]",The chatbot can't answer this question. Please try again with another question.,0.713,23.078
"The following questions are in reference to a hypothetical “Gas Station Control System” (or GSCS) that will be used to help manage an American-style gasoline or service station. Our hypothetical gas station basically pr ovides two services:
• There is a small store that carries car parts. Inside the store is at least one cash register, operated by a cashier who is an employee of the gas station.
• There are a number of gas pumps, at which customers can park their cars, interact with the system to pay via credit card, and then pump their own gas. Alternatively, the customer can pay for his or her gas via cash or credit card by going into the store and paying directly to the cashier.
Thus the GSCS has two main classes of users. The first is the cashier, who uses the GSCS to record purchases of car parts by customers. The GSCS must allow the cashier to enter the type and number of parts purchased, then compute the total purchase price and handle the payment. Customers purchasing gasoline are the second type of user. These customers interface with the system at the gas pump, by specifying the amount and type of gas they will buy, paying either at the pump or to the cashier, and then pumping the gas themselves.
The system also has to interact with other automated systems to perform its tasks. For example, in order to accept credit card payments, the GSCS must interface with a system maintained by the credit card company. The credit card system is responsible for checking that the customer's account is in good standing and can accommodate the amount of the purchase, and for debiting the customer's account and eventually reimbursing the gas station. The operation of these external systems is beyond the scope of the GSCS, although the GSCS needs to know how the external systems will communicate the success or failure of their tasks.
The first step that the development team decides to undertake is to create a requirements document to describe the system.

The development team decides that the next step is to create a conceptual and then a technical design.

19. The conceptual design is felt to be of value because it will allow the gas station owner to check:
a. What part of the system will be resp onsible for tracking the number of car parts left in stock, and how it communicates with other parts of the system.
b. How the current price of a gallon of gasoline is input to the system.
c. What the screens that the user sees will look like, and what options users will have.
d. a and b
e. a and c
f. b and c
g. a, b, and c",,"[
  {
    ""role"": ""sentence"",
    ""segment"": ""The correct answer is g."",
    ""citations"": [
      {
        ""type"": ""source_text"",
        ""content"": ""The conceptual design is felt to be of value because it will allow the gas station owner to check:\n$a. What part of the system will be resp onsible for tracking the number of car parts left in stock, and how it communicates with other parts of the system.\n$b. How the current price of a gallon of gasoline is input to the system.\n$c. What the screens that the user sees will look like, and what options users will have.\n$d. a and b\n$e. a and c\n$f. b and c\n$g. a, b, and c"",
        ""img_id"": null
      },
      {
        ""type"": ""source_text"",
        ""content"": ""g. a, b, and c"",
        ""img_id"": null
      }
    ],
    ""type"": null
  }
]",The chatbot can't answer this question. Please try again with another question.,0.416,25.342
"The following questions are in reference to a hypothetical “Gas Station Control System” (or GSCS) that will be used to help manage an American-style gasoline or service station. Our hypothetical gas station basically pr ovides two services:
• There is a small store that carries car parts. Inside the store is at least one cash register, operated by a cashier who is an employee of the gas station.
• There are a number of gas pumps, at which customers can park their cars, interact with the system to pay via credit card, and then pump their own gas. Alternatively, the customer can pay for his or her gas via cash or credit card by going into the store and paying directly to the cashier.
Thus the GSCS has two main classes of users. The first is the cashier, who uses the GSCS to record purchases of car parts by customers. The GSCS must allow the cashier to enter the type and number of parts purchased, then compute the total purchase price and handle the payment. Customers purchasing gasoline are the second type of user. These customers interface with the system at the gas pump, by specifying the amount and type of gas they will buy, paying either at the pump or to the cashier, and then pumping the gas themselves.
The system also has to interact with other automated systems to perform its tasks. For example, in order to accept credit card payments, the GSCS must interface with a system maintained by the credit card company. The credit card system is responsible for checking that the customer's account is in good standing and can accommodate the amount of the purchase, and for debiting the customer's account and eventually reimbursing the gas station. The operation of these external systems is beyond the scope of the GSCS, although the GSCS needs to know how the external systems will communicate the success or failure of their tasks.
The first step that the development team decides to undertake is to create a requirements document to describe the system.

The development team decides that the next step is to create a conceptual and then a technical design.

20. Which of the following are valid rationales for creating a separate technical design?
a. The conceptual design will be useful for communicating with the gas station owner but not very useful as a basis for implementing the system.
b. The technical design should contain more information about the gas pumps and their interfaces to the software.
c. The technical design should contain more detail about the likely data structures that will be used.
d. a and b
e. a and c
f. b an d c
g. a, b, and c",,"[
  {
    ""role"": ""paragraph"",
    ""segment"": ""The chatbot can't answer this question. Please try again with another question."",
    ""citations"": [],
    ""type"": ""abstained""
  }
]",The chatbot can't answer this question. Please try again with another question.,0.488,15.103
"The following questions are in reference to a hypothetical “Gas Station Control System” (or GSCS) that will be used to help manage an American-style gasoline or service station. Our hypothetical gas station basically pr ovides two services:
• There is a small store that carries car parts. Inside the store is at least one cash register, operated by a cashier who is an employee of the gas station.
• There are a number of gas pumps, at which customers can park their cars, interact with the system to pay via credit card, and then pump their own gas. Alternatively, the customer can pay for his or her gas via cash or credit card by going into the store and paying directly to the cashier.
Thus the GSCS has two main classes of users. The first is the cashier, who uses the GSCS to record purchases of car parts by customers. The GSCS must allow the cashier to enter the type and number of parts purchased, then compute the total purchase price and handle the payment. Customers purchasing gasoline are the second type of user. These customers interface with the system at the gas pump, by specifying the amount and type of gas they will buy, paying either at the pump or to the cashier, and then pumping the gas themselves.
The system also has to interact with other automated systems to perform its tasks. For example, in order to accept credit card payments, the GSCS must interface with a system maintained by the credit card company. The credit card system is responsible for checking that the customer's account is in good standing and can accommodate the amount of the purchase, and for debiting the customer's account and eventually reimbursing the gas station. The operation of these external systems is beyond the scope of the GSCS, although the GSCS needs to know how the external systems will communicate the success or failure of their tasks.
The first step that the development team decides to undertake is to create a requirements document to describe the system.

The development team decides that the next step is to create a conceptual and then a technical design.

21. The team has to decide on a general approach to creating the design. Which are NOT valid choices and rationales?
a. Modular decomposition, because the system can be divided into separate types of functionality that are relatively independent (for example, the operation of the cashier versus the operation of the gas pumps).
b. Outside - in design, because the set of user inputs is fairly well understood.
c. Object - Oriented design, because the emphasis will mainly be on the flow of data through the syst em (for example, how the central system tracks purchases at each of the individual gas pumps).
d. a and b
e. a and c
f. b and c
g. a, b, and c",,"[
    {
        ""role"": ""paragraph"",
        ""segment"": ""The chatbot can't answer this question. Please try again with another question."",
        ""citations"": [],
        ""type"": ""abstained""
    }
]",The chatbot can't answer this question. Please try again with another question.,1.174,32.923
"The following questions are in reference to a hypothetical “Gas Station Control System” (or GSCS) that will be used to help manage an American-style gasoline or service station. Our hypothetical gas station basically pr ovides two services:
• There is a small store that carries car parts. Inside the store is at least one cash register, operated by a cashier who is an employee of the gas station.
• There are a number of gas pumps, at which customers can park their cars, interact with the system to pay via credit card, and then pump their own gas. Alternatively, the customer can pay for his or her gas via cash or credit card by going into the store and paying directly to the cashier.
Thus the GSCS has two main classes of users. The first is the cashier, who uses the GSCS to record purchases of car parts by customers. The GSCS must allow the cashier to enter the type and number of parts purchased, then compute the total purchase price and handle the payment. Customers purchasing gasoline are the second type of user. These customers interface with the system at the gas pump, by specifying the amount and type of gas they will buy, paying either at the pump or to the cashier, and then pumping the gas themselves.
The system also has to interact with other automated systems to perform its tasks. For example, in order to accept credit card payments, the GSCS must interface with a system maintained by the credit card company. The credit card system is responsible for checking that the customer's account is in good standing and can accommodate the amount of the purchase, and for debiting the customer's account and eventually reimbursing the gas station. The operation of these external systems is beyond the scope of the GSCS, although the GSCS needs to know how the external systems will communicate the success or failure of their tasks.
The first step that the development team decides to undertake is to create a requirements document to describe the system.

The development team decides that the next step is to create a conceptual and then a technical design.

22. The team leader decides that the logical next step is to decide on an architectural style for the system. Which of the foll owing are NOT valid choices and rationales?
a. Object - Oriented, since the problem can be decomposed into several different entities, each responsible for its own data access and manipulation routines.
b. Pipe and Filter, since most of the required functionality involves “piping” data between subsystems in preset ways.
c. Implicit Invocations, since the system is event - driven and depends on the reliability of the subcomponents.
d. a and b
e. a and c
f. b and c
g. a, b, and c",,"[
    {
        ""role"": ""paragraph"",
        ""segment"": ""The chatbot can't answer this question. Please try again with another question."",
        ""citations"": [],
        ""type"": ""abstained""
    }
]",The chatbot can't answer this question. Please try again with another question.,0.481,17.042
"The following questions are in reference to a hypothetical “Gas Station Control System” (or GSCS) that will be used to help manage an American-style gasoline or service station. Our hypothetical gas station basically pr ovides two services:
• There is a small store that carries car parts. Inside the store is at least one cash register, operated by a cashier who is an employee of the gas station.
• There are a number of gas pumps, at which customers can park their cars, interact with the system to pay via credit card, and then pump their own gas. Alternatively, the customer can pay for his or her gas via cash or credit card by going into the store and paying directly to the cashier.
Thus the GSCS has two main classes of users. The first is the cashier, who uses the GSCS to record purchases of car parts by customers. The GSCS must allow the cashier to enter the type and number of parts purchased, then compute the total purchase price and handle the payment. Customers purchasing gasoline are the second type of user. These customers interface with the system at the gas pump, by specifying the amount and type of gas they will buy, paying either at the pump or to the cashier, and then pumping the gas themselves.
The system also has to interact with other automated systems to perform its tasks. For example, in order to accept credit card payments, the GSCS must interface with a system maintained by the credit card company. The credit card system is responsible for checking that the customer's account is in good standing and can accommodate the amount of the purchase, and for debiting the customer's account and eventually reimbursing the gas station. The operation of these external systems is beyond the scope of the GSCS, although the GSCS needs to know how the external systems will communicate the success or failure of their tasks.
The first step that the development team decides to undertake is to create a requirements document to describe the system.

The development team decides that the next step is to create a conceptual and then a technical design.

23. TRUE or FALSE: Having decided on an architecture, the team leader decides that the architecture should be frozen for the life of the project. That is, once code design starts, no changes to the architecture will be permissible so that there will be no inconsistencies. This is a reasonable strategy.",,"[
    {
        ""role"": ""paragraph"",
        ""segment"": ""The chatbot can't answer this question. Please try again with another question."",
        ""citations"": [],
        ""type"": ""abstained""
    }
]",The chatbot can't answer this question. Please try again with another question.,0.694,10.426
"The following questions are in reference to a hypothetical “Gas Station Control System” (or GSCS) that will be used to help manage an American-style gasoline or service station. Our hypothetical gas station basically pr ovides two services:
• There is a small store that carries car parts. Inside the store is at least one cash register, operated by a cashier who is an employee of the gas station.
• There are a number of gas pumps, at which customers can park their cars, interact with the system to pay via credit card, and then pump their own gas. Alternatively, the customer can pay for his or her gas via cash or credit card by going into the store and paying directly to the cashier.
Thus the GSCS has two main classes of users. The first is the cashier, who uses the GSCS to record purchases of car parts by customers. The GSCS must allow the cashier to enter the type and number of parts purchased, then compute the total purchase price and handle the payment. Customers purchasing gasoline are the second type of user. These customers interface with the system at the gas pump, by specifying the amount and type of gas they will buy, paying either at the pump or to the cashier, and then pumping the gas themselves.
The system also has to interact with other automated systems to perform its tasks. For example, in order to accept credit card payments, the GSCS must interface with a system maintained by the credit card company. The credit card system is responsible for checking that the customer's account is in good standing and can accommodate the amount of the purchase, and for debiting the customer's account and eventually reimbursing the gas station. The operation of these external systems is beyond the scope of the GSCS, although the GSCS needs to know how the external systems will communicate the success or failure of their tasks.
The first step that the development team decides to undertake is to create a requirements document to describe the system.

Image Description: A use case diagram showing actors 'Customer', 'Cashier', and 'Credit Card System'. 'Customer' is linked to use cases 'Gasoline' and 'Payment'. 'Cashier' is linked to 'Payment' and 'Maintenance Work'. 'Credit Card System' is linked to 'Billing Services'. There are triangle-tipped arrows (indicating generalization/specialization) pointing from 'Gasoline', 'Parking', and 'Maintenance Work' to 'Billing Services'. There are also triangle-tipped arrows pointing from 'Pay by cash' and 'Pay by credit card' to 'Payment'.

The team decides to use an Object-Oriented methodology to create the design. The figure above shows the first draft of the use case diagram for the gas station system, created during high-level (conceptual) design. Use it to answer questions 24 through 26.

24. Each of the ovals represents a particular high - level functionality of the system, and
a. the lines between them represent the order in which they would typically be executed.
b. a scenario should be construc ted for each, to show the details of how the functionality would be supported by the system.
c. each should have a specified start condition.
d. A and B only.
e. B and C only.
f. A, B, and C","
[0]
7. The system must record tax and related information, including tax paid by each customer, as well as tax per item.
8. The station manager must be able to review tax records upon demand.
9. The system will send periodic messages to customers, reminding them when their vehicles are due for maintenance. Normally, maintenance is needed every six months.
10. Customers can rent parking spaces in the station parking lot on a day-to-day basis. Each customer must request from the system an available parking space. The station manager can  view  a  monthly  report  summarizing  how  many  parking  spaces  were  available  or occupied.
11. The system maintains a repository of account information, accessible by account numbers and by customer name.
12. The station manager must be able to review accounting information upon demand.
13. The system can report an analysis of prices and discounts to the station manager upon request.
14. The system will automatically notify the owners of dormant accounts. That is, customers who did not make service station purchases over a two-month period will be contacted.
15. The system cannot be unavailable for more than 24 hours.
16. The system must protect customer information from unauthorized access.

## UML Class Diagram

To see how the UML can be used, consider the system design of the Royal Service Station system. For simplicity, assume that the Royal Service Station consists of a single component, and thus is small enough not to warrant an architectural design. Then, we can generate a modular system design directly from the requirements in Sidebar 6.4. We begin with UML class diagrams.These diagrams describe the object types and their static relationships. In particular, we want to depict associations among objects (e.g., a customer is associated with a bill) and relationships between types and subtypes (e.g., diesel fuel is a subtype of type fuel).We want the diagrams to illustrate the attributes of each object, their individual behaviors, and the restrictions on each class or object.


[1]
The design process starts with a statement of the requirements. We try to extract nouns, looking for particular items that can suggest our first cut at object classes.We seek

- actors
- physical objects
- places
- organizations
- records
- transactions
- collections of things

FIGURE 6.17 Use case diagram of the Royal Service Station system.

<!-- image -->

- operating procedures
- things that are manipulated by the system to be built

## For example, consider this part of the first Royal Service Station requirement:

A customer has the option to be billed automatically at the time of purchase (of fuel, maintenance, or parking) or to be sent a monthly paper bill. In either case, customers can pay using cash, credit card, or personal check. Royal Service Station fuel is sold according to price per gallon, depending on whether the fuel is diesel, regular, or premium. Service is priced according to the cost of parts and labor. Parking is sold according to daily, weekly, and monthly rates. The prices for fuel, maintenance services, parts, and parking may vary; only Manny, the station manager, can enter or change prices.At his discretion, Manny may designate a discount on purchases for a particular customer; this discount may vary from one customer to another.A 5% local sales tax applies to all purchases.

## From this requirements statement, we can extract several tentative classes:

- personal check
- services
- paper bill
- discounts
- credit card

- tax
- customer
- parking
- station manager
- maintenance
- purchase
- cash
- fuel
- prices

The following questions can act as guidelines for what can be included in a list of candidate classes:

1. What data need to be 'processed' in some way?
2. What items have multiple attributes?
3. When do we have more than one object in a class?
4. What information is based on the requirements themselves, and not derived from our understanding of the requirements?
5. What attributes and operations are always applicable to a class or object?

Answering these questions can help us to group the candidate classes and objects, as shown in Table 6.1.
","[
    {
        ""role"": ""paragraph"",
        ""segment"": ""The chatbot can't answer this question. Please try again with another question."",
        ""citations"": [],
        ""type"": ""abstained""
    }
]",The chatbot can't answer this question. Please try again with another question.,0.482,17.122
"The following questions are in reference to a hypothetical “Gas Station Control System” (or GSCS) that will be used to help manage an American-style gasoline or service station. Our hypothetical gas station basically pr ovides two services:
• There is a small store that carries car parts. Inside the store is at least one cash register, operated by a cashier who is an employee of the gas station.
• There are a number of gas pumps, at which customers can park their cars, interact with the system to pay via credit card, and then pump their own gas. Alternatively, the customer can pay for his or her gas via cash or credit card by going into the store and paying directly to the cashier.
Thus the GSCS has two main classes of users. The first is the cashier, who uses the GSCS to record purchases of car parts by customers. The GSCS must allow the cashier to enter the type and number of parts purchased, then compute the total purchase price and handle the payment. Customers purchasing gasoline are the second type of user. These customers interface with the system at the gas pump, by specifying the amount and type of gas they will buy, paying either at the pump or to the cashier, and then pumping the gas themselves.
The system also has to interact with other automated systems to perform its tasks. For example, in order to accept credit card payments, the GSCS must interface with a system maintained by the credit card company. The credit card system is responsible for checking that the customer's account is in good standing and can accommodate the amount of the purchase, and for debiting the customer's account and eventually reimbursing the gas station. The operation of these external systems is beyond the scope of the GSCS, although the GSCS needs to know how the external systems will communicate the success or failure of their tasks.
The first step that the development team decides to undertake is to create a requirements document to describe the system.

Image Description: A use case diagram showing actors 'Customer', 'Cashier', and 'Credit Card System'. 'Customer' is linked to use cases 'Gasoline' and 'Payment'. 'Cashier' is linked to 'Payment' and 'Maintenance Work'. 'Credit Card System' is linked to 'Billing Services'. There are triangle-tipped arrows (indicating generalization/specialization) pointing from 'Gasoline', 'Parking', and 'Maintenance Work' to 'Billing Services'. There are also triangle-tipped arrows pointing from 'Pay by cash' and 'Pay by credit card' to 'Payment'.

The team decides to use an Object-Oriented methodology to create the design. The figure above shows the first draft of the use case diagram for the gas station system, created during high-level (conceptual) design. Use it to answer questions 24 through 26.

25. The notation of a triangle on the link between “Parking” and “Billing Service s” signifies:
a. The functionality described in “Parking” occurs before the functionality in “Billing Services.”
b. The entities “Customer” and “Credit Card System” provide input to billing services, but are not involved with the system during parking.
c. The funct ionality in “Parking” is a specific type of billing service.
d. A and B only.
e. B and C only.
f. A, B, and C.","
[0]
7. The system must record tax and related information, including tax paid by each customer, as well as tax per item.
8. The station manager must be able to review tax records upon demand.
9. The system will send periodic messages to customers, reminding them when their vehicles are due for maintenance. Normally, maintenance is needed every six months.
10. Customers can rent parking spaces in the station parking lot on a day-to-day basis. Each customer must request from the system an available parking space. The station manager can  view  a  monthly  report  summarizing  how  many  parking  spaces  were  available  or occupied.
11. The system maintains a repository of account information, accessible by account numbers and by customer name.
12. The station manager must be able to review accounting information upon demand.
13. The system can report an analysis of prices and discounts to the station manager upon request.
14. The system will automatically notify the owners of dormant accounts. That is, customers who did not make service station purchases over a two-month period will be contacted.
15. The system cannot be unavailable for more than 24 hours.
16. The system must protect customer information from unauthorized access.

## UML Class Diagram

To see how the UML can be used, consider the system design of the Royal Service Station system. For simplicity, assume that the Royal Service Station consists of a single component, and thus is small enough not to warrant an architectural design. Then, we can generate a modular system design directly from the requirements in Sidebar 6.4. We begin with UML class diagrams.These diagrams describe the object types and their static relationships. In particular, we want to depict associations among objects (e.g., a customer is associated with a bill) and relationships between types and subtypes (e.g., diesel fuel is a subtype of type fuel).We want the diagrams to illustrate the attributes of each object, their individual behaviors, and the restrictions on each class or object.
","[
  {
    ""role"": ""paragraph"",
    ""segment"": ""The correct choice is c: The functionality in 'Parking' is a specific type of billing service."",
    ""citations"": [
      {
        ""type"": ""source_text"",
        ""content"": ""There are triangle-tipped arrows (indicating generalization/specialization) pointing from 'Gasoline', 'Parking', and 'Maintenance Work' to 'Billing Services'."",
        ""img_id"": null
      }
    ],
    ""type"": null
  }
]",The chatbot can't answer this question. Please try again with another question.,0.546,17.24
"The following questions are in reference to a hypothetical “Gas Station Control System” (or GSCS) that will be used to help manage an American-style gasoline or service station. Our hypothetical gas station basically pr ovides two services:
• There is a small store that carries car parts. Inside the store is at least one cash register, operated by a cashier who is an employee of the gas station.
• There are a number of gas pumps, at which customers can park their cars, interact with the system to pay via credit card, and then pump their own gas. Alternatively, the customer can pay for his or her gas via cash or credit card by going into the store and paying directly to the cashier.
Thus the GSCS has two main classes of users. The first is the cashier, who uses the GSCS to record purchases of car parts by customers. The GSCS must allow the cashier to enter the type and number of parts purchased, then compute the total purchase price and handle the payment. Customers purchasing gasoline are the second type of user. These customers interface with the system at the gas pump, by specifying the amount and type of gas they will buy, paying either at the pump or to the cashier, and then pumping the gas themselves.
The system also has to interact with other automated systems to perform its tasks. For example, in order to accept credit card payments, the GSCS must interface with a system maintained by the credit card company. The credit card system is responsible for checking that the customer's account is in good standing and can accommodate the amount of the purchase, and for debiting the customer's account and eventually reimbursing the gas station. The operation of these external systems is beyond the scope of the GSCS, although the GSCS needs to know how the external systems will communicate the success or failure of their tasks.
The first step that the development team decides to undertake is to create a requirements document to describe the system.

Image Description: A use case diagram showing actors 'Customer', 'Cashier', and 'Credit Card System'. 'Customer' is linked to use cases 'Gasoline' and 'Payment'. 'Cashier' is linked to 'Payment' and 'Maintenance Work'. 'Credit Card System' is linked to 'Billing Services'. There are triangle-tipped arrows (indicating generalization/specialization) pointing from 'Gasoline', 'Parking', and 'Maintenance Work' to 'Billing Services'. There are also triangle-tipped arrows pointing from 'Pay by cash' and 'Pay by credit card' to 'Payment'.

The team decides to use an Object-Oriented methodology to create the design. The figure above shows the first draft of the use case diagram for the gas station system, created during high-level (conceptual) design. Use it to answer questions 24 through 26.

26. To check for any problems with the use cases, the team should:
a. Review the customer’s description of the “Credit Card System” to see if it can participate in the appropriate way in the functionality described in billing services.
b. Make sure that the expected start conditions for each use case are well understood.
c. Combine “Cashier” and “Customer” into a single entity, since they are involved in the same set of use cases.
d. A and B only.
e. B and C only.
f. A, B, and C","
[0]
The design process starts with a statement of the requirements. We try to extract nouns, looking for particular items that can suggest our first cut at object classes.We seek

- actors
- physical objects
- places
- organizations
- records
- transactions
- collections of things

FIGURE 6.17 Use case diagram of the Royal Service Station system.

<!-- image -->

- operating procedures
- things that are manipulated by the system to be built

## For example, consider this part of the first Royal Service Station requirement:

A customer has the option to be billed automatically at the time of purchase (of fuel, maintenance, or parking) or to be sent a monthly paper bill. In either case, customers can pay using cash, credit card, or personal check. Royal Service Station fuel is sold according to price per gallon, depending on whether the fuel is diesel, regular, or premium. Service is priced according to the cost of parts and labor. Parking is sold according to daily, weekly, and monthly rates. The prices for fuel, maintenance services, parts, and parking may vary; only Manny, the station manager, can enter or change prices.At his discretion, Manny may designate a discount on purchases for a particular customer; this discount may vary from one customer to another.A 5% local sales tax applies to all purchases.

## From this requirements statement, we can extract several tentative classes:

- personal check
- services
- paper bill
- discounts
- credit card

- tax
- customer
- parking
- station manager
- maintenance
- purchase
- cash
- fuel
- prices

The following questions can act as guidelines for what can be included in a list of candidate classes:

1. What data need to be 'processed' in some way?
2. What items have multiple attributes?
3. When do we have more than one object in a class?
4. What information is based on the requirements themselves, and not derived from our understanding of the requirements?
5. What attributes and operations are always applicable to a class or object?

Answering these questions can help us to group the candidate classes and objects, as shown in Table 6.1.
","[
    {
        ""role"": ""sentence"",
        ""segment"": ""d. A and B only."",
        ""citations"": [
            {
                ""type"": ""source_text"",
                ""content"": ""The GSCS must interface with a system maintained by the credit card company. The credit card system is responsible for checking that the customer's account is in good standing and can accommodate the amount of the purchase, and for debiting the customer's account and eventually reimbursing the gas station."",
                ""img_id"": null
            },
            {
                ""type"": ""source_text"",
                ""content"": ""Thus the GSCS has two main classes of users. The first is the cashier, who uses the GSCS to record purchases of car parts by customers. Customers purchasing gasoline are the second type of user."",
                ""img_id"": null
            }
        ],
        ""type"": null
    }
]",The chatbot can't answer this question. Please try again with another question.,0.73,55.814
"The following questions are in reference to a hypothetical “Gas Station Control System” (or GSCS) that will be used to help manage an American-style gasoline or service station. Our hypothetical gas station basically pr ovides two services:
• There is a small store that carries car parts. Inside the store is at least one cash register, operated by a cashier who is an employee of the gas station.
• There are a number of gas pumps, at which customers can park their cars, interact with the system to pay via credit card, and then pump their own gas. Alternatively, the customer can pay for his or her gas via cash or credit card by going into the store and paying directly to the cashier.
Thus the GSCS has two main classes of users. The first is the cashier, who uses the GSCS to record purchases of car parts by customers. The GSCS must allow the cashier to enter the type and number of parts purchased, then compute the total purchase price and handle the payment. Customers purchasing gasoline are the second type of user. These customers interface with the system at the gas pump, by specifying the amount and type of gas they will buy, paying either at the pump or to the cashier, and then pumping the gas themselves.
The system also has to interact with other automated systems to perform its tasks. For example, in order to accept credit card payments, the GSCS must interface with a system maintained by the credit card company. The credit card system is responsible for checking that the customer's account is in good standing and can accommodate the amount of the purchase, and for debiting the customer's account and eventually reimbursing the gas station. The operation of these external systems is beyond the scope of the GSCS, although the GSCS needs to know how the external systems will communicate the success or failure of their tasks.
The first step that the development team decides to undertake is to create a requirements document to describe the system.

Image Description: A class diagram with the following classes and relationships: 'Services' (attributes: Discount_Rate, methods: price()) is the superclass for 'Refuel', 'Parking', and 'Car_Maintenance'. 'Refuel' is the superclass for 'Gas'. 'Parking_Spot' is associated with 'Parking' (1 to 0..1). 'Part' is associated with 'Car_Maintenance' (0..* to 0..*) and inherits from 'Product'. 'Purchase' is associated with 'Services' (1..* to 1). 'Registered Customer' is associated with 'Purchase' (0..* to 1), 'Bill' (1 to 0..*), and 'Message' (1..* to 0..*). 'Bill' is associated with 'Purchase' (1 to 1..*). 'Warning_Letters' and 'Periodic_Messages' are subclasses of 'Message'. 'Warning_Letters' is associated with 'Bill' (0..* to 1). 'Product' (attributes: Current_Quantity, Price, methods: price()) is associated with 'Inventory' (1..* to 1). 'Hash table' is associated with 'Inventory' (1 to 1).

The figure above shows the first draft of the class diagram for the gas station system, created during high-level (conceptual) design. Use it to answer questions 27 through 29.

27. The relationship between classes “Message” and “Registered customer” is that:
a. A registered customer can have no associated message.
b. Multiple messages can be associated with a registered customer.
c. A message might exist, but be associated with no registered customer.
d. A and B only.
e. B and C only.
f. A, B, and C.","
[0]
7. The system must record tax and related information, including tax paid by each customer, as well as tax per item.
8. The station manager must be able to review tax records upon demand.
9. The system will send periodic messages to customers, reminding them when their vehicles are due for maintenance. Normally, maintenance is needed every six months.
10. Customers can rent parking spaces in the station parking lot on a day-to-day basis. Each customer must request from the system an available parking space. The station manager can  view  a  monthly  report  summarizing  how  many  parking  spaces  were  available  or occupied.
11. The system maintains a repository of account information, accessible by account numbers and by customer name.
12. The station manager must be able to review accounting information upon demand.
13. The system can report an analysis of prices and discounts to the station manager upon request.
14. The system will automatically notify the owners of dormant accounts. That is, customers who did not make service station purchases over a two-month period will be contacted.
15. The system cannot be unavailable for more than 24 hours.
16. The system must protect customer information from unauthorized access.

## UML Class Diagram

To see how the UML can be used, consider the system design of the Royal Service Station system. For simplicity, assume that the Royal Service Station consists of a single component, and thus is small enough not to warrant an architectural design. Then, we can generate a modular system design directly from the requirements in Sidebar 6.4. We begin with UML class diagrams.These diagrams describe the object types and their static relationships. In particular, we want to depict associations among objects (e.g., a customer is associated with a bill) and relationships between types and subtypes (e.g., diesel fuel is a subtype of type fuel).We want the diagrams to illustrate the attributes of each object, their individual behaviors, and the restrictions on each class or object.


[1]
To make it easier to manage the objects, classes, and behaviors, we use a UML diagram to describe their relationships. We can draw class boxes for our initial design for the Royal Service Station. Figure 6.18 shows the 17 classes we think we will need for our OO representation of a solution. Recall from Chapter 4 that the top segment of each box contains the class name, the middle segment lists the class's attributes, and the bottom segment lists the class's methods. Figure 6.19 summarizes the UML notation for denoting specific types of relationships between classes.

Let us examine our first attempt at a solution to the Royal Service Station problem. By comparing our design with the requirements in Sidebar 6.4, we see that the class diagram can be improved substantially. First, we can add an abstract Message class  that  combines  the  commonalities of the various types of letters and warnings. Similarly, we  can  create  an  abstract Services class  that  generalizes  the  different types of  services  ( Fuel , Maintenance , and Parking )  that  the  station  offers. By creating  the  abstract  classes, we  take  advantage  of  the  polymorphism  afforded  by object orientation. For example, the price() method is common among all service classes, but  the  actual  computation  can  be  different, depending  on  which  service  is being purchased.

We can simplify the design by deleting the classes that depict adjacent systemsCredit Card System , Part-Ordering System , and Fuel-Ordering System -since they are outside of the boundary of our system.We can also remove the Station Manager class, because it is not related to any other classes.

The location of discount as an attribute of the Purchase class is inappropriate. The discount rate depends on the service being discounted as well as on the customer  (who  can  be  derived  from  the  associated Purchase class). Thus, it  is  more appropriate to model discount as an association class.


[2]
There are other problems with our initial design:the service classes Maintenance , Fuel , and Parking are components of both the Purchase class and the Inventory class, and  no  object  instance  would  ever  simultaneously  be  a  component  of  both  the Purchase class and the Inventory class. Moreover, the information we need to maintain about the inventory is different from the information we are tracking about purchases. Thus, it is appropriate to represent these concepts as separate classes, keeping in mind that each purchase has an effect on the inventory.The resulting design is illustrated in Figure 6.20.

We need not stop here. By scrutinizing the second design further, we find that we can add a Vehicle class so that maintenance records and notifications are associated with vehicles being maintained. We also need operations to generate the reports and the reviewing capabilities described in the requirements. For example, the Account class requires an operation to allow the station manager to review account information on demand. Because such analyses apply to all objects of a class, rather than to individual  objects, we  mark them as being class-scoped by underlining the method names. Similarly, the tax rate in the Purchase class is a class-scope attribute: all purchases use the same tax rate. Finally, we add cardinality to the diagram, so that we have a better

FIGURE 6.18 First cut at Royal Service Station design.

<!-- image -->

FIGURE 6.19 Types of class relationships.

<!-- image -->

understanding of the relationships between pairs of classes; at the same time, we indicate whether each attribute and method is public ly accessible (+), is private and cannot be accessed directly by other objects ( -), or is protected (#) and can be accessed only by subclasses.The result is the design in Figure 6.21.

## Other UML Diagrams
","[
  {
    ""role"": ""sentence"",
    ""segment"": ""The correct answer is e) B and C only."",
    ""citations"": [
      {
        ""type"": ""source_text"",
        ""content"": ""'Registered Customer' is associated with 'Purchase' (0..* to 1), 'Bill' (1 to 0..*), and 'Message' (1..* to 0..*)."",
        ""img_id"": null
      }
    ],
    ""type"": null
  }
]",The chatbot can't answer this question. Please try again with another question.,0.892,25.254
"The following questions are in reference to a hypothetical “Gas Station Control System” (or GSCS) that will be used to help manage an American-style gasoline or service station. Our hypothetical gas station basically pr ovides two services:
• There is a small store that carries car parts. Inside the store is at least one cash register, operated by a cashier who is an employee of the gas station.
• There are a number of gas pumps, at which customers can park their cars, interact with the system to pay via credit card, and then pump their own gas. Alternatively, the customer can pay for his or her gas via cash or credit card by going into the store and paying directly to the cashier.
Thus the GSCS has two main classes of users. The first is the cashier, who uses the GSCS to record purchases of car parts by customers. The GSCS must allow the cashier to enter the type and number of parts purchased, then compute the total purchase price and handle the payment. Customers purchasing gasoline are the second type of user. These customers interface with the system at the gas pump, by specifying the amount and type of gas they will buy, paying either at the pump or to the cashier, and then pumping the gas themselves.
The system also has to interact with other automated systems to perform its tasks. For example, in order to accept credit card payments, the GSCS must interface with a system maintained by the credit card company. The credit card system is responsible for checking that the customer's account is in good standing and can accommodate the amount of the purchase, and for debiting the customer's account and eventually reimbursing the gas station. The operation of these external systems is beyond the scope of the GSCS, although the GSCS needs to know how the external systems will communicate the success or failure of their tasks.
The first step that the development team decides to undertake is to create a requirements document to describe the system.

Image Description: A class diagram with the following classes and relationships: 'Services' (attributes: Discount_Rate, methods: price()) is the superclass for 'Refuel', 'Parking', and 'Car_Maintenance'. 'Refuel' is the superclass for 'Gas'. 'Parking_Spot' is associated with 'Parking' (1 to 0..1). 'Part' is associated with 'Car_Maintenance' (0..* to 0..*) and inherits from 'Product'. 'Purchase' is associated with 'Services' (1..* to 1). 'Registered Customer' is associated with 'Purchase' (0..* to 1), 'Bill' (1 to 0..*), and 'Message' (1..* to 0..*). 'Bill' is associated with 'Purchase' (1 to 1..*). 'Warning_Letters' and 'Periodic_Messages' are subclasses of 'Message'. 'Warning_Letters' is associated with 'Bill' (0..* to 1). 'Product' (attributes: Current_Quantity, Price, methods: price()) is associated with 'Inventory' (1..* to 1). 'Hash table' is associated with 'Inventory' (1 to 1).

The figure above shows the first draft of the class diagram for the gas station system, created during high-level (conceptual) design. Use it to answer questions 27 through 29.

28. Which of the following statements are true about the GSCS, as described in this class diagram?
a. Any subclass of “Service” must be associated with at least one instance of “Purchase.”
b. A “Bill” includes exactly one “Purchase.”
c. An instance of “Inventory” could include no more than one “Part.”
d. A and B only.
e. B and C only.
f. A, B, and C.",,"[
  {
    ""role"": ""paragraph"",
    ""segment"": ""d. A and B only."",
    ""citations"": [
      {
        ""type"": ""source_text"",
        ""content"": ""'Purchase' is associated with 'Services' (1..* to 1)."",
        ""img_id"": null
      },
      {
        ""type"": ""source_text"",
        ""content"": ""'Bill' is associated with 'Purchase' (1 to 1..*)."",
        ""img_id"": null
      }
    ],
    ""type"": null
  }
]",The chatbot can't answer this question. Please try again with another question.,0.478,74.829
"The following questions are in reference to a hypothetical “Gas Station Control System” (or GSCS) that will be used to help manage an American-style gasoline or service station. Our hypothetical gas station basically pr ovides two services:
• There is a small store that carries car parts. Inside the store is at least one cash register, operated by a cashier who is an employee of the gas station.
• There are a number of gas pumps, at which customers can park their cars, interact with the system to pay via credit card, and then pump their own gas. Alternatively, the customer can pay for his or her gas via cash or credit card by going into the store and paying directly to the cashier.
Thus the GSCS has two main classes of users. The first is the cashier, who uses the GSCS to record purchases of car parts by customers. The GSCS must allow the cashier to enter the type and number of parts purchased, then compute the total purchase price and handle the payment. Customers purchasing gasoline are the second type of user. These customers interface with the system at the gas pump, by specifying the amount and type of gas they will buy, paying either at the pump or to the cashier, and then pumping the gas themselves.
The system also has to interact with other automated systems to perform its tasks. For example, in order to accept credit card payments, the GSCS must interface with a system maintained by the credit card company. The credit card system is responsible for checking that the customer's account is in good standing and can accommodate the amount of the purchase, and for debiting the customer's account and eventually reimbursing the gas station. The operation of these external systems is beyond the scope of the GSCS, although the GSCS needs to know how the external systems will communicate the success or failure of their tasks.
The first step that the development team decides to undertake is to create a requirements document to describe the system.

Image Description: A class diagram with the following classes and relationships: 'Services' (attributes: Discount_Rate, methods: price()) is the superclass for 'Refuel', 'Parking', and 'Car_Maintenance'. 'Refuel' is the superclass for 'Gas'. 'Parking_Spot' is associated with 'Parking' (1 to 0..1). 'Part' is associated with 'Car_Maintenance' (0..* to 0..*) and inherits from 'Product'. 'Purchase' is associated with 'Services' (1..* to 1). 'Registered Customer' is associated with 'Purchase' (0..* to 1), 'Bill' (1 to 0..*), and 'Message' (1..* to 0..*). 'Bill' is associated with 'Purchase' (1 to 1..*). 'Warning_Letters' and 'Periodic_Messages' are subclasses of 'Message'. 'Warning_Letters' is associated with 'Bill' (0..* to 1). 'Product' (attributes: Current_Quantity, Price, methods: price()) is associated with 'Inventory' (1..* to 1). 'Hash table' is associated with 'Inventory' (1 to 1).

The figure above shows the first draft of the class diagram for the gas station system, created during high-level (conceptual) design. Use it to answer questions 27 through 29.

29. Once the first draft of the class diagram is completed, the team unde rtakes an internal review. Which of the following is a valid criticism and rationale?
a. Classes “Parking” and “Car_maintenance” should be combined into a single class, since they have the same attributes and inherit from the same superclass.
b. Class “Hash ta ble” introduces too much detail into the model, since that is an implementation detail that should not be decided in conceptual design.
c. Method “price” does not need to be defined in class “Refuel” since a method with the same name and interface is inherite d from superclass “Services.”
d. A and B.
e. B and C.
f. A, B, and C.","
[0]
There are other problems with our initial design:the service classes Maintenance , Fuel , and Parking are components of both the Purchase class and the Inventory class, and  no  object  instance  would  ever  simultaneously  be  a  component  of  both  the Purchase class and the Inventory class. Moreover, the information we need to maintain about the inventory is different from the information we are tracking about purchases. Thus, it is appropriate to represent these concepts as separate classes, keeping in mind that each purchase has an effect on the inventory.The resulting design is illustrated in Figure 6.20.

We need not stop here. By scrutinizing the second design further, we find that we can add a Vehicle class so that maintenance records and notifications are associated with vehicles being maintained. We also need operations to generate the reports and the reviewing capabilities described in the requirements. For example, the Account class requires an operation to allow the station manager to review account information on demand. Because such analyses apply to all objects of a class, rather than to individual  objects, we  mark them as being class-scoped by underlining the method names. Similarly, the tax rate in the Purchase class is a class-scope attribute: all purchases use the same tax rate. Finally, we add cardinality to the diagram, so that we have a better

FIGURE 6.18 First cut at Royal Service Station design.

<!-- image -->

FIGURE 6.19 Types of class relationships.

<!-- image -->

understanding of the relationships between pairs of classes; at the same time, we indicate whether each attribute and method is public ly accessible (+), is private and cannot be accessed directly by other objects ( -), or is protected (#) and can be accessed only by subclasses.The result is the design in Figure 6.21.

## Other UML Diagrams
","[
  {
    ""role"": ""paragraph"",
    ""segment"": ""The valid criticism is option B."",
    ""citations"": [
      {
        ""type"": ""source_text"",
        ""content"": ""'Hash table' is associated with 'Inventory' (1 to 1)."",
        ""img_id"": null
      },
      {
        ""type"": ""source_text"",
        ""content"": ""The figure above shows the first draft of the class diagram for the gas station system, created during high-level (conceptual) design."",
        ""img_id"": null
      }
    ],
    ""type"": null
  }
]",The chatbot can't answer this question. Please try again with another question.,0.665,33.634
"The following questions are in reference to a hypothetical “Gas Station Control System” (or GSCS) that will be used to help manage an American-style gasoline or service station. Our hypothetical gas station basically pr ovides two services:
• There is a small store that carries car parts. Inside the store is at least one cash register, operated by a cashier who is an employee of the gas station.
• There are a number of gas pumps, at which customers can park their cars, interact with the system to pay via credit card, and then pump their own gas. Alternatively, the customer can pay for his or her gas via cash or credit card by going into the store and paying directly to the cashier.
Thus the GSCS has two main classes of users. The first is the cashier, who uses the GSCS to record purchases of car parts by customers. The GSCS must allow the cashier to enter the type and number of parts purchased, then compute the total purchase price and handle the payment. Customers purchasing gasoline are the second type of user. These customers interface with the system at the gas pump, by specifying the amount and type of gas they will buy, paying either at the pump or to the cashier, and then pumping the gas themselves.
The system also has to interact with other automated systems to perform its tasks. For example, in order to accept credit card payments, the GSCS must interface with a system maintained by the credit card company. The credit card system is responsible for checking that the customer's account is in good standing and can accommodate the amount of the purchase, and for debiting the customer's account and eventually reimbursing the gas station. The operation of these external systems is beyond the scope of the GSCS, although the GSCS needs to know how the external systems will communicate the success or failure of their tasks.
The first step that the development team decides to undertake is to create a requirements document to describe the system.

Image Description: A sequence diagram with four lifelines: 'Registered Customer', 'Cashier_terminal', 'Gas Station', and 'Bill'. The sequence of messages from top to bottom is: 1. 'pay_monthlybycash(account number, amount)' from 'Registered Customer' to 'Cashier_terminal'. 2. 'Credit_bill(account number, amount)' from 'Cashier_terminal' to 'Gas Station'. 3. 'IsClientRegistered(account number)' as a self-message on 'Gas Station'. 4. 'get_bill()' from 'Gas Station' to 'Bill'. 5. 'update_bill(amount, payment date)' from 'Gas Station' to 'Bill', with a condition note '[information is ok]' on the 'Gas Station' lifeline. 6. 'display_message(text)' from 'Gas Station' to 'Cashier_terminal'.

The figure above shows the first draft of a sequence diagram for the gas station system.

30. Which of the following statements are v alid interpretations of the sequence diagram?
a. An object of type “Gas Station” attempted to send an “IsClientRegistered” method to a “Bill” object, but was unsuccessful.
b. The update_bill method is sent only if the information is OK.
c. An object of type “Bill” is created at the time a “Gas Station” class sends the update_bill method.
d. A and B.
e. B and C.
f. A, B, and C.",,"[
  {
    ""role"": ""paragraph"",
    ""segment"": ""The only valid interpretation is that the update_bill method is sent only if the information is OK."",
    ""citations"": [
      {
        ""type"": ""source_text"",
        ""content"": ""5. 'update_bill(amount, payment date)' from 'Gas Station' to 'Bill', with a condition note '[information is ok]' on the 'Gas Station' lifeline."",
        ""img_id"": null
      }
    ],
    ""type"": null
  }
]",The chatbot can't answer this question. Please try again with another question.,0.448,23.179
"The following questions are in reference to a hypothetical “Gas Station Control System” (or GSCS) that will be used to help manage an American-style gasoline or service station. Our hypothetical gas station basically pr ovides two services:
• There is a small store that carries car parts. Inside the store is at least one cash register, operated by a cashier who is an employee of the gas station.
• There are a number of gas pumps, at which customers can park their cars, interact with the system to pay via credit card, and then pump their own gas. Alternatively, the customer can pay for his or her gas via cash or credit card by going into the store and paying directly to the cashier.
Thus the GSCS has two main classes of users. The first is the cashier, who uses the GSCS to record purchases of car parts by customers. The GSCS must allow the cashier to enter the type and number of parts purchased, then compute the total purchase price and handle the payment. Customers purchasing gasoline are the second type of user. These customers interface with the system at the gas pump, by specifying the amount and type of gas they will buy, paying either at the pump or to the cashier, and then pumping the gas themselves.
The system also has to interact with other automated systems to perform its tasks. For example, in order to accept credit card payments, the GSCS must interface with a system maintained by the credit card company. The credit card system is responsible for checking that the customer's account is in good standing and can accommodate the amount of the purchase, and for debiting the customer's account and eventually reimbursing the gas station. The operation of these external systems is beyond the scope of the GSCS, although the GSCS needs to know how the external systems will communicate the success or failure of their tasks.
The first step that the development team decides to undertake is to create a requirements document to describe the system.

Image Description: A sequence diagram with four lifelines: 'Registered Customer', 'Cashier_terminal', 'Gas Station', and 'Bill'. The sequence of messages from top to bottom is: 1. 'pay_monthlybycash(account number, amount)' from 'Registered Customer' to 'Cashier_terminal'. 2. 'Credit_bill(account number, amount)' from 'Cashier_terminal' to 'Gas Station'. 3. 'IsClientRegistered(account number)' as a self-message on 'Gas Station'. 4. 'get_bill()' from 'Gas Station' to 'Bill'. 5. 'update_bill(amount, payment date)' from 'Gas Station' to 'Bill', with a condition note '[information is ok]' on the 'Gas Station' lifeline. 6. 'display_message(text)' from 'Gas Station' to 'Cashier_terminal'.

The figure above shows the first draft of a sequence diagram for the gas station system.

31. TRUE or FALSE: A “Cashier_terminal” object will send a “credit_bill” method only after having received a pay_monthlybycash method.",,"[
  {
    ""role"": ""sentence"",
    ""segment"": ""TRUE"",
    ""citations"": [
      {
        ""type"": ""source_text"",
        ""content"": ""1. 'pay_monthlybycash(account number, amount)' from 'Registered Customer' to 'Cashier_terminal'."",
        ""img_id"": null
      },
      {
        ""type"": ""source_text"",
        ""content"": ""2. 'Credit_bill(account number, amount)' from 'Cashier_terminal' to 'Gas Station'."",
        ""img_id"": null
      }
    ],
    ""type"": null
  }
]",The chatbot can't answer this question. Please try again with another question.,0.631,18.11
"The following questions are in reference to a hypothetical “Gas Station Control System” (or GSCS) that will be used to help manage an American-style gasoline or service station. Our hypothetical gas station basically pr ovides two services:
• There is a small store that carries car parts. Inside the store is at least one cash register, operated by a cashier who is an employee of the gas station.
• There are a number of gas pumps, at which customers can park their cars, interact with the system to pay via credit card, and then pump their own gas. Alternatively, the customer can pay for his or her gas via cash or credit card by going into the store and paying directly to the cashier.
Thus the GSCS has two main classes of users. The first is the cashier, who uses the GSCS to record purchases of car parts by customers. The GSCS must allow the cashier to enter the type and number of parts purchased, then compute the total purchase price and handle the payment. Customers purchasing gasoline are the second type of user. These customers interface with the system at the gas pump, by specifying the amount and type of gas they will buy, paying either at the pump or to the cashier, and then pumping the gas themselves.
The system also has to interact with other automated systems to perform its tasks. For example, in order to accept credit card payments, the GSCS must interface with a system maintained by the credit card company. The credit card system is responsible for checking that the customer's account is in good standing and can accommodate the amount of the purchase, and for debiting the customer's account and eventually reimbursing the gas station. The operation of these external systems is beyond the scope of the GSCS, although the GSCS needs to know how the external systems will communicate the success or failure of their tasks.
The first step that the development team decides to undertake is to create a requirements document to describe the system.

Once the conceptual design is finished, the team undertakes an internal review before sending it to the gas station owner.

32. The first draft of the conceptual design has the following characteristics. Which are NOT appropriate?
a. It is written in a formal design notation, so that functionality can be specified as precisely as possible.
b. It makes multiple references to the requirements document, in order to provide the reason for including certain system components.
c. It uses some of the built - in features of C++, in order to bette r make the argument for choosing this language for use in the implementation.
d. a and b
e. a and c
f. b and c
g. a, b, and c",,"[
  {
    ""role"": ""paragraph"",
    ""segment"": ""The chatbot can't answer this question. Please try again with another question."",
    ""citations"": [],
    ""type"": ""abstained""
  }
]",The chatbot can't answer this question. Please try again with another question.,0.465,24.424
"The following questions are in reference to a hypothetical “Gas Station Control System” (or GSCS) that will be used to help manage an American-style gasoline or service station. Our hypothetical gas station basically pr ovides two services:
• There is a small store that carries car parts. Inside the store is at least one cash register, operated by a cashier who is an employee of the gas station.
• There are a number of gas pumps, at which customers can park their cars, interact with the system to pay via credit card, and then pump their own gas. Alternatively, the customer can pay for his or her gas via cash or credit card by going into the store and paying directly to the cashier.
Thus the GSCS has two main classes of users. The first is the cashier, who uses the GSCS to record purchases of car parts by customers. The GSCS must allow the cashier to enter the type and number of parts purchased, then compute the total purchase price and handle the payment. Customers purchasing gasoline are the second type of user. These customers interface with the system at the gas pump, by specifying the amount and type of gas they will buy, paying either at the pump or to the cashier, and then pumping the gas themselves.
The system also has to interact with other automated systems to perform its tasks. For example, in order to accept credit card payments, the GSCS must interface with a system maintained by the credit card company. The credit card system is responsible for checking that the customer's account is in good standing and can accommodate the amount of the purchase, and for debiting the customer's account and eventually reimbursing the gas station. The operation of these external systems is beyond the scope of the GSCS, although the GSCS needs to know how the external systems will communicate the success or failure of their tasks.
The first step that the development team decides to undertake is to create a requirements document to describe the system.

Once the conceptual design is finished, the team undertakes an internal review before sending it to the gas station owner.

33. One problem found during design review was that functionality was omitted from the design, even though it was included in the requirements. To avoid this problem in the future, the development team should consider:
a. Choosing an improved notation for the design.
b. Adding configuration management to validate the requirements.
c. Investing more time in understanding the user's requirements.",,"[
  {
    ""role"": ""sentence"",
    ""segment"": ""c. Investing more time in understanding the user's requirements."",
    ""citations"": [
      {
        ""type"": ""source_text"",
        ""content"": ""c. Investing more time in understanding the user's requirements."",
        ""img_id"": null
      }
    ],
    ""type"": null
  }
]",The chatbot can't answer this question. Please try again with another question.,2.175,11.124
"The following questions are in reference to a hypothetical “Gas Station Control System” (or GSCS) that will be used to help manage an American-style gasoline or service station. Our hypothetical gas station basically pr ovides two services:
• There is a small store that carries car parts. Inside the store is at least one cash register, operated by a cashier who is an employee of the gas station.
• There are a number of gas pumps, at which customers can park their cars, interact with the system to pay via credit card, and then pump their own gas. Alternatively, the customer can pay for his or her gas via cash or credit card by going into the store and paying directly to the cashier.
Thus the GSCS has two main classes of users. The first is the cashier, who uses the GSCS to record purchases of car parts by customers. The GSCS must allow the cashier to enter the type and number of parts purchased, then compute the total purchase price and handle the payment. Customers purchasing gasoline are the second type of user. These customers interface with the system at the gas pump, by specifying the amount and type of gas they will buy, paying either at the pump or to the cashier, and then pumping the gas themselves.
The system also has to interact with other automated systems to perform its tasks. For example, in order to accept credit card payments, the GSCS must interface with a system maintained by the credit card company. The credit card system is responsible for checking that the customer's account is in good standing and can accommodate the amount of the purchase, and for debiting the customer's account and eventually reimbursing the gas station. The operation of these external systems is beyond the scope of the GSCS, although the GSCS needs to know how the external systems will communicate the success or failure of their tasks.
The first step that the development team decides to undertake is to create a requirements document to describe the system.

Based on the conceptual design, the gas station owner responds with some critiques of the user interface.

34. The main critique is that it will be hard for the cashiers to learn the system because each screen is laid out differently. For example, on the cashier's ini tial screen the options are laid out across the bottom. But when the cashier is inputting data about the purchase of car parts, the cashier's options are on the left side of the screen from top to bottom, which is confusing. What the owner is really sayi ng is that the system needs a consistent:
a. Metaphor
b. Mental model
c. Navigation rule
d. Look
e. Feel",,"[
  {
    ""role"": ""paragraph"",
    ""segment"": ""d. Look"",
    ""citations"": [
      {
        ""type"": ""source_text"",
        ""content"": ""The main critique is that it will be hard for the cashiers to learn the system because each screen is laid out differently."",
        ""img_id"": null
      }
    ],
    ""type"": null
  }
]",The chatbot can't answer this question. Please try again with another question.,0.968,35.601
"The following questions are in reference to a hypothetical “Gas Station Control System” (or GSCS) that will be used to help manage an American-style gasoline or service station. Our hypothetical gas station basically pr ovides two services:
• There is a small store that carries car parts. Inside the store is at least one cash register, operated by a cashier who is an employee of the gas station.
• There are a number of gas pumps, at which customers can park their cars, interact with the system to pay via credit card, and then pump their own gas. Alternatively, the customer can pay for his or her gas via cash or credit card by going into the store and paying directly to the cashier.
Thus the GSCS has two main classes of users. The first is the cashier, who uses the GSCS to record purchases of car parts by customers. The GSCS must allow the cashier to enter the type and number of parts purchased, then compute the total purchase price and handle the payment. Customers purchasing gasoline are the second type of user. These customers interface with the system at the gas pump, by specifying the amount and type of gas they will buy, paying either at the pump or to the cashier, and then pumping the gas themselves.
The system also has to interact with other automated systems to perform its tasks. For example, in order to accept credit card payments, the GSCS must interface with a system maintained by the credit card company. The credit card system is responsible for checking that the customer's account is in good standing and can accommodate the amount of the purchase, and for debiting the customer's account and eventually reimbursing the gas station. The operation of these external systems is beyond the scope of the GSCS, although the GSCS needs to know how the external systems will communicate the success or failure of their tasks.
The first step that the development team decides to undertake is to create a requirements document to describe the system.

The development team has decided to divide the system into three subsystems:
• A gas purchase subsystem, that takes care of customer interaction with the gas pumps;
• A cashier subsystem, that interacts with the cashier to accept payment for the purchase of car parts and gasoline;
• A tracking subsystem, that logs all purchases and tracks the inventory remaining .
Each of these subsystems is expected to be a relatively c omplicated system in its own right, but this design was chosen to minimize the communication among subsystems. Both the gas purchase and cashier subsystems will communicate with the tracking subsystem, but not with each other.

35. Which of the following best describes the design at this level of abstraction?
a. High coupling, high cohesion
b. High coupling, low cohesion
c. Low coupling, high cohesion
d. Low coupling, low cohesion",,"[
  {
    ""role"": ""paragraph"",
    ""segment"": ""c. Low coupling, high cohesion."",
    ""citations"": [
      {
        ""type"": ""source_text"",
        ""content"": ""Each of these subsystems is expected to be a relatively c omplicated system in its own right, but this design was chosen to minimize the communication among subsystems."",
        ""img_id"": null
      },
      {
        ""type"": ""source_text"",
        ""content"": ""Both the gas purchase and cashier subsystems will communicate with the tracking subsystem, but not with each other."",
        ""img_id"": null
      }
    ],
    ""type"": null
  }
]",The chatbot can't answer this question. Please try again with another question.,0.599,20.093
"The following questions are in reference to a hypothetical “Gas Station Control System” (or GSCS) that will be used to help manage an American-style gasoline or service station. Our hypothetical gas station basically pr ovides two services:
• There is a small store that carries car parts. Inside the store is at least one cash register, operated by a cashier who is an employee of the gas station.
• There are a number of gas pumps, at which customers can park their cars, interact with the system to pay via credit card, and then pump their own gas. Alternatively, the customer can pay for his or her gas via cash or credit card by going into the store and paying directly to the cashier.
Thus the GSCS has two main classes of users. The first is the cashier, who uses the GSCS to record purchases of car parts by customers. The GSCS must allow the cashier to enter the type and number of parts purchased, then compute the total purchase price and handle the payment. Customers purchasing gasoline are the second type of user. These customers interface with the system at the gas pump, by specifying the amount and type of gas they will buy, paying either at the pump or to the cashier, and then pumping the gas themselves.
The system also has to interact with other automated systems to perform its tasks. For example, in order to accept credit card payments, the GSCS must interface with a system maintained by the credit card company. The credit card system is responsible for checking that the customer's account is in good standing and can accommodate the amount of the purchase, and for debiting the customer's account and eventually reimbursing the gas station. The operation of these external systems is beyond the scope of the GSCS, although the GSCS needs to know how the external systems will communicate the success or failure of their tasks.
The first step that the development team decides to undertake is to create a requirements document to describe the system.

The development team has decided to divide the system into three subsystems:
• A gas purchase subsystem, that takes care of customer interaction with the gas pumps;
• A cashier subsystem, that interacts with the cashier to accept payment for the purchase of car parts and gasoline;
• A tracking subsystem, that logs all purchases and tracks the inventory remaining .
Each of these subsystems is expected to be a relatively c omplicated system in its own right, but this design was chosen to minimize the communication among subsystems. Both the gas purchase and cashier subsystems will communicate with the tracking subsystem, but not with each other.

36. TRUE or FALSE: The above combination of coupling and cohesion will make programming and mai ntenance easier than if the system had been designed otherwise.",,"[
  {
    ""role"": ""sentence"",
    ""segment"": ""True"",
    ""citations"": [
      {
        ""type"": ""source_text"",
        ""content"": ""but this design was chosen to minimize the communication among subsystems."",
        ""img_id"": null
      }
    ],
    ""type"": null
  }
]",The chatbot can't answer this question. Please try again with another question.,0.772,24.297
"The following questions are in reference to a hypothetical “Gas Station Control System” (or GSCS) that will be used to help manage an American-style gasoline or service station. Our hypothetical gas station basically pr ovides two services:
• There is a small store that carries car parts. Inside the store is at least one cash register, operated by a cashier who is an employee of the gas station.
• There are a number of gas pumps, at which customers can park their cars, interact with the system to pay via credit card, and then pump their own gas. Alternatively, the customer can pay for his or her gas via cash or credit card by going into the store and paying directly to the cashier.
Thus the GSCS has two main classes of users. The first is the cashier, who uses the GSCS to record purchases of car parts by customers. The GSCS must allow the cashier to enter the type and number of parts purchased, then compute the total purchase price and handle the payment. Customers purchasing gasoline are the second type of user. These customers interface with the system at the gas pump, by specifying the amount and type of gas they will buy, paying either at the pump or to the cashier, and then pumping the gas themselves.
The system also has to interact with other automated systems to perform its tasks. For example, in order to accept credit card payments, the GSCS must interface with a system maintained by the credit card company. The credit card system is responsible for checking that the customer's account is in good standing and can accommodate the amount of the purchase, and for debiting the customer's account and eventually reimbursing the gas station. The operation of these external systems is beyond the scope of the GSCS, although the GSCS needs to know how the external systems will communicate the success or failure of their tasks.
The first step that the development team decides to undertake is to create a requirements document to describe the system.

The development team has decided to divide the system into three subsystems:
• A gas purchase subsystem, that takes care of customer interaction with the gas pumps;
• A cashier subsystem, that interacts with the cashier to accept payment for the purchase of car parts and gasoline;
• A tracking subsystem, that logs all purchases and tracks the inventory remaining .
Each of these subsystems is expected to be a relatively c omplicated system in its own right, but this design was chosen to minimize the communication among subsystems. Both the gas purchase and cashier subsystems will communicate with the tracking subsystem, but not with each other.

37. In the initial design, the gas purchase subsystem is assumed to handle all of the details of the purchase, and need send only a record containing the amount of gas purchased, purchase price, and time of purchase to the tracking subsystem. The relationship between the gas purchase subsystem and the tracking subsystem is best described as:
a. Content coupled
b. Control coupled
c. Stamp coupled
d. Logically cohesive
e. Temporally cohesive
f. Functionally cohesive",,"[
  {
    ""role"": ""sentence"",
    ""segment"": ""c. Stamp coupled"",
    ""citations"": [
      {
        ""type"": ""source_text"",
        ""content"": ""In the initial design, the gas purchase subsystem is assumed to handle all of the details of the purchase, and need send only a record containing the amount of gas purchased, purchase price, and time of purchase to the tracking subsystem."",
        ""img_id"": null
      }
    ],
    ""type"": null
  }
]",The chatbot can't answer this question. Please try again with another question.,0.564,23.605
"The following questions are in reference to a hypothetical “Gas Station Control System” (or GSCS) that will be used to help manage an American-style gasoline or service station. Our hypothetical gas station basically pr ovides two services:
• There is a small store that carries car parts. Inside the store is at least one cash register, operated by a cashier who is an employee of the gas station.
• There are a number of gas pumps, at which customers can park their cars, interact with the system to pay via credit card, and then pump their own gas. Alternatively, the customer can pay for his or her gas via cash or credit card by going into the store and paying directly to the cashier.
Thus the GSCS has two main classes of users. The first is the cashier, who uses the GSCS to record purchases of car parts by customers. The GSCS must allow the cashier to enter the type and number of parts purchased, then compute the total purchase price and handle the payment. Customers purchasing gasoline are the second type of user. These customers interface with the system at the gas pump, by specifying the amount and type of gas they will buy, paying either at the pump or to the cashier, and then pumping the gas themselves.
The system also has to interact with other automated systems to perform its tasks. For example, in order to accept credit card payments, the GSCS must interface with a system maintained by the credit card company. The credit card system is responsible for checking that the customer's account is in good standing and can accommodate the amount of the purchase, and for debiting the customer's account and eventually reimbursing the gas station. The operation of these external systems is beyond the scope of the GSCS, although the GSCS needs to know how the external systems will communicate the success or failure of their tasks.
The first step that the development team decides to undertake is to create a requirements document to describe the system.

The development team has decided to divide the system into three subsystems:
• A gas purchase subsystem, that takes care of customer interaction with the gas pumps;
• A cashier subsystem, that interacts with the cashier to accept payment for the purchase of car parts and gasoline;
• A tracking subsystem, that logs all purchases and tracks the inventory remaining .
Each of these subsystems is expected to be a relatively c omplicated system in its own right, but this design was chosen to minimize the communication among subsystems. Both the gas purchase and cashier subsystems will communicate with the tracking subsystem, but not with each other.

38. The team leader realizes the team does not have much experience building systems able to handle concurrency, as the gas purchase subsystem will have to do. He therefore decides that the best way to proceed will be for the team to develop a basic design for the subsystem that demonstrates that concurrency can be handled, but does not include the full range of customer functionality. The full range of functionality can be added once the team is sure they have achieved an adequate design for handling concu rrency. This strategy is an example of:
a. A prototype design
b. A throwaway prototype
c. Fault - tree analysis
d. Design by contract",,"[
  {
    ""role"": ""paragraph"",
    ""segment"": ""a. A prototype design"",
    ""citations"": [
      {
        ""type"": ""source_text"",
        ""content"": ""The best way to proceed will be for the team to develop a basic design for the subsystem that demonstrates that concurrency can be handled, but does not include the full range of customer functionality."",
        ""img_id"": null
      }
    ],
    ""type"": null
  }
]",The chatbot can't answer this question. Please try again with another question.,0.5,16.62
"The following questions are in reference to a hypothetical “Gas Station Control System” (or GSCS) that will be used to help manage an American-style gasoline or service station. Our hypothetical gas station basically pr ovides two services:
• There is a small store that carries car parts. Inside the store is at least one cash register, operated by a cashier who is an employee of the gas station.
• There are a number of gas pumps, at which customers can park their cars, interact with the system to pay via credit card, and then pump their own gas. Alternatively, the customer can pay for his or her gas via cash or credit card by going into the store and paying directly to the cashier.
Thus the GSCS has two main classes of users. The first is the cashier, who uses the GSCS to record purchases of car parts by customers. The GSCS must allow the cashier to enter the type and number of parts purchased, then compute the total purchase price and handle the payment. Customers purchasing gasoline are the second type of user. These customers interface with the system at the gas pump, by specifying the amount and type of gas they will buy, paying either at the pump or to the cashier, and then pumping the gas themselves.
The system also has to interact with other automated systems to perform its tasks. For example, in order to accept credit card payments, the GSCS must interface with a system maintained by the credit card company. The credit card system is responsible for checking that the customer's account is in good standing and can accommodate the amount of the purchase, and for debiting the customer's account and eventually reimbursing the gas station. The operation of these external systems is beyond the scope of the GSCS, although the GSCS needs to know how the external systems will communicate the success or failure of their tasks.
The first step that the development team decides to undertake is to create a requirements document to describe the system.

The development team has decided to divide the system into three subsystems:
• A gas purchase subsystem, that takes care of customer interaction with the gas pumps;
• A cashier subsystem, that interacts with the cashier to accept payment for the purchase of car parts and gasoline;
• A tracking subsystem, that logs all purchases and tracks the inventory remaining .
Each of these subsystems is expected to be a relatively c omplicated system in its own right, but this design was chosen to minimize the communication among subsystems. Both the gas purchase and cashier subsystems will communicate with the tracking subsystem, but not with each other.

39. The gas purchase subsystem needs to be able to handle the situation in which the customer pays by credit card, but the remote system t hat validates the credit card information is unreachable, perhaps because of a temporary network failure. This situation is an example of:
a. An exception
b. A fault
c. A failure",,"[
  {
    ""role"": ""paragraph"",
    ""segment"": ""The chatbot can't answer this question. Please try again with another question."",
    ""citations"": [],
    ""type"": ""abstained""
  }
]",The chatbot can't answer this question. Please try again with another question.,0.722,16.057
"The following questions are in reference to a hypothetical “Gas Station Control System” (or GSCS) that will be used to help manage an American-style gasoline or service station. Our hypothetical gas station basically pr ovides two services:
• There is a small store that carries car parts. Inside the store is at least one cash register, operated by a cashier who is an employee of the gas station.
• There are a number of gas pumps, at which customers can park their cars, interact with the system to pay via credit card, and then pump their own gas. Alternatively, the customer can pay for his or her gas via cash or credit card by going into the store and paying directly to the cashier.
Thus the GSCS has two main classes of users. The first is the cashier, who uses the GSCS to record purchases of car parts by customers. The GSCS must allow the cashier to enter the type and number of parts purchased, then compute the total purchase price and handle the payment. Customers purchasing gasoline are the second type of user. These customers interface with the system at the gas pump, by specifying the amount and type of gas they will buy, paying either at the pump or to the cashier, and then pumping the gas themselves.
The system also has to interact with other automated systems to perform its tasks. For example, in order to accept credit card payments, the GSCS must interface with a system maintained by the credit card company. The credit card system is responsible for checking that the customer's account is in good standing and can accommodate the amount of the purchase, and for debiting the customer's account and eventually reimbursing the gas station. The operation of these external systems is beyond the scope of the GSCS, although the GSCS needs to know how the external systems will communicate the success or failure of their tasks.
The first step that the development team decides to undertake is to create a requirements document to describe the system.

The development team has decided to divide the system into three subsystems:
• A gas purchase subsystem, that takes care of customer interaction with the gas pumps;
• A cashier subsystem, that interacts with the cashier to accept payment for the purchase of car parts and gasoline;
• A tracking subsystem, that logs all purchases and tracks the inventory remaining .
Each of these subsystems is expected to be a relatively c omplicated system in its own right, but this design was chosen to minimize the communication among subsystems. Both the gas purchase and cashier subsystems will communicate with the tracking subsystem, but not with each other.

40. It would be reasonable to design the system so that, the first time the situation de scribed in question 39 occurs, the system responds by:
a. Retrying
b. Correcting
c. Reporting
d. Active fault detection
e. Passive fault detection",,"[
  {
    ""role"": ""paragraph"",
    ""segment"": ""The chatbot can't answer this question. Please try again with another question."",
    ""citations"": [],
    ""type"": ""abstained""
  }
]",The chatbot can't answer this question. Please try again with another question.,0.626,17.172
"The following questions are in reference to a hypothetical “Gas Station Control System” (or GSCS) that will be used to help manage an American-style gasoline or service station. Our hypothetical gas station basically pr ovides two services:
• There is a small store that carries car parts. Inside the store is at least one cash register, operated by a cashier who is an employee of the gas station.
• There are a number of gas pumps, at which customers can park their cars, interact with the system to pay via credit card, and then pump their own gas. Alternatively, the customer can pay for his or her gas via cash or credit card by going into the store and paying directly to the cashier.
Thus the GSCS has two main classes of users. The first is the cashier, who uses the GSCS to record purchases of car parts by customers. The GSCS must allow the cashier to enter the type and number of parts purchased, then compute the total purchase price and handle the payment. Customers purchasing gasoline are the second type of user. These customers interface with the system at the gas pump, by specifying the amount and type of gas they will buy, paying either at the pump or to the cashier, and then pumping the gas themselves.
The system also has to interact with other automated systems to perform its tasks. For example, in order to accept credit card payments, the GSCS must interface with a system maintained by the credit card company. The credit card system is responsible for checking that the customer's account is in good standing and can accommodate the amount of the purchase, and for debiting the customer's account and eventually reimbursing the gas station. The operation of these external systems is beyond the scope of the GSCS, although the GSCS needs to know how the external systems will communicate the success or failure of their tasks.
The first step that the development team decides to undertake is to create a requirements document to describe the system.

41. TRUE or FALSE: The team lead has monitored several design metrics over the course of the desig n effort. As the design seems to be nearing completion, he reviews his notes and notices that the metric for “weighted methods per class” for class “Parking” has increased from 6 to 12, at the start of the detailed design phase. The next step should be to split “Parking” into several classes, each with fewer methods.",,"[
  {
    ""role"": ""paragraph"",
    ""segment"": ""The chatbot can't answer this question. Please try again with another question."",
    ""citations"": [],
    ""type"": ""abstained""
  }
]",The chatbot can't answer this question. Please try again with another question.,0.506,8.575
"The following questions are in reference to a hypothetical “Gas Station Control System” (or GSCS) that will be used to help manage an American-style gasoline or service station. Our hypothetical gas station basically pr ovides two services:
• There is a small store that carries car parts. Inside the store is at least one cash register, operated by a cashier who is an employee of the gas station.
• There are a number of gas pumps, at which customers can park their cars, interact with the system to pay via credit card, and then pump their own gas. Alternatively, the customer can pay for his or her gas via cash or credit card by going into the store and paying directly to the cashier.
Thus the GSCS has two main classes of users. The first is the cashier, who uses the GSCS to record purchases of car parts by customers. The GSCS must allow the cashier to enter the type and number of parts purchased, then compute the total purchase price and handle the payment. Customers purchasing gasoline are the second type of user. These customers interface with the system at the gas pump, by specifying the amount and type of gas they will buy, paying either at the pump or to the cashier, and then pumping the gas themselves.
The system also has to interact with other automated systems to perform its tasks. For example, in order to accept credit card payments, the GSCS must interface with a system maintained by the credit card company. The credit card system is responsible for checking that the customer's account is in good standing and can accommodate the amount of the purchase, and for debiting the customer's account and eventually reimbursing the gas station. The operation of these external systems is beyond the scope of the GSCS, although the GSCS needs to know how the external systems will communicate the success or failure of their tasks.
The first step that the development team decides to undertake is to create a requirements document to describe the system.

After more work has been done on the design, the team leader decides it is time to hold a program design review.

42. After more work has been done on the design, the team leader decides it is time to hold a program design review. Which of the following need NOT be invited?
a. The requirements analysts
b. The deve lopers
c. The gas station owner
d. a and b
e. a and c
f. b and c
g. a, b, and c",,"[
  {
    ""role"": ""paragraph"",
    ""segment"": ""The chatbot can't answer this question. Please try again with another question."",
    ""citations"": [],
    ""type"": ""abstained""
  }
]",The chatbot can't answer this question. Please try again with another question.,0.688,19.658
"The following questions are in reference to a hypothetical “Gas Station Control System” (or GSCS) that will be used to help manage an American-style gasoline or service station. Our hypothetical gas station basically pr ovides two services:
• There is a small store that carries car parts. Inside the store is at least one cash register, operated by a cashier who is an employee of the gas station.
• There are a number of gas pumps, at which customers can park their cars, interact with the system to pay via credit card, and then pump their own gas. Alternatively, the customer can pay for his or her gas via cash or credit card by going into the store and paying directly to the cashier.
Thus the GSCS has two main classes of users. The first is the cashier, who uses the GSCS to record purchases of car parts by customers. The GSCS must allow the cashier to enter the type and number of parts purchased, then compute the total purchase price and handle the payment. Customers purchasing gasoline are the second type of user. These customers interface with the system at the gas pump, by specifying the amount and type of gas they will buy, paying either at the pump or to the cashier, and then pumping the gas themselves.
The system also has to interact with other automated systems to perform its tasks. For example, in order to accept credit card payments, the GSCS must interface with a system maintained by the credit card company. The credit card system is responsible for checking that the customer's account is in good standing and can accommodate the amount of the purchase, and for debiting the customer's account and eventually reimbursing the gas station. The operation of these external systems is beyond the scope of the GSCS, although the GSCS needs to know how the external systems will communicate the success or failure of their tasks.
The first step that the development team decides to undertake is to create a requirements document to describe the system.

After more work has been done on the design, the team leader decides it is time to hold a program design review.

43. Which of the following items of information are NOT appropriate for inclusion in the final design?
a. The maximum cost the gas station owner is willing to pay for the system
b. The layout of the c ashier's screen
c. The general layout of the network that supports communication within and among subsystems
d. None of the above (all are appropriate)
e. a and b
f. a and c
g. b and c
h. a, b, and c",,"[
  {
    ""role"": ""paragraph"",
    ""segment"": ""d. None of the above (all are appropriate)"",
    ""citations"": [],
    ""type"": null
  }
]",d. None of the above (all are appropriate),0.713,24.496
"The following questions are in reference to a hypothetical “Gas Station Control System” (or GSCS) that will be used to help manage an American-style gasoline or service station. Our hypothetical gas station basically pr ovides two services:
• There is a small store that carries car parts. Inside the store is at least one cash register, operated by a cashier who is an employee of the gas station.
• There are a number of gas pumps, at which customers can park their cars, interact with the system to pay via credit card, and then pump their own gas. Alternatively, the customer can pay for his or her gas via cash or credit card by going into the store and paying directly to the cashier.
Thus the GSCS has two main classes of users. The first is the cashier, who uses the GSCS to record purchases of car parts by customers. The GSCS must allow the cashier to enter the type and number of parts purchased, then compute the total purchase price and handle the payment. Customers purchasing gasoline are the second type of user. These customers interface with the system at the gas pump, by specifying the amount and type of gas they will buy, paying either at the pump or to the cashier, and then pumping the gas themselves.
The system also has to interact with other automated systems to perform its tasks. For example, in order to accept credit card payments, the GSCS must interface with a system maintained by the credit card company. The credit card system is responsible for checking that the customer's account is in good standing and can accommodate the amount of the purchase, and for debiting the customer's account and eventually reimbursing the gas station. The operation of these external systems is beyond the scope of the GSCS, although the GSCS needs to know how the external systems will communicate the success or failure of their tasks.
The first step that the development team decides to undertake is to create a requirements document to describe the system.

After more work has been done on the design, the team leader decides it is time to hold a program design review.

44. Which of the following items of information are NOT appropriate for inclu sion in the final design?
a. The maximum amount of time the cashier can be made to wait for a response from the system.
b. How the record of each day's transactions will be archived.
c. What happens if the network connections to any of the gas pumps are severed.
d. None of the above (all are appropriate)
e. a and b
f. a and c
g. b and c
h. a, b, and c",,"[
    {
        ""role"": ""paragraph"",
        ""segment"": ""The chatbot can't answer this question. Please try again with another question."",
        ""citations"": [],
        ""type"": ""abstained""
    }
    ]",The chatbot can't answer this question. Please try again with another question.,0.601,10.023
"The following questions are in reference to a hypothetical ""Gas Station Control System"" (or GSCS) that will be used to help manage an American-style gasoline or service station. Our hypothetical gas station basically provides two services:
• There is a small store that carries car parts. Inside the store is at least one cash register, operated by a cashier who is an employee of the
gas station.
• There are a number of gas pumps, at which customers can park their cars, interact with the system to pay via credit card, and then pump their own gas. Alternatively, the customer can pay for his or her gas via cash or credit card by going into the store and paying directly to the cashier.

Thus the GSCS has two main classes of users. The first is the cashier, who uses the GSCS to record purchases of car parts by customers. The GSCS must allow the cashier to enter the type and number of parts purchased, then compute the total
purchase price and handle the payment. Customers purchasing gasoline are the second type of user. These customers interface with the system at the gas pump, by specifying the amount and type of gas they will buy, paying either at the pump or to the cashier, and then pumping the gas themselves.
The system also has to interact with other automated systems to perform its tasks. For example, in order to accept credit card payments, the GSCS must interface with a system maintained by the credit card company. The credit card
system is responsible for checking that the customer's account is in good standing and can accommodate the amount of the purchase, and for debiting the customer's account and eventually reimbursing the gas station. The operation of
these external systems is beyond the scope of the GSCS, although the GSCS needs to know how the external systems will communicate the success or failure of their tasks.
The team has finished the design of the system and has begun coding.

1. Danielle, the development team leader for the GSCS, has decided to emphasize the use of corporate software guidelines. Which of the following statements best describe the benefits the team might expect from documenting the code and making it readable?
a. The documentation improves the efficiency of the code.
b. The documentation provides traceability to design components.
c. The documentation improves the organization of the code.
d. a, b, and c
e. a and b only
f. b and c only",,"[
  {
    ""role"": ""paragraph"",
    ""segment"": ""The chatbot can't answer this question. Please try again with another question."",
    ""citations"": [],
    ""type"": ""abstained""
  }
]",The chatbot can't answer this question. Please try again with another question.,0.809,8.224
"The following questions are in reference to a hypothetical ""Gas Station Control System"" (or GSCS) that will be used to help manage an American-style gasoline or service station. Our hypothetical gas station basically provides two services:
• There is a small store that carries car parts. Inside the store is at least one cash register, operated by a cashier who is an employee of the
gas station.
• There are a number of gas pumps, at which customers can park their cars, interact with the system to pay via credit card, and then pump their own gas. Alternatively, the customer can pay for his or her gas via cash or credit card by going into the store and paying directly to the cashier.

Thus the GSCS has two main classes of users. The first is the cashier, who uses the GSCS to record purchases of car parts by customers. The GSCS must allow the cashier to enter the type and number of parts purchased, then compute the total
purchase price and handle the payment. Customers purchasing gasoline are the second type of user. These customers interface with the system at the gas pump, by specifying the amount and type of gas they will buy, paying either at the pump or to the cashier, and then pumping the gas themselves.
The system also has to interact with other automated systems to perform its tasks. For example, in order to accept credit card payments, the GSCS must interface with a system maintained by the credit card company. The credit card
system is responsible for checking that the customer's account is in good standing and can accommodate the amount of the purchase, and for debiting the customer's account and eventually reimbursing the gas station. The operation of
these external systems is beyond the scope of the GSCS, although the GSCS needs to know how the external systems will communicate the success or failure of their tasks.
The team has finished the design of the system and has begun coding.

2. Which of the following statements does NOT describe a reasonable rationale for passing a variable by reference to a function?
a. The changes to the variable values are needed after the function terminates and the variable size is small.
b. The changes to the variable values are not needed after the function terminates and the variable size is small.
c. The changes to the variable values are needed after the function terminates and the variable size is large.
d. The changes to the variable values are not needed after the function terminates and the variable size is large.",,"[
  {
    ""role"": ""paragraph"",
    ""segment"": ""The chatbot can't answer this question. Please try again with another question."",
    ""citations"": [],
    ""type"": ""abstained""
  }
]",The chatbot can't answer this question. Please try again with another question.,0.681,14.138
"The following questions are in reference to a hypothetical ""Gas Station Control System"" (or GSCS) that will be used to help manage an American-style gasoline or service station. Our hypothetical gas station basically provides two services:
• There is a small store that carries car parts. Inside the store is at least one cash register, operated by a cashier who is an employee of the
gas station.
• There are a number of gas pumps, at which customers can park their cars, interact with the system to pay via credit card, and then pump their own gas. Alternatively, the customer can pay for his or her gas via cash or credit card by going into the store and paying directly to the cashier.

Thus the GSCS has two main classes of users. The first is the cashier, who uses the GSCS to record purchases of car parts by customers. The GSCS must allow the cashier to enter the type and number of parts purchased, then compute the total
purchase price and handle the payment. Customers purchasing gasoline are the second type of user. These customers interface with the system at the gas pump, by specifying the amount and type of gas they will buy, paying either at the pump or to the cashier, and then pumping the gas themselves.
The system also has to interact with other automated systems to perform its tasks. For example, in order to accept credit card payments, the GSCS must interface with a system maintained by the credit card company. The credit card
system is responsible for checking that the customer's account is in good standing and can accommodate the amount of the purchase, and for debiting the customer's account and eventually reimbursing the gas station. The operation of
these external systems is beyond the scope of the GSCS, although the GSCS needs to know how the external systems will communicate the success or failure of their tasks.
The team has finished the design of the system and has begun coding.

3. A function with an input domain of the set of all real numbers is tested with sets of positive integers, negative integers and 0. In all of the tests, the function performs properly. It is safe to assume that the function has been tested thoroughly and will perform properly. (TRUE/FALSE)",,"[
  {
    ""role"": ""paragraph"",
    ""segment"": ""The chatbot can't answer this question. Please try again with another question."",
    ""citations"": [],
    ""type"": ""abstained""
  }
]",The chatbot can't answer this question. Please try again with another question.,1.012,14.77
"The following questions are in reference to a hypothetical ""Gas Station Control System"" (or GSCS) that will be used to help manage an American-style gasoline or service station. Our hypothetical gas station basically provides two services:
• There is a small store that carries car parts. Inside the store is at least one cash register, operated by a cashier who is an employee of the
gas station.
• There are a number of gas pumps, at which customers can park their cars, interact with the system to pay via credit card, and then pump their own gas. Alternatively, the customer can pay for his or her gas via cash or credit card by going into the store and paying directly to the cashier.

Thus the GSCS has two main classes of users. The first is the cashier, who uses the GSCS to record purchases of car parts by customers. The GSCS must allow the cashier to enter the type and number of parts purchased, then compute the total
purchase price and handle the payment. Customers purchasing gasoline are the second type of user. These customers interface with the system at the gas pump, by specifying the amount and type of gas they will buy, paying either at the pump or to the cashier, and then pumping the gas themselves.
The system also has to interact with other automated systems to perform its tasks. For example, in order to accept credit card payments, the GSCS must interface with a system maintained by the credit card company. The credit card
system is responsible for checking that the customer's account is in good standing and can accommodate the amount of the purchase, and for debiting the customer's account and eventually reimbursing the gas station. The operation of
these external systems is beyond the scope of the GSCS, although the GSCS needs to know how the external systems will communicate the success or failure of their tasks.
The team has finished the design of the system and has begun coding.

In the following program fragments from the GSCS, identify violations (if any) of good programming style. Use the following choices in your response: (a) Generality (b) Efficiency (c) Formatting (d) Documentation (e) No violations

4. void PrintPartFile(){
/* Open the parts.dat file. Print each line to standard output. */
/* Close the file. */
ifstream PartFile (""parts.dat"");
char line;
while (PartFile.getline(line,100))
cout << line << "" \n"";
PartFile.close();
}",,"[
    {
        ""role"": ""paragraph"",
        ""segment"": ""The chatbot can't answer this question. Please try again with another question."",
        ""citations"": [],
        ""type"": ""abstained""
    }
]",The chatbot can't answer this question. Please try again with another question.,1.042,11.718
"The following questions are in reference to a hypothetical ""Gas Station Control System"" (or GSCS) that will be used to help manage an American-style gasoline or service station. Our hypothetical gas station basically provides two services:
• There is a small store that carries car parts. Inside the store is at least one cash register, operated by a cashier who is an employee of the
gas station.
• There are a number of gas pumps, at which customers can park their cars, interact with the system to pay via credit card, and then pump their own gas. Alternatively, the customer can pay for his or her gas via cash or credit card by going into the store and paying directly to the cashier.

Thus the GSCS has two main classes of users. The first is the cashier, who uses the GSCS to record purchases of car parts by customers. The GSCS must allow the cashier to enter the type and number of parts purchased, then compute the total
purchase price and handle the payment. Customers purchasing gasoline are the second type of user. These customers interface with the system at the gas pump, by specifying the amount and type of gas they will buy, paying either at the pump or to the cashier, and then pumping the gas themselves.
The system also has to interact with other automated systems to perform its tasks. For example, in order to accept credit card payments, the GSCS must interface with a system maintained by the credit card company. The credit card
system is responsible for checking that the customer's account is in good standing and can accommodate the amount of the purchase, and for debiting the customer's account and eventually reimbursing the gas station. The operation of
these external systems is beyond the scope of the GSCS, although the GSCS needs to know how the external systems will communicate the success or failure of their tasks.
The team has finished the design of the system and has begun coding.

In the following program fragments from the GSCS, identify violations (if any) of good programming style. Use the following choices in your response: (a) Generality (b) Efficiency (c) Formatting (d) Documentation (e) No violations

5. int ValidateParts (PartList &parts, PartList &master){
/* Validate and count the parts in the part list (parts). /
/ If a part in the list (parts) does not exist in the master list, /
/ return -1. /
/ If all parts in the list (parts) exist in the master list, /
/ return the sum of the quantities of each part in the list (parts). */
int total = 0;
for (int i=0; i < parts.getcount(); i++)
if (!master.Exists(parts[i])) return -1;
for (int j=0; j < parts.getcount(); j++)
total += parts[i].getquantity();
return total;
}",,"[
    {
        ""role"": ""sentence"",
        ""segment"": ""The code contains a bug in the second loop: it uses parts[i].getquantity() instead of parts[j].getquantity(), so the index from the first loop is used in the second loop."",
        ""citations"": [
            {
                ""type"": ""source_text"",
                ""content"": ""for (int i=0; i < parts.getcount(); i++)"",
                ""img_id"": null
            },
            {
                ""type"": ""source_text"",
                ""content"": ""for (int j=0; j < parts.getcount(); j++)"",
                ""img_id"": null
            },
            {
                ""type"": ""source_text"",
                ""content"": ""total += parts[i].getquantity();"",
                ""img_id"": null
            }
        ],
        ""type"": null
    }
]",The chatbot can't answer this question. Please try again with another question.,0.623,42.058
"The following questions are in reference to a hypothetical ""Gas Station Control System"" (or GSCS) that will be used to help manage an American-style gasoline or service station. Our hypothetical gas station basically provides two services:
• There is a small store that carries car parts. Inside the store is at least one cash register, operated by a cashier who is an employee of the
gas station.
• There are a number of gas pumps, at which customers can park their cars, interact with the system to pay via credit card, and then pump their own gas. Alternatively, the customer can pay for his or her gas via cash or credit card by going into the store and paying directly to the cashier.

Thus the GSCS has two main classes of users. The first is the cashier, who uses the GSCS to record purchases of car parts by customers. The GSCS must allow the cashier to enter the type and number of parts purchased, then compute the total
purchase price and handle the payment. Customers purchasing gasoline are the second type of user. These customers interface with the system at the gas pump, by specifying the amount and type of gas they will buy, paying either at the pump or to the cashier, and then pumping the gas themselves.
The system also has to interact with other automated systems to perform its tasks. For example, in order to accept credit card payments, the GSCS must interface with a system maintained by the credit card company. The credit card
system is responsible for checking that the customer's account is in good standing and can accommodate the amount of the purchase, and for debiting the customer's account and eventually reimbursing the gas station. The operation of
these external systems is beyond the scope of the GSCS, although the GSCS needs to know how the external systems will communicate the success or failure of their tasks.
The team has finished the design of the system and has begun coding.

In the following program fragments from the GSCS, identify violations (if any) of good programming style. Use the following choices in your response: (a) Generality (b) Efficiency (c) Formatting (d) Documentation (e) No violations

6. const int MAXSALES=100000; /* maximum number of sales stored */
const int MAXNAME=100; /* maximum name size */
struct CashierRecord{
char name[MAXNAME]; /* cashier's name */
float sales[MAXSALES]; /* sales made by the cashier */
int count; /* number of sales stored in the sales array */
} Cashier;
Cashier cashier1;
/* SumSales sums the sales transactions for the cashier. */
/* The return value is the sum of all transactions. */
float SumSales(Cashier c){
float total; /* variable that will store return value */
int i; /* loop counter */
total = 0; /* sum the sales transactions */
for (i=0; i < c.count; i++)
total += c.sales[i];
return total;
}
. . .
int main(){
Cashier cashier1;
. . .
SumSales(cashier1);
. . .
}",,"[
    {
        ""role"": ""paragraph"",
        ""segment"": ""Generality: The code uses fixed-size storage for sales (MAXSALES) and stores them in an array with count, which limits how many sales can be recorded and reduces generality."",
        ""citations"": [
            {
                ""type"": ""source_text"",
                ""content"": ""const int MAXSALES=100000; /* maximum number of sales stored */"",
                ""img_id"": null
            },
            {
                ""type"": ""source_text"",
                ""content"": ""float sales[MAXSALES]; /* sales made by the cashier */"",
                ""img_id"": null
            },
            {
                ""type"": ""source_text"",
                ""content"": ""int count; /* number of sales stored in the sales array */"",
                ""img_id"": null
            }
        ],
        ""type"": null
    },
    {
        ""role"": ""paragraph"",
        ""segment"": ""Efficiency: SumSales is defined to take a Cashier by value (float SumSales(Cashier c)) and is called with a Cashier object, which causes the entire large struct (including the big sales array) to be copied on the call."",
        ""citations"": [
            {
                ""type"": ""source_text"",
                ""content"": ""float SumSales(Cashier c){"",
                ""img_id"": null
            },
            {
                ""type"": ""source_text"",
                ""content"": ""SumSales(cashier1);"",
                ""img_id"": null
            }
        ],
        ""type"": null
    }
]",The chatbot can't answer this question. Please try again with another question.,1.041,32.968
"The following questions are in reference to a hypothetical ""Gas Station Control System"" (or GSCS) that will be used to help manage an American-style gasoline or service station. Our hypothetical gas station basically provides two services:
• There is a small store that carries car parts. Inside the store is at least one cash register, operated by a cashier who is an employee of the
gas station.
• There are a number of gas pumps, at which customers can park their cars, interact with the system to pay via credit card, and then pump their own gas. Alternatively, the customer can pay for his or her gas via cash or credit card by going into the store and paying directly to the cashier.

Thus the GSCS has two main classes of users. The first is the cashier, who uses the GSCS to record purchases of car parts by customers. The GSCS must allow the cashier to enter the type and number of parts purchased, then compute the total
purchase price and handle the payment. Customers purchasing gasoline are the second type of user. These customers interface with the system at the gas pump, by specifying the amount and type of gas they will buy, paying either at the pump or to the cashier, and then pumping the gas themselves.
The system also has to interact with other automated systems to perform its tasks. For example, in order to accept credit card payments, the GSCS must interface with a system maintained by the credit card company. The credit card
system is responsible for checking that the customer's account is in good standing and can accommodate the amount of the purchase, and for debiting the customer's account and eventually reimbursing the gas station. The operation of
these external systems is beyond the scope of the GSCS, although the GSCS needs to know how the external systems will communicate the success or failure of their tasks.
The team has finished the design of the system and has begun coding.

In the following program fragments from the GSCS, identify violations (if any) of good programming style. Use the following choices in your response: (a) Generality (b) Efficiency (c) Formatting (d) Documentation (e) No violations

7. void Print(istream &is, ostream &os){
/* Print each line of the input stream (is) to the output stream (os). */
char line[MAXLINE];
while (is.getline(line,MAXLINE))
os << line << "" \n"";
}",,"[
    {
        ""role"": ""bullet"",
        ""segment"": ""Generality: uses a fixed-size buffer (char line[MAXLINE];) which limits the length of lines that can be processed."",
        ""citations"": [
            {
                ""type"": ""source_text"",
                ""content"": ""char line[MAXLINE];"",
                ""img_id"": null
            }
        ],
        ""type"": null
    },
    {
        ""role"": ""bullet"",
        ""segment"": ""Formatting: prints the line along with an extra space before the newline, via os << line << \"" \\n\""; which changes the output formatting."",
        ""citations"": [
            {
                ""type"": ""source_text"",
                ""content"": ""os << line << \"" \\n\"";"",
                ""img_id"": null
            }
        ],
        ""type"": null
    }
]",The chatbot can't answer this question. Please try again with another question.,0.556,41.569
"The following questions are in reference to a hypothetical ""Gas Station Control System"" (or GSCS) that will be used to help manage an American-style gasoline or service station. Our hypothetical gas station basically provides two services:
• There is a small store that carries car parts. Inside the store is at least one cash register, operated by a cashier who is an employee of the
gas station.
• There are a number of gas pumps, at which customers can park their cars, interact with the system to pay via credit card, and then pump their own gas. Alternatively, the customer can pay for his or her gas via cash or credit card by going into the store and paying directly to the cashier.

Thus the GSCS has two main classes of users. The first is the cashier, who uses the GSCS to record purchases of car parts by customers. The GSCS must allow the cashier to enter the type and number of parts purchased, then compute the total
purchase price and handle the payment. Customers purchasing gasoline are the second type of user. These customers interface with the system at the gas pump, by specifying the amount and type of gas they will buy, paying either at the pump or to the cashier, and then pumping the gas themselves.
The system also has to interact with other automated systems to perform its tasks. For example, in order to accept credit card payments, the GSCS must interface with a system maintained by the credit card company. The credit card
system is responsible for checking that the customer's account is in good standing and can accommodate the amount of the purchase, and for debiting the customer's account and eventually reimbursing the gas station. The operation of
these external systems is beyond the scope of the GSCS, although the GSCS needs to know how the external systems will communicate the success or failure of their tasks.
The team has finished the design of the system and has begun coding.

In the following program fragments from the GSCS, identify violations (if any) of good programming style. Use the following choices in your response: (a) Generality (b) Efficiency (c) Formatting (d) Documentation (e) No violations

8. /* Print each value of the values array on a separate line. */
/* Print the total on a separate line after the values. */
for (int i=0; i<count; i++)
total += values[i];
cout << values[i] << "" \n"";
cout << ""Total = "" << total << "" \n"";",,"[
  {
    ""role"": ""paragraph"",
    ""segment"": ""Documentation vs implementation mismatch: the comment says to print each value on a separate line, but the code prints after the loop."",
    ""citations"": [
      {
        ""type"": ""source_text"",
        ""content"": ""/* Print each value of the values array on a separate line. */"",
        ""img_id"": null
      },
      {
        ""type"": ""source_text"",
        ""content"": ""cout << values[i] << \"" \\n\"";"",
        ""img_id"": null
      }
    ],
    ""type"": null
  }
]",The chatbot can't answer this question. Please try again with another question.,0.916,23.294
"The following questions are in reference to a hypothetical ""Gas Station Control System"" (or GSCS) that will be used to help manage an American-style gasoline or service station. Our hypothetical gas station basically provides two services:
• There is a small store that carries car parts. Inside the store is at least one cash register, operated by a cashier who is an employee of the
gas station.
• There are a number of gas pumps, at which customers can park their cars, interact with the system to pay via credit card, and then pump their own gas. Alternatively, the customer can pay for his or her gas via cash or credit card by going into the store and paying directly to the cashier.

Thus the GSCS has two main classes of users. The first is the cashier, who uses the GSCS to record purchases of car parts by customers. The GSCS must allow the cashier to enter the type and number of parts purchased, then compute the total
purchase price and handle the payment. Customers purchasing gasoline are the second type of user. These customers interface with the system at the gas pump, by specifying the amount and type of gas they will buy, paying either at the pump or to the cashier, and then pumping the gas themselves.
The system also has to interact with other automated systems to perform its tasks. For example, in order to accept credit card payments, the GSCS must interface with a system maintained by the credit card company. The credit card
system is responsible for checking that the customer's account is in good standing and can accommodate the amount of the purchase, and for debiting the customer's account and eventually reimbursing the gas station. The operation of
these external systems is beyond the scope of the GSCS, although the GSCS needs to know how the external systems will communicate the success or failure of their tasks.
The team has finished the design of the system and has begun coding.

During code reviews of the GSCS, the following faults were identified. Classify the type of fault in each code fragment.

9. int n;
float x;
x[i] = (1 - 2/(n-1)) * x[i - 1] + 2/(n-1) * x[i];
In this fragment, since n is an integer, the division of 2/(n - 1) returns an integer value.
a. boundary fault
b. initialization fault
c. computation/precision fault
d. b and c only
e. a and b only
f. none of the above",,"[
    {
        ""role"": ""paragraph"",
        ""segment"": ""The chatbot can't answer this question. Please try again with another question."",
        ""citations"": [],
        ""type"": ""abstained""
    }
]",The chatbot can't answer this question. Please try again with another question.,0.603,7.371
"The following questions are in reference to a hypothetical ""Gas Station Control System"" (or GSCS) that will be used to help manage an American-style gasoline or service station. Our hypothetical gas station basically provides two services:
• There is a small store that carries car parts. Inside the store is at least one cash register, operated by a cashier who is an employee of the
gas station.
• There are a number of gas pumps, at which customers can park their cars, interact with the system to pay via credit card, and then pump their own gas. Alternatively, the customer can pay for his or her gas via cash or credit card by going into the store and paying directly to the cashier.

Thus the GSCS has two main classes of users. The first is the cashier, who uses the GSCS to record purchases of car parts by customers. The GSCS must allow the cashier to enter the type and number of parts purchased, then compute the total
purchase price and handle the payment. Customers purchasing gasoline are the second type of user. These customers interface with the system at the gas pump, by specifying the amount and type of gas they will buy, paying either at the pump or to the cashier, and then pumping the gas themselves.
The system also has to interact with other automated systems to perform its tasks. For example, in order to accept credit card payments, the GSCS must interface with a system maintained by the credit card company. The credit card
system is responsible for checking that the customer's account is in good standing and can accommodate the amount of the purchase, and for debiting the customer's account and eventually reimbursing the gas station. The operation of
these external systems is beyond the scope of the GSCS, although the GSCS needs to know how the external systems will communicate the success or failure of their tasks.
The team has finished the design of the system and has begun coding.

During code reviews of the GSCS, the following faults were identified. Classify the type of fault in each code fragment.

10. List::~List(){
/* delete all of the elements in the list */
for (int i=1; i < count; i++)
delete list[i];
}
In this fragment, the first item of the list (list) is not deleted.
a. initialization fault
b. documentation fault
c. precision fault
d. b and c only
e. a and b only
f. none of the above",,"[
    {
        ""role"": ""paragraph"",
        ""segment"": ""a. initialization fault"",
        ""citations"": [
            {
                ""type"": ""source_text"",
                ""content"": ""In this fragment, the first item of the list (list) is not deleted."",
                ""img_id"": null
            }
        ],
        ""type"": null
    }
]",The chatbot can't answer this question. Please try again with another question.,0.58,22.268
"The following questions are in reference to a hypothetical ""Gas Station Control System"" (or GSCS) that will be used to help manage an American-style gasoline or service station. Our hypothetical gas station basically provides two services:
• There is a small store that carries car parts. Inside the store is at least one cash register, operated by a cashier who is an employee of the
gas station.
• There are a number of gas pumps, at which customers can park their cars, interact with the system to pay via credit card, and then pump their own gas. Alternatively, the customer can pay for his or her gas via cash or credit card by going into the store and paying directly to the cashier.

Thus the GSCS has two main classes of users. The first is the cashier, who uses the GSCS to record purchases of car parts by customers. The GSCS must allow the cashier to enter the type and number of parts purchased, then compute the total
purchase price and handle the payment. Customers purchasing gasoline are the second type of user. These customers interface with the system at the gas pump, by specifying the amount and type of gas they will buy, paying either at the pump or to the cashier, and then pumping the gas themselves.
The system also has to interact with other automated systems to perform its tasks. For example, in order to accept credit card payments, the GSCS must interface with a system maintained by the credit card company. The credit card
system is responsible for checking that the customer's account is in good standing and can accommodate the amount of the purchase, and for debiting the customer's account and eventually reimbursing the gas station. The operation of
these external systems is beyond the scope of the GSCS, although the GSCS needs to know how the external systems will communicate the success or failure of their tasks.
The team has finished the design of the system and has begun coding.

During code reviews of the GSCS, the following faults were identified. Classify the type of fault in each code fragment.

11. int list;
for (int i=0; i<=10; i++)
list[i] = i;
In this fragment, the loop includes an operation on list which is not part of the array.
a. initialization fault
b. precision fault
c. capacity or overload fault
d. a, b, and c
e. none of the above",,"[
  {
    ""role"": ""paragraph"",
    ""segment"": ""c. capacity or overload fault"",
    ""citations"": [
      {
        ""type"": ""source_text"",
        ""content"": ""In this fragment, the loop includes an operation on list which is not part of the array."",
        ""img_id"": null
      }
    ],
    ""type"": null
  }
]",The chatbot can't answer this question. Please try again with another question.,0.53,25.114
"The following questions are in reference to a hypothetical ""Gas Station Control System"" (or GSCS) that will be used to help manage an American-style gasoline or service station. Our hypothetical gas station basically provides two services:
• There is a small store that carries car parts. Inside the store is at least one cash register, operated by a cashier who is an employee of the
gas station.
• There are a number of gas pumps, at which customers can park their cars, interact with the system to pay via credit card, and then pump their own gas. Alternatively, the customer can pay for his or her gas via cash or credit card by going into the store and paying directly to the cashier.

Thus the GSCS has two main classes of users. The first is the cashier, who uses the GSCS to record purchases of car parts by customers. The GSCS must allow the cashier to enter the type and number of parts purchased, then compute the total
purchase price and handle the payment. Customers purchasing gasoline are the second type of user. These customers interface with the system at the gas pump, by specifying the amount and type of gas they will buy, paying either at the pump or to the cashier, and then pumping the gas themselves.
The system also has to interact with other automated systems to perform its tasks. For example, in order to accept credit card payments, the GSCS must interface with a system maintained by the credit card company. The credit card
system is responsible for checking that the customer's account is in good standing and can accommodate the amount of the purchase, and for debiting the customer's account and eventually reimbursing the gas station. The operation of
these external systems is beyond the scope of the GSCS, although the GSCS needs to know how the external systems will communicate the success or failure of their tasks.
The team has finished the design of the system and has begun coding.

During code reviews of the GSCS, the following faults were identified. Classify the type of fault in each code fragment.

12. float list;
float xrange=list-list;
for (int i=0; i<100; i++)
list[i] = (list[i]-list)/xrange;
In this fragment, list is changed after the first iteration. All items of the array will be 0 after the array is executed. Also, there is no check on xrange. It may evaluate to 0 causing a division by zero.
a. computation/precision fault
b. initialization fault
c. capacity or overload fault
d. a, b, and c
e. none of the above",,"[
  {
    ""role"": ""paragraph"",
    ""segment"": ""d. a, b, and c"",
    ""citations"": [
      {
        ""type"": ""source_text"",
        ""content"": ""12. float list;"",
        ""img_id"": null
      },
      {
        ""type"": ""source_text"",
        ""content"": ""float xrange=list-list;"",
        ""img_id"": null
      },
      {
        ""type"": ""source_text"",
        ""content"": ""for (int i=0; i<100; i++)"",
        ""img_id"": null
      },
      {
        ""type"": ""source_text"",
        ""content"": ""list[i] = (list[i]-list)/xrange;"",
        ""img_id"": null
      },
      {
        ""type"": ""source_text"",
        ""content"": ""In this fragment, list is changed after the first iteration. All items of the array will be 0 after the array is executed. Also, there is no check on xrange. It may evaluate to 0 causing a division by zero."",
        ""img_id"": null
      }
    ],
    ""type"": null
  }
]",The chatbot can't answer this question. Please try again with another question.,0.695,22.103
"The following questions are in reference to a hypothetical ""Gas Station Control System"" (or GSCS) that will be used to help manage an American-style gasoline or service station. Our hypothetical gas station basically provides two services:
• There is a small store that carries car parts. Inside the store is at least one cash register, operated by a cashier who is an employee of the
gas station.
• There are a number of gas pumps, at which customers can park their cars, interact with the system to pay via credit card, and then pump their own gas. Alternatively, the customer can pay for his or her gas via cash or credit card by going into the store and paying directly to the cashier.

Thus the GSCS has two main classes of users. The first is the cashier, who uses the GSCS to record purchases of car parts by customers. The GSCS must allow the cashier to enter the type and number of parts purchased, then compute the total
purchase price and handle the payment. Customers purchasing gasoline are the second type of user. These customers interface with the system at the gas pump, by specifying the amount and type of gas they will buy, paying either at the pump or to the cashier, and then pumping the gas themselves.
The system also has to interact with other automated systems to perform its tasks. For example, in order to accept credit card payments, the GSCS must interface with a system maintained by the credit card company. The credit card
system is responsible for checking that the customer's account is in good standing and can accommodate the amount of the purchase, and for debiting the customer's account and eventually reimbursing the gas station. The operation of
these external systems is beyond the scope of the GSCS, although the GSCS needs to know how the external systems will communicate the success or failure of their tasks.
The team has finished the design of the system and has begun coding.

13. Given the following assertions:
A1: ( T is an array) & ( T is of size N) & ( S is an array) & ( S is of size N)
Aend: ( T' is an array) & ( T' is of size N) & ( for all i, 0 <= i <= N, T'(i) = S(i))
Choose the statement that best describes what is happening between the two assertions.
a. The values of array S are being assigned to the array T'.
b. The values of array T are being assigned to the array S.
c. The values of array S are being added to the values of array T'.
d. The values of array T are being added to the values of array S.
e. None of the above.",,"[
  {
    ""role"": ""paragraph"",
    ""segment"": ""The values of array S are being assigned to the array T'."",
    ""citations"": [
      {
        ""type"": ""source_text"",
        ""content"": ""for all i, 0 <= i <= N, T'(i) = S(i)"",
        ""img_id"": null
      }
    ],
    ""type"": null
  }
]",The chatbot can't answer this question. Please try again with another question.,0.556,22.219
"The following questions are in reference to a hypothetical ""Gas Station Control System"" (or GSCS) that will be used to help manage an American-style gasoline or service station. Our hypothetical gas station basically provides two services:
• There is a small store that carries car parts. Inside the store is at least one cash register, operated by a cashier who is an employee of the
gas station.
• There are a number of gas pumps, at which customers can park their cars, interact with the system to pay via credit card, and then pump their own gas. Alternatively, the customer can pay for his or her gas via cash or credit card by going into the store and paying directly to the cashier.

Thus the GSCS has two main classes of users. The first is the cashier, who uses the GSCS to record purchases of car parts by customers. The GSCS must allow the cashier to enter the type and number of parts purchased, then compute the total
purchase price and handle the payment. Customers purchasing gasoline are the second type of user. These customers interface with the system at the gas pump, by specifying the amount and type of gas they will buy, paying either at the pump or to the cashier, and then pumping the gas themselves.
The system also has to interact with other automated systems to perform its tasks. For example, in order to accept credit card payments, the GSCS must interface with a system maintained by the credit card company. The credit card
system is responsible for checking that the customer's account is in good standing and can accommodate the amount of the purchase, and for debiting the customer's account and eventually reimbursing the gas station. The operation of
these external systems is beyond the scope of the GSCS, although the GSCS needs to know how the external systems will communicate the success or failure of their tasks.
The team has finished the design of the system and has begun coding.

14. Suppose the main objective of the GSCS development is to get a working system to show the customer as soon as possible. The best testing approach to choose would be:
a. Bottom-up testing
b. Top-down testing
c. Big-bang testing
d. a or b
e. a or c",,"[
  {
    ""role"": ""paragraph"",
    ""segment"": ""The chatbot can't answer this question. Please try again with another question."",
    ""citations"": [],
    ""type"": ""abstained""
  }
]",The chatbot can't answer this question. Please try again with another question.,0.724,15.493
"The following questions are in reference to a hypothetical ""Gas Station Control System"" (or GSCS) that will be used to help manage an American-style gasoline or service station. Our hypothetical gas station basically provides two services:
• There is a small store that carries car parts. Inside the store is at least one cash register, operated by a cashier who is an employee of the
gas station.
• There are a number of gas pumps, at which customers can park their cars, interact with the system to pay via credit card, and then pump their own gas. Alternatively, the customer can pay for his or her gas via cash or credit card by going into the store and paying directly to the cashier.

Thus the GSCS has two main classes of users. The first is the cashier, who uses the GSCS to record purchases of car parts by customers. The GSCS must allow the cashier to enter the type and number of parts purchased, then compute the total
purchase price and handle the payment. Customers purchasing gasoline are the second type of user. These customers interface with the system at the gas pump, by specifying the amount and type of gas they will buy, paying either at the pump or to the cashier, and then pumping the gas themselves.
The system also has to interact with other automated systems to perform its tasks. For example, in order to accept credit card payments, the GSCS must interface with a system maintained by the credit card company. The credit card
system is responsible for checking that the customer's account is in good standing and can accommodate the amount of the purchase, and for debiting the customer's account and eventually reimbursing the gas station. The operation of
these external systems is beyond the scope of the GSCS, although the GSCS needs to know how the external systems will communicate the success or failure of their tasks.
The team has finished the design of the system and has begun coding.

Implementation of the GSCS is complete and the development has entered the testing phase.

Image Description: A tree diagram showing the component hierarchy of the GSCS system. The root node is A. Node A has four children: B, C, D, and E. Node B has two children: F and G. Node C has one child: H. Node D has one child: I. Node E has two children: J and K.

The figure below shows the component hierarchy of the GSCS system. Use this figure to identify the testing strategy indicated by the sequences given. The "";"" is used between test sets and each test set is represented as a comma-separated list. For example, the sequence {F,G};{B,F,G} means that components F and G were tested first. Then, components B, F and G were tested.

15. {J};{K};{I};{H};{G};{F};{B};{C};{D};{E};{A};{A,B,C,D,E,F,G,H,I,J,K}
a. Top-down testing
b. Bottom-up testing
c. Sandwich testing
d. Big-bang testing
e. Modified top-down testing",,"[
  {
    ""role"": ""paragraph"",
    ""segment"": ""Bottom-up testing"",
    ""citations"": [
      {
        ""type"": ""source_text"",
        ""content"": ""{J};{K};{I};{H};{G};{F};{B};{C};{D};{E};{A};{A,B,C,D,E,F,G,H,I,J,K}"",
        ""img_id"": null
      },
      {
        ""type"": ""source_text"",
        ""content"": ""The root node is A. Node A has four children: B, C, D, and E. Node B has two children: F and G. Node C has one child: H. Node D has one child: I. Node E has two children: J and K."",
        ""img_id"": null
      }
    ],
    ""type"": null
  }
]",The chatbot can't answer this question. Please try again with another question.,0.547,29.888
"The following questions are in reference to a hypothetical ""Gas Station Control System"" (or GSCS) that will be used to help manage an American-style gasoline or service station. Our hypothetical gas station basically provides two services:
• There is a small store that carries car parts. Inside the store is at least one cash register, operated by a cashier who is an employee of the
gas station.
• There are a number of gas pumps, at which customers can park their cars, interact with the system to pay via credit card, and then pump their own gas. Alternatively, the customer can pay for his or her gas via cash or credit card by going into the store and paying directly to the cashier.

Thus the GSCS has two main classes of users. The first is the cashier, who uses the GSCS to record purchases of car parts by customers. The GSCS must allow the cashier to enter the type and number of parts purchased, then compute the total
purchase price and handle the payment. Customers purchasing gasoline are the second type of user. These customers interface with the system at the gas pump, by specifying the amount and type of gas they will buy, paying either at the pump or to the cashier, and then pumping the gas themselves.
The system also has to interact with other automated systems to perform its tasks. For example, in order to accept credit card payments, the GSCS must interface with a system maintained by the credit card company. The credit card
system is responsible for checking that the customer's account is in good standing and can accommodate the amount of the purchase, and for debiting the customer's account and eventually reimbursing the gas station. The operation of
these external systems is beyond the scope of the GSCS, although the GSCS needs to know how the external systems will communicate the success or failure of their tasks.
The team has finished the design of the system and has begun coding.

Implementation of the GSCS is complete and the development has entered the testing phase.

Image Description: A tree diagram showing the component hierarchy of the GSCS system. The root node is A. Node A has four children: B, C, D, and E. Node B has two children: F and G. Node C has one child: H. Node D has one child: I. Node E has two children: J and K.

The figure below shows the component hierarchy of the GSCS system. Use this figure to identify the testing strategy indicated by the sequences given. The "";"" is used between test sets and each test set is represented as a comma-separated list. For example, the sequence {F,G};{B,F,G} means that components F and G were tested first. Then, components B, F and G were tested.

16. {A};{A,B,C,D,E};{A,B,C,D,E,F,G,H,I,J,K}
a. Top-down testing
b. Bottom-up testing
c. Sandwich testing
d. Big-bang testing
e. Modified top-down testing",,"[
  {
    ""role"": ""paragraph"",
    ""segment"": ""Top-down testing"",
    ""citations"": [
      {
        ""type"": ""source_text"",
        ""content"": ""a. Top-down testing"",
        ""img_id"": null
      }
    ],
    ""type"": null
  }
]",The chatbot can't answer this question. Please try again with another question.,0.561,30.59
"The following questions are in reference to a hypothetical ""Gas Station Control System"" (or GSCS) that will be used to help manage an American-style gasoline or service station. Our hypothetical gas station basically provides two services:
• There is a small store that carries car parts. Inside the store is at least one cash register, operated by a cashier who is an employee of the
gas station.
• There are a number of gas pumps, at which customers can park their cars, interact with the system to pay via credit card, and then pump their own gas. Alternatively, the customer can pay for his or her gas via cash or credit card by going into the store and paying directly to the cashier.

Thus the GSCS has two main classes of users. The first is the cashier, who uses the GSCS to record purchases of car parts by customers. The GSCS must allow the cashier to enter the type and number of parts purchased, then compute the total
purchase price and handle the payment. Customers purchasing gasoline are the second type of user. These customers interface with the system at the gas pump, by specifying the amount and type of gas they will buy, paying either at the pump or to the cashier, and then pumping the gas themselves.
The system also has to interact with other automated systems to perform its tasks. For example, in order to accept credit card payments, the GSCS must interface with a system maintained by the credit card company. The credit card
system is responsible for checking that the customer's account is in good standing and can accommodate the amount of the purchase, and for debiting the customer's account and eventually reimbursing the gas station. The operation of
these external systems is beyond the scope of the GSCS, although the GSCS needs to know how the external systems will communicate the success or failure of their tasks.
The team has finished the design of the system and has begun coding.

Implementation of the GSCS is complete and the development has entered the testing phase.

Image Description: A tree diagram showing the component hierarchy of the GSCS system. The root node is A. Node A has four children: B, C, D, and E. Node B has two children: F and G. Node C has one child: H. Node D has one child: I. Node E has two children: J and K.

The figure below shows the component hierarchy of the GSCS system. Use this figure to identify the testing strategy indicated by the sequences given. The "";"" is used between test sets and each test set is represented as a comma-separated list. For example, the sequence {F,G};{B,F,G} means that components F and G were tested first. Then, components B, F and G were tested.

17. {F};{G};{H};{I};{J};{K};{B,F,G};{C,H};{D,I};{E,J,K};{A,B,C,D,E,F,G,H,I,J,K}
a. Top-down testing
b. Bottom-up testing
c. Sandwich testing
d. Big-bang testing
e. Modified top-down testing",,"[
  {
    ""role"": ""sentence"",
    ""segment"": ""Bottom-up testing."",
    ""citations"": [
      {
        ""type"": ""source_text"",
        ""content"": ""17. {F};{G};{H};{I};{J};{K};{B,F,G};{C,H};{D,I};{E,J,K};{A,B,C,D,E,F,G,H,I,J,K}"",
        ""img_id"": null
      },
      {
        ""type"": ""source_text"",
        ""content"": ""For example, the sequence {F,G};{B,F,G} means that components F and G were tested first. Then, components B, F and G were tested."",
        ""img_id"": null
      }
    ],
    ""type"": null
  }
]",The chatbot can't answer this question. Please try again with another question.,0.838,21.639
"The following questions are in reference to a hypothetical ""Gas Station Control System"" (or GSCS) that will be used to help manage an American-style gasoline or service station. Our hypothetical gas station basically provides two services:
• There is a small store that carries car parts. Inside the store is at least one cash register, operated by a cashier who is an employee of the
gas station.
• There are a number of gas pumps, at which customers can park their cars, interact with the system to pay via credit card, and then pump their own gas. Alternatively, the customer can pay for his or her gas via cash or credit card by going into the store and paying directly to the cashier.

Thus the GSCS has two main classes of users. The first is the cashier, who uses the GSCS to record purchases of car parts by customers. The GSCS must allow the cashier to enter the type and number of parts purchased, then compute the total
purchase price and handle the payment. Customers purchasing gasoline are the second type of user. These customers interface with the system at the gas pump, by specifying the amount and type of gas they will buy, paying either at the pump or to the cashier, and then pumping the gas themselves.
The system also has to interact with other automated systems to perform its tasks. For example, in order to accept credit card payments, the GSCS must interface with a system maintained by the credit card company. The credit card
system is responsible for checking that the customer's account is in good standing and can accommodate the amount of the purchase, and for debiting the customer's account and eventually reimbursing the gas station. The operation of
these external systems is beyond the scope of the GSCS, although the GSCS needs to know how the external systems will communicate the success or failure of their tasks.
The team has finished the design of the system and has begun coding.

Implementation of the GSCS is complete and the development has entered the testing phase.

Image Description: A tree diagram showing the component hierarchy of the GSCS system. The root node is A. Node A has four children: B, C, D, and E. Node B has two children: F and G. Node C has one child: H. Node D has one child: I. Node E has two children: J and K.

The figure below shows the component hierarchy of the GSCS system. Use this figure to identify the testing strategy indicated by the sequences given. The "";"" is used between test sets and each test set is represented as a comma-separated list. For example, the sequence {F,G};{B,F,G} means that components F and G were tested first. Then, components B, F and G were tested.

18. {A};{B};{C};{D};{E};{A,B,C,D,E};{F};{G};{H};{I};{J};{K};{A,B,C,D,E,F,G,H,I,J,K}
a. Top-down testing
b. Bottom-up testing
c. Sandwich testing
d. Big-bang testing
e. Modified top-down testing",,"[
  {
    ""role"": ""paragraph"",
    ""segment"": ""The chatbot can't answer this question. Please try again with another question."",
    ""citations"": [],
    ""type"": ""abstained""
  }
]",The chatbot can't answer this question. Please try again with another question.,0.375,48.932
"The following questions are in reference to a hypothetical ""Gas Station Control System"" (or GSCS) that will be used to help manage an American-style gasoline or service station. Our hypothetical gas station basically provides two services:
• There is a small store that carries car parts. Inside the store is at least one cash register, operated by a cashier who is an employee of the
gas station.
• There are a number of gas pumps, at which customers can park their cars, interact with the system to pay via credit card, and then pump their own gas. Alternatively, the customer can pay for his or her gas via cash or credit card by going into the store and paying directly to the cashier.

Thus the GSCS has two main classes of users. The first is the cashier, who uses the GSCS to record purchases of car parts by customers. The GSCS must allow the cashier to enter the type and number of parts purchased, then compute the total
purchase price and handle the payment. Customers purchasing gasoline are the second type of user. These customers interface with the system at the gas pump, by specifying the amount and type of gas they will buy, paying either at the pump or to the cashier, and then pumping the gas themselves.
The system also has to interact with other automated systems to perform its tasks. For example, in order to accept credit card payments, the GSCS must interface with a system maintained by the credit card company. The credit card
system is responsible for checking that the customer's account is in good standing and can accommodate the amount of the purchase, and for debiting the customer's account and eventually reimbursing the gas station. The operation of
these external systems is beyond the scope of the GSCS, although the GSCS needs to know how the external systems will communicate the success or failure of their tasks.
The team has finished the design of the system and has begun coding.

Implementation of the GSCS is complete and the development has entered the testing phase.

Image Description: A tree diagram showing the component hierarchy of the GSCS system. The root node is A. Node A has four children: B, C, D, and E. Node B has two children: F and G. Node C has one child: H. Node D has one child: I. Node E has two children: J and K.

The figure below shows the component hierarchy of the GSCS system. Use this figure to identify the testing strategy indicated by the sequences given. The "";"" is used between test sets and each test set is represented as a comma-separated list. For example, the sequence {F,G};{B,F,G} means that components F and G were tested first. Then, components B, F and G were tested.

19. {A};{F};{G};{H};{I};{J};{K};{B,F,G};{C,H};{D,I};{E,J,K};{A,B,C,D,E,F,G,H,I,J,K}
a. Top-down testing
b. Bottom-up testing
c. Sandwich testing
d. Big-bang testing
e. Modified top-down testing",,"[
    {
        ""role"": ""paragraph"",
        ""segment"": ""c. Sandwich testing"",
        ""citations"": [
            {
                ""type"": ""source_text"",
                ""content"": ""{A};{F};{G};{H};{I};{J};{K};{B,F,G};{C,H};{D,I};{E,J,K};{A,B,C,D,E,F,G,H,I,J,K}"",
                ""img_id"": null
            }
        ],
        ""type"": null
    }
]",The chatbot can't answer this question. Please try again with another question.,0.86,26.788
"The following questions are in reference to a hypothetical ""Gas Station Control System"" (or GSCS) that will be used to help manage an American-style gasoline or service station. Our hypothetical gas station basically provides two services:
• There is a small store that carries car parts. Inside the store is at least one cash register, operated by a cashier who is an employee of the
gas station.
• There are a number of gas pumps, at which customers can park their cars, interact with the system to pay via credit card, and then pump their own gas. Alternatively, the customer can pay for his or her gas via cash or credit card by going into the store and paying directly to the cashier.

Thus the GSCS has two main classes of users. The first is the cashier, who uses the GSCS to record purchases of car parts by customers. The GSCS must allow the cashier to enter the type and number of parts purchased, then compute the total
purchase price and handle the payment. Customers purchasing gasoline are the second type of user. These customers interface with the system at the gas pump, by specifying the amount and type of gas they will buy, paying either at the pump or to the cashier, and then pumping the gas themselves.
The system also has to interact with other automated systems to perform its tasks. For example, in order to accept credit card payments, the GSCS must interface with a system maintained by the credit card company. The credit card
system is responsible for checking that the customer's account is in good standing and can accommodate the amount of the purchase, and for debiting the customer's account and eventually reimbursing the gas station. The operation of
these external systems is beyond the scope of the GSCS, although the GSCS needs to know how the external systems will communicate the success or failure of their tasks.
The team has finished the design of the system and has begun coding.

20. In a function of a component in the cashier subsystem of the GSCS, a variable does not get initialized properly. Which type of testing would be most likely expose this defect?
a. unit testing
b. integration testing
c. acceptance testing
d. installation testing
e. performance testing",,"[
  {
    ""role"": ""paragraph"",
    ""segment"": ""The chatbot can't answer this question. Please try again with another question."",
    ""citations"": [],
    ""type"": ""abstained""
  }
]",The chatbot can't answer this question. Please try again with another question.,0.594,7.732
"The following questions are in reference to a hypothetical ""Gas Station Control System"" (or GSCS) that will be used to help manage an American-style gasoline or service station. Our hypothetical gas station basically provides two services:
• There is a small store that carries car parts. Inside the store is at least one cash register, operated by a cashier who is an employee of the
gas station.
• There are a number of gas pumps, at which customers can park their cars, interact with the system to pay via credit card, and then pump their own gas. Alternatively, the customer can pay for his or her gas via cash or credit card by going into the store and paying directly to the cashier.

Thus the GSCS has two main classes of users. The first is the cashier, who uses the GSCS to record purchases of car parts by customers. The GSCS must allow the cashier to enter the type and number of parts purchased, then compute the total
purchase price and handle the payment. Customers purchasing gasoline are the second type of user. These customers interface with the system at the gas pump, by specifying the amount and type of gas they will buy, paying either at the pump or to the cashier, and then pumping the gas themselves.
The system also has to interact with other automated systems to perform its tasks. For example, in order to accept credit card payments, the GSCS must interface with a system maintained by the credit card company. The credit card
system is responsible for checking that the customer's account is in good standing and can accommodate the amount of the purchase, and for debiting the customer's account and eventually reimbursing the gas station. The operation of
these external systems is beyond the scope of the GSCS, although the GSCS needs to know how the external systems will communicate the success or failure of their tasks.
The team has finished the design of the system and has begun coding.

21. A function X in component A requires a pointer to an integer to be passed as an argument, but a call to the function X in component B passes the value of an integer instead. Which type of testing would most likely expose this defect?
a. unit testing of component A
b. integration testing of components A and B
c. performance testing
d. installation testing
e. acceptance testing",,"[
    {
        ""role"": ""paragraph"",
        ""segment"": ""The chatbot can't answer this question. Please try again with another question."",
        ""citations"": [],
        ""type"": ""abstained""
    }
]",The chatbot can't answer this question. Please try again with another question.,0.579,13.274
"The following questions are in reference to a hypothetical ""Gas Station Control System"" (or GSCS) that will be used to help manage an American-style gasoline or service station. Our hypothetical gas station basically provides two services:
• There is a small store that carries car parts. Inside the store is at least one cash register, operated by a cashier who is an employee of the
gas station.
• There are a number of gas pumps, at which customers can park their cars, interact with the system to pay via credit card, and then pump their own gas. Alternatively, the customer can pay for his or her gas via cash or credit card by going into the store and paying directly to the cashier.

Thus the GSCS has two main classes of users. The first is the cashier, who uses the GSCS to record purchases of car parts by customers. The GSCS must allow the cashier to enter the type and number of parts purchased, then compute the total
purchase price and handle the payment. Customers purchasing gasoline are the second type of user. These customers interface with the system at the gas pump, by specifying the amount and type of gas they will buy, paying either at the pump or to the cashier, and then pumping the gas themselves.
The system also has to interact with other automated systems to perform its tasks. For example, in order to accept credit card payments, the GSCS must interface with a system maintained by the credit card company. The credit card
system is responsible for checking that the customer's account is in good standing and can accommodate the amount of the purchase, and for debiting the customer's account and eventually reimbursing the gas station. The operation of
these external systems is beyond the scope of the GSCS, although the GSCS needs to know how the external systems will communicate the success or failure of their tasks.
The team has finished the design of the system and has begun coding.

22. The gas pump subsystem is supposed to allow the user to choose whether or not a receipt is printed, but the print function has not been implemented. Which type of testing would most likely expose this defect?
a. unit testing
b. integration testing
c. performance testing
d. acceptance testing
e. function testing",,"[
  {
    ""role"": ""paragraph"",
    ""segment"": ""The chatbot can't answer this question. Please try again with another question."",
    ""citations"": [],
    ""type"": ""abstained""
  }
]",The chatbot can't answer this question. Please try again with another question.,0.549,16.155
"The following questions are in reference to a hypothetical ""Gas Station Control System"" (or GSCS) that will be used to help manage an American-style gasoline or service station. Our hypothetical gas station basically provides two services:
• There is a small store that carries car parts. Inside the store is at least one cash register, operated by a cashier who is an employee of the
gas station.
• There are a number of gas pumps, at which customers can park their cars, interact with the system to pay via credit card, and then pump their own gas. Alternatively, the customer can pay for his or her gas via cash or credit card by going into the store and paying directly to the cashier.

Thus the GSCS has two main classes of users. The first is the cashier, who uses the GSCS to record purchases of car parts by customers. The GSCS must allow the cashier to enter the type and number of parts purchased, then compute the total
purchase price and handle the payment. Customers purchasing gasoline are the second type of user. These customers interface with the system at the gas pump, by specifying the amount and type of gas they will buy, paying either at the pump or to the cashier, and then pumping the gas themselves.
The system also has to interact with other automated systems to perform its tasks. For example, in order to accept credit card payments, the GSCS must interface with a system maintained by the credit card company. The credit card
system is responsible for checking that the customer's account is in good standing and can accommodate the amount of the purchase, and for debiting the customer's account and eventually reimbursing the gas station. The operation of
these external systems is beyond the scope of the GSCS, although the GSCS needs to know how the external systems will communicate the success or failure of their tasks.
The team has finished the design of the system and has begun coding.

23. A configuration file used by the reporting subsystem is not placed in the correct directory in the customer's environment. Which type of testing would most likely expose this defect?
a. integration testing
b. installation testing
c. performance testing
d. acceptance testing
e. function testing",,"[
    {
        ""role"": ""sentence"",
        ""segment"": ""The correct answer is b. installation testing."",
        ""citations"": [
            {
                ""type"": ""source_text"",
                ""content"": ""b. installation testing"",
                ""img_id"": null
            }
        ],
        ""type"": null
    }
]",The chatbot can't answer this question. Please try again with another question.,0.556,9.856
"The following questions are in reference to a hypothetical ""Gas Station Control System"" (or GSCS) that will be used to help manage an American-style gasoline or service station. Our hypothetical gas station basically provides two services:
• There is a small store that carries car parts. Inside the store is at least one cash register, operated by a cashier who is an employee of the
gas station.
• There are a number of gas pumps, at which customers can park their cars, interact with the system to pay via credit card, and then pump their own gas. Alternatively, the customer can pay for his or her gas via cash or credit card by going into the store and paying directly to the cashier.

Thus the GSCS has two main classes of users. The first is the cashier, who uses the GSCS to record purchases of car parts by customers. The GSCS must allow the cashier to enter the type and number of parts purchased, then compute the total
purchase price and handle the payment. Customers purchasing gasoline are the second type of user. These customers interface with the system at the gas pump, by specifying the amount and type of gas they will buy, paying either at the pump or to the cashier, and then pumping the gas themselves.
The system also has to interact with other automated systems to perform its tasks. For example, in order to accept credit card payments, the GSCS must interface with a system maintained by the credit card company. The credit card
system is responsible for checking that the customer's account is in good standing and can accommodate the amount of the purchase, and for debiting the customer's account and eventually reimbursing the gas station. The operation of
these external systems is beyond the scope of the GSCS, although the GSCS needs to know how the external systems will communicate the success or failure of their tasks.
The team has finished the design of the system and has begun coding.

24. A change is made to correct a fault. The fault has been fixed, but it has caused a fault in previously functioning code. Which type of testing would most likely expose this defect?
a. unit testing
b. acceptance testing
c. regression testing
d. performance testing
e. installation testing",,"[
    {
        ""role"": ""sentence"",
        ""segment"": ""c. regression testing"",
        ""citations"": [
            {
                ""type"": ""source_text"",
                ""content"": ""c. regression testing"",
                ""img_id"": null
            }
        ],
        ""type"": null
    }
]",The chatbot can't answer this question. Please try again with another question.,0.715,10.36
"The following questions are in reference to a hypothetical ""Gas Station Control System"" (or GSCS) that will be used to help manage an American-style gasoline or service station. Our hypothetical gas station basically provides two services:
• There is a small store that carries car parts. Inside the store is at least one cash register, operated by a cashier who is an employee of the
gas station.
• There are a number of gas pumps, at which customers can park their cars, interact with the system to pay via credit card, and then pump their own gas. Alternatively, the customer can pay for his or her gas via cash or credit card by going into the store and paying directly to the cashier.

Thus the GSCS has two main classes of users. The first is the cashier, who uses the GSCS to record purchases of car parts by customers. The GSCS must allow the cashier to enter the type and number of parts purchased, then compute the total
purchase price and handle the payment. Customers purchasing gasoline are the second type of user. These customers interface with the system at the gas pump, by specifying the amount and type of gas they will buy, paying either at the pump or to the cashier, and then pumping the gas themselves.
The system also has to interact with other automated systems to perform its tasks. For example, in order to accept credit card payments, the GSCS must interface with a system maintained by the credit card company. The credit card
system is responsible for checking that the customer's account is in good standing and can accommodate the amount of the purchase, and for debiting the customer's account and eventually reimbursing the gas station. The operation of
these external systems is beyond the scope of the GSCS, although the GSCS needs to know how the external systems will communicate the success or failure of their tasks.
The team has finished the design of the system and has begun coding.

25. The customer is unhappy with the number of screens that must be traversed before getting to the parts list screen, a screen accessed frequently when using the system. Which type of testing would most likely expose this defect?
a. integration testing
b. installation testing
c. performance testing
d. acceptance testing
e. function testing",,"[
    {
        ""role"": ""paragraph"",
        ""segment"": ""The chatbot can't answer this question. Please try again with another question."",
        ""citations"": [],
        ""type"": ""abstained""
    }
]",The chatbot can't answer this question. Please try again with another question.,0.579,10.939
"The following questions are in reference to a hypothetical ""Gas Station Control System"" (or GSCS) that will be used to help manage an American-style gasoline or service station. Our hypothetical gas station basically provides two services:
• There is a small store that carries car parts. Inside the store is at least one cash register, operated by a cashier who is an employee of the
gas station.
• There are a number of gas pumps, at which customers can park their cars, interact with the system to pay via credit card, and then pump their own gas. Alternatively, the customer can pay for his or her gas via cash or credit card by going into the store and paying directly to the cashier.

Thus the GSCS has two main classes of users. The first is the cashier, who uses the GSCS to record purchases of car parts by customers. The GSCS must allow the cashier to enter the type and number of parts purchased, then compute the total
purchase price and handle the payment. Customers purchasing gasoline are the second type of user. These customers interface with the system at the gas pump, by specifying the amount and type of gas they will buy, paying either at the pump or to the cashier, and then pumping the gas themselves.
The system also has to interact with other automated systems to perform its tasks. For example, in order to accept credit card payments, the GSCS must interface with a system maintained by the credit card company. The credit card
system is responsible for checking that the customer's account is in good standing and can accommodate the amount of the purchase, and for debiting the customer's account and eventually reimbursing the gas station. The operation of
these external systems is beyond the scope of the GSCS, although the GSCS needs to know how the external systems will communicate the success or failure of their tasks.
The team has finished the design of the system and has begun coding.

26. The GSCS system includes reused components from a third party vendor. The source code for the reused components is not available. Which type of testing is feasible?
a. all-paths
b. def-use
c. branch testing
d. black-box testing",,"[
  {
    ""role"": ""paragraph"",
    ""segment"": ""The chatbot can't answer this question. Please try again with another question."",
    ""citations"": [],
    ""type"": ""abstained""
  }
]",The chatbot can't answer this question. Please try again with another question.,0.625,12.768
"The following questions are in reference to a hypothetical ""Gas Station Control System"" (or GSCS) that will be used to help manage an American-style gasoline or service station. Our hypothetical gas station basically provides two services:
• There is a small store that carries car parts. Inside the store is at least one cash register, operated by a cashier who is an employee of the
gas station.
• There are a number of gas pumps, at which customers can park their cars, interact with the system to pay via credit card, and then pump their own gas. Alternatively, the customer can pay for his or her gas via cash or credit card by going into the store and paying directly to the cashier.

Thus the GSCS has two main classes of users. The first is the cashier, who uses the GSCS to record purchases of car parts by customers. The GSCS must allow the cashier to enter the type and number of parts purchased, then compute the total
purchase price and handle the payment. Customers purchasing gasoline are the second type of user. These customers interface with the system at the gas pump, by specifying the amount and type of gas they will buy, paying either at the pump or to the cashier, and then pumping the gas themselves.
The system also has to interact with other automated systems to perform its tasks. For example, in order to accept credit card payments, the GSCS must interface with a system maintained by the credit card company. The credit card
system is responsible for checking that the customer's account is in good standing and can accommodate the amount of the purchase, and for debiting the customer's account and eventually reimbursing the gas station. The operation of
these external systems is beyond the scope of the GSCS, although the GSCS needs to know how the external systems will communicate the success or failure of their tasks.
The team has finished the design of the system and has begun coding.

Tom, the manager in charge of testing for the GSCS, is concerned about the reliability of the system. He decides to seed faults in the code to estimate the remaining faults. He has two teams testing the code. One team is led by David. The other test team is led by Daniel. Suppose 50 faults have been seeded in the code. During testing by David's team, 70 faults are detected. Forty of the detected faults are seeded faults.

27. What is the Mills estimate for the percentage of remaining, non-seeded (indigenous) faults in the code?
a. 10%
b. 20%
c. 50%
d. 80%
e. It is impossible to determine from the information given.",,"[
  {
    ""role"": ""paragraph"",
    ""segment"": ""The Mills estimate for the percentage of remaining indigenous faults in the code is 20%."",
    ""citations"": [
      {
        ""type"": ""source_text"",
        ""content"": ""Suppose 50 faults have been seeded in the code."",
        ""img_id"": null
      },
      {
        ""type"": ""source_text"",
        ""content"": ""During testing by David's team, 70 faults are detected."",
        ""img_id"": null
      },
      {
        ""type"": ""source_text"",
        ""content"": ""Forty of the detected faults are seeded faults."",
        ""img_id"": null
      }
    ],
    ""type"": null
  }
]",The chatbot can't answer this question. Please try again with another question.,0.559,27.036
"The following questions are in reference to a hypothetical ""Gas Station Control System"" (or GSCS) that will be used to help manage an American-style gasoline or service station. Our hypothetical gas station basically provides two services:
• There is a small store that carries car parts. Inside the store is at least one cash register, operated by a cashier who is an employee of the
gas station.
• There are a number of gas pumps, at which customers can park their cars, interact with the system to pay via credit card, and then pump their own gas. Alternatively, the customer can pay for his or her gas via cash or credit card by going into the store and paying directly to the cashier.

Thus the GSCS has two main classes of users. The first is the cashier, who uses the GSCS to record purchases of car parts by customers. The GSCS must allow the cashier to enter the type and number of parts purchased, then compute the total
purchase price and handle the payment. Customers purchasing gasoline are the second type of user. These customers interface with the system at the gas pump, by specifying the amount and type of gas they will buy, paying either at the pump or to the cashier, and then pumping the gas themselves.
The system also has to interact with other automated systems to perform its tasks. For example, in order to accept credit card payments, the GSCS must interface with a system maintained by the credit card company. The credit card
system is responsible for checking that the customer's account is in good standing and can accommodate the amount of the purchase, and for debiting the customer's account and eventually reimbursing the gas station. The operation of
these external systems is beyond the scope of the GSCS, although the GSCS needs to know how the external systems will communicate the success or failure of their tasks.
The team has finished the design of the system and has begun coding.

Tom, the manager in charge of testing for the GSCS, is concerned about the reliability of the system. He decides to seed faults in the code to estimate the remaining faults. He has two teams testing the code. One team is led by David. The other test team is led by Daniel. Suppose 50 faults have been seeded in the code. During testing by David's team, 70 faults are detected. Forty of the detected faults are seeded faults.

28. What is the Mills estimate of the total number of indigenous faults remaining?
a. 7.5
b. 10
c. 17.5
d. 30
e. 37.5
f. It is impossible to determine from the information given.",,"[
    {
        ""role"": ""paragraph"",
        ""segment"": ""The Mills estimate of the total number of indigenous faults remaining is 7.5."",
        ""citations"": [
            {
                ""type"": ""source_text"",
                ""content"": ""Suppose 50 faults have been seeded in the code."",
                ""img_id"": null
            },
            {
                ""type"": ""source_text"",
                ""content"": ""During testing by David's team, 70 faults are detected."",
                ""img_id"": null
            },
            {
                ""type"": ""source_text"",
                ""content"": ""Forty of the detected faults are seeded faults."",
                ""img_id"": null
            }
        ],
        ""type"": null
    }
]",The chatbot can't answer this question. Please try again with another question.,0.737,27.829
"The following questions are in reference to a hypothetical ""Gas Station Control System"" (or GSCS) that will be used to help manage an American-style gasoline or service station. Our hypothetical gas station basically provides two services:
• There is a small store that carries car parts. Inside the store is at least one cash register, operated by a cashier who is an employee of the
gas station.
• There are a number of gas pumps, at which customers can park their cars, interact with the system to pay via credit card, and then pump their own gas. Alternatively, the customer can pay for his or her gas via cash or credit card by going into the store and paying directly to the cashier.

Thus the GSCS has two main classes of users. The first is the cashier, who uses the GSCS to record purchases of car parts by customers. The GSCS must allow the cashier to enter the type and number of parts purchased, then compute the total
purchase price and handle the payment. Customers purchasing gasoline are the second type of user. These customers interface with the system at the gas pump, by specifying the amount and type of gas they will buy, paying either at the pump or to the cashier, and then pumping the gas themselves.
The system also has to interact with other automated systems to perform its tasks. For example, in order to accept credit card payments, the GSCS must interface with a system maintained by the credit card company. The credit card
system is responsible for checking that the customer's account is in good standing and can accommodate the amount of the purchase, and for debiting the customer's account and eventually reimbursing the gas station. The operation of
these external systems is beyond the scope of the GSCS, although the GSCS needs to know how the external systems will communicate the success or failure of their tasks.
The team has finished the design of the system and has begun coding.

Suppose the same code is given to Daniel's test team. His team finds a total of 50 faults. 35 of the faults found by Daniel's team were also found by David's team.

29. Using the numbers for Daniel's team, what is the Mills estimate for the total number of indigenous faults remaining?
a. 17.5
b. 30
c. 50
d. 71.5
e. It is impossible to determine from the information given.",,"[
  {
    ""role"": ""paragraph"",
    ""segment"": ""The Mills estimate for the total number of indigenous faults remaining is 71.5."",
    ""citations"": [
      {
        ""type"": ""source_text"",
        ""content"": ""Suppose the same code is given to Daniel's test team."",
        ""img_id"": null
      },
      {
        ""type"": ""source_text"",
        ""content"": ""His team finds a total of 50 faults."",
        ""img_id"": null
      },
      {
        ""type"": ""source_text"",
        ""content"": ""35 of the faults found by Daniel's team were also found by David's team."",
        ""img_id"": null
      }
    ],
    ""type"": null
  }
]",The chatbot can't answer this question. Please try again with another question.,0.511,19.081
"The following questions are in reference to a hypothetical ""Gas Station Control System"" (or GSCS) that will be used to help manage an American-style gasoline or service station. Our hypothetical gas station basically provides two services:
• There is a small store that carries car parts. Inside the store is at least one cash register, operated by a cashier who is an employee of the
gas station.
• There are a number of gas pumps, at which customers can park their cars, interact with the system to pay via credit card, and then pump their own gas. Alternatively, the customer can pay for his or her gas via cash or credit card by going into the store and paying directly to the cashier.

Thus the GSCS has two main classes of users. The first is the cashier, who uses the GSCS to record purchases of car parts by customers. The GSCS must allow the cashier to enter the type and number of parts purchased, then compute the total
purchase price and handle the payment. Customers purchasing gasoline are the second type of user. These customers interface with the system at the gas pump, by specifying the amount and type of gas they will buy, paying either at the pump or to the cashier, and then pumping the gas themselves.
The system also has to interact with other automated systems to perform its tasks. For example, in order to accept credit card payments, the GSCS must interface with a system maintained by the credit card company. The credit card
system is responsible for checking that the customer's account is in good standing and can accommodate the amount of the purchase, and for debiting the customer's account and eventually reimbursing the gas station. The operation of
these external systems is beyond the scope of the GSCS, although the GSCS needs to know how the external systems will communicate the success or failure of their tasks.
The team has finished the design of the system and has begun coding.

30. What is the effectiveness of David's group?
a. 30%
b. 50%
c. 70%
d. 85%
e. It is impossible to determine from the information given.",,"[
  {
    ""role"": ""paragraph"",
    ""segment"": ""The chatbot can't answer this question. Please try again with another question."",
    ""citations"": [],
    ""type"": ""abstained""
  }
]",The chatbot can't answer this question. Please try again with another question.,0.68,9.509
"The following questions are in reference to a hypothetical ""Gas Station Control System"" (or GSCS) that will be used to help manage an American-style gasoline or service station. Our hypothetical gas station basically provides two services:
• There is a small store that carries car parts. Inside the store is at least one cash register, operated by a cashier who is an employee of the
gas station.
• There are a number of gas pumps, at which customers can park their cars, interact with the system to pay via credit card, and then pump their own gas. Alternatively, the customer can pay for his or her gas via cash or credit card by going into the store and paying directly to the cashier.

Thus the GSCS has two main classes of users. The first is the cashier, who uses the GSCS to record purchases of car parts by customers. The GSCS must allow the cashier to enter the type and number of parts purchased, then compute the total
purchase price and handle the payment. Customers purchasing gasoline are the second type of user. These customers interface with the system at the gas pump, by specifying the amount and type of gas they will buy, paying either at the pump or to the cashier, and then pumping the gas themselves.
The system also has to interact with other automated systems to perform its tasks. For example, in order to accept credit card payments, the GSCS must interface with a system maintained by the credit card company. The credit card
system is responsible for checking that the customer's account is in good standing and can accommodate the amount of the purchase, and for debiting the customer's account and eventually reimbursing the gas station. The operation of
these external systems is beyond the scope of the GSCS, although the GSCS needs to know how the external systems will communicate the success or failure of their tasks.
The team has finished the design of the system and has begun coding.

31. What is the effectiveness of Daniel's group?
a. 30%
b. 50%
c. 70%
d. 85%
e. It is impossible to determine from the information given.",,"[
    {
        ""role"": ""paragraph"",
        ""segment"": ""The chatbot can't answer this question. Please try again with another question."",
        ""citations"": [],
        ""type"": ""abstained""
    }
]",The chatbot can't answer this question. Please try again with another question.,0.578,6.148
"The following questions are in reference to a hypothetical ""Gas Station Control System"" (or GSCS) that will be used to help manage an American-style gasoline or service station. Our hypothetical gas station basically provides two services:
• There is a small store that carries car parts. Inside the store is at least one cash register, operated by a cashier who is an employee of the
gas station.
• There are a number of gas pumps, at which customers can park their cars, interact with the system to pay via credit card, and then pump their own gas. Alternatively, the customer can pay for his or her gas via cash or credit card by going into the store and paying directly to the cashier.

Thus the GSCS has two main classes of users. The first is the cashier, who uses the GSCS to record purchases of car parts by customers. The GSCS must allow the cashier to enter the type and number of parts purchased, then compute the total
purchase price and handle the payment. Customers purchasing gasoline are the second type of user. These customers interface with the system at the gas pump, by specifying the amount and type of gas they will buy, paying either at the pump or to the cashier, and then pumping the gas themselves.
The system also has to interact with other automated systems to perform its tasks. For example, in order to accept credit card payments, the GSCS must interface with a system maintained by the credit card company. The credit card
system is responsible for checking that the customer's account is in good standing and can accommodate the amount of the purchase, and for debiting the customer's account and eventually reimbursing the gas station. The operation of
these external systems is beyond the scope of the GSCS, although the GSCS needs to know how the external systems will communicate the success or failure of their tasks.
The team has finished the design of the system and has begun coding.

32. Using the data from both test groups, what is the estimate for the total number of faults?
a. 100
b. 87.5
c. 70
d. 50
e. It is impossible to determine from the information given.",,"[
    {
        ""role"": ""paragraph"",
        ""segment"": ""The chatbot can't answer this question. Please try again with another question."",
        ""citations"": [],
        ""type"": ""abstained""
    }
]",The chatbot can't answer this question. Please try again with another question.,0.638,7.067
"The following questions are in reference to a hypothetical ""Gas Station Control System"" (or GSCS) that will be used to help manage an American-style gasoline or service station. Our hypothetical gas station basically provides two services:
• There is a small store that carries car parts. Inside the store is at least one cash register, operated by a cashier who is an employee of the
gas station.
• There are a number of gas pumps, at which customers can park their cars, interact with the system to pay via credit card, and then pump their own gas. Alternatively, the customer can pay for his or her gas via cash or credit card by going into the store and paying directly to the cashier.

Thus the GSCS has two main classes of users. The first is the cashier, who uses the GSCS to record purchases of car parts by customers. The GSCS must allow the cashier to enter the type and number of parts purchased, then compute the total
purchase price and handle the payment. Customers purchasing gasoline are the second type of user. These customers interface with the system at the gas pump, by specifying the amount and type of gas they will buy, paying either at the pump or to the cashier, and then pumping the gas themselves.
The system also has to interact with other automated systems to perform its tasks. For example, in order to accept credit card payments, the GSCS must interface with a system maintained by the credit card company. The credit card
system is responsible for checking that the customer's account is in good standing and can accommodate the amount of the purchase, and for debiting the customer's account and eventually reimbursing the gas station. The operation of
these external systems is beyond the scope of the GSCS, although the GSCS needs to know how the external systems will communicate the success or failure of their tasks.
The team has finished the design of the system and has begun coding.

33. Suppose 39 faults have been seeded into a component. Testing of the component has uncovered 32 of the seeded faults without uncovering any additional non-seeded faults. What is the level of confidence that the component is fault-free?
a. 78%
b. 80%
c. 82%
d. 86%
e. None of the above.",,"[
  {
    ""role"": ""sentence"",
    ""segment"": ""82%"",
    ""citations"": [
      {
        ""type"": ""source_text"",
        ""content"": ""Suppose 39 faults have been seeded into a component. Testing of the component has uncovered 32 of the seeded faults without uncovering any additional non-seeded faults."",
        ""img_id"": null
      }
    ],
    ""type"": null
  }
]",The chatbot can't answer this question. Please try again with another question.,1.144,51.867
"The following questions are in reference to a hypothetical ""Gas Station Control System"" (or GSCS) that will be used to help manage an American-style gasoline or service station. Our hypothetical gas station basically provides two services:
• There is a small store that carries car parts. Inside the store is at least one cash register, operated by a cashier who is an employee of the
gas station.
• There are a number of gas pumps, at which customers can park their cars, interact with the system to pay via credit card, and then pump their own gas. Alternatively, the customer can pay for his or her gas via cash or credit card by going into the store and paying directly to the cashier.

Thus the GSCS has two main classes of users. The first is the cashier, who uses the GSCS to record purchases of car parts by customers. The GSCS must allow the cashier to enter the type and number of parts purchased, then compute the total
purchase price and handle the payment. Customers purchasing gasoline are the second type of user. These customers interface with the system at the gas pump, by specifying the amount and type of gas they will buy, paying either at the pump or to the cashier, and then pumping the gas themselves.
The system also has to interact with other automated systems to perform its tasks. For example, in order to accept credit card payments, the GSCS must interface with a system maintained by the credit card company. The credit card
system is responsible for checking that the customer's account is in good standing and can accommodate the amount of the purchase, and for debiting the customer's account and eventually reimbursing the gas station. The operation of
these external systems is beyond the scope of the GSCS, although the GSCS needs to know how the external systems will communicate the success or failure of their tasks.
The team has finished the design of the system and has begun coding.

34. Using the data from the previous question, how many of the seeded faults would have to be found without uncovering additional indigenous faults to have a 90% confidence level?
a. 32
b. 35
c. 36
d. 37
e. None of the above.",,"[
    {
        ""role"": ""paragraph"",
        ""segment"": ""The chatbot can't answer this question. Please try again with another question."",
        ""citations"": [],
        ""type"": ""abstained""
    }
]",The chatbot can't answer this question. Please try again with another question.,1.379,6.998
"The following questions are in reference to a hypothetical ""Gas Station Control System"" (or GSCS) that will be used to help manage an American-style gasoline or service station. Our hypothetical gas station basically provides two services:
• There is a small store that carries car parts. Inside the store is at least one cash register, operated by a cashier who is an employee of the
gas station.
• There are a number of gas pumps, at which customers can park their cars, interact with the system to pay via credit card, and then pump their own gas. Alternatively, the customer can pay for his or her gas via cash or credit card by going into the store and paying directly to the cashier.

Thus the GSCS has two main classes of users. The first is the cashier, who uses the GSCS to record purchases of car parts by customers. The GSCS must allow the cashier to enter the type and number of parts purchased, then compute the total
purchase price and handle the payment. Customers purchasing gasoline are the second type of user. These customers interface with the system at the gas pump, by specifying the amount and type of gas they will buy, paying either at the pump or to the cashier, and then pumping the gas themselves.
The system also has to interact with other automated systems to perform its tasks. For example, in order to accept credit card payments, the GSCS must interface with a system maintained by the credit card company. The credit card
system is responsible for checking that the customer's account is in good standing and can accommodate the amount of the purchase, and for debiting the customer's account and eventually reimbursing the gas station. The operation of
these external systems is beyond the scope of the GSCS, although the GSCS needs to know how the external systems will communicate the success or failure of their tasks.
The team has finished the design of the system and has begun coding.

Consider the following excerpts from problem reports filed for the GSCS. In which type of report, discrepancy or fault, does each item belong? Answer fault report or discrepancy report.

35. Consider the following excerpts from problem reports filed for the GSCS. In which type of report, discrepancy or fault, does each item belong? Answer fault report or discrepancy report.
a. ""A segmentation violation occurred while viewing the part list. The part list array may not be big enough to hold all parts. Check the PartList class header.""
b. ""In the requirements document, Section 2.1.5, a Print option should be included in all File menus. The File menu for the Part Configuration Screen does not include a Print option.""
c. ""After submitting the Add Part form, it took 3 minutes before the results came back. Submitting the form should not take more than 1 minute.""
d. ""When the cashier list is displayed, the newly added cashiers do not appear on the list. Check the Add method in the CashierList class. There was a similar problem with the part list. Theresa worked on the part list problem. See report number 201 for more details on the problem and her solution.""",,"[
    {
        ""role"": ""bullet"",
        ""segment"": ""fault report"",
        ""citations"": [
            {
                ""type"": ""source_text"",
                ""content"": ""A segmentation violation occurred while viewing the part list."",
                ""img_id"": null
            }
        ],
        ""type"": null
    },
    {
        ""role"": ""bullet"",
        ""segment"": ""discrepancy report"",
        ""citations"": [
            {
                ""type"": ""source_text"",
                ""content"": ""In the requirements document, Section 2.1.5, a Print option should be included in all File menus."",
                ""img_id"": null
            }
        ],
        ""type"": null
    },
    {
        ""role"": ""bullet"",
        ""segment"": ""fault report"",
        ""citations"": [
            {
                ""type"": ""source_text"",
                ""content"": ""After submitting the Add Part form, it took 3 minutes before the results came back. Submitting the form should not take more than 1 minute."",
                ""img_id"": null
            }
        ],
        ""type"": null
    },
    {
        ""role"": ""bullet"",
        ""segment"": ""fault report"",
        ""citations"": [
            {
                ""type"": ""source_text"",
                ""content"": ""When the cashier list is displayed, the newly added cashiers do not appear on the list."",
                ""img_id"": null
            }
        ],
        ""type"": null
    }
]",The chatbot can't answer this question. Please try again with another question.,0.567,33.561
"The following questions are in reference to a hypothetical ""Gas Station Control System"" (or GSCS) that will be used to help manage an American-style gasoline or service station. Our hypothetical gas station basically provides two services:
• There is a small store that carries car parts. Inside the store is at least one cash register, operated by a cashier who is an employee of the
gas station.
• There are a number of gas pumps, at which customers can park their cars, interact with the system to pay via credit card, and then pump their own gas. Alternatively, the customer can pay for his or her gas via cash or credit card by going into the store and paying directly to the cashier.
Thus the GSCS has two main classes of users. The first is the cashier, who uses the GSCS to record purchases of car parts by customers. The GSCS must allow the cashier to enter the type and number of parts purchased, then compute the total purchase price and handle the payment. Customers purchasing gasoline are the second type of user. These customers interface with the system at the gas pump, by specifying the amount and type of gas they will buy, paying either at the pump or to the cashier, and then pumping the gas themselves.
The system also has to interact with other automated systems to perform its tasks. For example, in order to accept credit card payments, the GSCS must interface with a system maintained by the credit card company. The credit card
system is responsible for checking that the customer's account is in good standing and can accommodate the amount of the purchase, and for debiting the customer's account and eventually reimbursing the gas station. T he operation of
these external systems is beyond the scope of the GSCS, although the GSCS needs to know how the external systems will communicate the success or failure of their tasks.
The GSCS is divided into three subsystems:
• A gas purchase subsystem, that takes care of customer interaction with the gas pumps;
• A cashier subsystem, that interacts with the cashier to accept payment for the purchase of car parts and gasoline;
• A tracking subsystem, that logs all purchases and tracks the inventory remaining.

The questions in this section have to do with maintenance issues in the implementation of the system, and with the operation of the system once it
reaches the maintenance phase of the lifecycle.

1. While implementing the system, the development team has given some thought to the type of maintenance changes the system will require. The first step in doing this might be to:
a. Classify the system as an S-type system.
b. Classify the system as a P-type system.
c. Classify the system as an E-type system.
d. Recognize that this system is likely to require no maintenance activities.",,"[
    {
        ""role"": ""paragraph"",
        ""segment"": ""The chatbot can't answer this question. Please try again with another question."",
        ""citations"": [],
        ""type"": ""abstained""
    }
]",The chatbot can't answer this question. Please try again with another question.,0.485,9.351
"The following questions are in reference to a hypothetical ""Gas Station Control System"" (or GSCS) that will be used to help manage an American-style gasoline or service station. Our hypothetical gas station basically provides two services:
• There is a small store that carries car parts. Inside the store is at least one cash register, operated by a cashier who is an employee of the
gas station.
• There are a number of gas pumps, at which customers can park their cars, interact with the system to pay via credit card, and then pump their own gas. Alternatively, the customer can pay for his or her gas via cash or credit card by going into the store and paying directly to the cashier.
Thus the GSCS has two main classes of users. The first is the cashier, who uses the GSCS to record purchases of car parts by customers. The GSCS must allow the cashier to enter the type and number of parts purchased, then compute the total purchase price and handle the payment. Customers purchasing gasoline are the second type of user. These customers interface with the system at the gas pump, by specifying the amount and type of gas they will buy, paying either at the pump or to the cashier, and then pumping the gas themselves.
The system also has to interact with other automated systems to perform its tasks. For example, in order to accept credit card payments, the GSCS must interface with a system maintained by the credit card company. The credit card
system is responsible for checking that the customer's account is in good standing and can accommodate the amount of the purchase, and for debiting the customer's account and eventually reimbursing the gas station. T he operation of
these external systems is beyond the scope of the GSCS, although the GSCS needs to know how the external systems will communicate the success or failure of their tasks.
The GSCS is divided into three subsystems:
• A gas purchase subsystem, that takes care of customer interaction with the gas pumps;
• A cashier subsystem, that interacts with the cashier to accept payment for the purchase of car parts and gasoline;
• A tracking subsystem, that logs all purchases and tracks the inventory remaining.

The questions in this section have to do with maintenance issues in the implementation of the system, and with the operation of the system once it
reaches the maintenance phase of the lifecycle.

2. The development team also recognizes that certain attributes of the system itself may make it easier or harder to maintain. Which of the following statements about the system are likely to affect the effort required to make changes?
a. The GSCS must respond to customers in real time.
b. The requirements and design are well-documented.
c. The GSCS must interface with several different pieces of hardware, such as the cash register, the gas pumps, and the credit card systems.
d. A and B
e. A and C
f. B and C
g. A, B, and C",,"[
  {
    ""role"": ""sentence"",
    ""segment"": ""The statements A, B, and C are likely to affect the effort required to make changes."",
    ""citations"": [
      {
        ""type"": ""source_text"",
        ""content"": ""2. The development team also recognizes that certain attributes of the system itself may make it easier or harder to maintain."",
        ""img_id"": null
      },
      {
        ""type"": ""source_text"",
        ""content"": ""a. The GSCS must respond to customers in real time."",
        ""img_id"": null
      },
      {
        ""type"": ""source_text"",
        ""content"": ""b. The requirements and design are well-documented."",
        ""img_id"": null
      },
      {
        ""type"": ""source_text"",
        ""content"": ""c. The GSCS must interface with several different pieces of hardware, such as the cash register, the gas pumps, and the credit card systems."",
        ""img_id"": null
      },
      {
        ""type"": ""source_text"",
        ""content"": ""g. A, B, and C"",
        ""img_id"": null
      }
    ]
  }
]",The chatbot can't answer this question. Please try again with another question.,0.774,24.751
"The following questions are in reference to a hypothetical ""Gas Station Control System"" (or GSCS) that will be used to help manage an American-style gasoline or service station. Our hypothetical gas station basically provides two services:
• There is a small store that carries car parts. Inside the store is at least one cash register, operated by a cashier who is an employee of the
gas station.
• There are a number of gas pumps, at which customers can park their cars, interact with the system to pay via credit card, and then pump their own gas. Alternatively, the customer can pay for his or her gas via cash or credit card by going into the store and paying directly to the cashier.
Thus the GSCS has two main classes of users. The first is the cashier, who uses the GSCS to record purchases of car parts by customers. The GSCS must allow the cashier to enter the type and number of parts purchased, then compute the total purchase price and handle the payment. Customers purchasing gasoline are the second type of user. These customers interface with the system at the gas pump, by specifying the amount and type of gas they will buy, paying either at the pump or to the cashier, and then pumping the gas themselves.
The system also has to interact with other automated systems to perform its tasks. For example, in order to accept credit card payments, the GSCS must interface with a system maintained by the credit card company. The credit card
system is responsible for checking that the customer's account is in good standing and can accommodate the amount of the purchase, and for debiting the customer's account and eventually reimbursing the gas station. T he operation of
these external systems is beyond the scope of the GSCS, although the GSCS needs to know how the external systems will communicate the success or failure of their tasks.
The GSCS is divided into three subsystems:
• A gas purchase subsystem, that takes care of customer interaction with the gas pumps;
• A cashier subsystem, that interacts with the cashier to accept payment for the purchase of car parts and gasoline;
• A tracking subsystem, that logs all purchases and tracks the inventory remaining.

The questions in this section have to do with maintenance issues in the implementation of the system, and with the operation of the system once it
reaches the maintenance phase of the lifecycle.

3. TRUE or FALSE: While implementing the system, the team tracks seven measures of software complexity, on the assumption that the most complex modules will be likely to require the most future maintenance. A reasonable way to minimize the data collection effort would be to select the one measure from this set that seems best correlated with maintenance effort and discard the rest.",,"[
  {
    ""role"": ""paragraph"",
    ""segment"": ""The chatbot can't answer this question. Please try again with another question."",
    ""citations"": [],
    ""type"": ""abstained""
  }
]",The chatbot can't answer this question. Please try again with another question.,0.611,7.36
"The following questions are in reference to a hypothetical ""Gas Station Control System"" (or GSCS) that will be used to help manage an American-style gasoline or service station. Our hypothetical gas station basically provides two services:
• There is a small store that carries car parts. Inside the store is at least one cash register, operated by a cashier who is an employee of the
gas station.
• There are a number of gas pumps, at which customers can park their cars, interact with the system to pay via credit card, and then pump their own gas. Alternatively, the customer can pay for his or her gas via cash or credit card by going into the store and paying directly to the cashier.
Thus the GSCS has two main classes of users. The first is the cashier, who uses the GSCS to record purchases of car parts by customers. The GSCS must allow the cashier to enter the type and number of parts purchased, then compute the total purchase price and handle the payment. Customers purchasing gasoline are the second type of user. These customers interface with the system at the gas pump, by specifying the amount and type of gas they will buy, paying either at the pump or to the cashier, and then pumping the gas themselves.
The system also has to interact with other automated systems to perform its tasks. For example, in order to accept credit card payments, the GSCS must interface with a system maintained by the credit card company. The credit card
system is responsible for checking that the customer's account is in good standing and can accommodate the amount of the purchase, and for debiting the customer's account and eventually reimbursing the gas station. T he operation of
these external systems is beyond the scope of the GSCS, although the GSCS needs to know how the external systems will communicate the success or failure of their tasks.
The GSCS is divided into three subsystems:
• A gas purchase subsystem, that takes care of customer interaction with the gas pumps;
• A cashier subsystem, that interacts with the cashier to accept payment for the purchase of car parts and gasoline;
• A tracking subsystem, that logs all purchases and tracks the inventory remaining.

The questions in this section have to do with maintenance issues in the implementation of the system, and with the operation of the system once it
reaches the maintenance phase of the lifecycle.

4. On the past several projects, the team has tried to use a predictive model that estimates the amount of maintenance required by a system based on the code complexity measures, among other factors. However, the predictions seem to consistently underestimate the actual effort required by about 40%. Which of the following is a valid assessment of the model?
a. It suffers from bias, which should be assessed with a u-plot.
b. It suffers from noise, and should be assessed using the prequential likelihood function.
c. It suffers from both bias and noise and should be discarded.",,"[
  {
    ""role"": ""paragraph"",
    ""segment"": ""The chatbot can't answer this question. Please try again with another question."",
    ""citations"": [],
    ""type"": ""abstained""
  }
]",The chatbot can't answer this question. Please try again with another question.,0.574,8.222
"The following questions are in reference to a hypothetical ""Gas Station Control System"" (or GSCS) that will be used to help manage an American-style gasoline or service station. Our hypothetical gas station basically provides two services:
• There is a small store that carries car parts. Inside the store is at least one cash register, operated by a cashier who is an employee of the
gas station.
• There are a number of gas pumps, at which customers can park their cars, interact with the system to pay via credit card, and then pump their own gas. Alternatively, the customer can pay for his or her gas via cash or credit card by going into the store and paying directly to the cashier.
Thus the GSCS has two main classes of users. The first is the cashier, who uses the GSCS to record purchases of car parts by customers. The GSCS must allow the cashier to enter the type and number of parts purchased, then compute the total purchase price and handle the payment. Customers purchasing gasoline are the second type of user. These customers interface with the system at the gas pump, by specifying the amount and type of gas they will buy, paying either at the pump or to the cashier, and then pumping the gas themselves.
The system also has to interact with other automated systems to perform its tasks. For example, in order to accept credit card payments, the GSCS must interface with a system maintained by the credit card company. The credit card
system is responsible for checking that the customer's account is in good standing and can accommodate the amount of the purchase, and for debiting the customer's account and eventually reimbursing the gas station. T he operation of
these external systems is beyond the scope of the GSCS, although the GSCS needs to know how the external systems will communicate the success or failure of their tasks.
The GSCS is divided into three subsystems:
• A gas purchase subsystem, that takes care of customer interaction with the gas pumps;
• A cashier subsystem, that interacts with the cashier to accept payment for the purchase of car parts and gasoline;
• A tracking subsystem, that logs all purchases and tracks the inventory remaining.

The questions in this section have to do with maintenance issues in the implementation of the system, and with the operation of the system once it
reaches the maintenance phase of the lifecycle.

5. TRUE or FALSE: The prediction system described in question 5 is valid only if the acceptance range is greater than 40%.",,"[
  {
    ""role"": ""paragraph"",
    ""segment"": ""The chatbot can't answer this question. Please try again with another question."",
    ""citations"": [],
    ""type"": ""abstained""
  }
]",The chatbot can't answer this question. Please try again with another question.,0.569,6.5
"The following questions are in reference to a hypothetical ""Gas Station Control System"" (or GSCS) that will be used to help manage an American-style gasoline or service station. Our hypothetical gas station basically provides two services:
• There is a small store that carries car parts. Inside the store is at least one cash register, operated by a cashier who is an employee of the
gas station.
• There are a number of gas pumps, at which customers can park their cars, interact with the system to pay via credit card, and then pump their own gas. Alternatively, the customer can pay for his or her gas via cash or credit card by going into the store and paying directly to the cashier.
Thus the GSCS has two main classes of users. The first is the cashier, who uses the GSCS to record purchases of car parts by customers. The GSCS must allow the cashier to enter the type and number of parts purchased, then compute the total purchase price and handle the payment. Customers purchasing gasoline are the second type of user. These customers interface with the system at the gas pump, by specifying the amount and type of gas they will buy, paying either at the pump or to the cashier, and then pumping the gas themselves.
The system also has to interact with other automated systems to perform its tasks. For example, in order to accept credit card payments, the GSCS must interface with a system maintained by the credit card company. The credit card
system is responsible for checking that the customer's account is in good standing and can accommodate the amount of the purchase, and for debiting the customer's account and eventually reimbursing the gas station. T he operation of
these external systems is beyond the scope of the GSCS, although the GSCS needs to know how the external systems will communicate the success or failure of their tasks.
The GSCS is divided into three subsystems:
• A gas purchase subsystem, that takes care of customer interaction with the gas pumps;
• A cashier subsystem, that interacts with the cashier to accept payment for the purchase of car parts and gasoline;
• A tracking subsystem, that logs all purchases and tracks the inventory remaining.

The questions in this section have to do with maintenance issues in the implementation of the system, and with the operation of the system once it
reaches the maintenance phase of the lifecycle.

6. TRUE or FALSE: If a measure (such as one of the complexity measures from question 3) were not valid for predicting effort, it could not be internally valid.",,"[
  {
    ""role"": ""paragraph"",
    ""segment"": ""The chatbot can't answer this question. Please try again with another question."",
    ""citations"": [],
    ""type"": ""abstained""
  }
]",The chatbot can't answer this question. Please try again with another question.,0.586,7.989
"The following questions are in reference to a hypothetical ""Gas Station Control System"" (or GSCS) that will be used to help manage an American-style gasoline or service station. Our hypothetical gas station basically provides two services:
• There is a small store that carries car parts. Inside the store is at least one cash register, operated by a cashier who is an employee of the
gas station.
• There are a number of gas pumps, at which customers can park their cars, interact with the system to pay via credit card, and then pump their own gas. Alternatively, the customer can pay for his or her gas via cash or credit card by going into the store and paying directly to the cashier.
Thus the GSCS has two main classes of users. The first is the cashier, who uses the GSCS to record purchases of car parts by customers. The GSCS must allow the cashier to enter the type and number of parts purchased, then compute the total purchase price and handle the payment. Customers purchasing gasoline are the second type of user. These customers interface with the system at the gas pump, by specifying the amount and type of gas they will buy, paying either at the pump or to the cashier, and then pumping the gas themselves.
The system also has to interact with other automated systems to perform its tasks. For example, in order to accept credit card payments, the GSCS must interface with a system maintained by the credit card company. The credit card
system is responsible for checking that the customer's account is in good standing and can accommodate the amount of the purchase, and for debiting the customer's account and eventually reimbursing the gas station. T he operation of
these external systems is beyond the scope of the GSCS, although the GSCS needs to know how the external systems will communicate the success or failure of their tasks.
The GSCS is divided into three subsystems:
• A gas purchase subsystem, that takes care of customer interaction with the gas pumps;
• A cashier subsystem, that interacts with the cashier to accept payment for the purchase of car parts and gasoline;
• A tracking subsystem, that logs all purchases and tracks the inventory remaining.

The questions in this section have to do with maintenance issues in the implementation of the system, and with the operation of the system once it
reaches the maintenance phase of the lifecycle.

While implementing the system, the development team keeps in mind the Belady-Lehman equation of maintenance effort. They would like to use this equation as a guide that will hopefully allow them to save effort during the maintenance phase. According to this equation, are the following expectations of the development team TRUE or FALSE?
7. A system developed using good software engineering principles will be slightly easier to maintain than one that hasn't used these principles.",,"[
    {
        ""role"": ""paragraph"",
        ""segment"": ""The chatbot can't answer this question. Please try again with another question."",
        ""citations"": [],
        ""type"": ""abstained""
    }
]",The chatbot can't answer this question. Please try again with another question.,0.636,12.378
"The following questions are in reference to a hypothetical ""Gas Station Control System"" (or GSCS) that will be used to help manage an American-style gasoline or service station. Our hypothetical gas station basically provides two services:
• There is a small store that carries car parts. Inside the store is at least one cash register, operated by a cashier who is an employee of the
gas station.
• There are a number of gas pumps, at which customers can park their cars, interact with the system to pay via credit card, and then pump their own gas. Alternatively, the customer can pay for his or her gas via cash or credit card by going into the store and paying directly to the cashier.
Thus the GSCS has two main classes of users. The first is the cashier, who uses the GSCS to record purchases of car parts by customers. The GSCS must allow the cashier to enter the type and number of parts purchased, then compute the total purchase price and handle the payment. Customers purchasing gasoline are the second type of user. These customers interface with the system at the gas pump, by specifying the amount and type of gas they will buy, paying either at the pump or to the cashier, and then pumping the gas themselves.
The system also has to interact with other automated systems to perform its tasks. For example, in order to accept credit card payments, the GSCS must interface with a system maintained by the credit card company. The credit card
system is responsible for checking that the customer's account is in good standing and can accommodate the amount of the purchase, and for debiting the customer's account and eventually reimbursing the gas station. T he operation of
these external systems is beyond the scope of the GSCS, although the GSCS needs to know how the external systems will communicate the success or failure of their tasks.
The GSCS is divided into three subsystems:
• A gas purchase subsystem, that takes care of customer interaction with the gas pumps;
• A cashier subsystem, that interacts with the cashier to accept payment for the purchase of car parts and gasoline;
• A tracking subsystem, that logs all purchases and tracks the inventory remaining.

The questions in this section have to do with maintenance issues in the implementation of the system, and with the operation of the system once it
reaches the maintenance phase of the lifecycle.

While implementing the system, the development team keeps in mind the Belady-Lehman equation of maintenance effort. They would like to use this equation as a guide that will hopefully allow them to save effort during the maintenance phase. According to this equation, are the following expectations of the development team TRUE or FALSE?
8. The best use of resources would be to require someone unfamiliar with the system to perform the maintenance, since that person is unlikely to make the same mistakes or assumptions as the original development team.",,"[
  {
    ""role"": ""paragraph"",
    ""segment"": ""The chatbot can't answer this question. Please try again with another question."",
    ""citations"": [],
    ""type"": ""abstained""
  }
]",The chatbot can't answer this question. Please try again with another question.,0.553,8.303
"The following questions are in reference to a hypothetical ""Gas Station Control System"" (or GSCS) that will be used to help manage an American-style gasoline or service station. Our hypothetical gas station basically provides two services:
• There is a small store that carries car parts. Inside the store is at least one cash register, operated by a cashier who is an employee of the
gas station.
• There are a number of gas pumps, at which customers can park their cars, interact with the system to pay via credit card, and then pump their own gas. Alternatively, the customer can pay for his or her gas via cash or credit card by going into the store and paying directly to the cashier.
Thus the GSCS has two main classes of users. The first is the cashier, who uses the GSCS to record purchases of car parts by customers. The GSCS must allow the cashier to enter the type and number of parts purchased, then compute the total purchase price and handle the payment. Customers purchasing gasoline are the second type of user. These customers interface with the system at the gas pump, by specifying the amount and type of gas they will buy, paying either at the pump or to the cashier, and then pumping the gas themselves.
The system also has to interact with other automated systems to perform its tasks. For example, in order to accept credit card payments, the GSCS must interface with a system maintained by the credit card company. The credit card
system is responsible for checking that the customer's account is in good standing and can accommodate the amount of the purchase, and for debiting the customer's account and eventually reimbursing the gas station. T he operation of
these external systems is beyond the scope of the GSCS, although the GSCS needs to know how the external systems will communicate the success or failure of their tasks.
The GSCS is divided into three subsystems:
• A gas purchase subsystem, that takes care of customer interaction with the gas pumps;
• A cashier subsystem, that interacts with the cashier to accept payment for the purchase of car parts and gasoline;
• A tracking subsystem, that logs all purchases and tracks the inventory remaining.

The questions in this section have to do with maintenance issues in the implementation of the system, and with the operation of the system once it
reaches the maintenance phase of the lifecycle.

While implementing the system, the development team keeps in mind the Belady-Lehman equation of maintenance effort. They would like to use this equation as a guide that will hopefully allow them to save effort during the maintenance phase. According to this equation, are the following expectations of the development team TRUE or FALSE?
9. All else being equal, if the development team is equally familiar with two systems from different environments, and the systems are equally complex, the expected maintenance effort is roughly equal.",,"[
  {
    ""role"": ""paragraph"",
    ""segment"": ""The chatbot can't answer this question. Please try again with another question."",
    ""citations"": [],
    ""type"": ""abstained""
  }
]",The chatbot can't answer this question. Please try again with another question.,0.674,12.423
"The following questions are in reference to a hypothetical ""Gas Station Control System"" (or GSCS) that will be used to help manage an American-style gasoline or service station. Our hypothetical gas station basically provides two services:
• There is a small store that carries car parts. Inside the store is at least one cash register, operated by a cashier who is an employee of the
gas station.
• There are a number of gas pumps, at which customers can park their cars, interact with the system to pay via credit card, and then pump their own gas. Alternatively, the customer can pay for his or her gas via cash or credit card by going into the store and paying directly to the cashier.
Thus the GSCS has two main classes of users. The first is the cashier, who uses the GSCS to record purchases of car parts by customers. The GSCS must allow the cashier to enter the type and number of parts purchased, then compute the total purchase price and handle the payment. Customers purchasing gasoline are the second type of user. These customers interface with the system at the gas pump, by specifying the amount and type of gas they will buy, paying either at the pump or to the cashier, and then pumping the gas themselves.
The system also has to interact with other automated systems to perform its tasks. For example, in order to accept credit card payments, the GSCS must interface with a system maintained by the credit card company. The credit card
system is responsible for checking that the customer's account is in good standing and can accommodate the amount of the purchase, and for debiting the customer's account and eventually reimbursing the gas station. T he operation of
these external systems is beyond the scope of the GSCS, although the GSCS needs to know how the external systems will communicate the success or failure of their tasks.
The GSCS is divided into three subsystems:
• A gas purchase subsystem, that takes care of customer interaction with the gas pumps;
• A cashier subsystem, that interacts with the cashier to accept payment for the purchase of car parts and gasoline;
• A tracking subsystem, that logs all purchases and tracks the inventory remaining.

The questions in this section have to do with maintenance issues in the implementation of the system, and with the operation of the system once it
reaches the maintenance phase of the lifecycle.

After the system is completely implemented and has been in operation for some time, a number of changes have been identified that should be made to the system.
10. As changes are made to the system, which of the following would be reasonable to expect?
a. If enough new functionality is added, it will eventually be more cost-effective to rewrite the GSCS rather than continue modifying it.
b. The number of modules in the code will increase and the connections among them will become more complicated.
c. Measures of the programming process, such as productivity of the maintenance team, will vary greatly as the system changes over time.
d. A and B
e. A and C
f. B and C
g. A, B, and C",,"[
    {
        ""role"": ""paragraph"",
        ""segment"": ""The chatbot can't answer this question. Please try again with another question."",
        ""citations"": [],
        ""type"": ""abstained""
    }
]",The chatbot can't answer this question. Please try again with another question.,0.636,13.375
"The following questions are in reference to a hypothetical ""Gas Station Control System"" (or GSCS) that will be used to help manage an American-style gasoline or service station. Our hypothetical gas station basically provides two services:
• There is a small store that carries car parts. Inside the store is at least one cash register, operated by a cashier who is an employee of the
gas station.
• There are a number of gas pumps, at which customers can park their cars, interact with the system to pay via credit card, and then pump their own gas. Alternatively, the customer can pay for his or her gas via cash or credit card by going into the store and paying directly to the cashier.
Thus the GSCS has two main classes of users. The first is the cashier, who uses the GSCS to record purchases of car parts by customers. The GSCS must allow the cashier to enter the type and number of parts purchased, then compute the total purchase price and handle the payment. Customers purchasing gasoline are the second type of user. These customers interface with the system at the gas pump, by specifying the amount and type of gas they will buy, paying either at the pump or to the cashier, and then pumping the gas themselves.
The system also has to interact with other automated systems to perform its tasks. For example, in order to accept credit card payments, the GSCS must interface with a system maintained by the credit card company. The credit card
system is responsible for checking that the customer's account is in good standing and can accommodate the amount of the purchase, and for debiting the customer's account and eventually reimbursing the gas station. T he operation of
these external systems is beyond the scope of the GSCS, although the GSCS needs to know how the external systems will communicate the success or failure of their tasks.
The GSCS is divided into three subsystems:
• A gas purchase subsystem, that takes care of customer interaction with the gas pumps;
• A cashier subsystem, that interacts with the cashier to accept payment for the purchase of car parts and gasoline;
• A tracking subsystem, that logs all purchases and tracks the inventory remaining.

The questions in this section have to do with maintenance issues in the implementation of the system, and with the operation of the system once it
reaches the maintenance phase of the lifecycle.

After the system is completely implemented and has been in operation for some time, a number of changes have been identified that should be made to the system.
11. One of the credit card companies upgrades its system for handling credit card payments, and this requires a slight change to the type of data that the GSCS needs to send to it. This situation:
a. Should lead to a corrective change.
b. Should lead to an adaptive change.
c. Should lead to a perfective change.
d. Should lead to a preventive change.
e. Should require no maintenance to be performed.",,"[
  {
    ""role"": ""paragraph"",
    ""segment"": ""The chatbot can't answer this question. Please try again with another question."",
    ""citations"": [],
    ""type"": ""abstained""
  }
]",The chatbot can't answer this question. Please try again with another question.,0.482,13.367
"The following questions are in reference to a hypothetical ""Gas Station Control System"" (or GSCS) that will be used to help manage an American-style gasoline or service station. Our hypothetical gas station basically provides two services:
• There is a small store that carries car parts. Inside the store is at least one cash register, operated by a cashier who is an employee of the
gas station.
• There are a number of gas pumps, at which customers can park their cars, interact with the system to pay via credit card, and then pump their own gas. Alternatively, the customer can pay for his or her gas via cash or credit card by going into the store and paying directly to the cashier.
Thus the GSCS has two main classes of users. The first is the cashier, who uses the GSCS to record purchases of car parts by customers. The GSCS must allow the cashier to enter the type and number of parts purchased, then compute the total purchase price and handle the payment. Customers purchasing gasoline are the second type of user. These customers interface with the system at the gas pump, by specifying the amount and type of gas they will buy, paying either at the pump or to the cashier, and then pumping the gas themselves.
The system also has to interact with other automated systems to perform its tasks. For example, in order to accept credit card payments, the GSCS must interface with a system maintained by the credit card company. The credit card
system is responsible for checking that the customer's account is in good standing and can accommodate the amount of the purchase, and for debiting the customer's account and eventually reimbursing the gas station. T he operation of
these external systems is beyond the scope of the GSCS, although the GSCS needs to know how the external systems will communicate the success or failure of their tasks.
The GSCS is divided into three subsystems:
• A gas purchase subsystem, that takes care of customer interaction with the gas pumps;
• A cashier subsystem, that interacts with the cashier to accept payment for the purchase of car parts and gasoline;
• A tracking subsystem, that logs all purchases and tracks the inventory remaining.

The questions in this section have to do with maintenance issues in the implementation of the system, and with the operation of the system once it
reaches the maintenance phase of the lifecycle.

After the system is completely implemented and has been in operation for some time, a number of changes have been identified that should be made to the system.
12. The gas station owner has stipulated that the GSCS should be able to handle additional gas pumps, if the station decides to invest in them in the future. However, the development team realizes that the way in which it handles concurrency will not scale up if more gas pumps are added at the gas station. This situation:
a. Should lead to a corrective change.
b. Should lead to an adaptive change.
c. Should lead to a perfective change.
d. Should lead to a preventive change.
e. Should require no maintenance to be performed.",,"[
  {
    ""role"": ""sentence"",
    ""segment"": ""This situation should lead to an adaptive change."",
    ""citations"": [
      {
        ""type"": ""source_text"",
        ""content"": ""b. Should lead to an adaptive change."",
        ""img_id"": null
      }
    ],
    ""type"": null
  }
]",The chatbot can't answer this question. Please try again with another question.,0.544,17.658
"The following questions are in reference to a hypothetical ""Gas Station Control System"" (or GSCS) that will be used to help manage an American-style gasoline or service station. Our hypothetical gas station basically provides two services:
• There is a small store that carries car parts. Inside the store is at least one cash register, operated by a cashier who is an employee of the
gas station.
• There are a number of gas pumps, at which customers can park their cars, interact with the system to pay via credit card, and then pump their own gas. Alternatively, the customer can pay for his or her gas via cash or credit card by going into the store and paying directly to the cashier.
Thus the GSCS has two main classes of users. The first is the cashier, who uses the GSCS to record purchases of car parts by customers. The GSCS must allow the cashier to enter the type and number of parts purchased, then compute the total purchase price and handle the payment. Customers purchasing gasoline are the second type of user. These customers interface with the system at the gas pump, by specifying the amount and type of gas they will buy, paying either at the pump or to the cashier, and then pumping the gas themselves.
The system also has to interact with other automated systems to perform its tasks. For example, in order to accept credit card payments, the GSCS must interface with a system maintained by the credit card company. The credit card
system is responsible for checking that the customer's account is in good standing and can accommodate the amount of the purchase, and for debiting the customer's account and eventually reimbursing the gas station. T he operation of
these external systems is beyond the scope of the GSCS, although the GSCS needs to know how the external systems will communicate the success or failure of their tasks.
The GSCS is divided into three subsystems:
• A gas purchase subsystem, that takes care of customer interaction with the gas pumps;
• A cashier subsystem, that interacts with the cashier to accept payment for the purchase of car parts and gasoline;
• A tracking subsystem, that logs all purchases and tracks the inventory remaining.

The questions in this section have to do with maintenance issues in the implementation of the system, and with the operation of the system once it
reaches the maintenance phase of the lifecycle.

After the system is completely implemented and has been in operation for some time, a number of changes have been identified that should be made to the system.
13. An additional service is added for customers at the gas station. (Customers can now rent parking spots.) This situation:
a. Should lead to a corrective change.
b. Should lead to an adaptive change.
c. Should lead to a perfective change.
d. Should lead to a preventive change.
e. Should require no maintenance to be performed.",,"[
    {
        ""role"": ""paragraph"",
        ""segment"": ""The chatbot can't answer this question. Please try again with another question."",
        ""citations"": [],
        ""type"": ""abstained""
    }
]",The chatbot can't answer this question. Please try again with another question.,0.698,16.962
"The following questions are in reference to a hypothetical ""Gas Station Control System"" (or GSCS) that will be used to help manage an American-style gasoline or service station. Our hypothetical gas station basically provides two services:
• There is a small store that carries car parts. Inside the store is at least one cash register, operated by a cashier who is an employee of the
gas station.
• There are a number of gas pumps, at which customers can park their cars, interact with the system to pay via credit card, and then pump their own gas. Alternatively, the customer can pay for his or her gas via cash or credit card by going into the store and paying directly to the cashier.
Thus the GSCS has two main classes of users. The first is the cashier, who uses the GSCS to record purchases of car parts by customers. The GSCS must allow the cashier to enter the type and number of parts purchased, then compute the total purchase price and handle the payment. Customers purchasing gasoline are the second type of user. These customers interface with the system at the gas pump, by specifying the amount and type of gas they will buy, paying either at the pump or to the cashier, and then pumping the gas themselves.
The system also has to interact with other automated systems to perform its tasks. For example, in order to accept credit card payments, the GSCS must interface with a system maintained by the credit card company. The credit card
system is responsible for checking that the customer's account is in good standing and can accommodate the amount of the purchase, and for debiting the customer's account and eventually reimbursing the gas station. T he operation of
these external systems is beyond the scope of the GSCS, although the GSCS needs to know how the external systems will communicate the success or failure of their tasks.
The GSCS is divided into three subsystems:
• A gas purchase subsystem, that takes care of customer interaction with the gas pumps;
• A cashier subsystem, that interacts with the cashier to accept payment for the purchase of car parts and gasoline;
• A tracking subsystem, that logs all purchases and tracks the inventory remaining.

The questions in this section have to do with maintenance issues in the implementation of the system, and with the operation of the system once it
reaches the maintenance phase of the lifecycle.

After the system is completely implemented and has been in operation for some time, a number of changes have been identified that should be made to the system.
14. When receipts are printed, if the customer's name exceeds a certain length then the purchase price does not fit on the receipt and is not printed. This situation does not occur very frequently (at most, once a week). This situation:
a. Should lead to a corrective change.
b. Should lead to an adaptive change.
c. Should lead to a perfective change.
d. Should lead to a preventive change.
e. Should require no maintenance to be performed.",,"[
  {
    ""role"": ""paragraph"",
    ""segment"": ""The chatbot can't answer this question. Please try again with another question."",
    ""citations"": [],
    ""type"": ""abstained""
  }
]",The chatbot can't answer this question. Please try again with another question.,0.797,11.98
"The following questions are in reference to a hypothetical ""Gas Station Control System"" (or GSCS) that will be used to help manage an American-style gasoline or service station. Our hypothetical gas station basically provides two services:
• There is a small store that carries car parts. Inside the store is at least one cash register, operated by a cashier who is an employee of the
gas station.
• There are a number of gas pumps, at which customers can park their cars, interact with the system to pay via credit card, and then pump their own gas. Alternatively, the customer can pay for his or her gas via cash or credit card by going into the store and paying directly to the cashier.
Thus the GSCS has two main classes of users. The first is the cashier, who uses the GSCS to record purchases of car parts by customers. The GSCS must allow the cashier to enter the type and number of parts purchased, then compute the total purchase price and handle the payment. Customers purchasing gasoline are the second type of user. These customers interface with the system at the gas pump, by specifying the amount and type of gas they will buy, paying either at the pump or to the cashier, and then pumping the gas themselves.
The system also has to interact with other automated systems to perform its tasks. For example, in order to accept credit card payments, the GSCS must interface with a system maintained by the credit card company. The credit card
system is responsible for checking that the customer's account is in good standing and can accommodate the amount of the purchase, and for debiting the customer's account and eventually reimbursing the gas station. T he operation of
these external systems is beyond the scope of the GSCS, although the GSCS needs to know how the external systems will communicate the success or failure of their tasks.
The GSCS is divided into three subsystems:
• A gas purchase subsystem, that takes care of customer interaction with the gas pumps;
• A cashier subsystem, that interacts with the cashier to accept payment for the purchase of car parts and gasoline;
• A tracking subsystem, that logs all purchases and tracks the inventory remaining.

The questions in this section have to do with maintenance issues in the implementation of the system, and with the operation of the system once it
reaches the maintenance phase of the lifecycle.

After the system is completely implemented and has been in operation for some time, a number of changes have been identified that should be made to the system.
15. The situation described in question 14 represents a problem with the quality of the system because it represents a reduction in
a. Reliability
b. Integrity
c. Consistency
d. a and b
e. a and c
f. b and c
g. a, b, and c",,"[
  {
    ""role"": ""paragraph"",
    ""segment"": ""The chatbot can't answer this question. Please try again with another question."",
    ""citations"": [],
    ""type"": ""abstained""
  }
]",The chatbot can't answer this question. Please try again with another question.,0.521,6.787
"The following questions are in reference to a hypothetical ""Gas Station Control System"" (or GSCS) that will be used to help manage an American-style gasoline or service station. Our hypothetical gas station basically provides two services:
• There is a small store that carries car parts. Inside the store is at least one cash register, operated by a cashier who is an employee of the
gas station.
• There are a number of gas pumps, at which customers can park their cars, interact with the system to pay via credit card, and then pump their own gas. Alternatively, the customer can pay for his or her gas via cash or credit card by going into the store and paying directly to the cashier.
Thus the GSCS has two main classes of users. The first is the cashier, who uses the GSCS to record purchases of car parts by customers. The GSCS must allow the cashier to enter the type and number of parts purchased, then compute the total purchase price and handle the payment. Customers purchasing gasoline are the second type of user. These customers interface with the system at the gas pump, by specifying the amount and type of gas they will buy, paying either at the pump or to the cashier, and then pumping the gas themselves.
The system also has to interact with other automated systems to perform its tasks. For example, in order to accept credit card payments, the GSCS must interface with a system maintained by the credit card company. The credit card
system is responsible for checking that the customer's account is in good standing and can accommodate the amount of the purchase, and for debiting the customer's account and eventually reimbursing the gas station. T he operation of
these external systems is beyond the scope of the GSCS, although the GSCS needs to know how the external systems will communicate the success or failure of their tasks.
The GSCS is divided into three subsystems:
• A gas purchase subsystem, that takes care of customer interaction with the gas pumps;
• A cashier subsystem, that interacts with the cashier to accept payment for the purchase of car parts and gasoline;
• A tracking subsystem, that logs all purchases and tracks the inventory remaining.

The questions in this section have to do with maintenance issues in the implementation of the system, and with the operation of the system once it
reaches the maintenance phase of the lifecycle.

After the system is completely implemented and has been in operation for some time, a number of changes have been identified that should be made to the system.
16. After the problem discussed in question 14 is identified, one of the developers redesigns a small part of the design to fix the problem, and changes the code accordingly. She then updates the requirements document so that the functionality now in the system is explained correctly. This is an example of:
a. Maintaining vertical traceability
b. Maintaining horizontal traceability
c. Both a and b
d. Neither a nor b",,"[
    {
        ""role"": ""paragraph"",
        ""segment"": ""The chatbot can't answer this question. Please try again with another question."",
        ""citations"": [],
        ""type"": ""abstained""
    }
]",The chatbot can't answer this question. Please try again with another question.,0.574,8.132
"The following questions are in reference to a hypothetical ""Gas Station Control System"" (or GSCS) that will be used to help manage an American-style gasoline or service station. Our hypothetical gas station basically provides two services:
• There is a small store that carries car parts. Inside the store is at least one cash register, operated by a cashier who is an employee of the
gas station.
• There are a number of gas pumps, at which customers can park their cars, interact with the system to pay via credit card, and then pump their own gas. Alternatively, the customer can pay for his or her gas via cash or credit card by going into the store and paying directly to the cashier.
Thus the GSCS has two main classes of users. The first is the cashier, who uses the GSCS to record purchases of car parts by customers. The GSCS must allow the cashier to enter the type and number of parts purchased, then compute the total purchase price and handle the payment. Customers purchasing gasoline are the second type of user. These customers interface with the system at the gas pump, by specifying the amount and type of gas they will buy, paying either at the pump or to the cashier, and then pumping the gas themselves.
The system also has to interact with other automated systems to perform its tasks. For example, in order to accept credit card payments, the GSCS must interface with a system maintained by the credit card company. The credit card
system is responsible for checking that the customer's account is in good standing and can accommodate the amount of the purchase, and for debiting the customer's account and eventually reimbursing the gas station. T he operation of
these external systems is beyond the scope of the GSCS, although the GSCS needs to know how the external systems will communicate the success or failure of their tasks.
The GSCS is divided into three subsystems:
• A gas purchase subsystem, that takes care of customer interaction with the gas pumps;
• A cashier subsystem, that interacts with the cashier to accept payment for the purchase of car parts and gasoline;
• A tracking subsystem, that logs all purchases and tracks the inventory remaining.

The questions in this section have to do with maintenance issues in the implementation of the system, and with the operation of the system once it
reaches the maintenance phase of the lifecycle.

After the system is completely implemented and has been in operation for some time, a number of changes have been identified that should be made to the system.
17. Operation of the system also reveals problems with the way it handles concurrent users at different gas pumps. Upon investigation, it was discovered that this problem stems from a module that was specified correctly in the requirements and design, but was implemented incorrectly in the code. This problem might have been discovered earlier if the team had used an appropriate:
a. Linker
b. Debugging tool
c. Cross-reference generator
d. Static code analyzer",,"[
    {
        ""role"": ""paragraph"",
        ""segment"": ""The chatbot can't answer this question. Please try again with another question."",
        ""citations"": [],
        ""type"": ""abstained""
    }
]",The chatbot can't answer this question. Please try again with another question.,0.524,13.856
"The following questions are in reference to a hypothetical ""Gas Station Control System"" (or GSCS) that will be used to help manage an American-style gasoline or service station. Our hypothetical gas station basically provides two services:
• There is a small store that carries car parts. Inside the store is at least one cash register, operated by a cashier who is an employee of the
gas station.
• There are a number of gas pumps, at which customers can park their cars, interact with the system to pay via credit card, and then pump their own gas. Alternatively, the customer can pay for his or her gas via cash or credit card by going into the store and paying directly to the cashier.
Thus the GSCS has two main classes of users. The first is the cashier, who uses the GSCS to record purchases of car parts by customers. The GSCS must allow the cashier to enter the type and number of parts purchased, then compute the total purchase price and handle the payment. Customers purchasing gasoline are the second type of user. These customers interface with the system at the gas pump, by specifying the amount and type of gas they will buy, paying either at the pump or to the cashier, and then pumping the gas themselves.
The system also has to interact with other automated systems to perform its tasks. For example, in order to accept credit card payments, the GSCS must interface with a system maintained by the credit card company. The credit card
system is responsible for checking that the customer's account is in good standing and can accommodate the amount of the purchase, and for debiting the customer's account and eventually reimbursing the gas station. T he operation of
these external systems is beyond the scope of the GSCS, although the GSCS needs to know how the external systems will communicate the success or failure of their tasks.
The GSCS is divided into three subsystems:
• A gas purchase subsystem, that takes care of customer interaction with the gas pumps;
• A cashier subsystem, that interacts with the cashier to accept payment for the purchase of car parts and gasoline;
• A tracking subsystem, that logs all purchases and tracks the inventory remaining.

The questions in this section have to do with maintenance issues in the implementation of the system, and with the operation of the system once it
reaches the maintenance phase of the lifecycle.

18. Suppose that we want to evaluate the quality of the GSCS using Boehm's quality model. From which of the following perspectives would we assess the utility of the system?
a. The owner of the gas station
b. The cashiers and customers at the gas pumps
c. The maintainers of the system
d. a and b
e. a and c
f. b and c
g. a, b, and c",,"[
  {
    ""role"": ""paragraph"",
    ""segment"": ""The relevant perspectives are the cashiers and customers at the gas pumps, and the maintainers of the system."",
    ""citations"": [
      {
        ""type"": ""source_text"",
        ""content"": ""The GSCS has two main classes of users."",
        ""img_id"": null
      },
      {
        ""type"": ""source_text"",
        ""content"": ""The first is the cashier, who uses the GSCS to record purchases of car parts by customers."",
        ""img_id"": null
      },
      {
        ""type"": ""source_text"",
        ""content"": ""The second is customers purchasing gasoline are the second class of users."",
        ""img_id"": null
      },
      {
        ""type"": ""source_text"",
        ""content"": ""The questions in this section have to do with maintenance issues in the implementation of the system, and with the operation of the system once it reaches the maintenance phase of the lifecycle."",
        ""img_id"": null
      }
    ],
    ""type"": null
  }
]",The chatbot can't answer this question. Please try again with another question.,0.764,32.385
"The following questions are in reference to a hypothetical ""Gas Station Control System"" (or GSCS) that will be used to help manage an American-style gasoline or service station. Our hypothetical gas station basically provides two services:
• There is a small store that carries car parts. Inside the store is at least one cash register, operated by a cashier who is an employee of the
gas station.
• There are a number of gas pumps, at which customers can park their cars, interact with the system to pay via credit card, and then pump their own gas. Alternatively, the customer can pay for his or her gas via cash or credit card by going into the store and paying directly to the cashier.
Thus the GSCS has two main classes of users. The first is the cashier, who uses the GSCS to record purchases of car parts by customers. The GSCS must allow the cashier to enter the type and number of parts purchased, then compute the total purchase price and handle the payment. Customers purchasing gasoline are the second type of user. These customers interface with the system at the gas pump, by specifying the amount and type of gas they will buy, paying either at the pump or to the cashier, and then pumping the gas themselves.
The system also has to interact with other automated systems to perform its tasks. For example, in order to accept credit card payments, the GSCS must interface with a system maintained by the credit card company. The credit card
system is responsible for checking that the customer's account is in good standing and can accommodate the amount of the purchase, and for debiting the customer's account and eventually reimbursing the gas station. T he operation of
these external systems is beyond the scope of the GSCS, although the GSCS needs to know how the external systems will communicate the success or failure of their tasks.
The GSCS is divided into three subsystems:
• A gas purchase subsystem, that takes care of customer interaction with the gas pumps;
• A cashier subsystem, that interacts with the cashier to accept payment for the purchase of car parts and gasoline;
• A tracking subsystem, that logs all purchases and tracks the inventory remaining.

The questions in this section have to do with maintenance issues in the implementation of the system, and with the operation of the system once it
reaches the maintenance phase of the lifecycle.

19. The team members who worked on the gas purchase subsystem used a new CASE tool, and they are claiming that it should be adopted by the entire team. The team leader decides to investigate whether team performance would really be improved in this way. As a basis for his evaluation, he interviews several team members and looks for trends and patterns in their responses. He asks members who used the tool questions such as: whether the use of the tool led to more frequent or characteristic kinds of problems, whether the tool was reliable, and what kinds of tasks the tool was used for. He also talks to team members who did not use the tool, in order to see if they experienced problems that using the tool might have avoided. The team leader will then try to relate this information to any differences in productivity between team members who used the tool and those who did not. This type of investigation would best be described as a:
a. Feature analysis
b. Case study
c. Survey
d. Formal experiment",,"[
    {
        ""role"": ""sentence"",
        ""segment"": ""Case study"",
        ""citations"": [
            {
                ""type"": ""source_text"",
                ""content"": ""b. Case study"",
                ""img_id"": null
            }
        ],
        ""type"": null
    }
]",The chatbot can't answer this question. Please try again with another question.,0.635,17.479
"The following questions are in reference to a hypothetical ""Gas Station Control System"" (or GSCS) that will be used to help manage an American-style gasoline or service station. Our hypothetical gas station basically provides two services:
• There is a small store that carries car parts. Inside the store is at least one cash register, operated by a cashier who is an employee of the
gas station.
• There are a number of gas pumps, at which customers can park their cars, interact with the system to pay via credit card, and then pump their own gas. Alternatively, the customer can pay for his or her gas via cash or credit card by going into the store and paying directly to the cashier.
Thus the GSCS has two main classes of users. The first is the cashier, who uses the GSCS to record purchases of car parts by customers. The GSCS must allow the cashier to enter the type and number of parts purchased, then compute the total purchase price and handle the payment. Customers purchasing gasoline are the second type of user. These customers interface with the system at the gas pump, by specifying the amount and type of gas they will buy, paying either at the pump or to the cashier, and then pumping the gas themselves.
The system also has to interact with other automated systems to perform its tasks. For example, in order to accept credit card payments, the GSCS must interface with a system maintained by the credit card company. The credit card
system is responsible for checking that the customer's account is in good standing and can accommodate the amount of the purchase, and for debiting the customer's account and eventually reimbursing the gas station. T he operation of
these external systems is beyond the scope of the GSCS, although the GSCS needs to know how the external systems will communicate the success or failure of their tasks.
The GSCS is divided into three subsystems:
• A gas purchase subsystem, that takes care of customer interaction with the gas pumps;
• A cashier subsystem, that interacts with the cashier to accept payment for the purchase of car parts and gasoline;
• A tracking subsystem, that logs all purchases and tracks the inventory remaining.

The questions in this section have to do with maintenance issues in the implementation of the system, and with the operation of the system once it
reaches the maintenance phase of the lifecycle.

20. The type of investigation described in question 19 is probably a good choice for an initial answer to this question, because:
a. The effects of potentially confounding factors can be easily eliminated during the analysis, so that any relationship between tool use and productivity will be easy to see.
b. This type of investigation is well-suited to retrospective data, and thus good use can be made of data already collected for other purposes.
c. It ensures that the data collected about the tool will be representative of all important types of users.
d. a and b
e. a and c
f. b and c
g. a, b, and c",,"[
  {
    ""role"": ""paragraph"",
    ""segment"": ""The chatbot can't answer this question. Please try again with another question."",
    ""citations"": [],
    ""type"": ""abstained""
  }
]",The chatbot can't answer this question. Please try again with another question.,0.574,8.352
"The following questions are in reference to a hypothetical ""Gas Station Control System"" (or GSCS) that will be used to help manage an American-style gasoline or service station. Our hypothetical gas station basically provides two services:
• There is a small store that carries car parts. Inside the store is at least one cash register, operated by a cashier who is an employee of the
gas station.
• There are a number of gas pumps, at which customers can park their cars, interact with the system to pay via credit card, and then pump their own gas. Alternatively, the customer can pay for his or her gas via cash or credit card by going into the store and paying directly to the cashier.
Thus the GSCS has two main classes of users. The first is the cashier, who uses the GSCS to record purchases of car parts by customers. The GSCS must allow the cashier to enter the type and number of parts purchased, then compute the total purchase price and handle the payment. Customers purchasing gasoline are the second type of user. These customers interface with the system at the gas pump, by specifying the amount and type of gas they will buy, paying either at the pump or to the cashier, and then pumping the gas themselves.
The system also has to interact with other automated systems to perform its tasks. For example, in order to accept credit card payments, the GSCS must interface with a system maintained by the credit card company. The credit card
system is responsible for checking that the customer's account is in good standing and can accommodate the amount of the purchase, and for debiting the customer's account and eventually reimbursing the gas station. T he operation of
these external systems is beyond the scope of the GSCS, although the GSCS needs to know how the external systems will communicate the success or failure of their tasks.
The GSCS is divided into three subsystems:
• A gas purchase subsystem, that takes care of customer interaction with the gas pumps;
• A cashier subsystem, that interacts with the cashier to accept payment for the purchase of car parts and gasoline;
• A tracking subsystem, that logs all purchases and tracks the inventory remaining.

The questions in this section have to do with maintenance issues in the implementation of the system, and with the operation of the system once it
reaches the maintenance phase of the lifecycle.

21. Based on the initial investigation described in question 19, the tool looks promising for use by the development team. The team leader would like to run one more small study to confirm this indication. He decides that the most appropriate type of study will be a formal experiment. He constructs a small programming assignment that he feels should take only a few hours, and gives the assignment to two groups of developers who have agreed to participate. Members of one group are asked to program the solution as they normally would, while the second group is asked to come up with a solution using the tool. The first group has no access to the tool, and cannot use it; and the team leader can examine the files produced by the tool to make sure the second group actually did use it as expected. Because there is a learning curve involved in use of the tool, the second group consists of developers who used the tool on the last project. The team leader can then study the quality of the solutions produced, and the effort required, to assess how useful the tool would be. The above study suffers from which of the following pitfalls?
a. Bias
b. Homogeneity
c. Misclassification
d. a and b
e. a and c
f. b and c
g. This study has none of these pitfalls.",,"[
    {
        ""role"": ""sentence"",
        ""segment"": ""Answer: d. a and b."",
        ""citations"": [
            {
                ""type"": ""source_text"",
                ""content"": ""Members of one group are asked to program the solution as they normally would, while the second group is asked to come up with a solution using the tool."",
                ""img_id"": null
            },
            {
                ""type"": ""source_text"",
                ""content"": ""The first group has no access to the tool, and cannot use it;"",
                ""img_id"": null
            },
            {
                ""type"": ""source_text"",
                ""content"": ""Because there is a learning curve involved in use of the tool, the second group consists of developers who used the tool on the last project."",
                ""img_id"": null
            }
        ],
        ""type"": null
    }
]",The chatbot can't answer this question. Please try again with another question.,0.671,27.93
"The following questions are in reference to a hypothetical ""Gas Station Control System"" (or GSCS) that will be used to help manage an American-style gasoline or service station. Our hypothetical gas station basically provides two services:
• There is a small store that carries car parts. Inside the store is at least one cash register, operated by a cashier who is an employee of the
gas station.
• There are a number of gas pumps, at which customers can park their cars, interact with the system to pay via credit card, and then pump their own gas. Alternatively, the customer can pay for his or her gas via cash or credit card by going into the store and paying directly to the cashier.
Thus the GSCS has two main classes of users. The first is the cashier, who uses the GSCS to record purchases of car parts by customers. The GSCS must allow the cashier to enter the type and number of parts purchased, then compute the total purchase price and handle the payment. Customers purchasing gasoline are the second type of user. These customers interface with the system at the gas pump, by specifying the amount and type of gas they will buy, paying either at the pump or to the cashier, and then pumping the gas themselves.
The system also has to interact with other automated systems to perform its tasks. For example, in order to accept credit card payments, the GSCS must interface with a system maintained by the credit card company. The credit card
system is responsible for checking that the customer's account is in good standing and can accommodate the amount of the purchase, and for debiting the customer's account and eventually reimbursing the gas station. T he operation of
these external systems is beyond the scope of the GSCS, although the GSCS needs to know how the external systems will communicate the success or failure of their tasks.
The GSCS is divided into three subsystems:
• A gas purchase subsystem, that takes care of customer interaction with the gas pumps;
• A cashier subsystem, that interacts with the cashier to accept payment for the purchase of car parts and gasoline;
• A tracking subsystem, that logs all purchases and tracks the inventory remaining.

The questions in this section have to do with maintenance issues in the implementation of the system, and with the operation of the system once it
reaches the maintenance phase of the lifecycle.

22. TRUE or FALSE: Assume that any pitfalls identified in question 21 are fixed. The team leader can be very confident that the results seen from the study would apply if the team used the tool on a real project.",,"[
  {
    ""role"": ""paragraph"",
    ""segment"": ""The chatbot can't answer this question. Please try again with another question."",
    ""citations"": [],
    ""type"": ""abstained""
  }
]",The chatbot can't answer this question. Please try again with another question.,0.539,5.613
"The following questions are in reference to a hypothetical ""Gas Station Control System"" (or GSCS) that will be used to help manage an American-style gasoline or service station. Our hypothetical gas station basically provides two services:
• There is a small store that carries car parts. Inside the store is at least one cash register, operated by a cashier who is an employee of the
gas station.
• There are a number of gas pumps, at which customers can park their cars, interact with the system to pay via credit card, and then pump their own gas. Alternatively, the customer can pay for his or her gas via cash or credit card by going into the store and paying directly to the cashier.
Thus the GSCS has two main classes of users. The first is the cashier, who uses the GSCS to record purchases of car parts by customers. The GSCS must allow the cashier to enter the type and number of parts purchased, then compute the total purchase price and handle the payment. Customers purchasing gasoline are the second type of user. These customers interface with the system at the gas pump, by specifying the amount and type of gas they will buy, paying either at the pump or to the cashier, and then pumping the gas themselves.
The system also has to interact with other automated systems to perform its tasks. For example, in order to accept credit card payments, the GSCS must interface with a system maintained by the credit card company. The credit card
system is responsible for checking that the customer's account is in good standing and can accommodate the amount of the purchase, and for debiting the customer's account and eventually reimbursing the gas station. T he operation of
these external systems is beyond the scope of the GSCS, although the GSCS needs to know how the external systems will communicate the success or failure of their tasks.
The GSCS is divided into three subsystems:
• A gas purchase subsystem, that takes care of customer interaction with the gas pumps;
• A cashier subsystem, that interacts with the cashier to accept payment for the purchase of car parts and gasoline;
• A tracking subsystem, that logs all purchases and tracks the inventory remaining.

The questions in this section have to do with maintenance issues in the implementation of the system, and with the operation of the system once it
reaches the maintenance phase of the lifecycle.

23. TRUE or FALSE: The study described in question 21 directly tests the following hypothesis: “Using the tool produces better quality software than using the normal development method in this environment.”",,"[
    {
        ""role"": ""paragraph"",
        ""segment"": ""The chatbot can't answer this question. Please try again with another question."",
        ""citations"": [],
        ""type"": ""abstained""
    }
]",The chatbot can't answer this question. Please try again with another question.,0.575,6.511
"The following questions are in reference to a hypothetical ""Gas Station Control System"" (or GSCS) that will be used to help manage an American-style gasoline or service station. Our hypothetical gas station basically provides two services:
• There is a small store that carries car parts. Inside the store is at least one cash register, operated by a cashier who is an employee of the
gas station.
• There are a number of gas pumps, at which customers can park their cars, interact with the system to pay via credit card, and then pump their own gas. Alternatively, the customer can pay for his or her gas via cash or credit card by going into the store and paying directly to the cashier.
Thus the GSCS has two main classes of users. The first is the cashier, who uses the GSCS to record purchases of car parts by customers. The GSCS must allow the cashier to enter the type and number of parts purchased, then compute the total purchase price and handle the payment. Customers purchasing gasoline are the second type of user. These customers interface with the system at the gas pump, by specifying the amount and type of gas they will buy, paying either at the pump or to the cashier, and then pumping the gas themselves.
The system also has to interact with other automated systems to perform its tasks. For example, in order to accept credit card payments, the GSCS must interface with a system maintained by the credit card company. The credit card
system is responsible for checking that the customer's account is in good standing and can accommodate the amount of the purchase, and for debiting the customer's account and eventually reimbursing the gas station. T he operation of
these external systems is beyond the scope of the GSCS, although the GSCS needs to know how the external systems will communicate the success or failure of their tasks.
The GSCS is divided into three subsystems:
• A gas purchase subsystem, that takes care of customer interaction with the gas pumps;
• A cashier subsystem, that interacts with the cashier to accept payment for the purchase of car parts and gasoline;
• A tracking subsystem, that logs all purchases and tracks the inventory remaining.

The questions in this section have to do with maintenance issues in the implementation of the system, and with the operation of the system once it
reaches the maintenance phase of the lifecycle.

24. After studying the issue carefully, the team leader is convinced that the tool would be useful to the group, and acquires it for the next project. To assess whether his decision was a good one, the team leader monitors the number of hours developers actually spend using the tool. However, it turns out that, compared with the last project, developers on this project end up using it much less. The team leader can reasonably conclude:
a. The developers would find the tool more useful, if only they would use it more.
b. This project is different in some way from the last one, which makes the tool less applicable.
c. This project is simply smaller than planned, and requires less development activity.
d. a and b
e. a and c
f. b and c
g. a, b, and c",,"[
    {
        ""role"": ""paragraph"",
        ""segment"": ""The chatbot can't answer this question. Please try again with another question."",
        ""citations"": [],
        ""type"": ""abstained""
    }
]",The chatbot can't answer this question. Please try again with another question.,0.563,11.124
"The following questions are in reference to a hypothetical ""Gas Station Control System"" (or GSCS) that will be used to help manage an American-style gasoline or service station. Our hypothetical gas station basically provides two services:
• There is a small store that carries car parts. Inside the store is at least one cash register, operated by a cashier who is an employee of the
gas station.
• There are a number of gas pumps, at which customers can park their cars, interact with the system to pay via credit card, and then pump their own gas. Alternatively, the customer can pay for his or her gas via cash or credit card by going into the store and paying directly to the cashier.
Thus the GSCS has two main classes of users. The first is the cashier, who uses the GSCS to record purchases of car parts by customers. The GSCS must allow the cashier to enter the type and number of parts purchased, then compute the total purchase price and handle the payment. Customers purchasing gasoline are the second type of user. These customers interface with the system at the gas pump, by specifying the amount and type of gas they will buy, paying either at the pump or to the cashier, and then pumping the gas themselves.
The system also has to interact with other automated systems to perform its tasks. For example, in order to accept credit card payments, the GSCS must interface with a system maintained by the credit card company. The credit card
system is responsible for checking that the customer's account is in good standing and can accommodate the amount of the purchase, and for debiting the customer's account and eventually reimbursing the gas station. T he operation of
these external systems is beyond the scope of the GSCS, although the GSCS needs to know how the external systems will communicate the success or failure of their tasks.
The GSCS is divided into three subsystems:
• A gas purchase subsystem, that takes care of customer interaction with the gas pumps;
• A cashier subsystem, that interacts with the cashier to accept payment for the purchase of car parts and gasoline;
• A tracking subsystem, that logs all purchases and tracks the inventory remaining.

The questions in this section have to do with maintenance issues in the implementation of the system, and with the operation of the system once it
reaches the maintenance phase of the lifecycle.

Once the project is completed and some maintenance tasks are taken care of, the team leader decides to spend some time reviewing the team's software development process, in order to identify potential improvements that can be made for the next project.
25. TRUE or FALSE: The team leader's normal post-project activity is to schedule some time for a one-on-one interview with each member of the team. He asks each member how he or she felt about the last project. He allows them to talk about organization, process, or anything else they find important and does his best not to ask leading questions or to give his own opinion. This approach is an optimal way to conduct post-mortem analyses.",,"[
  {
    ""role"": ""paragraph"",
    ""segment"": ""The chatbot can't answer this question. Please try again with another question."",
    ""citations"": [],
    ""type"": ""abstained""
  }
]",The chatbot can't answer this question. Please try again with another question.,0.696,5.911
"The following questions are in reference to a hypothetical ""Gas Station Control System"" (or GSCS) that will be used to help manage an American-style gasoline or service station. Our hypothetical gas station basically provides two services:
• There is a small store that carries car parts. Inside the store is at least one cash register, operated by a cashier who is an employee of the
gas station.
• There are a number of gas pumps, at which customers can park their cars, interact with the system to pay via credit card, and then pump their own gas. Alternatively, the customer can pay for his or her gas via cash or credit card by going into the store and paying directly to the cashier.
Thus the GSCS has two main classes of users. The first is the cashier, who uses the GSCS to record purchases of car parts by customers. The GSCS must allow the cashier to enter the type and number of parts purchased, then compute the total purchase price and handle the payment. Customers purchasing gasoline are the second type of user. These customers interface with the system at the gas pump, by specifying the amount and type of gas they will buy, paying either at the pump or to the cashier, and then pumping the gas themselves.
The system also has to interact with other automated systems to perform its tasks. For example, in order to accept credit card payments, the GSCS must interface with a system maintained by the credit card company. The credit card
system is responsible for checking that the customer's account is in good standing and can accommodate the amount of the purchase, and for debiting the customer's account and eventually reimbursing the gas station. T he operation of
these external systems is beyond the scope of the GSCS, although the GSCS needs to know how the external systems will communicate the success or failure of their tasks.
The GSCS is divided into three subsystems:
• A gas purchase subsystem, that takes care of customer interaction with the gas pumps;
• A cashier subsystem, that interacts with the cashier to accept payment for the purchase of car parts and gasoline;
• A tracking subsystem, that logs all purchases and tracks the inventory remaining.

The questions in this section have to do with maintenance issues in the implementation of the system, and with the operation of the system once it
reaches the maintenance phase of the lifecycle.

Once the project is completed and some maintenance tasks are taken care of, the team leader decides to spend some time reviewing the team's software development process, in order to identify potential improvements that can be made for the next project.
26. TRUE or FALSE: The team leader decides to try something new for this project: A “Project History Day” designed to track down the root causes of problems experienced while developing the GSCS. He invites the entire development team to the full-day meeting, expecting each member to raise any important problems encountered and the entire team to participate in discussing how to avoid it in the future. This Project History Day should be expected to be a successful tool for process improvement.",,"[
  {
    ""role"": ""paragraph"",
    ""segment"": ""The chatbot can't answer this question. Please try again with another question."",
    ""citations"": [],
    ""type"": ""abstained""
  }
]",The chatbot can't answer this question. Please try again with another question.,0.61,9.775
"The following questions are in reference to a hypothetical ""Gas Station Control System"" (or GSCS) that will be used to help manage an American-style gasoline or service station. Our hypothetical gas station basically provides two services:
• There is a small store that carries car parts. Inside the store is at least one cash register, operated by a cashier who is an employee of the
gas station.
• There are a number of gas pumps, at which customers can park their cars, interact with the system to pay via credit card, and then pump their own gas. Alternatively, the customer can pay for his or her gas via cash or credit card by going into the store and paying directly to the cashier.
Thus the GSCS has two main classes of users. The first is the cashier, who uses the GSCS to record purchases of car parts by customers. The GSCS must allow the cashier to enter the type and number of parts purchased, then compute the total purchase price and handle the payment. Customers purchasing gasoline are the second type of user. These customers interface with the system at the gas pump, by specifying the amount and type of gas they will buy, paying either at the pump or to the cashier, and then pumping the gas themselves.
The system also has to interact with other automated systems to perform its tasks. For example, in order to accept credit card payments, the GSCS must interface with a system maintained by the credit card company. The credit card
system is responsible for checking that the customer's account is in good standing and can accommodate the amount of the purchase, and for debiting the customer's account and eventually reimbursing the gas station. T he operation of
these external systems is beyond the scope of the GSCS, although the GSCS needs to know how the external systems will communicate the success or failure of their tasks.
The GSCS is divided into three subsystems:
• A gas purchase subsystem, that takes care of customer interaction with the gas pumps;
• A cashier subsystem, that interacts with the cashier to accept payment for the purchase of car parts and gasoline;
• A tracking subsystem, that logs all purchases and tracks the inventory remaining.

The questions in this section have to do with maintenance issues in the implementation of the system, and with the operation of the system once it
reaches the maintenance phase of the lifecycle.

Once the project is completed and some maintenance tasks are taken care of, the team leader decides to spend some time reviewing the team's software development process, in order to identify potential improvements that can be made for the next project.
27. TRUE or FALSE: The final step of the team leader's process improvement effort is to produce a report to share the team's process discoveries with managers and other developers in the organization. The team leader is careful to include positive as well as negative findings. The top three problems of the last project are discussed in detail, along with suggested ways of fixing them. This strategy is an optimal way of publishing postmortem analysis results.",,"[
  {
    ""role"": ""paragraph"",
    ""segment"": ""The chatbot can't answer this question. Please try again with another question."",
    ""citations"": [],
    ""type"": ""abstained""
  }
]",The chatbot can't answer this question. Please try again with another question.,0.538,9.23
"The following questions are in reference to a hypothetical ""Gas Station Control System"" (or GSCS) that will be used to help manage an American-style gasoline or service station. Our hypothetical gas station basically provides two services:
• There is a small store that carries car parts. Inside the store is at least one cash register, operated by a cashier who is an employee of the
gas station.
• There are a number of gas pumps, at which customers can park their cars, interact with the system to pay via credit card, and then pump their own gas. Alternatively, the customer can pay for his or her gas via cash or credit card by going into the store and paying directly to the cashier.
Thus the GSCS has two main classes of users. The first is the cashier, who uses the GSCS to record purchases of car parts by customers. The GSCS must allow the cashier to enter the type and number of parts purchased, then compute the total purchase price and handle the payment. Customers purchasing gasoline are the second type of user. These customers interface with the system at the gas pump, by specifying the amount and type of gas they will buy, paying either at the pump or to the cashier, and then pumping the gas themselves.
The system also has to interact with other automated systems to perform its tasks. For example, in order to accept credit card payments, the GSCS must interface with a system maintained by the credit card company. The credit card
system is responsible for checking that the customer's account is in good standing and can accommodate the amount of the purchase, and for debiting the customer's account and eventually reimbursing the gas station. T he operation of
these external systems is beyond the scope of the GSCS, although the GSCS needs to know how the external systems will communicate the success or failure of their tasks.
The GSCS is divided into three subsystems:
• A gas purchase subsystem, that takes care of customer interaction with the gas pumps;
• A cashier subsystem, that interacts with the cashier to accept payment for the purchase of car parts and gasoline;
• A tracking subsystem, that logs all purchases and tracks the inventory remaining.

The questions in this section have to do with maintenance issues in the implementation of the system, and with the operation of the system once it
reaches the maintenance phase of the lifecycle.

28. The team has also considered CMM as a way to improve their software development process. Which of the following accurately describes the CMM?
a. It is meant to be used by a software development organization, which can use the key process areas to determine which aspects of their development process to improve.
b. It is meant to be used by software customers, who can use it to assess the strengths and weaknesses of the software developers with whom they contract.
c. The highest CMM ranking corresponds to the situation in which the software development process is understood simply as a “black box” that converts the inputs to the process into quality software.
d. a and b
e. a and c
f. b and c
g. a, b, and c",,"[
    {
        ""role"": ""paragraph"",
        ""segment"": ""The chatbot can't answer this question. Please try again with another question."",
        ""citations"": [],
        ""type"": null
    }
]",The chatbot can't answer this question. Please try again with another question.,0.445,8.392
"The following questions are in reference to a hypothetical ""Gas Station Control System"" (or GSCS) that will be used to help manage an American-style gasoline or service station. Our hypothetical gas station basically provides two services:
• There is a small store that carries car parts. Inside the store is at least one cash register, operated by a cashier who is an employee of the
gas station.
• There are a number of gas pumps, at which customers can park their cars, interact with the system to pay via credit card, and then pump their own gas. Alternatively, the customer can pay for his or her gas via cash or credit card by going into the store and paying directly to the cashier.
Thus the GSCS has two main classes of users. The first is the cashier, who uses the GSCS to record purchases of car parts by customers. The GSCS must allow the cashier to enter the type and number of parts purchased, then compute the total purchase price and handle the payment. Customers purchasing gasoline are the second type of user. These customers interface with the system at the gas pump, by specifying the amount and type of gas they will buy, paying either at the pump or to the cashier, and then pumping the gas themselves.
The system also has to interact with other automated systems to perform its tasks. For example, in order to accept credit card payments, the GSCS must interface with a system maintained by the credit card company. The credit card
system is responsible for checking that the customer's account is in good standing and can accommodate the amount of the purchase, and for debiting the customer's account and eventually reimbursing the gas station. T he operation of
these external systems is beyond the scope of the GSCS, although the GSCS needs to know how the external systems will communicate the success or failure of their tasks.
The GSCS is divided into three subsystems:
• A gas purchase subsystem, that takes care of customer interaction with the gas pumps;
• A cashier subsystem, that interacts with the cashier to accept payment for the purchase of car parts and gasoline;
• A tracking subsystem, that logs all purchases and tracks the inventory remaining.

The questions in this section have to do with maintenance issues in the implementation of the system, and with the operation of the system once it
reaches the maintenance phase of the lifecycle.

29. TRUE or FALSE: The ability to change the software development process based on lessons learned from previous projects is achieved at an early level of the CMM ranking system, and allows an organization to progress to higher levels.",,"[
  {
    ""role"": ""paragraph"",
    ""segment"": ""The chatbot can't answer this question. Please try again with another question."",
    ""citations"": [],
    ""type"": ""abstained""
  }
]",The chatbot can't answer this question. Please try again with another question.,0.532,7.002
"The following questions are in reference to a hypothetical ""Gas Station Control System"" (or GSCS) that will be used to help manage an American-style gasoline or service station. Our hypothetical gas station basically provides two services:
• There is a small store that carries car parts. Inside the store is at least one cash register, operated by a cashier who is an employee of the
gas station.
• There are a number of gas pumps, at which customers can park their cars, interact with the system to pay via credit card, and then pump their own gas. Alternatively, the customer can pay for his or her gas via cash or credit card by going into the store and paying directly to the cashier.
Thus the GSCS has two main classes of users. The first is the cashier, who uses the GSCS to record purchases of car parts by customers. The GSCS must allow the cashier to enter the type and number of parts purchased, then compute the total purchase price and handle the payment. Customers purchasing gasoline are the second type of user. These customers interface with the system at the gas pump, by specifying the amount and type of gas they will buy, paying either at the pump or to the cashier, and then pumping the gas themselves.
The system also has to interact with other automated systems to perform its tasks. For example, in order to accept credit card payments, the GSCS must interface with a system maintained by the credit card company. The credit card
system is responsible for checking that the customer's account is in good standing and can accommodate the amount of the purchase, and for debiting the customer's account and eventually reimbursing the gas station. T he operation of
these external systems is beyond the scope of the GSCS, although the GSCS needs to know how the external systems will communicate the success or failure of their tasks.
The GSCS is divided into three subsystems:
• A gas purchase subsystem, that takes care of customer interaction with the gas pumps;
• A cashier subsystem, that interacts with the cashier to accept payment for the purchase of car parts and gasoline;
• A tracking subsystem, that logs all purchases and tracks the inventory remaining.

The questions in this section have to do with maintenance issues in the implementation of the system, and with the operation of the system once it
reaches the maintenance phase of the lifecycle.

30. TRUE or FALSE: One criticism of the CMM is that it assesses only the technical quality of an organization and largely ignores business quality.",,"[
  {
    ""role"": ""paragraph"",
    ""segment"": ""The chatbot can't answer this question. Please try again with another question."",
    ""citations"": [],
    ""type"": ""abstained""
  }
]",The chatbot can't answer this question. Please try again with another question.,0.539,6.173
"The following questions are in reference to a hypothetical ""Gas Station Control System"" (or GSCS) that will be used to help manage an American-style gasoline or service station. Our hypothetical gas station basically provides two services:
• There is a small store that carries car parts. Inside the store is at least one cash register, operated by a cashier who is an employee of the
gas station.
• There are a number of gas pumps, at which customers can park their cars, interact with the system to pay via credit card, and then pump their own gas. Alternatively, the customer can pay for his or her gas via cash or credit card by going into the store and paying directly to the cashier.
Thus the GSCS has two main classes of users. The first is the cashier, who uses the GSCS to record purchases of car parts by customers. The GSCS must allow the cashier to enter the type and number of parts purchased, then compute the total purchase price and handle the payment. Customers purchasing gasoline are the second type of user. These customers interface with the system at the gas pump, by specifying the amount and type of gas they will buy, paying either at the pump or to the cashier, and then pumping the gas themselves.
The system also has to interact with other automated systems to perform its tasks. For example, in order to accept credit card payments, the GSCS must interface with a system maintained by the credit card company. The credit card
system is responsible for checking that the customer's account is in good standing and can accommodate the amount of the purchase, and for debiting the customer's account and eventually reimbursing the gas station. T he operation of
these external systems is beyond the scope of the GSCS, although the GSCS needs to know how the external systems will communicate the success or failure of their tasks.
The GSCS is divided into three subsystems:
• A gas purchase subsystem, that takes care of customer interaction with the gas pumps;
• A cashier subsystem, that interacts with the cashier to accept payment for the purchase of car parts and gasoline;
• A tracking subsystem, that logs all purchases and tracks the inventory remaining.

The questions in this section have to do with maintenance issues in the implementation of the system, and with the operation of the system once it
reaches the maintenance phase of the lifecycle.

31. Which of the following statements best capture the difference between CMM and SPICE?
a. CMM defines desirable practices which serve as a benchmark for comparison.
b. The method for performing a SPICE evaluation is prescribed so as to be as objective as possible.
c. SPICE addresses processes, distinguishing between base and generic practices.
d. a and b
e. a and c
f. a and c
g. a, b, and c",,"[
    {
        ""role"": ""paragraph"",
        ""segment"": ""The chatbot can't answer this question. Please try again with another question."",
        ""citations"": [],
        ""type"": ""abstained""
    }
]",The chatbot can't answer this question. Please try again with another question.,0.626,6.647
"The following questions are in reference to a hypothetical ""Gas Station Control System"" (or GSCS) that will be used to help manage an American-style gasoline or service station. Our hypothetical gas station basically provides two services:
• There is a small store that carries car parts. Inside the store is at least one cash register, operated by a cashier who is an employee of the
gas station.
• There are a number of gas pumps, at which customers can park their cars, interact with the system to pay via credit card, and then pump their own gas. Alternatively, the customer can pay for his or her gas via cash or credit card by going into the store and paying directly to the cashier.
Thus the GSCS has two main classes of users. The first is the cashier, who uses the GSCS to record purchases of car parts by customers. The GSCS must allow the cashier to enter the type and number of parts purchased, then compute the total purchase price and handle the payment. Customers purchasing gasoline are the second type of user. These customers interface with the system at the gas pump, by specifying the amount and type of gas they will buy, paying either at the pump or to the cashier, and then pumping the gas themselves.
The system also has to interact with other automated systems to perform its tasks. For example, in order to accept credit card payments, the GSCS must interface with a system maintained by the credit card company. The credit card
system is responsible for checking that the customer's account is in good standing and can accommodate the amount of the purchase, and for debiting the customer's account and eventually reimbursing the gas station. T he operation of
these external systems is beyond the scope of the GSCS, although the GSCS needs to know how the external systems will communicate the success or failure of their tasks.
The GSCS is divided into three subsystems:
• A gas purchase subsystem, that takes care of customer interaction with the gas pumps;
• A cashier subsystem, that interacts with the cashier to accept payment for the purchase of car parts and gasoline;
• A tracking subsystem, that logs all purchases and tracks the inventory remaining.

The questions in this section have to do with maintenance issues in the implementation of the system, and with the operation of the system once it
reaches the maintenance phase of the lifecycle.

32. In contrast to the CMM, the people capability maturity model
a. Is aimed at assessing the capability of the developers comprising the development organization.
b. Focuses more on the software developers themselves as a resource of the software organization, and less on the technology used by the organization.
c. Awards a high level of maturity to an organization that has a quantitative understanding of how its practices are increasing the critical skills of its staff.
d. a and b
e. a and c
f. b and c
g. a, b, and c",,"[
    {
        ""role"": ""paragraph"",
        ""segment"": ""The chatbot can't answer this question. Please try again with another question."",
        ""citations"": [],
        ""type"": ""abstained""
    }
]",The chatbot can't answer this question. Please try again with another question.,0.475,7.399
"The following questions are in reference to a hypothetical ""Gas Station Control System"" (or GSCS) that will be used to help manage an American-style gasoline or service station. Our hypothetical gas station basically provides two services:
• There is a small store that carries car parts. Inside the store is at least one cash register, operated by a cashier who is an employee of the
gas station.
• There are a number of gas pumps, at which customers can park their cars, interact with the system to pay via credit card, and then pump their own gas. Alternatively, the customer can pay for his or her gas via cash or credit card by going into the store and paying directly to the cashier.
Thus the GSCS has two main classes of users. The first is the cashier, who uses the GSCS to record purchases of car parts by customers. The GSCS must allow the cashier to enter the type and number of parts purchased, then compute the total purchase price and handle the payment. Customers purchasing gasoline are the second type of user. These customers interface with the system at the gas pump, by specifying the amount and type of gas they will buy, paying either at the pump or to the cashier, and then pumping the gas themselves.
The system also has to interact with other automated systems to perform its tasks. For example, in order to accept credit card payments, the GSCS must interface with a system maintained by the credit card company. The credit card
system is responsible for checking that the customer's account is in good standing and can accommodate the amount of the purchase, and for debiting the customer's account and eventually reimbursing the gas station. T he operation of
these external systems is beyond the scope of the GSCS, although the GSCS needs to know how the external systems will communicate the success or failure of their tasks.
The GSCS is divided into three subsystems:
• A gas purchase subsystem, that takes care of customer interaction with the gas pumps;
• A cashier subsystem, that interacts with the cashier to accept payment for the purchase of car parts and gasoline;
• A tracking subsystem, that logs all purchases and tracks the inventory remaining.

The questions in this section have to do with maintenance issues in the implementation of the system, and with the operation of the system once it
reaches the maintenance phase of the lifecycle.

After the GSCS has been deployed and begun stable operation, the development team starts on their next project, building an inventory tracking system for a convenience store.
33. One of the first things the development team realizes is that the inventory system from the GSCS can be largely reused in the new system, with minor modifications. If they are able to reuse modified parts of the GSCS in the new system, this type of reuse could be described as:
a. Producer, black-box reuse
b. Producer, white-box reuse
c. Consumer, black-box reuse
d. Consumer, white-box reuse",,"[
    {
        ""role"": ""sentence"",
        ""segment"": ""Consumer, white-box reuse"",
        ""citations"": [
            {
                ""type"": ""source_text"",
                ""content"": ""One of the first things the development team realizes is that the inventory system from the GSCS can be largely reused in the new system, with minor modifications."",
                ""img_id"": null
            }
        ],
        ""type"": null
    }
]",The chatbot can't answer this question. Please try again with another question.,0.556,18.752
"The following questions are in reference to a hypothetical ""Gas Station Control System"" (or GSCS) that will be used to help manage an American-style gasoline or service station. Our hypothetical gas station basically provides two services:
• There is a small store that carries car parts. Inside the store is at least one cash register, operated by a cashier who is an employee of the
gas station.
• There are a number of gas pumps, at which customers can park their cars, interact with the system to pay via credit card, and then pump their own gas. Alternatively, the customer can pay for his or her gas via cash or credit card by going into the store and paying directly to the cashier.
Thus the GSCS has two main classes of users. The first is the cashier, who uses the GSCS to record purchases of car parts by customers. The GSCS must allow the cashier to enter the type and number of parts purchased, then compute the total purchase price and handle the payment. Customers purchasing gasoline are the second type of user. These customers interface with the system at the gas pump, by specifying the amount and type of gas they will buy, paying either at the pump or to the cashier, and then pumping the gas themselves.
The system also has to interact with other automated systems to perform its tasks. For example, in order to accept credit card payments, the GSCS must interface with a system maintained by the credit card company. The credit card
system is responsible for checking that the customer's account is in good standing and can accommodate the amount of the purchase, and for debiting the customer's account and eventually reimbursing the gas station. T he operation of
these external systems is beyond the scope of the GSCS, although the GSCS needs to know how the external systems will communicate the success or failure of their tasks.
The GSCS is divided into three subsystems:
• A gas purchase subsystem, that takes care of customer interaction with the gas pumps;
• A cashier subsystem, that interacts with the cashier to accept payment for the purchase of car parts and gasoline;
• A tracking subsystem, that logs all purchases and tracks the inventory remaining.

The questions in this section have to do with maintenance issues in the implementation of the system, and with the operation of the system once it
reaches the maintenance phase of the lifecycle.

After the GSCS has been deployed and begun stable operation, the development team starts on their next project, building an inventory tracking system for a convenience store.
34. Because of situations like the one described in the previous question, the development teams decides that they would like to look into creating a reuse library. Which of the following are reasonable expectations about investing in reuse?
a. It will improve the speed at which prototypes can be constructed.
b. It will produce concrete benefits in the short term.
c. It will help reduce time spent on unit testing as well as on coding.
d. a and b
e. a and c
f. b and c
g. a, b, and c",,"[
  {
    ""role"": ""paragraph"",
    ""segment"": ""The chatbot can't answer this question. Please try again with another question."",
    ""citations"": [],
    ""type"": ""abstained""
  }
]",The chatbot can't answer this question. Please try again with another question.,0.505,7.521
"The following questions are in reference to a hypothetical ""Gas Station Control System"" (or GSCS) that will be used to help manage an American-style gasoline or service station. Our hypothetical gas station basically provides two services:
• There is a small store that carries car parts. Inside the store is at least one cash register, operated by a cashier who is an employee of the
gas station.
• There are a number of gas pumps, at which customers can park their cars, interact with the system to pay via credit card, and then pump their own gas. Alternatively, the customer can pay for his or her gas via cash or credit card by going into the store and paying directly to the cashier.
Thus the GSCS has two main classes of users. The first is the cashier, who uses the GSCS to record purchases of car parts by customers. The GSCS must allow the cashier to enter the type and number of parts purchased, then compute the total purchase price and handle the payment. Customers purchasing gasoline are the second type of user. These customers interface with the system at the gas pump, by specifying the amount and type of gas they will buy, paying either at the pump or to the cashier, and then pumping the gas themselves.
The system also has to interact with other automated systems to perform its tasks. For example, in order to accept credit card payments, the GSCS must interface with a system maintained by the credit card company. The credit card
system is responsible for checking that the customer's account is in good standing and can accommodate the amount of the purchase, and for debiting the customer's account and eventually reimbursing the gas station. T he operation of
these external systems is beyond the scope of the GSCS, although the GSCS needs to know how the external systems will communicate the success or failure of their tasks.
The GSCS is divided into three subsystems:
• A gas purchase subsystem, that takes care of customer interaction with the gas pumps;
• A cashier subsystem, that interacts with the cashier to accept payment for the purchase of car parts and gasoline;
• A tracking subsystem, that logs all purchases and tracks the inventory remaining.

The questions in this section have to do with maintenance issues in the implementation of the system, and with the operation of the system once it
reaches the maintenance phase of the lifecycle.

After the GSCS has been deployed and begun stable operation, the development team starts on their next project, building an inventory tracking system for a convenience store.
35. TRUE or FALSE: Studies have shown that, under certain conditions, code reuse can actually lead to more fault-prone software than writing code from scratch.",,"[
    {
        ""role"": ""paragraph"",
        ""segment"": ""The chatbot can't answer this question. Please try again with another question."",
        ""citations"": [],
        ""type"": ""abstained""
    }
]",The chatbot can't answer this question. Please try again with another question.,0.508,4.887
"The following questions are in reference to a hypothetical ""Gas Station Control System"" (or GSCS) that will be used to help manage an American-style gasoline or service station. Our hypothetical gas station basically provides two services:
• There is a small store that carries car parts. Inside the store is at least one cash register, operated by a cashier who is an employee of the
gas station.
• There are a number of gas pumps, at which customers can park their cars, interact with the system to pay via credit card, and then pump their own gas. Alternatively, the customer can pay for his or her gas via cash or credit card by going into the store and paying directly to the cashier.
Thus the GSCS has two main classes of users. The first is the cashier, who uses the GSCS to record purchases of car parts by customers. The GSCS must allow the cashier to enter the type and number of parts purchased, then compute the total purchase price and handle the payment. Customers purchasing gasoline are the second type of user. These customers interface with the system at the gas pump, by specifying the amount and type of gas they will buy, paying either at the pump or to the cashier, and then pumping the gas themselves.
The system also has to interact with other automated systems to perform its tasks. For example, in order to accept credit card payments, the GSCS must interface with a system maintained by the credit card company. The credit card
system is responsible for checking that the customer's account is in good standing and can accommodate the amount of the purchase, and for debiting the customer's account and eventually reimbursing the gas station. T he operation of
these external systems is beyond the scope of the GSCS, although the GSCS needs to know how the external systems will communicate the success or failure of their tasks.
The GSCS is divided into three subsystems:
• A gas purchase subsystem, that takes care of customer interaction with the gas pumps;
• A cashier subsystem, that interacts with the cashier to accept payment for the purchase of car parts and gasoline;
• A tracking subsystem, that logs all purchases and tracks the inventory remaining.

The questions in this section have to do with maintenance issues in the implementation of the system, and with the operation of the system once it
reaches the maintenance phase of the lifecycle.

After the GSCS has been deployed and begun stable operation, the development team starts on their next project, building an inventory tracking system for a convenience store.
36. TRUE or FALSE: To help decide whether or not investing in a reuse library would be worthwhile, the team looks for “testimonial evidence.” This means they would like to base the decision on information from sources such as direct observation of code libraries in use and second-hand information from other developers who have experience with them.",,"[
    {
        ""role"": ""paragraph"",
        ""segment"": ""The chatbot can't answer this question. Please try again with another question."",
        ""citations"": [],
        ""type"": ""abstained""
    }
]",The chatbot can't answer this question. Please try again with another question.,0.443,7.624
"The following questions are in reference to a hypothetical ""Gas Station Control System"" (or GSCS) that will be used to help manage an American-style gasoline or service station. Our hypothetical gas station basically provides two services:
• There is a small store that carries car parts. Inside the store is at least one cash register, operated by a cashier who is an employee of the
gas station.
• There are a number of gas pumps, at which customers can park their cars, interact with the system to pay via credit card, and then pump their own gas. Alternatively, the customer can pay for his or her gas via cash or credit card by going into the store and paying directly to the cashier.
Thus the GSCS has two main classes of users. The first is the cashier, who uses the GSCS to record purchases of car parts by customers. The GSCS must allow the cashier to enter the type and number of parts purchased, then compute the total purchase price and handle the payment. Customers purchasing gasoline are the second type of user. These customers interface with the system at the gas pump, by specifying the amount and type of gas they will buy, paying either at the pump or to the cashier, and then pumping the gas themselves.
The system also has to interact with other automated systems to perform its tasks. For example, in order to accept credit card payments, the GSCS must interface with a system maintained by the credit card company. The credit card
system is responsible for checking that the customer's account is in good standing and can accommodate the amount of the purchase, and for debiting the customer's account and eventually reimbursing the gas station. T he operation of
these external systems is beyond the scope of the GSCS, although the GSCS needs to know how the external systems will communicate the success or failure of their tasks.
The GSCS is divided into three subsystems:
• A gas purchase subsystem, that takes care of customer interaction with the gas pumps;
• A cashier subsystem, that interacts with the cashier to accept payment for the purchase of car parts and gasoline;
• A tracking subsystem, that logs all purchases and tracks the inventory remaining.

The questions in this section have to do with maintenance issues in the implementation of the system, and with the operation of the system once it
reaches the maintenance phase of the lifecycle.

After the GSCS has been deployed and begun stable operation, the development team starts on their next project, building an inventory tracking system for a convenience store.
37. TRUE or FALSE: The credibility of the evidence described in the previous question is related primarily to its accuracy.",,"[
  {
    ""role"": ""paragraph"",
    ""segment"": ""The chatbot can't answer this question. Please try again with another question."",
    ""citations"": [],
    ""type"": ""abstained""
  }
]",The chatbot can't answer this question. Please try again with another question.,0.519,9.956
"The following questions are in reference to a hypothetical ""Gas Station Control System"" (or GSCS) that will be used to help manage an American-style gasoline or service station. Our hypothetical gas station basically provides two services:
• There is a small store that carries car parts. Inside the store is at least one cash register, operated by a cashier who is an employee of the
gas station.
• There are a number of gas pumps, at which customers can park their cars, interact with the system to pay via credit card, and then pump their own gas. Alternatively, the customer can pay for his or her gas via cash or credit card by going into the store and paying directly to the cashier.
Thus the GSCS has two main classes of users. The first is the cashier, who uses the GSCS to record purchases of car parts by customers. The GSCS must allow the cashier to enter the type and number of parts purchased, then compute the total purchase price and handle the payment. Customers purchasing gasoline are the second type of user. These customers interface with the system at the gas pump, by specifying the amount and type of gas they will buy, paying either at the pump or to the cashier, and then pumping the gas themselves.
The system also has to interact with other automated systems to perform its tasks. For example, in order to accept credit card payments, the GSCS must interface with a system maintained by the credit card company. The credit card
system is responsible for checking that the customer's account is in good standing and can accommodate the amount of the purchase, and for debiting the customer's account and eventually reimbursing the gas station. T he operation of
these external systems is beyond the scope of the GSCS, although the GSCS needs to know how the external systems will communicate the success or failure of their tasks.
The GSCS is divided into three subsystems:
• A gas purchase subsystem, that takes care of customer interaction with the gas pumps;
• A cashier subsystem, that interacts with the cashier to accept payment for the purchase of car parts and gasoline;
• A tracking subsystem, that logs all purchases and tracks the inventory remaining.

The questions in this section have to do with maintenance issues in the implementation of the system, and with the operation of the system once it
reaches the maintenance phase of the lifecycle.

After the GSCS has been deployed and begun stable operation, the development team starts on their next project, building an inventory tracking system for a convenience store.
38. If the team lead analyzed the team as being in the “mainstream market” in terms of adopting new technologies (as opposed to being in the class of “innovators” or “early adopters”), which of the following would be true?
a. The team would be willing to invest some of its own time into figuring out for themselves how to install and use the library, if support was not available.
b. The team would be willing to invest in a reuse library only after there was widespread evidence of its effectiveness.
c. An important factor in the decision would be what other members of the organization’s business community are doing.
d. A and B
e. A and C
f. B and C
g. A, B, and C",,"[
    {
        ""role"": ""paragraph"",
        ""segment"": ""The chatbot can't answer this question. Please try again with another question."",
        ""citations"": [],
        ""type"": ""abstained""
    }
]",The chatbot can't answer this question. Please try again with another question.,0.622,10.66
"The following questions are in reference to a hypothetical “Loan Arranger” system. The Loan Arranger is meant to assist a “consolidating organization”, a specific type of business in the financial domain.
Bank customers often borrow money from banks; they promise to repay the loan plus interest over a certain period of time. Each of these loans is an ultimately lucrative proposition for the bank, but usually a long period of time is required for the bank to collect its earnings. Also, there is always the chance that a borrower will be unable to repay the loan. Consolidating organizations make money by buying loans from banks and reselling them to investors. Loan analysts, employed by the consolidating organization, work with investors to select a set of loans that meet their requirements in terms of time, risk, and initial purchase price.
The Loan Arranger application has two main types of functionality. First, it tracks all of the loans that are owned by the consolidating organization. (The entire set of loans owned by the organization is known as its “portfolio”.) In order to track loans correctly, the Loan Arranger must interface with the banks to find out about new loans that should be added to the portfolio, or updates to loans that are already in the portfolio. Secondly, the Loan Arranger allows a loan analyst to select a subset of loans from the portfolio that match an investor's desired investment characteristics (these subsets of loans are referred to as “bundles”). The loan analyst can either select the bundle manually, or ask the system to select an optimal bundle given the investor's constraints. The Loan Arranger then updates the portfolio when the bundle is purchased by the investor. There are numerous constraints on how this functionality is to be achieved; most mportantly, the Loan Arranger must be usable by more than one analyst at a time.
As a first step in developing the Loan Arranger, the development team meets with a representative from the consolidating organization to formulate a set of requirements.

1. Which of the following statements best describe the benefits that the consolidating organization may expect?
a. The requirements process can help the consolidating organization think more clearly about the performance issues that are necessary for the Loan Arranger (for example, the maximum amount of time allowable for a search through the portfolio).
b. The requirements process can help the development team communicate with the representative from the consolidating organization about the system.
c. The requirements process can help the development team specify the types of data structures that will be used in the Loan Arranger, in order to ensure that the performance requirements are met.
d. a and b
e. a and c
f. b and c
g. a, b, and c",,"[
  {
    ""role"": ""sentence"",
    ""segment"": ""The correct answer is d. a and b."",
    ""citations"": [
      {
        ""type"": ""source_text"",
        ""content"": ""The requirements process can help the consolidating organization think more clearly about the performance issues that are necessary for the Loan Arranger (for example, the maximum amount of time allowable for a search through the portfolio)."",
        ""img_id"": null
      },
      {
        ""type"": ""source_text"",
        ""content"": ""The requirements process can help the development team communicate with the representative from the consolidating organization about the system."",
        ""img_id"": null
      }
    ],
    ""type"": null
  }
]",The chatbot can't answer this question. Please try again with another question.,0.514,13.785
"The following questions are in reference to a hypothetical “Loan Arranger” system. The Loan Arranger is meant to assist a “consolidating organization”, a specific type of business in the financial domain.
Bank customers often borrow money from banks; they promise to repay the loan plus interest over a certain period of time. Each of these loans is an ultimately lucrative proposition for the bank, but usually a long period of time is required for the bank to collect its earnings. Also, there is always the chance that a borrower will be unable to repay the loan. Consolidating organizations make money by buying loans from banks and reselling them to investors. Loan analysts, employed by the consolidating organization, work with investors to select a set of loans that meet their requirements in terms of time, risk, and initial purchase price.
The Loan Arranger application has two main types of functionality. First, it tracks all of the loans that are owned by the consolidating organization. (The entire set of loans owned by the organization is known as its “portfolio”.) In order to track loans correctly, the Loan Arranger must interface with the banks to find out about new loans that should be added to the portfolio, or updates to loans that are already in the portfolio. Secondly, the Loan Arranger allows a loan analyst to select a subset of loans from the portfolio that match an investor's desired investment characteristics (these subsets of loans are referred to as “bundles”). The loan analyst can either select the bundle manually, or ask the system to select an optimal bundle given the investor's constraints. The Loan Arranger then updates the portfolio when the bundle is purchased by the investor. There are numerous constraints on how this functionality is to be achieved; most mportantly, the Loan Arranger must be usable by more than one analyst at a time.
As a first step in developing the Loan Arranger, the development team meets with a representative from the consolidating organization to formulate a set of requirements.

2. The development team needs to pick a representation for the requirements. Which of the following are valid choices and rationales?
a. Structured Analysis and Design Technique, because it may be useful to view the system at different levels of detail at different times (for example, it may be useful to specify the inputs and outputs of the system before proceeding to design the mechanisms by which loans are included in bundles to be sold).
b. Warnier diagrams, because they will be helpful in understanding the different types of loans that must be handled by the system.
c. Data flow diagrams, since this will help the development team understand how the functionality can be used by multiple users simultaneously.
d. a and b
e. a and c
f. b and c
g. a, b, and c",,"[
    {
        ""role"": ""paragraph"",
        ""segment"": ""The chatbot can't answer this question. Please try again with another question."",
        ""citations"": [],
        ""type"": ""abstained""
    }
]",The chatbot can't answer this question. Please try again with another question.,0.597,17.342
"The following questions are in reference to a hypothetical “Loan Arranger” system. The Loan Arranger is meant to assist a “consolidating organization”, a specific type of business in the financial domain.
Bank customers often borrow money from banks; they promise to repay the loan plus interest over a certain period of time. Each of these loans is an ultimately lucrative proposition for the bank, but usually a long period of time is required for the bank to collect its earnings. Also, there is always the chance that a borrower will be unable to repay the loan. Consolidating organizations make money by buying loans from banks and reselling them to investors. Loan analysts, employed by the consolidating organization, work with investors to select a set of loans that meet their requirements in terms of time, risk, and initial purchase price.
The Loan Arranger application has two main types of functionality. First, it tracks all of the loans that are owned by the consolidating organization. (The entire set of loans owned by the organization is known as its “portfolio”.) In order to track loans correctly, the Loan Arranger must interface with the banks to find out about new loans that should be added to the portfolio, or updates to loans that are already in the portfolio. Secondly, the Loan Arranger allows a loan analyst to select a subset of loans from the portfolio that match an investor's desired investment characteristics (these subsets of loans are referred to as “bundles”). The loan analyst can either select the bundle manually, or ask the system to select an optimal bundle given the investor's constraints. The Loan Arranger then updates the portfolio when the bundle is purchased by the investor. There are numerous constraints on how this functionality is to be achieved; most mportantly, the Loan Arranger must be usable by more than one analyst at a time.
As a first step in developing the Loan Arranger, the development team meets with a representative from the consolidating organization to formulate a set of requirements.

Mark items 3 through 6 TRUE if they belong in the requirements for the Loan Arranger, and FALSE if they do not.
3. A description of the skills and knowledge the development team assumes that the loan analysts already have.","
[0]
## Preconditions and Assumptions

- The Loan Arranger system assumes that there already exist lenders, borrowers, and loans from which to choose, and that investors exist who are interested in buying bundles of loans.
- The Loan Arranger system contains a repository of information about loans from a variety of lenders.This repository may be empty.
- At  regular  intervals, each  lender  provides  reports  listing  the  loans  that  it  has made.Loans that have already been purchased by FCO will be indicated on these reports.
- Each loan in the Loan Arranger repository represents an investment to then be bundled and sold with other loans.
- The Loan Arranger system may be used by up to four loan analysts simultaneously.

## High-Level Description of Functionality

1. The Loan Arranger system will receive monthly reports from each lender of new loans issued by that lender.The loans in the report recently purchased by FCO for its investment portfolio will be marked in the report. The Loan Arranger system will use the report information to update its repository of available loans.
2. The Loan Arranger system will receive monthly reports from each lender providing updates about the status of loans issued by that lender.The updated information will include: the current interest rate for an adjustable rate mortgage, and the status of the borrower with respect to the loan (good, late, or default). For loans in the  FCO  portfolio, the  Loan Arranger  will  update  the  data  in  the  repository. Loans not in the FCO portfolio will also be examined in order to determine if a borrower's standing should be updated. FCO will provide each lender with the format for the reports, so that all reports will share a common format.
3. The loan analyst can change individual data records as described in Data Operations.
4. All new data must be validated before they are added to the repository (according to the rules described in Data Constraints).
5. The loan analyst can use the Loan Arranger to identify bundles of loans to sell to particular investors.

## Functional Requirements


[1]
1. The loan analyst should be able to review all of the information in the repository for a particular lending institution, a particular loan, or a particular borrower.
2. The loan analyst can create, view, edit, or delete a loan from a portfolio or bundle.
3. A loan is added to the portfolio automatically, when the Loan Arranger reads the reports provided by the lenders.A report can be read by the Loan Arranger only after the associated lender has been specified.
4. The loan analyst can create a new lender.
5. The loan analyst can delete a lender only if there are no loans in the portfolio associated with this lender.
6. The loan analyst can change lender contact and phone number but not lender name and identification number.
7. The loan analyst cannot change borrower information.
8. The loan analyst can ask the system to sort, search, or organize loan information by certain criteria: amount, interest rate, settlement date, borrower, lender, type of loan, or whether it has been marked for inclusion in a certain bundle.The organizational criteria should include ranges, so that information will be included only if it is within two specified bounds (such as between January 1, 2005 and January 1, 2008).The organizational criteria can also be based on exclusion such as all loans not marked, or all loans not between January 1, 2005 and January 1, 2008.
9. The loan analyst should be able to request reports in each of three formats: in a file, on the screen, and as a printed report.
10. The loan analyst should be able to request the following information in a report: any attribute of loan, lender, or borrower, and summary statistics of the attributes (mean, standard deviation, scatter diagram, and histogram).The information in a report can be restricted to a subset of the total information, as described by the loan analyst's organizing criteria.
11. The loan analyst must be able to use the Loan Arranger to create bundles that meet the prescribed characteristics of an investment request.The loan analyst can identify these bundles in several ways:


[2]
11. The loan analyst must be able to use the Loan Arranger to create bundles that meet the prescribed characteristics of an investment request.The loan analyst can identify these bundles in several ways:
- By manually identifying a subset of loans that must be included in the bundle, either by naming particular loans or by describing them using attributes or ranges
- By providing the Loan Arranger with the investment criteria, and allowing the Loan Arranger to run a loan bundle optimization request to select the best set of loans to meet those criteria
- By using a combination of the above, where a subset of loans is first chosen (manually or automatically), and then optimizing the chosen subset according to the investment criteria
12. Creating a bundle consists of two steps. First, the loan analyst works with the Loan Arranger to create a bundle according to the criteria as described above. Then the candidate bundle can be accepted, rejected, or modified. Modifying a


[3]
We can summarize this information by saying that the Loan Arranger system allows a loan analyst to access information about mortgages (home loans, described here simply as 'loans') purchased by FCO from multiple lending institutions with the intention of repackaging the loans to sell to other investors. The loans purchased by FCO for investment and resale are collectively known as the loan portfolio. The Loan Arranger system tracks these portfolio loans in its repository of loan information. The loan analyst may add, view, update, or delete loan information about lenders and the set of loans in the portfolio. Additionally, the system allows the loan analyst to create 'bundles' of loans for sale to investors. A user of Loan Arranger is a loan analyst who tracks the mortgages purchased by FCO.

In later chapters, we will explore the system's requirements in more depth. For now, if you need to brush up on your understanding of principal and interest, you can review your old math books or look at http://www.interest.com/hugh/calc/formula.html.

## 1.15 KEY REFERENCES

You can find out about software faults and failures by looking in the Risks Forum, moderated by Peter Neumann. A paper copy of some of the Risks is printed in each issue of Software Engineering Notes , published by the Association for Computer Machinery's Special Interest Group on Software Engineering (SIGSOFT). The Risks archives are available on ftp.sri.com, cd risks.The Risks Forum newsgroup is available online at comp.risks, or you can subscribe via the automated list server at risks-request@CSL.sri.com.
","[
  {
    ""role"": ""paragraph"",
    ""segment"": ""The chatbot can't answer this question. Please try again with another question."",
    ""citations"": [],
    ""type"": ""abstained""
  }
]",The chatbot can't answer this question. Please try again with another question.,0.702,24.616
"The following questions are in reference to a hypothetical “Loan Arranger” system. The Loan Arranger is meant to assist a “consolidating organization”, a specific type of business in the financial domain.
Bank customers often borrow money from banks; they promise to repay the loan plus interest over a certain period of time. Each of these loans is an ultimately lucrative proposition for the bank, but usually a long period of time is required for the bank to collect its earnings. Also, there is always the chance that a borrower will be unable to repay the loan. Consolidating organizations make money by buying loans from banks and reselling them to investors. Loan analysts, employed by the consolidating organization, work with investors to select a set of loans that meet their requirements in terms of time, risk, and initial purchase price.
The Loan Arranger application has two main types of functionality. First, it tracks all of the loans that are owned by the consolidating organization. (The entire set of loans owned by the organization is known as its “portfolio”.) In order to track loans correctly, the Loan Arranger must interface with the banks to find out about new loans that should be added to the portfolio, or updates to loans that are already in the portfolio. Secondly, the Loan Arranger allows a loan analyst to select a subset of loans from the portfolio that match an investor's desired investment characteristics (these subsets of loans are referred to as “bundles”). The loan analyst can either select the bundle manually, or ask the system to select an optimal bundle given the investor's constraints. The Loan Arranger then updates the portfolio when the bundle is purchased by the investor. There are numerous constraints on how this functionality is to be achieved; most mportantly, the Loan Arranger must be usable by more than one analyst at a time.
As a first step in developing the Loan Arranger, the development team meets with a representative from the consolidating organization to formulate a set of requirements.

Mark items 3 through 6 TRUE if they belong in the requirements for the Loan Arranger, and FALSE if they do not.
4. A description of how the consolidating organization decides which loans to buy from banks for inclusion in the portfolio.","
[0]
## Preconditions and Assumptions

- The Loan Arranger system assumes that there already exist lenders, borrowers, and loans from which to choose, and that investors exist who are interested in buying bundles of loans.
- The Loan Arranger system contains a repository of information about loans from a variety of lenders.This repository may be empty.
- At  regular  intervals, each  lender  provides  reports  listing  the  loans  that  it  has made.Loans that have already been purchased by FCO will be indicated on these reports.
- Each loan in the Loan Arranger repository represents an investment to then be bundled and sold with other loans.
- The Loan Arranger system may be used by up to four loan analysts simultaneously.

## High-Level Description of Functionality

1. The Loan Arranger system will receive monthly reports from each lender of new loans issued by that lender.The loans in the report recently purchased by FCO for its investment portfolio will be marked in the report. The Loan Arranger system will use the report information to update its repository of available loans.
2. The Loan Arranger system will receive monthly reports from each lender providing updates about the status of loans issued by that lender.The updated information will include: the current interest rate for an adjustable rate mortgage, and the status of the borrower with respect to the loan (good, late, or default). For loans in the  FCO  portfolio, the  Loan Arranger  will  update  the  data  in  the  repository. Loans not in the FCO portfolio will also be examined in order to determine if a borrower's standing should be updated. FCO will provide each lender with the format for the reports, so that all reports will share a common format.
3. The loan analyst can change individual data records as described in Data Operations.
4. All new data must be validated before they are added to the repository (according to the rules described in Data Constraints).
5. The loan analyst can use the Loan Arranger to identify bundles of loans to sell to particular investors.

## Functional Requirements


[1]
We can summarize this information by saying that the Loan Arranger system allows a loan analyst to access information about mortgages (home loans, described here simply as 'loans') purchased by FCO from multiple lending institutions with the intention of repackaging the loans to sell to other investors. The loans purchased by FCO for investment and resale are collectively known as the loan portfolio. The Loan Arranger system tracks these portfolio loans in its repository of loan information. The loan analyst may add, view, update, or delete loan information about lenders and the set of loans in the portfolio. Additionally, the system allows the loan analyst to create 'bundles' of loans for sale to investors. A user of Loan Arranger is a loan analyst who tracks the mortgages purchased by FCO.

In later chapters, we will explore the system's requirements in more depth. For now, if you need to brush up on your understanding of principal and interest, you can review your old math books or look at http://www.interest.com/hugh/calc/formula.html.

## 1.15 KEY REFERENCES

You can find out about software faults and failures by looking in the Risks Forum, moderated by Peter Neumann. A paper copy of some of the Risks is printed in each issue of Software Engineering Notes , published by the Association for Computer Machinery's Special Interest Group on Software Engineering (SIGSOFT). The Risks archives are available on ftp.sri.com, cd risks.The Risks Forum newsgroup is available online at comp.risks, or you can subscribe via the automated list server at risks-request@CSL.sri.com.


[2]
11. The loan analyst must be able to use the Loan Arranger to create bundles that meet the prescribed characteristics of an investment request.The loan analyst can identify these bundles in several ways:
- By manually identifying a subset of loans that must be included in the bundle, either by naming particular loans or by describing them using attributes or ranges
- By providing the Loan Arranger with the investment criteria, and allowing the Loan Arranger to run a loan bundle optimization request to select the best set of loans to meet those criteria
- By using a combination of the above, where a subset of loans is first chosen (manually or automatically), and then optimizing the chosen subset according to the investment criteria
12. Creating a bundle consists of two steps. First, the loan analyst works with the Loan Arranger to create a bundle according to the criteria as described above. Then the candidate bundle can be accepted, rejected, or modified. Modifying a


[3]
1. The loan analyst should be able to review all of the information in the repository for a particular lending institution, a particular loan, or a particular borrower.
2. The loan analyst can create, view, edit, or delete a loan from a portfolio or bundle.
3. A loan is added to the portfolio automatically, when the Loan Arranger reads the reports provided by the lenders.A report can be read by the Loan Arranger only after the associated lender has been specified.
4. The loan analyst can create a new lender.
5. The loan analyst can delete a lender only if there are no loans in the portfolio associated with this lender.
6. The loan analyst can change lender contact and phone number but not lender name and identification number.
7. The loan analyst cannot change borrower information.
8. The loan analyst can ask the system to sort, search, or organize loan information by certain criteria: amount, interest rate, settlement date, borrower, lender, type of loan, or whether it has been marked for inclusion in a certain bundle.The organizational criteria should include ranges, so that information will be included only if it is within two specified bounds (such as between January 1, 2005 and January 1, 2008).The organizational criteria can also be based on exclusion such as all loans not marked, or all loans not between January 1, 2005 and January 1, 2008.
9. The loan analyst should be able to request reports in each of three formats: in a file, on the screen, and as a printed report.
10. The loan analyst should be able to request the following information in a report: any attribute of loan, lender, or borrower, and summary statistics of the attributes (mean, standard deviation, scatter diagram, and histogram).The information in a report can be restricted to a subset of the total information, as described by the loan analyst's organizing criteria.
11. The loan analyst must be able to use the Loan Arranger to create bundles that meet the prescribed characteristics of an investment request.The loan analyst can identify these bundles in several ways:
","[
  {
    ""role"": ""paragraph"",
    ""segment"": ""The chatbot can't answer this question. Please try again with another question."",
    ""citations"": [],
    ""type"": ""abstained""
  }
]",The chatbot can't answer this question. Please try again with another question.,0.732,33.239
"The following questions are in reference to a hypothetical “Loan Arranger” system. The Loan Arranger is meant to assist a “consolidating organization”, a specific type of business in the financial domain.
Bank customers often borrow money from banks; they promise to repay the loan plus interest over a certain period of time. Each of these loans is an ultimately lucrative proposition for the bank, but usually a long period of time is required for the bank to collect its earnings. Also, there is always the chance that a borrower will be unable to repay the loan. Consolidating organizations make money by buying loans from banks and reselling them to investors. Loan analysts, employed by the consolidating organization, work with investors to select a set of loans that meet their requirements in terms of time, risk, and initial purchase price.
The Loan Arranger application has two main types of functionality. First, it tracks all of the loans that are owned by the consolidating organization. (The entire set of loans owned by the organization is known as its “portfolio”.) In order to track loans correctly, the Loan Arranger must interface with the banks to find out about new loans that should be added to the portfolio, or updates to loans that are already in the portfolio. Secondly, the Loan Arranger allows a loan analyst to select a subset of loans from the portfolio that match an investor's desired investment characteristics (these subsets of loans are referred to as “bundles”). The loan analyst can either select the bundle manually, or ask the system to select an optimal bundle given the investor's constraints. The Loan Arranger then updates the portfolio when the bundle is purchased by the investor. There are numerous constraints on how this functionality is to be achieved; most mportantly, the Loan Arranger must be usable by more than one analyst at a time.
As a first step in developing the Loan Arranger, the development team meets with a representative from the consolidating organization to formulate a set of requirements.

Mark items 3 through 6 TRUE if they belong in the requirements for the Loan Arranger, and FALSE if they do not.
5. Constraints on the maximum allowable time for the system to automatically suggest an “optimal” bundle of loans for sale to investors.","
[0]
## Preconditions and Assumptions

- The Loan Arranger system assumes that there already exist lenders, borrowers, and loans from which to choose, and that investors exist who are interested in buying bundles of loans.
- The Loan Arranger system contains a repository of information about loans from a variety of lenders.This repository may be empty.
- At  regular  intervals, each  lender  provides  reports  listing  the  loans  that  it  has made.Loans that have already been purchased by FCO will be indicated on these reports.
- Each loan in the Loan Arranger repository represents an investment to then be bundled and sold with other loans.
- The Loan Arranger system may be used by up to four loan analysts simultaneously.

## High-Level Description of Functionality

1. The Loan Arranger system will receive monthly reports from each lender of new loans issued by that lender.The loans in the report recently purchased by FCO for its investment portfolio will be marked in the report. The Loan Arranger system will use the report information to update its repository of available loans.
2. The Loan Arranger system will receive monthly reports from each lender providing updates about the status of loans issued by that lender.The updated information will include: the current interest rate for an adjustable rate mortgage, and the status of the borrower with respect to the loan (good, late, or default). For loans in the  FCO  portfolio, the  Loan Arranger  will  update  the  data  in  the  repository. Loans not in the FCO portfolio will also be examined in order to determine if a borrower's standing should be updated. FCO will provide each lender with the format for the reports, so that all reports will share a common format.
3. The loan analyst can change individual data records as described in Data Operations.
4. All new data must be validated before they are added to the repository (according to the rules described in Data Constraints).
5. The loan analyst can use the Loan Arranger to identify bundles of loans to sell to particular investors.

## Functional Requirements


[1]
11. The loan analyst must be able to use the Loan Arranger to create bundles that meet the prescribed characteristics of an investment request.The loan analyst can identify these bundles in several ways:
- By manually identifying a subset of loans that must be included in the bundle, either by naming particular loans or by describing them using attributes or ranges
- By providing the Loan Arranger with the investment criteria, and allowing the Loan Arranger to run a loan bundle optimization request to select the best set of loans to meet those criteria
- By using a combination of the above, where a subset of loans is first chosen (manually or automatically), and then optimizing the chosen subset according to the investment criteria
12. Creating a bundle consists of two steps. First, the loan analyst works with the Loan Arranger to create a bundle according to the criteria as described above. Then the candidate bundle can be accepted, rejected, or modified. Modifying a


[2]
We can summarize this information by saying that the Loan Arranger system allows a loan analyst to access information about mortgages (home loans, described here simply as 'loans') purchased by FCO from multiple lending institutions with the intention of repackaging the loans to sell to other investors. The loans purchased by FCO for investment and resale are collectively known as the loan portfolio. The Loan Arranger system tracks these portfolio loans in its repository of loan information. The loan analyst may add, view, update, or delete loan information about lenders and the set of loans in the portfolio. Additionally, the system allows the loan analyst to create 'bundles' of loans for sale to investors. A user of Loan Arranger is a loan analyst who tracks the mortgages purchased by FCO.

In later chapters, we will explore the system's requirements in more depth. For now, if you need to brush up on your understanding of principal and interest, you can review your old math books or look at http://www.interest.com/hugh/calc/formula.html.

## 1.15 KEY REFERENCES

You can find out about software faults and failures by looking in the Risks Forum, moderated by Peter Neumann. A paper copy of some of the Risks is printed in each issue of Software Engineering Notes , published by the Association for Computer Machinery's Special Interest Group on Software Engineering (SIGSOFT). The Risks archives are available on ftp.sri.com, cd risks.The Risks Forum newsgroup is available online at comp.risks, or you can subscribe via the automated list server at risks-request@CSL.sri.com.


[3]
1. The loan analyst should be able to review all of the information in the repository for a particular lending institution, a particular loan, or a particular borrower.
2. The loan analyst can create, view, edit, or delete a loan from a portfolio or bundle.
3. A loan is added to the portfolio automatically, when the Loan Arranger reads the reports provided by the lenders.A report can be read by the Loan Arranger only after the associated lender has been specified.
4. The loan analyst can create a new lender.
5. The loan analyst can delete a lender only if there are no loans in the portfolio associated with this lender.
6. The loan analyst can change lender contact and phone number but not lender name and identification number.
7. The loan analyst cannot change borrower information.
8. The loan analyst can ask the system to sort, search, or organize loan information by certain criteria: amount, interest rate, settlement date, borrower, lender, type of loan, or whether it has been marked for inclusion in a certain bundle.The organizational criteria should include ranges, so that information will be included only if it is within two specified bounds (such as between January 1, 2005 and January 1, 2008).The organizational criteria can also be based on exclusion such as all loans not marked, or all loans not between January 1, 2005 and January 1, 2008.
9. The loan analyst should be able to request reports in each of three formats: in a file, on the screen, and as a printed report.
10. The loan analyst should be able to request the following information in a report: any attribute of loan, lender, or borrower, and summary statistics of the attributes (mean, standard deviation, scatter diagram, and histogram).The information in a report can be restricted to a subset of the total information, as described by the loan analyst's organizing criteria.
11. The loan analyst must be able to use the Loan Arranger to create bundles that meet the prescribed characteristics of an investment request.The loan analyst can identify these bundles in several ways:
","[
  {
    ""role"": ""bullet"",
    ""segment"": ""Item 3 belongs in the requirements for the Loan Arranger."",
    ""citations"": [
      {
        ""type"": ""source_text"",
        ""content"": ""3. A loan is added to the portfolio automatically, when the Loan Arranger reads the reports provided by the lenders."",
        ""img_id"": null
      }
    ],
    ""type"": null
  },
  {
    ""role"": ""bullet"",
    ""segment"": ""Item 4 belongs in the requirements for the Loan Arranger."",
    ""citations"": [
      {
        ""type"": ""source_text"",
        ""content"": ""4. The loan analyst can create a new lender."",
        ""img_id"": null
      }
    ],
    ""type"": null
  },
  {
    ""role"": ""bullet"",
    ""segment"": ""Item 5 belongs in the requirements for the Loan Arranger."",
    ""citations"": [
      {
        ""type"": ""source_text"",
        ""content"": ""5. The loan analyst can delete a lender only if there are no loans in the portfolio associated with this lender."",
        ""img_id"": null
      }
    ],
    ""type"": null
  },
  {
    ""role"": ""bullet"",
    ""segment"": ""Item 6 belongs in the requirements for the Loan Arranger."",
    ""citations"": [
      {
        ""type"": ""source_text"",
        ""content"": ""6. The loan analyst can change lender contact and phone number but not lender name and identification number."",
        ""img_id"": null
      }
    ],
    ""type"": null
  }
]","- Item 3 belongs in the requirements for the Loan Arranger.
- Item 4 belongs in the requirements for the Loan Arranger.
- Item 5 belongs in the requirements for the Loan Arranger.
- Item 6 belongs in the requirements for the Loan Arranger.",0.55,30.814
"The following questions are in reference to a hypothetical “Loan Arranger” system. The Loan Arranger is meant to assist a “consolidating organization”, a specific type of business in the financial domain.
Bank customers often borrow money from banks; they promise to repay the loan plus interest over a certain period of time. Each of these loans is an ultimately lucrative proposition for the bank, but usually a long period of time is required for the bank to collect its earnings. Also, there is always the chance that a borrower will be unable to repay the loan. Consolidating organizations make money by buying loans from banks and reselling them to investors. Loan analysts, employed by the consolidating organization, work with investors to select a set of loans that meet their requirements in terms of time, risk, and initial purchase price.
The Loan Arranger application has two main types of functionality. First, it tracks all of the loans that are owned by the consolidating organization. (The entire set of loans owned by the organization is known as its “portfolio”.) In order to track loans correctly, the Loan Arranger must interface with the banks to find out about new loans that should be added to the portfolio, or updates to loans that are already in the portfolio. Secondly, the Loan Arranger allows a loan analyst to select a subset of loans from the portfolio that match an investor's desired investment characteristics (these subsets of loans are referred to as “bundles”). The loan analyst can either select the bundle manually, or ask the system to select an optimal bundle given the investor's constraints. The Loan Arranger then updates the portfolio when the bundle is purchased by the investor. There are numerous constraints on how this functionality is to be achieved; most mportantly, the Loan Arranger must be usable by more than one analyst at a time.
As a first step in developing the Loan Arranger, the development team meets with a representative from the consolidating organization to formulate a set of requirements.

Mark items 3 through 6 TRUE if they belong in the requirements for the Loan Arranger, and FALSE if they do not.
6. The hardware on which the Loan Arranger will be designed to run.","
[0]
## Preconditions and Assumptions

- The Loan Arranger system assumes that there already exist lenders, borrowers, and loans from which to choose, and that investors exist who are interested in buying bundles of loans.
- The Loan Arranger system contains a repository of information about loans from a variety of lenders.This repository may be empty.
- At  regular  intervals, each  lender  provides  reports  listing  the  loans  that  it  has made.Loans that have already been purchased by FCO will be indicated on these reports.
- Each loan in the Loan Arranger repository represents an investment to then be bundled and sold with other loans.
- The Loan Arranger system may be used by up to four loan analysts simultaneously.

## High-Level Description of Functionality

1. The Loan Arranger system will receive monthly reports from each lender of new loans issued by that lender.The loans in the report recently purchased by FCO for its investment portfolio will be marked in the report. The Loan Arranger system will use the report information to update its repository of available loans.
2. The Loan Arranger system will receive monthly reports from each lender providing updates about the status of loans issued by that lender.The updated information will include: the current interest rate for an adjustable rate mortgage, and the status of the borrower with respect to the loan (good, late, or default). For loans in the  FCO  portfolio, the  Loan Arranger  will  update  the  data  in  the  repository. Loans not in the FCO portfolio will also be examined in order to determine if a borrower's standing should be updated. FCO will provide each lender with the format for the reports, so that all reports will share a common format.
3. The loan analyst can change individual data records as described in Data Operations.
4. All new data must be validated before they are added to the repository (according to the rules described in Data Constraints).
5. The loan analyst can use the Loan Arranger to identify bundles of loans to sell to particular investors.

## Functional Requirements


[1]
We can summarize this information by saying that the Loan Arranger system allows a loan analyst to access information about mortgages (home loans, described here simply as 'loans') purchased by FCO from multiple lending institutions with the intention of repackaging the loans to sell to other investors. The loans purchased by FCO for investment and resale are collectively known as the loan portfolio. The Loan Arranger system tracks these portfolio loans in its repository of loan information. The loan analyst may add, view, update, or delete loan information about lenders and the set of loans in the portfolio. Additionally, the system allows the loan analyst to create 'bundles' of loans for sale to investors. A user of Loan Arranger is a loan analyst who tracks the mortgages purchased by FCO.

In later chapters, we will explore the system's requirements in more depth. For now, if you need to brush up on your understanding of principal and interest, you can review your old math books or look at http://www.interest.com/hugh/calc/formula.html.

## 1.15 KEY REFERENCES

You can find out about software faults and failures by looking in the Risks Forum, moderated by Peter Neumann. A paper copy of some of the Risks is printed in each issue of Software Engineering Notes , published by the Association for Computer Machinery's Special Interest Group on Software Engineering (SIGSOFT). The Risks archives are available on ftp.sri.com, cd risks.The Risks Forum newsgroup is available online at comp.risks, or you can subscribe via the automated list server at risks-request@CSL.sri.com.


[2]
11. The loan analyst must be able to use the Loan Arranger to create bundles that meet the prescribed characteristics of an investment request.The loan analyst can identify these bundles in several ways:
- By manually identifying a subset of loans that must be included in the bundle, either by naming particular loans or by describing them using attributes or ranges
- By providing the Loan Arranger with the investment criteria, and allowing the Loan Arranger to run a loan bundle optimization request to select the best set of loans to meet those criteria
- By using a combination of the above, where a subset of loans is first chosen (manually or automatically), and then optimizing the chosen subset according to the investment criteria
12. Creating a bundle consists of two steps. First, the loan analyst works with the Loan Arranger to create a bundle according to the criteria as described above. Then the candidate bundle can be accepted, rejected, or modified. Modifying a


[3]
1. The loan analyst should be able to review all of the information in the repository for a particular lending institution, a particular loan, or a particular borrower.
2. The loan analyst can create, view, edit, or delete a loan from a portfolio or bundle.
3. A loan is added to the portfolio automatically, when the Loan Arranger reads the reports provided by the lenders.A report can be read by the Loan Arranger only after the associated lender has been specified.
4. The loan analyst can create a new lender.
5. The loan analyst can delete a lender only if there are no loans in the portfolio associated with this lender.
6. The loan analyst can change lender contact and phone number but not lender name and identification number.
7. The loan analyst cannot change borrower information.
8. The loan analyst can ask the system to sort, search, or organize loan information by certain criteria: amount, interest rate, settlement date, borrower, lender, type of loan, or whether it has been marked for inclusion in a certain bundle.The organizational criteria should include ranges, so that information will be included only if it is within two specified bounds (such as between January 1, 2005 and January 1, 2008).The organizational criteria can also be based on exclusion such as all loans not marked, or all loans not between January 1, 2005 and January 1, 2008.
9. The loan analyst should be able to request reports in each of three formats: in a file, on the screen, and as a printed report.
10. The loan analyst should be able to request the following information in a report: any attribute of loan, lender, or borrower, and summary statistics of the attributes (mean, standard deviation, scatter diagram, and histogram).The information in a report can be restricted to a subset of the total information, as described by the loan analyst's organizing criteria.
11. The loan analyst must be able to use the Loan Arranger to create bundles that meet the prescribed characteristics of an investment request.The loan analyst can identify these bundles in several ways:
","[
  {
    ""role"": ""bullet_intro"",
    ""segment"": ""Items 3 through 5 are true:"",
    ""citations"": [],
    ""type"": null
  },
  {
    ""role"": ""bullet"",
    ""segment"": ""- Item 3: TRUE"",
    ""citations"": [
      {
        ""type"": ""source_text"",
        ""content"": ""1. The loan analyst should be able to review all of the information in the repository for a particular lending institution, a particular loan, or a particular borrower."",
        ""img_id"": null
      }
    ],
    ""type"": null
  },
  {
    ""role"": ""bullet"",
    ""segment"": ""- Item 4: TRUE"",
    ""citations"": [
      {
        ""type"": ""source_text"",
        ""content"": ""2. The loan analyst can create, view, edit, or delete a loan from a portfolio or bundle."",
        ""img_id"": null
      }
    ],
    ""type"": null
  },
  {
    ""role"": ""bullet"",
    ""segment"": ""- Item 5: TRUE"",
    ""citations"": [
      {
        ""type"": ""source_text"",
        ""content"": ""3. A loan is added to the portfolio automatically, when the Loan Arranger reads the reports provided by the lenders.A report can be read by the Loan Arranger only after the associated lender has been specified."",
        ""img_id"": null
      }
    ],
    ""type"": null
  }
]","Items 3 through 5 are true:
- - Item 3: TRUE
- - Item 4: TRUE
- - Item 5: TRUE",0.891,33.73
"The following questions are in reference to a hypothetical “Loan Arranger” system. The Loan Arranger is meant to assist a “consolidating organization”, a specific type of business in the financial domain.
Bank customers often borrow money from banks; they promise to repay the loan plus interest over a certain period of time. Each of these loans is an ultimately lucrative proposition for the bank, but usually a long period of time is required for the bank to collect its earnings. Also, there is always the chance that a borrower will be unable to repay the loan. Consolidating organizations make money by buying loans from banks and reselling them to investors. Loan analysts, employed by the consolidating organization, work with investors to select a set of loans that meet their requirements in terms of time, risk, and initial purchase price.
The Loan Arranger application has two main types of functionality. First, it tracks all of the loans that are owned by the consolidating organization. (The entire set of loans owned by the organization is known as its “portfolio”.) In order to track loans correctly, the Loan Arranger must interface with the banks to find out about new loans that should be added to the portfolio, or updates to loans that are already in the portfolio. Secondly, the Loan Arranger allows a loan analyst to select a subset of loans from the portfolio that match an investor's desired investment characteristics (these subsets of loans are referred to as “bundles”). The loan analyst can either select the bundle manually, or ask the system to select an optimal bundle given the investor's constraints. The Loan Arranger then updates the portfolio when the bundle is purchased by the investor. There are numerous constraints on how this functionality is to be achieved; most mportantly, the Loan Arranger must be usable by more than one analyst at a time.
As a first step in developing the Loan Arranger, the development team meets with a representative from the consolidating organization to formulate a set of requirements.

A requirements review is undertaken to make sure that the requirements adequately describe the system to be built.
7. Which of the following excerpts should be considered valid functional requirements during the review?
a. “Once the Loan Arranger has automatically generated a bundle, the loan analyst must be able to modify it manually. The loan analyst may modify a bundle by either removing loans which are already included, or adding additional loans.”
b. “A record should be kept for each bank from which loans are purchased, consisting of the name of the bank, the name of a contact person at the bank, and the phone number of the contact person. The loan analyst should be able to edit fields that are changeable.”
c. “The expected profit of a fixed-rate loan is the amount of interest that will be received over the remaining life of the loan. The formula for computing loan interest is included in Appendix A.”
d. a and b only
e. a and c only
f. b and c only
g. a, b, and c","
[0]
## Preconditions and Assumptions

- The Loan Arranger system assumes that there already exist lenders, borrowers, and loans from which to choose, and that investors exist who are interested in buying bundles of loans.
- The Loan Arranger system contains a repository of information about loans from a variety of lenders.This repository may be empty.
- At  regular  intervals, each  lender  provides  reports  listing  the  loans  that  it  has made.Loans that have already been purchased by FCO will be indicated on these reports.
- Each loan in the Loan Arranger repository represents an investment to then be bundled and sold with other loans.
- The Loan Arranger system may be used by up to four loan analysts simultaneously.

## High-Level Description of Functionality

1. The Loan Arranger system will receive monthly reports from each lender of new loans issued by that lender.The loans in the report recently purchased by FCO for its investment portfolio will be marked in the report. The Loan Arranger system will use the report information to update its repository of available loans.
2. The Loan Arranger system will receive monthly reports from each lender providing updates about the status of loans issued by that lender.The updated information will include: the current interest rate for an adjustable rate mortgage, and the status of the borrower with respect to the loan (good, late, or default). For loans in the  FCO  portfolio, the  Loan Arranger  will  update  the  data  in  the  repository. Loans not in the FCO portfolio will also be examined in order to determine if a borrower's standing should be updated. FCO will provide each lender with the format for the reports, so that all reports will share a common format.
3. The loan analyst can change individual data records as described in Data Operations.
4. All new data must be validated before they are added to the repository (according to the rules described in Data Constraints).
5. The loan analyst can use the Loan Arranger to identify bundles of loans to sell to particular investors.

## Functional Requirements


[1]
11. The loan analyst must be able to use the Loan Arranger to create bundles that meet the prescribed characteristics of an investment request.The loan analyst can identify these bundles in several ways:
- By manually identifying a subset of loans that must be included in the bundle, either by naming particular loans or by describing them using attributes or ranges
- By providing the Loan Arranger with the investment criteria, and allowing the Loan Arranger to run a loan bundle optimization request to select the best set of loans to meet those criteria
- By using a combination of the above, where a subset of loans is first chosen (manually or automatically), and then optimizing the chosen subset according to the investment criteria
12. Creating a bundle consists of two steps. First, the loan analyst works with the Loan Arranger to create a bundle according to the criteria as described above. Then the candidate bundle can be accepted, rejected, or modified. Modifying a


[2]
1. The loan analyst should be able to review all of the information in the repository for a particular lending institution, a particular loan, or a particular borrower.
2. The loan analyst can create, view, edit, or delete a loan from a portfolio or bundle.
3. A loan is added to the portfolio automatically, when the Loan Arranger reads the reports provided by the lenders.A report can be read by the Loan Arranger only after the associated lender has been specified.
4. The loan analyst can create a new lender.
5. The loan analyst can delete a lender only if there are no loans in the portfolio associated with this lender.
6. The loan analyst can change lender contact and phone number but not lender name and identification number.
7. The loan analyst cannot change borrower information.
8. The loan analyst can ask the system to sort, search, or organize loan information by certain criteria: amount, interest rate, settlement date, borrower, lender, type of loan, or whether it has been marked for inclusion in a certain bundle.The organizational criteria should include ranges, so that information will be included only if it is within two specified bounds (such as between January 1, 2005 and January 1, 2008).The organizational criteria can also be based on exclusion such as all loans not marked, or all loans not between January 1, 2005 and January 1, 2008.
9. The loan analyst should be able to request reports in each of three formats: in a file, on the screen, and as a printed report.
10. The loan analyst should be able to request the following information in a report: any attribute of loan, lender, or borrower, and summary statistics of the attributes (mean, standard deviation, scatter diagram, and histogram).The information in a report can be restricted to a subset of the total information, as described by the loan analyst's organizing criteria.
11. The loan analyst must be able to use the Loan Arranger to create bundles that meet the prescribed characteristics of an investment request.The loan analyst can identify these bundles in several ways:


[3]
We can summarize this information by saying that the Loan Arranger system allows a loan analyst to access information about mortgages (home loans, described here simply as 'loans') purchased by FCO from multiple lending institutions with the intention of repackaging the loans to sell to other investors. The loans purchased by FCO for investment and resale are collectively known as the loan portfolio. The Loan Arranger system tracks these portfolio loans in its repository of loan information. The loan analyst may add, view, update, or delete loan information about lenders and the set of loans in the portfolio. Additionally, the system allows the loan analyst to create 'bundles' of loans for sale to investors. A user of Loan Arranger is a loan analyst who tracks the mortgages purchased by FCO.

In later chapters, we will explore the system's requirements in more depth. For now, if you need to brush up on your understanding of principal and interest, you can review your old math books or look at http://www.interest.com/hugh/calc/formula.html.

## 1.15 KEY REFERENCES

You can find out about software faults and failures by looking in the Risks Forum, moderated by Peter Neumann. A paper copy of some of the Risks is printed in each issue of Software Engineering Notes , published by the Association for Computer Machinery's Special Interest Group on Software Engineering (SIGSOFT). The Risks archives are available on ftp.sri.com, cd risks.The Risks Forum newsgroup is available online at comp.risks, or you can subscribe via the automated list server at risks-request@CSL.sri.com.
","[
  {
    ""role"": ""sentence"",
    ""segment"": ""The correct answer is: a and b only."",
    ""citations"": [
      {
        ""type"": ""source_text"",
        ""content"": ""Then the candidate bundle can be accepted, rejected, or modified."",
        ""img_id"": null
      },
      {
        ""type"": ""source_text"",
        ""content"": ""The loan analyst can change lender contact and phone number but not lender name and identification number."",
        ""img_id"": null
      }
    ],
    ""type"": null
  }
]",The correct answer is: a and b only.,0.579,34.243
"The following questions are in reference to a hypothetical “Loan Arranger” system. The Loan Arranger is meant to assist a “consolidating organization”, a specific type of business in the financial domain.
Bank customers often borrow money from banks; they promise to repay the loan plus interest over a certain period of time. Each of these loans is an ultimately lucrative proposition for the bank, but usually a long period of time is required for the bank to collect its earnings. Also, there is always the chance that a borrower will be unable to repay the loan. Consolidating organizations make money by buying loans from banks and reselling them to investors. Loan analysts, employed by the consolidating organization, work with investors to select a set of loans that meet their requirements in terms of time, risk, and initial purchase price.
The Loan Arranger application has two main types of functionality. First, it tracks all of the loans that are owned by the consolidating organization. (The entire set of loans owned by the organization is known as its “portfolio”.) In order to track loans correctly, the Loan Arranger must interface with the banks to find out about new loans that should be added to the portfolio, or updates to loans that are already in the portfolio. Secondly, the Loan Arranger allows a loan analyst to select a subset of loans from the portfolio that match an investor's desired investment characteristics (these subsets of loans are referred to as “bundles”). The loan analyst can either select the bundle manually, or ask the system to select an optimal bundle given the investor's constraints. The Loan Arranger then updates the portfolio when the bundle is purchased by the investor. There are numerous constraints on how this functionality is to be achieved; most mportantly, the Loan Arranger must be usable by more than one analyst at a time.
As a first step in developing the Loan Arranger, the development team meets with a representative from the consolidating organization to formulate a set of requirements.

8. Which of the following can be considered examples of valid nonfunctional requirements?
a. “If updates are made to any displayed information, the information is refreshed within five seconds.”
b. “The application must ensure that users are limited to authorized loan analysts.”
c. “The application must be available for use by a loan analyst during 97% of the business day.”
d. a and b only
e. a and c only
f. b and c only
g. a, b, and c",,"[
    {
        ""role"": ""paragraph"",
        ""segment"": ""The chatbot can't answer this question. Please try again with another question."",
        ""citations"": [],
        ""type"": ""abstained""
    }
]",The chatbot can't answer this question. Please try again with another question.,0.713,16.35
"The following questions are in reference to a hypothetical “Loan Arranger” system. The Loan Arranger is meant to assist a “consolidating organization”, a specific type of business in the financial domain.
Bank customers often borrow money from banks; they promise to repay the loan plus interest over a certain period of time. Each of these loans is an ultimately lucrative proposition for the bank, but usually a long period of time is required for the bank to collect its earnings. Also, there is always the chance that a borrower will be unable to repay the loan. Consolidating organizations make money by buying loans from banks and reselling them to investors. Loan analysts, employed by the consolidating organization, work with investors to select a set of loans that meet their requirements in terms of time, risk, and initial purchase price.
The Loan Arranger application has two main types of functionality. First, it tracks all of the loans that are owned by the consolidating organization. (The entire set of loans owned by the organization is known as its “portfolio”.) In order to track loans correctly, the Loan Arranger must interface with the banks to find out about new loans that should be added to the portfolio, or updates to loans that are already in the portfolio. Secondly, the Loan Arranger allows a loan analyst to select a subset of loans from the portfolio that match an investor's desired investment characteristics (these subsets of loans are referred to as “bundles”). The loan analyst can either select the bundle manually, or ask the system to select an optimal bundle given the investor's constraints. The Loan Arranger then updates the portfolio when the bundle is purchased by the investor. There are numerous constraints on how this functionality is to be achieved; most mportantly, the Loan Arranger must be usable by more than one analyst at a time.
As a first step in developing the Loan Arranger, the development team meets with a representative from the consolidating organization to formulate a set of requirements.

In questions 9 through 12, review the given excerpt from the requirements and decide whether it is an adequate requirement or not. If the excerpt is adequate, mark choice 'e'. If it should be rewritten, mark all the reasons that apply.
9. ”A borrower can be in one of three states: 'good', 'late', or 'default'. A borrower is considered to be in 'good' standing if all loans to that borrower are in good standing. A borrower is considered to be in 'default' standing if any of the loans to that borrower have default standing. A borrower is said to be in 'late' standing if any of the loans to that borrower have late standing.”
a. This requirement should be rewritten; it is incorrect.
b. This requirement should be rewritten; it is ambiguous or inconsistent.
c. This requirement should be rewritten; it is unrealistic.
d. This requirement should be rewritten; it is unverifiable.
e. This requirement is fine.","
[0]
## Preconditions and Assumptions

- The Loan Arranger system assumes that there already exist lenders, borrowers, and loans from which to choose, and that investors exist who are interested in buying bundles of loans.
- The Loan Arranger system contains a repository of information about loans from a variety of lenders.This repository may be empty.
- At  regular  intervals, each  lender  provides  reports  listing  the  loans  that  it  has made.Loans that have already been purchased by FCO will be indicated on these reports.
- Each loan in the Loan Arranger repository represents an investment to then be bundled and sold with other loans.
- The Loan Arranger system may be used by up to four loan analysts simultaneously.

## High-Level Description of Functionality

1. The Loan Arranger system will receive monthly reports from each lender of new loans issued by that lender.The loans in the report recently purchased by FCO for its investment portfolio will be marked in the report. The Loan Arranger system will use the report information to update its repository of available loans.
2. The Loan Arranger system will receive monthly reports from each lender providing updates about the status of loans issued by that lender.The updated information will include: the current interest rate for an adjustable rate mortgage, and the status of the borrower with respect to the loan (good, late, or default). For loans in the  FCO  portfolio, the  Loan Arranger  will  update  the  data  in  the  repository. Loans not in the FCO portfolio will also be examined in order to determine if a borrower's standing should be updated. FCO will provide each lender with the format for the reports, so that all reports will share a common format.
3. The loan analyst can change individual data records as described in Data Operations.
4. All new data must be validated before they are added to the repository (according to the rules described in Data Constraints).
5. The loan analyst can use the Loan Arranger to identify bundles of loans to sell to particular investors.

## Functional Requirements
","[
  {
    ""role"": ""sentence"",
    ""segment"": ""This requirement is fine."",
    ""citations"": [
      {
        ""type"": ""source_text"",
        ""content"": ""”A borrower can be in one of three states: 'good', 'late', or 'default'. A borrower is considered to be in 'good' standing if all loans to that borrower are in good standing. A borrower is considered to be in 'default' standing if any of the loans to that borrower have default standing. A borrower is said to be in 'late' standing if any of the loans to that borrower have late standing.”"",
        ""img_id"": null
      }
    ],
    ""type"": null
  }
]",The chatbot can't answer this question. Please try again with another question.,0.681,23.603
"The following questions are in reference to a hypothetical “Loan Arranger” system. The Loan Arranger is meant to assist a “consolidating organization”, a specific type of business in the financial domain.
Bank customers often borrow money from banks; they promise to repay the loan plus interest over a certain period of time. Each of these loans is an ultimately lucrative proposition for the bank, but usually a long period of time is required for the bank to collect its earnings. Also, there is always the chance that a borrower will be unable to repay the loan. Consolidating organizations make money by buying loans from banks and reselling them to investors. Loan analysts, employed by the consolidating organization, work with investors to select a set of loans that meet their requirements in terms of time, risk, and initial purchase price.
The Loan Arranger application has two main types of functionality. First, it tracks all of the loans that are owned by the consolidating organization. (The entire set of loans owned by the organization is known as its “portfolio”.) In order to track loans correctly, the Loan Arranger must interface with the banks to find out about new loans that should be added to the portfolio, or updates to loans that are already in the portfolio. Secondly, the Loan Arranger allows a loan analyst to select a subset of loans from the portfolio that match an investor's desired investment characteristics (these subsets of loans are referred to as “bundles”). The loan analyst can either select the bundle manually, or ask the system to select an optimal bundle given the investor's constraints. The Loan Arranger then updates the portfolio when the bundle is purchased by the investor. There are numerous constraints on how this functionality is to be achieved; most mportantly, the Loan Arranger must be usable by more than one analyst at a time.
As a first step in developing the Loan Arranger, the development team meets with a representative from the consolidating organization to formulate a set of requirements.

In questions 9 through 12, review the given excerpt from the requirements and decide whether it is an adequate requirement or not. If the excerpt is adequate, mark choice 'e'. If it should be rewritten, mark all the reasons that apply.
10. “The format of the reports is at the discretion of the individual banks. The Loan Arranger must be easily extensible, so that it can handle new file formats as necessary.”
a. This requirement should be rewritten; it is incorrect.
b. This requirement should be rewritten; it is ambiguous or inconsistent.
c. This requirement should be rewritten; it is unrealistic.
d. This requirement should be rewritten; it is unverifiable.
e. This requirement is fine.","
[0]
## Preconditions and Assumptions

- The Loan Arranger system assumes that there already exist lenders, borrowers, and loans from which to choose, and that investors exist who are interested in buying bundles of loans.
- The Loan Arranger system contains a repository of information about loans from a variety of lenders.This repository may be empty.
- At  regular  intervals, each  lender  provides  reports  listing  the  loans  that  it  has made.Loans that have already been purchased by FCO will be indicated on these reports.
- Each loan in the Loan Arranger repository represents an investment to then be bundled and sold with other loans.
- The Loan Arranger system may be used by up to four loan analysts simultaneously.

## High-Level Description of Functionality

1. The Loan Arranger system will receive monthly reports from each lender of new loans issued by that lender.The loans in the report recently purchased by FCO for its investment portfolio will be marked in the report. The Loan Arranger system will use the report information to update its repository of available loans.
2. The Loan Arranger system will receive monthly reports from each lender providing updates about the status of loans issued by that lender.The updated information will include: the current interest rate for an adjustable rate mortgage, and the status of the borrower with respect to the loan (good, late, or default). For loans in the  FCO  portfolio, the  Loan Arranger  will  update  the  data  in  the  repository. Loans not in the FCO portfolio will also be examined in order to determine if a borrower's standing should be updated. FCO will provide each lender with the format for the reports, so that all reports will share a common format.
3. The loan analyst can change individual data records as described in Data Operations.
4. All new data must be validated before they are added to the repository (according to the rules described in Data Constraints).
5. The loan analyst can use the Loan Arranger to identify bundles of loans to sell to particular investors.

## Functional Requirements
","[
  {
    ""role"": ""paragraph"",
    ""segment"": ""This excerpt should be rewritten; it is inconsistent with the documented requirement that all reports share a common format."",
    ""citations"": [
      {
        ""type"": ""source_text"",
        ""content"": ""FCO will provide each lender with the format for the reports, so that all reports will share a common format."",
        ""img_id"": null
      }
    ],
    ""type"": null
  }
]",This excerpt should be rewritten; it is inconsistent with the documented requirement that all reports share a common format.,0.39,17.734
"The following questions are in reference to a hypothetical “Loan Arranger” system. The Loan Arranger is meant to assist a “consolidating organization”, a specific type of business in the financial domain.
Bank customers often borrow money from banks; they promise to repay the loan plus interest over a certain period of time. Each of these loans is an ultimately lucrative proposition for the bank, but usually a long period of time is required for the bank to collect its earnings. Also, there is always the chance that a borrower will be unable to repay the loan. Consolidating organizations make money by buying loans from banks and reselling them to investors. Loan analysts, employed by the consolidating organization, work with investors to select a set of loans that meet their requirements in terms of time, risk, and initial purchase price.
The Loan Arranger application has two main types of functionality. First, it tracks all of the loans that are owned by the consolidating organization. (The entire set of loans owned by the organization is known as its “portfolio”.) In order to track loans correctly, the Loan Arranger must interface with the banks to find out about new loans that should be added to the portfolio, or updates to loans that are already in the portfolio. Secondly, the Loan Arranger allows a loan analyst to select a subset of loans from the portfolio that match an investor's desired investment characteristics (these subsets of loans are referred to as “bundles”). The loan analyst can either select the bundle manually, or ask the system to select an optimal bundle given the investor's constraints. The Loan Arranger then updates the portfolio when the bundle is purchased by the investor. There are numerous constraints on how this functionality is to be achieved; most mportantly, the Loan Arranger must be usable by more than one analyst at a time.
As a first step in developing the Loan Arranger, the development team meets with a representative from the consolidating organization to formulate a set of requirements.

In questions 9 through 12, review the given excerpt from the requirements and decide whether it is an adequate requirement or not. If the excerpt is adequate, mark choice 'e'. If it should be rewritten, mark all the reasons that apply.
11. “Each loan must have a loan amount of at least $1000 but not more than $500,000. There are two types of loans: regular and jumbo. A regular loan is for any amount less than or equal to $275,000. A jumbo loan is for any amount over $275,000.”
a. This requirement should be rewritten; it is incorrect.
b. This requirement should be rewritten; it is ambiguous or inconsistent.
c. This requirement should be rewritten; it is unrealistic.
d. This requirement should be rewritten; it is unverifiable.
e. This requirement is fine.","
[0]
## Preconditions and Assumptions

- The Loan Arranger system assumes that there already exist lenders, borrowers, and loans from which to choose, and that investors exist who are interested in buying bundles of loans.
- The Loan Arranger system contains a repository of information about loans from a variety of lenders.This repository may be empty.
- At  regular  intervals, each  lender  provides  reports  listing  the  loans  that  it  has made.Loans that have already been purchased by FCO will be indicated on these reports.
- Each loan in the Loan Arranger repository represents an investment to then be bundled and sold with other loans.
- The Loan Arranger system may be used by up to four loan analysts simultaneously.

## High-Level Description of Functionality

1. The Loan Arranger system will receive monthly reports from each lender of new loans issued by that lender.The loans in the report recently purchased by FCO for its investment portfolio will be marked in the report. The Loan Arranger system will use the report information to update its repository of available loans.
2. The Loan Arranger system will receive monthly reports from each lender providing updates about the status of loans issued by that lender.The updated information will include: the current interest rate for an adjustable rate mortgage, and the status of the borrower with respect to the loan (good, late, or default). For loans in the  FCO  portfolio, the  Loan Arranger  will  update  the  data  in  the  repository. Loans not in the FCO portfolio will also be examined in order to determine if a borrower's standing should be updated. FCO will provide each lender with the format for the reports, so that all reports will share a common format.
3. The loan analyst can change individual data records as described in Data Operations.
4. All new data must be validated before they are added to the repository (according to the rules described in Data Constraints).
5. The loan analyst can use the Loan Arranger to identify bundles of loans to sell to particular investors.

## Functional Requirements
","[
    {
        ""role"": ""paragraph"",
        ""segment"": ""The provided requirement is adequate because it defines explicit bounds (loan amounts between $1000 and $500,000) and a clear two-type classification (regular up to $275,000; jumbo over $275,000)."",
        ""citations"": [
            {
                ""type"": ""source_text"",
                ""content"": ""Each loan must have a loan amount of at least $1000 but not more than $500,000."",
                ""img_id"": null
            },
            {
                ""type"": ""source_text"",
                ""content"": ""There are two types of loans: regular and jumbo."",
                ""img_id"": null
            },
            {
                ""type"": ""source_text"",
                ""content"": ""A regular loan is for any amount less than or equal to $275,000."",
                ""img_id"": null
            },
            {
                ""type"": ""source_text"",
                ""content"": ""A jumbo loan is for any amount over $275,000."",
                ""img_id"": null
            }
        ],
        ""type"": null
    }
]",The chatbot can't answer this question. Please try again with another question.,0.695,39.82
"The following questions are in reference to a hypothetical “Loan Arranger” system. The Loan Arranger is meant to assist a “consolidating organization”, a specific type of business in the financial domain.
Bank customers often borrow money from banks; they promise to repay the loan plus interest over a certain period of time. Each of these loans is an ultimately lucrative proposition for the bank, but usually a long period of time is required for the bank to collect its earnings. Also, there is always the chance that a borrower will be unable to repay the loan. Consolidating organizations make money by buying loans from banks and reselling them to investors. Loan analysts, employed by the consolidating organization, work with investors to select a set of loans that meet their requirements in terms of time, risk, and initial purchase price.
The Loan Arranger application has two main types of functionality. First, it tracks all of the loans that are owned by the consolidating organization. (The entire set of loans owned by the organization is known as its “portfolio”.) In order to track loans correctly, the Loan Arranger must interface with the banks to find out about new loans that should be added to the portfolio, or updates to loans that are already in the portfolio. Secondly, the Loan Arranger allows a loan analyst to select a subset of loans from the portfolio that match an investor's desired investment characteristics (these subsets of loans are referred to as “bundles”). The loan analyst can either select the bundle manually, or ask the system to select an optimal bundle given the investor's constraints. The Loan Arranger then updates the portfolio when the bundle is purchased by the investor. There are numerous constraints on how this functionality is to be achieved; most mportantly, the Loan Arranger must be usable by more than one analyst at a time.
As a first step in developing the Loan Arranger, the development team meets with a representative from the consolidating organization to formulate a set of requirements.

In questions 9 through 12, review the given excerpt from the requirements and decide whether it is an adequate requirement or not. If the excerpt is adequate, mark choice 'e'. If it should be rewritten, mark all the reasons that apply.
12. ”The user must be advised when a search request is inappropriate or illegal.”
a. This requirement should be rewritten; it is incorrect.
b. This requirement should be rewritten; it is ambiguous or inconsistent.
c. This requirement should be rewritten; it is unrealistic.
d. This requirement should be rewritten; it is unverifiable.
e. This requirement is fine.","
[0]
## Preconditions and Assumptions

- The Loan Arranger system assumes that there already exist lenders, borrowers, and loans from which to choose, and that investors exist who are interested in buying bundles of loans.
- The Loan Arranger system contains a repository of information about loans from a variety of lenders.This repository may be empty.
- At  regular  intervals, each  lender  provides  reports  listing  the  loans  that  it  has made.Loans that have already been purchased by FCO will be indicated on these reports.
- Each loan in the Loan Arranger repository represents an investment to then be bundled and sold with other loans.
- The Loan Arranger system may be used by up to four loan analysts simultaneously.

## High-Level Description of Functionality

1. The Loan Arranger system will receive monthly reports from each lender of new loans issued by that lender.The loans in the report recently purchased by FCO for its investment portfolio will be marked in the report. The Loan Arranger system will use the report information to update its repository of available loans.
2. The Loan Arranger system will receive monthly reports from each lender providing updates about the status of loans issued by that lender.The updated information will include: the current interest rate for an adjustable rate mortgage, and the status of the borrower with respect to the loan (good, late, or default). For loans in the  FCO  portfolio, the  Loan Arranger  will  update  the  data  in  the  repository. Loans not in the FCO portfolio will also be examined in order to determine if a borrower's standing should be updated. FCO will provide each lender with the format for the reports, so that all reports will share a common format.
3. The loan analyst can change individual data records as described in Data Operations.
4. All new data must be validated before they are added to the repository (according to the rules described in Data Constraints).
5. The loan analyst can use the Loan Arranger to identify bundles of loans to sell to particular investors.

## Functional Requirements
","[
    {
        ""role"": ""paragraph"",
        ""segment"": ""The chatbot can't answer this question. Please try again with another question."",
        ""citations"": [],
        ""type"": ""abstained""
    }
]",The chatbot can't answer this question. Please try again with another question.,0.598,7.769
"The following questions are in reference to a hypothetical “Loan Arranger” system. The Loan Arranger is meant to assist a “consolidating organization”, a specific type of business in the financial domain.
Bank customers often borrow money from banks; they promise to repay the loan plus interest over a certain period of time. Each of these loans is an ultimately lucrative proposition for the bank, but usually a long period of time is required for the bank to collect its earnings. Also, there is always the chance that a borrower will be unable to repay the loan. Consolidating organizations make money by buying loans from banks and reselling them to investors. Loan analysts, employed by the consolidating organization, work with investors to select a set of loans that meet their requirements in terms of time, risk, and initial purchase price.
The Loan Arranger application has two main types of functionality. First, it tracks all of the loans that are owned by the consolidating organization. (The entire set of loans owned by the organization is known as its “portfolio”.) In order to track loans correctly, the Loan Arranger must interface with the banks to find out about new loans that should be added to the portfolio, or updates to loans that are already in the portfolio. Secondly, the Loan Arranger allows a loan analyst to select a subset of loans from the portfolio that match an investor's desired investment characteristics (these subsets of loans are referred to as “bundles”). The loan analyst can either select the bundle manually, or ask the system to select an optimal bundle given the investor's constraints. The Loan Arranger then updates the portfolio when the bundle is purchased by the investor. There are numerous constraints on how this functionality is to be achieved; most mportantly, the Loan Arranger must be usable by more than one analyst at a time.
As a first step in developing the Loan Arranger, the development team meets with a representative from the consolidating organization to formulate a set of requirements.

After the initial requirements have been defined, the team decides to develop an initial project plan. First, the risks are identified and assessed. Determine whether or not each of the statements 13 through 15 is describing a risk. Answer TRUE if the statement describes a risk, FALSE otherwise.
13. The developers of the Loan Arranger application do not have much experience in the financial domain.","
[0]
## Preconditions and Assumptions

- The Loan Arranger system assumes that there already exist lenders, borrowers, and loans from which to choose, and that investors exist who are interested in buying bundles of loans.
- The Loan Arranger system contains a repository of information about loans from a variety of lenders.This repository may be empty.
- At  regular  intervals, each  lender  provides  reports  listing  the  loans  that  it  has made.Loans that have already been purchased by FCO will be indicated on these reports.
- Each loan in the Loan Arranger repository represents an investment to then be bundled and sold with other loans.
- The Loan Arranger system may be used by up to four loan analysts simultaneously.

## High-Level Description of Functionality

1. The Loan Arranger system will receive monthly reports from each lender of new loans issued by that lender.The loans in the report recently purchased by FCO for its investment portfolio will be marked in the report. The Loan Arranger system will use the report information to update its repository of available loans.
2. The Loan Arranger system will receive monthly reports from each lender providing updates about the status of loans issued by that lender.The updated information will include: the current interest rate for an adjustable rate mortgage, and the status of the borrower with respect to the loan (good, late, or default). For loans in the  FCO  portfolio, the  Loan Arranger  will  update  the  data  in  the  repository. Loans not in the FCO portfolio will also be examined in order to determine if a borrower's standing should be updated. FCO will provide each lender with the format for the reports, so that all reports will share a common format.
3. The loan analyst can change individual data records as described in Data Operations.
4. All new data must be validated before they are added to the repository (according to the rules described in Data Constraints).
5. The loan analyst can use the Loan Arranger to identify bundles of loans to sell to particular investors.

## Functional Requirements


[1]
We can summarize this information by saying that the Loan Arranger system allows a loan analyst to access information about mortgages (home loans, described here simply as 'loans') purchased by FCO from multiple lending institutions with the intention of repackaging the loans to sell to other investors. The loans purchased by FCO for investment and resale are collectively known as the loan portfolio. The Loan Arranger system tracks these portfolio loans in its repository of loan information. The loan analyst may add, view, update, or delete loan information about lenders and the set of loans in the portfolio. Additionally, the system allows the loan analyst to create 'bundles' of loans for sale to investors. A user of Loan Arranger is a loan analyst who tracks the mortgages purchased by FCO.

In later chapters, we will explore the system's requirements in more depth. For now, if you need to brush up on your understanding of principal and interest, you can review your old math books or look at http://www.interest.com/hugh/calc/formula.html.

## 1.15 KEY REFERENCES

You can find out about software faults and failures by looking in the Risks Forum, moderated by Peter Neumann. A paper copy of some of the Risks is printed in each issue of Software Engineering Notes , published by the Association for Computer Machinery's Special Interest Group on Software Engineering (SIGSOFT). The Risks archives are available on ftp.sri.com, cd risks.The Risks Forum newsgroup is available online at comp.risks, or you can subscribe via the automated list server at risks-request@CSL.sri.com.


[2]
11. The loan analyst must be able to use the Loan Arranger to create bundles that meet the prescribed characteristics of an investment request.The loan analyst can identify these bundles in several ways:
- By manually identifying a subset of loans that must be included in the bundle, either by naming particular loans or by describing them using attributes or ranges
- By providing the Loan Arranger with the investment criteria, and allowing the Loan Arranger to run a loan bundle optimization request to select the best set of loans to meet those criteria
- By using a combination of the above, where a subset of loans is first chosen (manually or automatically), and then optimizing the chosen subset according to the investment criteria
12. Creating a bundle consists of two steps. First, the loan analyst works with the Loan Arranger to create a bundle according to the criteria as described above. Then the candidate bundle can be accepted, rejected, or modified. Modifying a


[3]
1. The loan analyst should be able to review all of the information in the repository for a particular lending institution, a particular loan, or a particular borrower.
2. The loan analyst can create, view, edit, or delete a loan from a portfolio or bundle.
3. A loan is added to the portfolio automatically, when the Loan Arranger reads the reports provided by the lenders.A report can be read by the Loan Arranger only after the associated lender has been specified.
4. The loan analyst can create a new lender.
5. The loan analyst can delete a lender only if there are no loans in the portfolio associated with this lender.
6. The loan analyst can change lender contact and phone number but not lender name and identification number.
7. The loan analyst cannot change borrower information.
8. The loan analyst can ask the system to sort, search, or organize loan information by certain criteria: amount, interest rate, settlement date, borrower, lender, type of loan, or whether it has been marked for inclusion in a certain bundle.The organizational criteria should include ranges, so that information will be included only if it is within two specified bounds (such as between January 1, 2005 and January 1, 2008).The organizational criteria can also be based on exclusion such as all loans not marked, or all loans not between January 1, 2005 and January 1, 2008.
9. The loan analyst should be able to request reports in each of three formats: in a file, on the screen, and as a printed report.
10. The loan analyst should be able to request the following information in a report: any attribute of loan, lender, or borrower, and summary statistics of the attributes (mean, standard deviation, scatter diagram, and histogram).The information in a report can be restricted to a subset of the total information, as described by the loan analyst's organizing criteria.
11. The loan analyst must be able to use the Loan Arranger to create bundles that meet the prescribed characteristics of an investment request.The loan analyst can identify these bundles in several ways:
","[
    {
        ""role"": ""paragraph"",
        ""segment"": ""The chatbot can't answer this question. Please try again with another question."",
        ""citations"": [],
        ""type"": ""abstained""
    }
]",The chatbot can't answer this question. Please try again with another question.,0.586,15.723
"The following questions are in reference to a hypothetical “Loan Arranger” system. The Loan Arranger is meant to assist a “consolidating organization”, a specific type of business in the financial domain.
Bank customers often borrow money from banks; they promise to repay the loan plus interest over a certain period of time. Each of these loans is an ultimately lucrative proposition for the bank, but usually a long period of time is required for the bank to collect its earnings. Also, there is always the chance that a borrower will be unable to repay the loan. Consolidating organizations make money by buying loans from banks and reselling them to investors. Loan analysts, employed by the consolidating organization, work with investors to select a set of loans that meet their requirements in terms of time, risk, and initial purchase price.
The Loan Arranger application has two main types of functionality. First, it tracks all of the loans that are owned by the consolidating organization. (The entire set of loans owned by the organization is known as its “portfolio”.) In order to track loans correctly, the Loan Arranger must interface with the banks to find out about new loans that should be added to the portfolio, or updates to loans that are already in the portfolio. Secondly, the Loan Arranger allows a loan analyst to select a subset of loans from the portfolio that match an investor's desired investment characteristics (these subsets of loans are referred to as “bundles”). The loan analyst can either select the bundle manually, or ask the system to select an optimal bundle given the investor's constraints. The Loan Arranger then updates the portfolio when the bundle is purchased by the investor. There are numerous constraints on how this functionality is to be achieved; most mportantly, the Loan Arranger must be usable by more than one analyst at a time.
As a first step in developing the Loan Arranger, the development team meets with a representative from the consolidating organization to formulate a set of requirements.

After the initial requirements have been defined, the team decides to develop an initial project plan. First, the risks are identified and assessed. Determine whether or not each of the statements 13 through 15 is describing a risk. Answer TRUE if the statement describes a risk, FALSE otherwise.
14. The Loan Arranger application must interface with many external systems.","
[0]
## Preconditions and Assumptions

- The Loan Arranger system assumes that there already exist lenders, borrowers, and loans from which to choose, and that investors exist who are interested in buying bundles of loans.
- The Loan Arranger system contains a repository of information about loans from a variety of lenders.This repository may be empty.
- At  regular  intervals, each  lender  provides  reports  listing  the  loans  that  it  has made.Loans that have already been purchased by FCO will be indicated on these reports.
- Each loan in the Loan Arranger repository represents an investment to then be bundled and sold with other loans.
- The Loan Arranger system may be used by up to four loan analysts simultaneously.

## High-Level Description of Functionality

1. The Loan Arranger system will receive monthly reports from each lender of new loans issued by that lender.The loans in the report recently purchased by FCO for its investment portfolio will be marked in the report. The Loan Arranger system will use the report information to update its repository of available loans.
2. The Loan Arranger system will receive monthly reports from each lender providing updates about the status of loans issued by that lender.The updated information will include: the current interest rate for an adjustable rate mortgage, and the status of the borrower with respect to the loan (good, late, or default). For loans in the  FCO  portfolio, the  Loan Arranger  will  update  the  data  in  the  repository. Loans not in the FCO portfolio will also be examined in order to determine if a borrower's standing should be updated. FCO will provide each lender with the format for the reports, so that all reports will share a common format.
3. The loan analyst can change individual data records as described in Data Operations.
4. All new data must be validated before they are added to the repository (according to the rules described in Data Constraints).
5. The loan analyst can use the Loan Arranger to identify bundles of loans to sell to particular investors.

## Functional Requirements


[1]
We can summarize this information by saying that the Loan Arranger system allows a loan analyst to access information about mortgages (home loans, described here simply as 'loans') purchased by FCO from multiple lending institutions with the intention of repackaging the loans to sell to other investors. The loans purchased by FCO for investment and resale are collectively known as the loan portfolio. The Loan Arranger system tracks these portfolio loans in its repository of loan information. The loan analyst may add, view, update, or delete loan information about lenders and the set of loans in the portfolio. Additionally, the system allows the loan analyst to create 'bundles' of loans for sale to investors. A user of Loan Arranger is a loan analyst who tracks the mortgages purchased by FCO.

In later chapters, we will explore the system's requirements in more depth. For now, if you need to brush up on your understanding of principal and interest, you can review your old math books or look at http://www.interest.com/hugh/calc/formula.html.

## 1.15 KEY REFERENCES

You can find out about software faults and failures by looking in the Risks Forum, moderated by Peter Neumann. A paper copy of some of the Risks is printed in each issue of Software Engineering Notes , published by the Association for Computer Machinery's Special Interest Group on Software Engineering (SIGSOFT). The Risks archives are available on ftp.sri.com, cd risks.The Risks Forum newsgroup is available online at comp.risks, or you can subscribe via the automated list server at risks-request@CSL.sri.com.


[2]
11. The loan analyst must be able to use the Loan Arranger to create bundles that meet the prescribed characteristics of an investment request.The loan analyst can identify these bundles in several ways:
- By manually identifying a subset of loans that must be included in the bundle, either by naming particular loans or by describing them using attributes or ranges
- By providing the Loan Arranger with the investment criteria, and allowing the Loan Arranger to run a loan bundle optimization request to select the best set of loans to meet those criteria
- By using a combination of the above, where a subset of loans is first chosen (manually or automatically), and then optimizing the chosen subset according to the investment criteria
12. Creating a bundle consists of two steps. First, the loan analyst works with the Loan Arranger to create a bundle according to the criteria as described above. Then the candidate bundle can be accepted, rejected, or modified. Modifying a


[3]
1. The loan analyst should be able to review all of the information in the repository for a particular lending institution, a particular loan, or a particular borrower.
2. The loan analyst can create, view, edit, or delete a loan from a portfolio or bundle.
3. A loan is added to the portfolio automatically, when the Loan Arranger reads the reports provided by the lenders.A report can be read by the Loan Arranger only after the associated lender has been specified.
4. The loan analyst can create a new lender.
5. The loan analyst can delete a lender only if there are no loans in the portfolio associated with this lender.
6. The loan analyst can change lender contact and phone number but not lender name and identification number.
7. The loan analyst cannot change borrower information.
8. The loan analyst can ask the system to sort, search, or organize loan information by certain criteria: amount, interest rate, settlement date, borrower, lender, type of loan, or whether it has been marked for inclusion in a certain bundle.The organizational criteria should include ranges, so that information will be included only if it is within two specified bounds (such as between January 1, 2005 and January 1, 2008).The organizational criteria can also be based on exclusion such as all loans not marked, or all loans not between January 1, 2005 and January 1, 2008.
9. The loan analyst should be able to request reports in each of three formats: in a file, on the screen, and as a printed report.
10. The loan analyst should be able to request the following information in a report: any attribute of loan, lender, or borrower, and summary statistics of the attributes (mean, standard deviation, scatter diagram, and histogram).The information in a report can be restricted to a subset of the total information, as described by the loan analyst's organizing criteria.
11. The loan analyst must be able to use the Loan Arranger to create bundles that meet the prescribed characteristics of an investment request.The loan analyst can identify these bundles in several ways:
","[
    {
        ""role"": ""paragraph"",
        ""segment"": ""The chatbot can't answer this question. Please try again with another question."",
        ""citations"": [],
        ""type"": ""abstained""
    }
]",The chatbot can't answer this question. Please try again with another question.,1.367,15.129
"The following questions are in reference to a hypothetical “Loan Arranger” system. The Loan Arranger is meant to assist a “consolidating organization”, a specific type of business in the financial domain.
Bank customers often borrow money from banks; they promise to repay the loan plus interest over a certain period of time. Each of these loans is an ultimately lucrative proposition for the bank, but usually a long period of time is required for the bank to collect its earnings. Also, there is always the chance that a borrower will be unable to repay the loan. Consolidating organizations make money by buying loans from banks and reselling them to investors. Loan analysts, employed by the consolidating organization, work with investors to select a set of loans that meet their requirements in terms of time, risk, and initial purchase price.
The Loan Arranger application has two main types of functionality. First, it tracks all of the loans that are owned by the consolidating organization. (The entire set of loans owned by the organization is known as its “portfolio”.) In order to track loans correctly, the Loan Arranger must interface with the banks to find out about new loans that should be added to the portfolio, or updates to loans that are already in the portfolio. Secondly, the Loan Arranger allows a loan analyst to select a subset of loans from the portfolio that match an investor's desired investment characteristics (these subsets of loans are referred to as “bundles”). The loan analyst can either select the bundle manually, or ask the system to select an optimal bundle given the investor's constraints. The Loan Arranger then updates the portfolio when the bundle is purchased by the investor. There are numerous constraints on how this functionality is to be achieved; most mportantly, the Loan Arranger must be usable by more than one analyst at a time.
As a first step in developing the Loan Arranger, the development team meets with a representative from the consolidating organization to formulate a set of requirements.

After the initial requirements have been defined, the team decides to develop an initial project plan. First, the risks are identified and assessed. Determine whether or not each of the statements 13 through 15 is describing a risk. Answer TRUE if the statement describes a risk, FALSE otherwise.
15. Prototyping is used on the Loan Arranger application to make sure that the team is implementing the correct functionality.","
[0]
## Preconditions and Assumptions

- The Loan Arranger system assumes that there already exist lenders, borrowers, and loans from which to choose, and that investors exist who are interested in buying bundles of loans.
- The Loan Arranger system contains a repository of information about loans from a variety of lenders.This repository may be empty.
- At  regular  intervals, each  lender  provides  reports  listing  the  loans  that  it  has made.Loans that have already been purchased by FCO will be indicated on these reports.
- Each loan in the Loan Arranger repository represents an investment to then be bundled and sold with other loans.
- The Loan Arranger system may be used by up to four loan analysts simultaneously.

## High-Level Description of Functionality

1. The Loan Arranger system will receive monthly reports from each lender of new loans issued by that lender.The loans in the report recently purchased by FCO for its investment portfolio will be marked in the report. The Loan Arranger system will use the report information to update its repository of available loans.
2. The Loan Arranger system will receive monthly reports from each lender providing updates about the status of loans issued by that lender.The updated information will include: the current interest rate for an adjustable rate mortgage, and the status of the borrower with respect to the loan (good, late, or default). For loans in the  FCO  portfolio, the  Loan Arranger  will  update  the  data  in  the  repository. Loans not in the FCO portfolio will also be examined in order to determine if a borrower's standing should be updated. FCO will provide each lender with the format for the reports, so that all reports will share a common format.
3. The loan analyst can change individual data records as described in Data Operations.
4. All new data must be validated before they are added to the repository (according to the rules described in Data Constraints).
5. The loan analyst can use the Loan Arranger to identify bundles of loans to sell to particular investors.

## Functional Requirements


[1]
We can summarize this information by saying that the Loan Arranger system allows a loan analyst to access information about mortgages (home loans, described here simply as 'loans') purchased by FCO from multiple lending institutions with the intention of repackaging the loans to sell to other investors. The loans purchased by FCO for investment and resale are collectively known as the loan portfolio. The Loan Arranger system tracks these portfolio loans in its repository of loan information. The loan analyst may add, view, update, or delete loan information about lenders and the set of loans in the portfolio. Additionally, the system allows the loan analyst to create 'bundles' of loans for sale to investors. A user of Loan Arranger is a loan analyst who tracks the mortgages purchased by FCO.

In later chapters, we will explore the system's requirements in more depth. For now, if you need to brush up on your understanding of principal and interest, you can review your old math books or look at http://www.interest.com/hugh/calc/formula.html.

## 1.15 KEY REFERENCES

You can find out about software faults and failures by looking in the Risks Forum, moderated by Peter Neumann. A paper copy of some of the Risks is printed in each issue of Software Engineering Notes , published by the Association for Computer Machinery's Special Interest Group on Software Engineering (SIGSOFT). The Risks archives are available on ftp.sri.com, cd risks.The Risks Forum newsgroup is available online at comp.risks, or you can subscribe via the automated list server at risks-request@CSL.sri.com.


[2]
11. The loan analyst must be able to use the Loan Arranger to create bundles that meet the prescribed characteristics of an investment request.The loan analyst can identify these bundles in several ways:
- By manually identifying a subset of loans that must be included in the bundle, either by naming particular loans or by describing them using attributes or ranges
- By providing the Loan Arranger with the investment criteria, and allowing the Loan Arranger to run a loan bundle optimization request to select the best set of loans to meet those criteria
- By using a combination of the above, where a subset of loans is first chosen (manually or automatically), and then optimizing the chosen subset according to the investment criteria
12. Creating a bundle consists of two steps. First, the loan analyst works with the Loan Arranger to create a bundle according to the criteria as described above. Then the candidate bundle can be accepted, rejected, or modified. Modifying a


[3]
1. The loan analyst should be able to review all of the information in the repository for a particular lending institution, a particular loan, or a particular borrower.
2. The loan analyst can create, view, edit, or delete a loan from a portfolio or bundle.
3. A loan is added to the portfolio automatically, when the Loan Arranger reads the reports provided by the lenders.A report can be read by the Loan Arranger only after the associated lender has been specified.
4. The loan analyst can create a new lender.
5. The loan analyst can delete a lender only if there are no loans in the portfolio associated with this lender.
6. The loan analyst can change lender contact and phone number but not lender name and identification number.
7. The loan analyst cannot change borrower information.
8. The loan analyst can ask the system to sort, search, or organize loan information by certain criteria: amount, interest rate, settlement date, borrower, lender, type of loan, or whether it has been marked for inclusion in a certain bundle.The organizational criteria should include ranges, so that information will be included only if it is within two specified bounds (such as between January 1, 2005 and January 1, 2008).The organizational criteria can also be based on exclusion such as all loans not marked, or all loans not between January 1, 2005 and January 1, 2008.
9. The loan analyst should be able to request reports in each of three formats: in a file, on the screen, and as a printed report.
10. The loan analyst should be able to request the following information in a report: any attribute of loan, lender, or borrower, and summary statistics of the attributes (mean, standard deviation, scatter diagram, and histogram).The information in a report can be restricted to a subset of the total information, as described by the loan analyst's organizing criteria.
11. The loan analyst must be able to use the Loan Arranger to create bundles that meet the prescribed characteristics of an investment request.The loan analyst can identify these bundles in several ways:
","[
    {
        ""role"": ""paragraph"",
        ""segment"": ""The chatbot can't answer this question. Please try again with another question."",
        ""citations"": [],
        ""type"": ""abstained""
    }
]",The chatbot can't answer this question. Please try again with another question.,0.713,10.598
"The following questions are in reference to a hypothetical ""Loan Arranger"" system. The Loan Arranger is meant to assist a ""consolidating organization"", a specific type of business in the financial domain.
Bank customers often borrow money from banks; they promise to repay the loan plus interest over a certain period of time. Each of these loans is an ultimately lucrative proposition for the bank, but usually a long period of time is required for the bank to collect its earnings. Also, there is always the chance that a borrower will be unable to repay the loan. Consolidating organizations make money by buying loans from banks and reselling them to investors. Loan analysts, employed by the consolidating organization, work with investors to select a set of loans that meet their requirements in terms of time, risk, and initial purchase price.
The Loan Arranger application has two main types of functionality. First, it tracks all of the loans that are owned by the consolidating organization. (The entire set of loans owned by the organization is known as its ""portfolio"".) In order to track loans correctly, the Loan Arranger must interface with the banks to find out about new loans that should be added to the portfolio, or updates to loans that are already in the portfolio. Secondly, the Loan Arranger allows a loan analyst to select a subset of loans from the portfolio that match an investor's desired investment characteristics (these subsets of loans are referred to as ""bundles""). The loan analyst can either select the bundle manually, or ask the system to select an optimal bundle given the investor's constraints. The Loan Arranger then updates the portfolio when the bundle is purchased by the investor. There are numerous constraints on how this functionality is to be achieved; most mportantly, the Loan Arranger must be usable by more than one analyst at a time.
As a first step in developing the Loan Arranger, the development team meets with a representative from the consolidating organization to formulate a set of requirements.

Image Description: A scatter plot graph showing the relative errors for projects A, B, C, D, and E. The horizontal axis represents the projects (A to E) and the vertical axis represents the relative error percentages from -15% to 15%. Project A has a negative relative error near -7%, Project B has a positive relative error near 8%, Project C has a high positive relative error near 15%, Project D has a negative relative error near -14%, and Project E has a negative relative error near -2%.
In addition to the risk management activities, cost, schedule and effort estimations are done. On the past several projects, the team has tried to use a predictive model to estimate the expected size of the project. The relative errors of the predictions on the last five projects are shown below. A relative error of 0 means that there was no difference between the predicted and actual values. A positive relative error means that the prediction was an overestimate, while a negative value indicates an underestimate.
16. As can be seen from the graph, predictions are usually within 15% (plus or minus) of the actual effort. However, for a given prediction, it is impossible to say whether it is an underestimate or an overestimate of the actual value. Which of the following is a valid assessment of the model?
a. It suffers from bias, which should be assessed with a u-plot.
b. It suffers from noise, and should be assessed using the prequential likelihood function.
c. It suffers from both bias and noise and should be discarded.",,"[
    {
        ""role"": ""sentence"",
        ""segment"": ""The valid assessment is option b."",
        ""citations"": [
            {
                ""type"": ""source_text"",
                ""content"": ""16. As can be seen from the graph, predictions are usually within 15% (plus or minus) of the actual effort."",
                ""img_id"": null
            },
            {
                ""type"": ""source_text"",
                ""content"": ""However, for a given prediction, it is impossible to say whether it is an underestimate or an overestimate of the actual value."",
                ""img_id"": null
            },
            {
                ""type"": ""source_text"",
                ""content"": ""A positive relative error means that the prediction was an overestimate, while a negative value indicates an underestimate."",
                ""img_id"": null
            }
        ],
        ""type"": null
    }
]",The chatbot can't answer this question. Please try again with another question.,0.364,29.534
"The following questions are in reference to a hypothetical “Loan Arranger” system. The Loan Arranger is meant to assist a “consolidating organization”, a specific type of business in the financial domain.
Bank customers often borrow money from banks; they promise to repay the loan plus interest over a certain period of time. Each of these loans is an ultimately lucrative proposition for the bank, but usually a long period of time is required for the bank to collect its earnings. Also, there is always the chance that a borrower will be unable to repay the loan. Consolidating organizations make money by buying loans from banks and reselling them to investors. Loan analysts, employed by the consolidating organization, work with investors to select a set of loans that meet their requirements in terms of time, risk, and initial purchase price.
The Loan Arranger application has two main types of functionality. First, it tracks all of the loans that are owned by the consolidating organization. (The entire set of loans owned by the organization is known as its “portfolio”.) In order to track loans correctly, the Loan Arranger must interface with the banks to find out about new loans that should be added to the portfolio, or updates to loans that are already in the portfolio. Secondly, the Loan Arranger allows a loan analyst to select a subset of loans from the portfolio that match an investor's desired investment characteristics (these subsets of loans are referred to as “bundles”). The loan analyst can either select the bundle manually, or ask the system to select an optimal bundle given the investor's constraints. The Loan Arranger then updates the portfolio when the bundle is purchased by the investor. There are numerous constraints on how this functionality is to be achieved; most mportantly, the Loan Arranger must be usable by more than one analyst at a time.
As a first step in developing the Loan Arranger, the development team meets with a representative from the consolidating organization to formulate a set of requirements.

Suppose the COCOMO 2.0 estimation process has been chosen to estimate size and effort for part of the project.
17. The loan search and selection subsystem of the Loan Arranger application has 10 screens and 20 reports. Two screens are rated as difficult, 5 as medium and 3 as easy. Ten reports are rated as difficult, 6 as medium and 4 as easy. Using the COCOMO 2.0 stage 1 model, how many new object points does the subsystem have? Assume no 3GL components or reuse of existing components.
a. 210
b. 137
c. 109
d. 30
e. None of the above.","
[0]
## Preconditions and Assumptions

- The Loan Arranger system assumes that there already exist lenders, borrowers, and loans from which to choose, and that investors exist who are interested in buying bundles of loans.
- The Loan Arranger system contains a repository of information about loans from a variety of lenders.This repository may be empty.
- At  regular  intervals, each  lender  provides  reports  listing  the  loans  that  it  has made.Loans that have already been purchased by FCO will be indicated on these reports.
- Each loan in the Loan Arranger repository represents an investment to then be bundled and sold with other loans.
- The Loan Arranger system may be used by up to four loan analysts simultaneously.

## High-Level Description of Functionality

1. The Loan Arranger system will receive monthly reports from each lender of new loans issued by that lender.The loans in the report recently purchased by FCO for its investment portfolio will be marked in the report. The Loan Arranger system will use the report information to update its repository of available loans.
2. The Loan Arranger system will receive monthly reports from each lender providing updates about the status of loans issued by that lender.The updated information will include: the current interest rate for an adjustable rate mortgage, and the status of the borrower with respect to the loan (good, late, or default). For loans in the  FCO  portfolio, the  Loan Arranger  will  update  the  data  in  the  repository. Loans not in the FCO portfolio will also be examined in order to determine if a borrower's standing should be updated. FCO will provide each lender with the format for the reports, so that all reports will share a common format.
3. The loan analyst can change individual data records as described in Data Operations.
4. All new data must be validated before they are added to the repository (according to the rules described in Data Constraints).
5. The loan analyst can use the Loan Arranger to identify bundles of loans to sell to particular investors.

## Functional Requirements


[1]
We can summarize this information by saying that the Loan Arranger system allows a loan analyst to access information about mortgages (home loans, described here simply as 'loans') purchased by FCO from multiple lending institutions with the intention of repackaging the loans to sell to other investors. The loans purchased by FCO for investment and resale are collectively known as the loan portfolio. The Loan Arranger system tracks these portfolio loans in its repository of loan information. The loan analyst may add, view, update, or delete loan information about lenders and the set of loans in the portfolio. Additionally, the system allows the loan analyst to create 'bundles' of loans for sale to investors. A user of Loan Arranger is a loan analyst who tracks the mortgages purchased by FCO.

In later chapters, we will explore the system's requirements in more depth. For now, if you need to brush up on your understanding of principal and interest, you can review your old math books or look at http://www.interest.com/hugh/calc/formula.html.

## 1.15 KEY REFERENCES

You can find out about software faults and failures by looking in the Risks Forum, moderated by Peter Neumann. A paper copy of some of the Risks is printed in each issue of Software Engineering Notes , published by the Association for Computer Machinery's Special Interest Group on Software Engineering (SIGSOFT). The Risks archives are available on ftp.sri.com, cd risks.The Risks Forum newsgroup is available online at comp.risks, or you can subscribe via the automated list server at risks-request@CSL.sri.com.
","[
  {
    ""role"": ""paragraph"",
    ""segment"": ""The chatbot can't answer this question. Please try again with another question."",
    ""citations"": [],
    ""type"": ""abstained""
  }
]",The chatbot can't answer this question. Please try again with another question.,1.047,8.141
"The following questions are in reference to a hypothetical “Loan Arranger” system. The Loan Arranger is meant to assist a “consolidating organization”, a specific type of business in the financial domain.
Bank customers often borrow money from banks; they promise to repay the loan plus interest over a certain period of time. Each of these loans is an ultimately lucrative proposition for the bank, but usually a long period of time is required for the bank to collect its earnings. Also, there is always the chance that a borrower will be unable to repay the loan. Consolidating organizations make money by buying loans from banks and reselling them to investors. Loan analysts, employed by the consolidating organization, work with investors to select a set of loans that meet their requirements in terms of time, risk, and initial purchase price.
The Loan Arranger application has two main types of functionality. First, it tracks all of the loans that are owned by the consolidating organization. (The entire set of loans owned by the organization is known as its “portfolio”.) In order to track loans correctly, the Loan Arranger must interface with the banks to find out about new loans that should be added to the portfolio, or updates to loans that are already in the portfolio. Secondly, the Loan Arranger allows a loan analyst to select a subset of loans from the portfolio that match an investor's desired investment characteristics (these subsets of loans are referred to as “bundles”). The loan analyst can either select the bundle manually, or ask the system to select an optimal bundle given the investor's constraints. The Loan Arranger then updates the portfolio when the bundle is purchased by the investor. There are numerous constraints on how this functionality is to be achieved; most mportantly, the Loan Arranger must be usable by more than one analyst at a time.
As a first step in developing the Loan Arranger, the development team meets with a representative from the consolidating organization to formulate a set of requirements.

Image Description: A table showing the estimated and actual sizes for six projects. Project A: Estimate 5000, Actual 10000. Project B: Estimate 25000, Actual 20000. Project C: Estimate 50000, Actual 80000. Project D: Estimate 70000, Actual 110000. Project E: Estimate 40000, Actual 45000. Project F: Estimate 45000, Actual 50000.
As part of an on-going investigation into the benefits of a new size estimation technique, the size of part of the Loan Arranger application will be estimated using the experimental technique. The technique has been used on several projects in the past. The estimates generated by the technique and the actual values for project size are shown below. The criteria for a good estimating technique are: 75% of the estimates should be within 25% of the actual value; and the mean magnitude of the relative estimated errors should be less than 25%. Use the table of project size estimates and the criteria given to answer the questions about the estimation technique.
18. Given the table of estimates and actuals, what is the MMRE? Round to the nearest 1/100.
a. 0.04
b. 0.14
c. 0.28
d. 0.34
e. 0.43",,"[
  {
    ""role"": ""sentence"",
    ""segment"": ""MMRE = 0.28."",
    ""citations"": [
      {""type"": ""source_text"", ""content"": ""Project A: Estimate 5000, Actual 10000."", ""img_id"": null},
      {""type"": ""source_text"", ""content"": ""Project B: Estimate 25000, Actual 20000."", ""img_id"": null},
      {""type"": ""source_text"", ""content"": ""Project C: Estimate 50000, Actual 80000."", ""img_id"": null},
      {""type"": ""source_text"", ""content"": ""Project D: Estimate 70000, Actual 110000."", ""img_id"": null},
      {""type"": ""source_text"", ""content"": ""Project E: Estimate 40000, Actual 45000."", ""img_id"": null},
      {""type"": ""source_text"", ""content"": ""Project F: Estimate 45000, Actual 50000."", ""img_id"": null}
    ],
    ""type"": null
  }
]",The chatbot can't answer this question. Please try again with another question.,0.611,21.85
"The following questions are in reference to a hypothetical “Loan Arranger” system. The Loan Arranger is meant to assist a “consolidating organization”, a specific type of business in the financial domain.
Bank customers often borrow money from banks; they promise to repay the loan plus interest over a certain period of time. Each of these loans is an ultimately lucrative proposition for the bank, but usually a long period of time is required for the bank to collect its earnings. Also, there is always the chance that a borrower will be unable to repay the loan. Consolidating organizations make money by buying loans from banks and reselling them to investors. Loan analysts, employed by the consolidating organization, work with investors to select a set of loans that meet their requirements in terms of time, risk, and initial purchase price.
The Loan Arranger application has two main types of functionality. First, it tracks all of the loans that are owned by the consolidating organization. (The entire set of loans owned by the organization is known as its “portfolio”.) In order to track loans correctly, the Loan Arranger must interface with the banks to find out about new loans that should be added to the portfolio, or updates to loans that are already in the portfolio. Secondly, the Loan Arranger allows a loan analyst to select a subset of loans from the portfolio that match an investor's desired investment characteristics (these subsets of loans are referred to as “bundles”). The loan analyst can either select the bundle manually, or ask the system to select an optimal bundle given the investor's constraints. The Loan Arranger then updates the portfolio when the bundle is purchased by the investor. There are numerous constraints on how this functionality is to be achieved; most mportantly, the Loan Arranger must be usable by more than one analyst at a time.
As a first step in developing the Loan Arranger, the development team meets with a representative from the consolidating organization to formulate a set of requirements.

Image Description: A table showing the estimated and actual sizes for six projects. Project A: Estimate 5000, Actual 10000. Project B: Estimate 25000, Actual 20000. Project C: Estimate 50000, Actual 80000. Project D: Estimate 70000, Actual 110000. Project E: Estimate 40000, Actual 45000. Project F: Estimate 45000, Actual 50000.
As part of an on-going investigation into the benefits of a new size estimation technique, the size of part of the Loan Arranger application will be estimated using the experimental technique. The technique has been used on several projects in the past. The estimates generated by the technique and the actual values for project size are shown below. The criteria for a good estimating technique are: 75% of the estimates should be within 25% of the actual value; and the mean magnitude of the relative estimated errors should be less than 25%. Use the table of project size estimates and the criteria given to answer the questions about the estimation technique.
19. What is the PRED(.25)?
a. 0.25
b. 0.28
c. 0.33
d. 0.50
e. 0.75",,"[
  {
    ""role"": ""sentence"",
    ""segment"": ""PRED(.25) = 0.50"",
    ""citations"": [
      {
        ""type"": ""source_text"",
        ""content"": ""Project A: Estimate 5000, Actual 10000."",
        ""img_id"": null
      },
      {
        ""type"": ""source_text"",
        ""content"": ""Project B: Estimate 25000, Actual 20000."",
        ""img_id"": null
      },
      {
        ""type"": ""source_text"",
        ""content"": ""Project C: Estimate 50000, Actual 80000."",
        ""img_id"": null
      },
      {
        ""type"": ""source_text"",
        ""content"": ""Project D: Estimate 70000, Actual 110000."",
        ""img_id"": null
      },
      {
        ""type"": ""source_text"",
        ""content"": ""Project E: Estimate 40000, Actual 45000."",
        ""img_id"": null
      },
      {
        ""type"": ""source_text"",
        ""content"": ""Project F: Estimate 45000, Actual 50000."",
        ""img_id"": null
      },
      {
        ""type"": ""source_text"",
        ""content"": ""The criteria for a good estimating technique are: 75% of the estimates should be within 25% of the actual value; and the mean magnitude of the relative estimated errors should be less than 25%."",
        ""img_id"": null
      }
    ],
    ""type"": null
  }
]",The chatbot can't answer this question. Please try again with another question.,0.727,26.869
"The following questions are in reference to a hypothetical “Loan Arranger” system. The Loan Arranger is meant to assist a “consolidating organization”, a specific type of business in the financial domain.
Bank customers often borrow money from banks; they promise to repay the loan plus interest over a certain period of time. Each of these loans is an ultimately lucrative proposition for the bank, but usually a long period of time is required for the bank to collect its earnings. Also, there is always the chance that a borrower will be unable to repay the loan. Consolidating organizations make money by buying loans from banks and reselling them to investors. Loan analysts, employed by the consolidating organization, work with investors to select a set of loans that meet their requirements in terms of time, risk, and initial purchase price.
The Loan Arranger application has two main types of functionality. First, it tracks all of the loans that are owned by the consolidating organization. (The entire set of loans owned by the organization is known as its “portfolio”.) In order to track loans correctly, the Loan Arranger must interface with the banks to find out about new loans that should be added to the portfolio, or updates to loans that are already in the portfolio. Secondly, the Loan Arranger allows a loan analyst to select a subset of loans from the portfolio that match an investor's desired investment characteristics (these subsets of loans are referred to as “bundles”). The loan analyst can either select the bundle manually, or ask the system to select an optimal bundle given the investor's constraints. The Loan Arranger then updates the portfolio when the bundle is purchased by the investor. There are numerous constraints on how this functionality is to be achieved; most mportantly, the Loan Arranger must be usable by more than one analyst at a time.
As a first step in developing the Loan Arranger, the development team meets with a representative from the consolidating organization to formulate a set of requirements.

Image Description: A table showing the estimated and actual sizes for six projects. Project A: Estimate 5000, Actual 10000. Project B: Estimate 25000, Actual 20000. Project C: Estimate 50000, Actual 80000. Project D: Estimate 70000, Actual 110000. Project E: Estimate 40000, Actual 45000. Project F: Estimate 45000, Actual 50000.
As part of an on-going investigation into the benefits of a new size estimation technique, the size of part of the Loan Arranger application will be estimated using the experimental technique. The technique has been used on several projects in the past. The estimates generated by the technique and the actual values for project size are shown below. The criteria for a good estimating technique are: 75% of the estimates should be within 25% of the actual value; and the mean magnitude of the relative estimated errors should be less than 25%. Use the table of project size estimates and the criteria given to answer the questions about the estimation technique.
20. Based on the criteria for a good estimation technique and the estimate data gathered so far, can this technique be used to create good estimates for the Loan Arranger project? (Yes/No)",,"[
  {
    ""role"": ""sentence"",
    ""segment"": ""No"",
    ""citations"": [
      {
        ""type"": ""source_text"",
        ""content"": ""The criteria for a good estimating technique are: 75% of the estimates should be within 25% of the actual value; and the mean magnitude of the relative estimated errors should be less than 25%."",
        ""img_id"": null
      },
      {
        ""type"": ""source_text"",
        ""content"": ""Project A: Estimate 5000, Actual 10000."",
        ""img_id"": null
      },
      {
        ""type"": ""source_text"",
        ""content"": ""Project B: Estimate 25000, Actual 20000."",
        ""img_id"": null
      },
      {
        ""type"": ""source_text"",
        ""content"": ""Project C: Estimate 50000, Actual 80000."",
        ""img_id"": null
      },
      {
        ""type"": ""source_text"",
        ""content"": ""Project D: Estimate 70000, Actual 110000."",
        ""img_id"": null
      },
      {
        ""type"": ""source_text"",
        ""content"": ""Project E: Estimate 40000, Actual 45000."",
        ""img_id"": null
      },
      {
        ""type"": ""source_text"",
        ""content"": ""Project F: Estimate 45000, Actual 50000."",
        ""img_id"": null
      }
    ],
    ""type"": null
  }
]",The chatbot can't answer this question. Please try again with another question.,0.625,29.794
"The following questions are in reference to a hypothetical “Loan Arranger” system. The Loan Arranger is meant to assist a “consolidating organization”, a specific type of business in the financial domain.
Bank customers often borrow money from banks; they promise to repay the loan plus interest over a certain period of time. Each of these loans is an ultimately lucrative proposition for the bank, but usually a long period of time is required for the bank to collect its earnings. Also, there is always the chance that a borrower will be unable to repay the loan. Consolidating organizations make money by buying loans from banks and reselling them to investors. Loan analysts, employed by the consolidating organization, work with investors to select a set of loans that meet their requirements in terms of time, risk, and initial purchase price.
The Loan Arranger application has two main types of functionality. First, it tracks all of the loans that are owned by the consolidating organization. (The entire set of loans owned by the organization is known as its “portfolio”.) In order to track loans correctly, the Loan Arranger must interface with the banks to find out about new loans that should be added to the portfolio, or updates to loans that are already in the portfolio. Secondly, the Loan Arranger allows a loan analyst to select a subset of loans from the portfolio that match an investor's desired investment characteristics (these subsets of loans are referred to as “bundles”). The loan analyst can either select the bundle manually, or ask the system to select an optimal bundle given the investor's constraints. The Loan Arranger then updates the portfolio when the bundle is purchased by the investor. There are numerous constraints on how this functionality is to be achieved; most mportantly, the Loan Arranger must be usable by more than one analyst at a time.
As a first step in developing the Loan Arranger, the development team meets with a representative from the consolidating organization to formulate a set of requirements.

21. Several estimators use various techniques to estimate the amount of effort required for the Loan Arranger project. Each estimator arrives at his or her estimate independently. The independent estimates are 600 person-months, 650 person-months, 800 person-months and 750 person months. Using these estimates, what is the Delphi estimate for this project? Round to the closest month.
a. 700 person-months
b. 684 person-months
c. 648 person-months
d. 600 person-months
e. 523 person-months",,"[
  {
    ""role"": ""sentence"",
    ""segment"": ""Delphi estimate: 700 person-months."",
    ""citations"": [
      {
        ""type"": ""source_text"",
        ""content"": ""The independent estimates are 600 person-months, 650 person-moths, 800 person-months and 750 person months."",
        ""img_id"": null
      }
    ],
    ""type"": null
  }
]",The chatbot can't answer this question. Please try again with another question.,0.551,20.231
"The following questions are in reference to a hypothetical “Loan Arranger” system. The Loan Arranger is meant to assist a “consolidating organization”, a specific type of business in the financial domain.
Bank customers often borrow money from banks; they promise to repay the loan plus interest over a certain period of time. Each of these loans is an ultimately lucrative proposition for the bank, but usually a long period of time is required for the bank to collect its earnings. Also, there is always the chance that a borrower will be unable to repay the loan. Consolidating organizations make money by buying loans from banks and reselling them to investors. Loan analysts, employed by the consolidating organization, work with investors to select a set of loans that meet their requirements in terms of time, risk, and initial purchase price.
The Loan Arranger application has two main types of functionality. First, it tracks all of the loans that are owned by the consolidating organization. (The entire set of loans owned by the organization is known as its “portfolio”.) In order to track loans correctly, the Loan Arranger must interface with the banks to find out about new loans that should be added to the portfolio, or updates to loans that are already in the portfolio. Secondly, the Loan Arranger allows a loan analyst to select a subset of loans from the portfolio that match an investor's desired investment characteristics (these subsets of loans are referred to as “bundles”). The loan analyst can either select the bundle manually, or ask the system to select an optimal bundle given the investor's constraints. The Loan Arranger then updates the portfolio when the bundle is purchased by the investor. There are numerous constraints on how this functionality is to be achieved; most mportantly, the Loan Arranger must be usable by more than one analyst at a time.
As a first step in developing the Loan Arranger, the development team meets with a representative from the consolidating organization to formulate a set of requirements.

22. TRUE or FALSE: When the Delphi method is used and participants are allowed to iterate through the process several times, group dynamics drives the group consensus to converge close to the median of the estimates.","
[0]
## Preconditions and Assumptions

- The Loan Arranger system assumes that there already exist lenders, borrowers, and loans from which to choose, and that investors exist who are interested in buying bundles of loans.
- The Loan Arranger system contains a repository of information about loans from a variety of lenders.This repository may be empty.
- At  regular  intervals, each  lender  provides  reports  listing  the  loans  that  it  has made.Loans that have already been purchased by FCO will be indicated on these reports.
- Each loan in the Loan Arranger repository represents an investment to then be bundled and sold with other loans.
- The Loan Arranger system may be used by up to four loan analysts simultaneously.

## High-Level Description of Functionality

1. The Loan Arranger system will receive monthly reports from each lender of new loans issued by that lender.The loans in the report recently purchased by FCO for its investment portfolio will be marked in the report. The Loan Arranger system will use the report information to update its repository of available loans.
2. The Loan Arranger system will receive monthly reports from each lender providing updates about the status of loans issued by that lender.The updated information will include: the current interest rate for an adjustable rate mortgage, and the status of the borrower with respect to the loan (good, late, or default). For loans in the  FCO  portfolio, the  Loan Arranger  will  update  the  data  in  the  repository. Loans not in the FCO portfolio will also be examined in order to determine if a borrower's standing should be updated. FCO will provide each lender with the format for the reports, so that all reports will share a common format.
3. The loan analyst can change individual data records as described in Data Operations.
4. All new data must be validated before they are added to the repository (according to the rules described in Data Constraints).
5. The loan analyst can use the Loan Arranger to identify bundles of loans to sell to particular investors.

## Functional Requirements
","[
  {
    ""role"": ""paragraph"",
    ""segment"": ""The chatbot can't answer this question. Please try again with another question."",
    ""citations"": [],
    ""type"": ""abstained""
  }
]",The chatbot can't answer this question. Please try again with another question.,0.574,12.846
"The following questions are in reference to a hypothetical “Loan Arranger” system. The Loan Arranger is meant to assist a “consolidating organization”, a specific type of business in the financial domain.
Bank customers often borrow money from banks; they promise to repay the loan plus interest over a certain period of time. Each of these loans is an ultimately lucrative proposition for the bank, but usually a long period of time is required for the bank to collect its earnings. Also, there is always the chance that a borrower will be unable to repay the loan. Consolidating organizations make money by buying loans from banks and reselling them to investors. Loan analysts, employed by the consolidating organization, work with investors to select a set of loans that meet their requirements in terms of time, risk, and initial purchase price.
The Loan Arranger application has two main types of functionality. First, it tracks all of the loans that are owned by the consolidating organization. (The entire set of loans owned by the organization is known as its “portfolio”.) In order to track loans correctly, the Loan Arranger must interface with the banks to find out about new loans that should be added to the portfolio, or updates to loans that are already in the portfolio. Secondly, the Loan Arranger allows a loan analyst to select a subset of loans from the portfolio that match an investor's desired investment characteristics (these subsets of loans are referred to as “bundles”). The loan analyst can either select the bundle manually, or ask the system to select an optimal bundle given the investor's constraints. The Loan Arranger then updates the portfolio when the bundle is purchased by the investor. There are numerous constraints on how this functionality is to be achieved; most mportantly, the Loan Arranger must be usable by more than one analyst at a time.
As a first step in developing the Loan Arranger, the development team meets with a representative from the consolidating organization to formulate a set of requirements.

23. If the Delphi estimate for effort is used and there are 20 team members working on the project, how many months will the project take? Assume all team members can work concurrently. Round to the closest month.
a. 26
b. 30
c. 32
d. 34
e. 35",,"[
    {
        ""role"": ""paragraph"",
        ""segment"": ""The chatbot can't answer this question. Please try again with another question."",
        ""citations"": [],
        ""type"": ""abstained""
    }
]",The chatbot can't answer this question. Please try again with another question.,0.763,7.305
"The following questions are in reference to a hypothetical “Loan Arranger” system. The Loan Arranger is meant to assist a “consolidating organization”, a specific type of business in the financial domain.
Bank customers often borrow money from banks; they promise to repay the loan plus interest over a certain period of time. Each of these loans is an ultimately lucrative proposition for the bank, but usually a long period of time is required for the bank to collect its earnings. Also, there is always the chance that a borrower will be unable to repay the loan. Consolidating organizations make money by buying loans from banks and reselling them to investors. Loan analysts, employed by the consolidating organization, work with investors to select a set of loans that meet their requirements in terms of time, risk, and initial purchase price.
The Loan Arranger application has two main types of functionality. First, it tracks all of the loans that are owned by the consolidating organization. (The entire set of loans owned by the organization is known as its “portfolio”.) In order to track loans correctly, the Loan Arranger must interface with the banks to find out about new loans that should be added to the portfolio, or updates to loans that are already in the portfolio. Secondly, the Loan Arranger allows a loan analyst to select a subset of loans from the portfolio that match an investor's desired investment characteristics (these subsets of loans are referred to as “bundles”). The loan analyst can either select the bundle manually, or ask the system to select an optimal bundle given the investor's constraints. The Loan Arranger then updates the portfolio when the bundle is purchased by the investor. There are numerous constraints on how this functionality is to be achieved; most mportantly, the Loan Arranger must be usable by more than one analyst at a time.
As a first step in developing the Loan Arranger, the development team meets with a representative from the consolidating organization to formulate a set of requirements.

24. If there are 20 team members assigned to the project team, how many potential lines of communication exist?
a. 20
b. 45
c. 190
d. 400",,"[
    {
        ""role"": ""paragraph"",
        ""segment"": ""The chatbot can't answer this question. Please try again with another question."",
        ""citations"": [],
        ""type"": ""abstained""
    }
]",The chatbot can't answer this question. Please try again with another question.,0.357,52.21
"The following questions are in reference to a hypothetical “Loan Arranger” system. The Loan Arranger is meant to assist a “consolidating organization”, a specific type of business in the financial domain.
Bank customers often borrow money from banks; they promise to repay the loan plus interest over a certain period of time. Each of these loans is an ultimately lucrative proposition for the bank, but usually a long period of time is required for the bank to collect its earnings. Also, there is always the chance that a borrower will be unable to repay the loan. Consolidating organizations make money by buying loans from banks and reselling them to investors. Loan analysts, employed by the consolidating organization, work with investors to select a set of loans that meet their requirements in terms of time, risk, and initial purchase price.
The Loan Arranger application has two main types of functionality. First, it tracks all of the loans that are owned by the consolidating organization. (The entire set of loans owned by the organization is known as its “portfolio”.) In order to track loans correctly, the Loan Arranger must interface with the banks to find out about new loans that should be added to the portfolio, or updates to loans that are already in the portfolio. Secondly, the Loan Arranger allows a loan analyst to select a subset of loans from the portfolio that match an investor's desired investment characteristics (these subsets of loans are referred to as “bundles”). The loan analyst can either select the bundle manually, or ask the system to select an optimal bundle given the investor's constraints. The Loan Arranger then updates the portfolio when the bundle is purchased by the investor. There are numerous constraints on how this functionality is to be achieved; most mportantly, the Loan Arranger must be usable by more than one analyst at a time.
As a first step in developing the Loan Arranger, the development team meets with a representative from the consolidating organization to formulate a set of requirements.

Image Description: An activity graph represented by nodes and directed edges with associated times in days. The paths are as follows: Node A connects to Node B (7 days) and Node C (5 days). Node B connects to Node D (2 days). Node C connects to Node E (3 days). Node D connects to Node F (6 days). Node E connects to Node G (10 days). Node F connects to Node H (2 days). Node G connects to Node H (4 days) and Node J (10 days). Node H connects to Node I (1 day). Node I connects to Node K (10 days). Node J connects to Node K (5 days).
To build a schedule, the critical path method is used. The activity graph (shown below) is used to depict the dependencies among the activities and milestones of the Loan Arranger project. The nodes of the graph represent the milestones of the project. The edges linking the nodes represent the activities. The numbers adjacent to the edges represent the number of days required for the activity. For example, it will take 5 days to complete the activity starting at milestone A and ending in milestone C. Use this activity graph to answer the following questions:
25. Which of the following is a critical path from milestone A to milestone K?
a. ACEGHJK
b. ACEGHIK
c. ABDFHJK
d. ABDFHIK",,"[
  {
    ""role"": ""paragraph"",
    ""segment"": ""ACEGHIK is the correct critical path from milestone A to milestone K."",
    ""citations"": [
      {
        ""type"": ""source_text"",
        ""content"": ""Node A connects to Node B (7 days) and Node C (5 days)."",
        ""img_id"": null
      },
      {
        ""type"": ""source_text"",
        ""content"": ""For example, it will take 5 days to complete the activity starting at milestone A and ending in milestone C."",
        ""img_id"": null
      },
      {
        ""type"": ""source_text"",
        ""content"": ""Node C connects to Node E (3 days)."",
        ""img_id"": null
      },
      {
        ""type"": ""source_text"",
        ""content"": ""Node E connects to Node G (10 days)."",
        ""img_id"": null
      },
      {
        ""type"": ""source_text"",
        ""content"": ""Node G connects to Node H (4 days)."",
        ""img_id"": null
      },
      {
        ""type"": ""source_text"",
        ""content"": ""Node H connects to Node I (1 day)."",
        ""img_id"": null
      },
      {
        ""type"": ""source_text"",
        ""content"": ""Node I connects to Node K (10 days)."",
        ""img_id"": null
      },
      {
        ""type"": ""source_text"",
        ""content"": ""The numbers adjacent to the edges represent the number of days required for the activity."",
        ""img_id"": null
      }
    ]
  }
]",The chatbot can't answer this question. Please try again with another question.,0.866,42.008
"The following questions are in reference to a hypothetical “Loan Arranger” system. The Loan Arranger is meant to assist a “consolidating organization”, a specific type of business in the financial domain.
Bank customers often borrow money from banks; they promise to repay the loan plus interest over a certain period of time. Each of these loans is an ultimately lucrative proposition for the bank, but usually a long period of time is required for the bank to collect its earnings. Also, there is always the chance that a borrower will be unable to repay the loan. Consolidating organizations make money by buying loans from banks and reselling them to investors. Loan analysts, employed by the consolidating organization, work with investors to select a set of loans that meet their requirements in terms of time, risk, and initial purchase price.
The Loan Arranger application has two main types of functionality. First, it tracks all of the loans that are owned by the consolidating organization. (The entire set of loans owned by the organization is known as its “portfolio”.) In order to track loans correctly, the Loan Arranger must interface with the banks to find out about new loans that should be added to the portfolio, or updates to loans that are already in the portfolio. Secondly, the Loan Arranger allows a loan analyst to select a subset of loans from the portfolio that match an investor's desired investment characteristics (these subsets of loans are referred to as “bundles”). The loan analyst can either select the bundle manually, or ask the system to select an optimal bundle given the investor's constraints. The Loan Arranger then updates the portfolio when the bundle is purchased by the investor. There are numerous constraints on how this functionality is to be achieved; most mportantly, the Loan Arranger must be usable by more than one analyst at a time.
As a first step in developing the Loan Arranger, the development team meets with a representative from the consolidating organization to formulate a set of requirements.

Image Description: An activity graph represented by nodes and directed edges with associated times in days. The paths are as follows: Node A connects to Node B (7 days) and Node C (5 days). Node B connects to Node D (2 days). Node C connects to Node E (3 days). Node D connects to Node F (6 days). Node E connects to Node G (10 days). Node F connects to Node H (2 days). Node G connects to Node H (4 days) and Node J (10 days). Node H connects to Node I (1 day). Node I connects to Node K (10 days). Node J connects to Node K (5 days).
To build a schedule, the critical path method is used. The activity graph (shown below) is used to depict the dependencies among the activities and milestones of the Loan Arranger project. The nodes of the graph represent the milestones of the project. The edges linking the nodes represent the activities. The numbers adjacent to the edges represent the number of days required for the activity. For example, it will take 5 days to complete the activity starting at milestone A and ending in milestone C. Use this activity graph to answer the following questions:
26. What is the slack time for the activity starting at milestone F?
a. 4
b. 5
c. 16
d. 21",,"[
  {
    ""role"": ""paragraph"",
    ""segment"": ""Slack time for the activity starting at milestone F is 5 days."",
    ""citations"": [
      {
        ""type"": ""source_text"",
        ""content"": ""Node A connects to Node B (7 days) and Node C (5 days)."",
        ""img_id"": null
      },
      {
        ""type"": ""source_text"",
        ""content"": ""Node B connects to Node D (2 days)."",
        ""img_id"": null
      },
      {
        ""type"": ""source_text"",
        ""content"": ""Node D connects to Node F (6 days)."",
        ""img_id"": null
      },
      {
        ""type"": ""source_text"",
        ""content"": ""Node F connects to Node H (2 days)."",
        ""img_id"": null
      },
      {
        ""type"": ""source_text"",
        ""content"": ""Node H connects to Node I (1 day)."",
        ""img_id"": null
      },
      {
        ""type"": ""source_text"",
        ""content"": ""Node I connects to Node K (10 days)."",
        ""img_id"": null
      }
    ],
    ""type"": null
  }
]",The chatbot can't answer this question. Please try again with another question.,0.376,47.045
"The following questions are in reference to a hypothetical “Loan Arranger” system. The Loan Arranger is meant to assist a “consolidating organization”, a specific type of business in the financial domain.
Bank customers often borrow money from banks; they promise to repay the loan plus interest over a certain period of time. Each of these loans is an ultimately lucrative proposition for the bank, but usually a long period of time is required for the bank to collect its earnings. Also, there is always the chance that a borrower will be unable to repay the loan. Consolidating organizations make money by buying loans from banks and reselling them to investors. Loan analysts, employed by the consolidating organization, work with investors to select a set of loans that meet their requirements in terms of time, risk, and initial purchase price.
The Loan Arranger application has two main types of functionality. First, it tracks all of the loans that are owned by the consolidating organization. (The entire set of loans owned by the organization is known as its “portfolio”.) In order to track loans correctly, the Loan Arranger must interface with the banks to find out about new loans that should be added to the portfolio, or updates to loans that are already in the portfolio. Secondly, the Loan Arranger allows a loan analyst to select a subset of loans from the portfolio that match an investor's desired investment characteristics (these subsets of loans are referred to as “bundles”). The loan analyst can either select the bundle manually, or ask the system to select an optimal bundle given the investor's constraints. The Loan Arranger then updates the portfolio when the bundle is purchased by the investor. There are numerous constraints on how this functionality is to be achieved; most mportantly, the Loan Arranger must be usable by more than one analyst at a time.
As a first step in developing the Loan Arranger, the development team meets with a representative from the consolidating organization to formulate a set of requirements.

Image Description: An activity graph represented by nodes and directed edges with associated times in days. The paths are as follows: Node A connects to Node B (7 days) and Node C (5 days). Node B connects to Node D (2 days). Node C connects to Node E (3 days). Node D connects to Node F (6 days). Node E connects to Node G (10 days). Node F connects to Node H (2 days). Node G connects to Node H (4 days) and Node J (10 days). Node H connects to Node I (1 day). Node I connects to Node K (10 days). Node J connects to Node K (5 days).
To build a schedule, the critical path method is used. The activity graph (shown below) is used to depict the dependencies among the activities and milestones of the Loan Arranger project. The nodes of the graph represent the milestones of the project. The edges linking the nodes represent the activities. The numbers adjacent to the edges represent the number of days required for the activity. For example, it will take 5 days to complete the activity starting at milestone A and ending in milestone C. Use this activity graph to answer the following questions:
27. What is the length of the critical path identified in question 25?
a. 28
b. 32
c. 33
d. 37",,"[
    {
        ""role"": ""paragraph"",
        ""segment"": ""The length of the critical path is 33 days."",
        ""citations"": [
            {
                ""type"": ""source_text"",
                ""content"": ""Node A connects to Node B (7 days) and Node C (5 days)."",
                ""img_id"": null
            },
            {
                ""type"": ""source_text"",
                ""content"": ""Node C connects to Node E (3 days)."",
                ""img_id"": null
            },
            {
                ""type"": ""source_text"",
                ""content"": ""Node E connects to Node G (10 days)."",
                ""img_id"": null
            },
            {
                ""type"": ""source_text"",
                ""content"": ""Node G connects to Node H (4 days) and Node J (10 days)."",
                ""img_id"": null
            },
            {
                ""type"": ""source_text"",
                ""content"": ""Node H connects to Node I (1 day)."",
                ""img_id"": null
            },
            {
                ""type"": ""source_text"",
                ""content"": ""Node I connects to Node K (10 days)."",
                ""img_id"": null
            }
        ],
        ""type"": null
    }
]",The chatbot can't answer this question. Please try again with another question.,0.734,29.838
"The following questions are in reference to a hypothetical “Loan Arranger” system. The Loan Arranger is meant to assist a “consolidating organization”, a specific type of business in the financial domain.
Bank customers often borrow money from banks; they promise to repay the loan plus interest over a certain period of time. Each of these loans is an ultimately lucrative proposition for the bank, but usually a long period of time is required for the bank to collect its earnings. Also, there is always the chance that a borrower will be unable to repay the loan. Consolidating organizations make money by buying loans from banks and reselling them to investors. Loan analysts, employed by the consolidating organization, work with investors to select a set of loans that meet their requirements in terms of time, risk, and initial purchase price.
The Loan Arranger application has two main types of functionality. First, it tracks all of the loans that are owned by the consolidating organization. (The entire set of loans owned by the organization is known as its “portfolio”.) In order to track loans correctly, the Loan Arranger must interface with the banks to find out about new loans that should be added to the portfolio, or updates to loans that are already in the portfolio. Secondly, the Loan Arranger allows a loan analyst to select a subset of loans from the portfolio that match an investor's desired investment characteristics (these subsets of loans are referred to as “bundles”). The loan analyst can either select the bundle manually, or ask the system to select an optimal bundle given the investor's constraints. The Loan Arranger then updates the portfolio when the bundle is purchased by the investor. There are numerous constraints on how this functionality is to be achieved; most mportantly, the Loan Arranger must be usable by more than one analyst at a time.
As a first step in developing the Loan Arranger, the development team meets with a representative from the consolidating organization to formulate a set of requirements.

Image Description: An activity graph represented by nodes and directed edges with associated times in days. The paths are as follows: Node A connects to Node B (7 days) and Node C (5 days). Node B connects to Node D (2 days). Node C connects to Node E (3 days). Node D connects to Node F (6 days). Node E connects to Node G (10 days). Node F connects to Node H (2 days). Node G connects to Node H (4 days) and Node J (10 days). Node H connects to Node I (1 day). Node I connects to Node K (10 days). Node J connects to Node K (5 days).
To build a schedule, the critical path method is used. The activity graph (shown below) is used to depict the dependencies among the activities and milestones of the Loan Arranger project. The nodes of the graph represent the milestones of the project. The edges linking the nodes represent the activities. The numbers adjacent to the edges represent the number of days required for the activity. For example, it will take 5 days to complete the activity starting at milestone A and ending in milestone C. Use this activity graph to answer the following questions:
28. Which milestones are precursors to J?
a. D
b. E
c. I
d. D and E
e. D and I
f. All of the above",,"[
  {
    ""role"": ""sentence"",
    ""segment"": ""E is a precursor to J."",
    ""citations"": [
      {
        ""type"": ""source_text"",
        ""content"": ""Node E connects to Node G (10 days)."",
        ""img_id"": null
      },
      {
        ""type"": ""source_text"",
        ""content"": ""Node G connects to Node J (10 days)."",
        ""img_id"": null
      }
    ],
    ""type"": null
    }
]",The chatbot can't answer this question. Please try again with another question.,0.606,19.945
"The following questions are in reference to a hypothetical “Loan Arranger” system. The Loan Arranger is meant to assist a “consolidating organization”, a specific type of business in the financial domain.
Bank customers often borrow money from banks; they promise to repay the loan plus interest over a certain period of time. Each of these loans is an ultimately lucrative proposition for the bank, but usually a long period of time is required for the bank to collect its earnings. Also, there is always the chance that a borrower will be unable to repay the loan. Consolidating organizations make money by buying loans from banks and reselling them to investors. Loan analysts, employed by the consolidating organization, work with investors to select a set of loans that meet their requirements in terms of time, risk, and initial purchase price.
The Loan Arranger application has two main types of functionality. First, it tracks all of the loans that are owned by the consolidating organization. (The entire set of loans owned by the organization is known as its “portfolio”.) In order to track loans correctly, the Loan Arranger must interface with the banks to find out about new loans that should be added to the portfolio, or updates to loans that are already in the portfolio. Secondly, the Loan Arranger allows a loan analyst to select a subset of loans from the portfolio that match an investor's desired investment characteristics (these subsets of loans are referred to as “bundles”). The loan analyst can either select the bundle manually, or ask the system to select an optimal bundle given the investor's constraints. The Loan Arranger then updates the portfolio when the bundle is purchased by the investor. There are numerous constraints on how this functionality is to be achieved; most mportantly, the Loan Arranger must be usable by more than one analyst at a time.
As a first step in developing the Loan Arranger, the development team meets with a representative from the consolidating organization to formulate a set of requirements.

The development team decides that the next step is to create a conceptual and then a technical design.
29. The conceptual design is felt to be of value because it will allow the consolidating organization to check:
a. How its policy of allowing banks to specify the format of their reports will affect the system.
b. What functions the loan analysts can access at any given time.
c. Whether the reports generated by the system will match the report format already used by the organization.
d. a and b
e. a and c
f. b and c
g. a, b, and c","
[0]
## Preconditions and Assumptions

- The Loan Arranger system assumes that there already exist lenders, borrowers, and loans from which to choose, and that investors exist who are interested in buying bundles of loans.
- The Loan Arranger system contains a repository of information about loans from a variety of lenders.This repository may be empty.
- At  regular  intervals, each  lender  provides  reports  listing  the  loans  that  it  has made.Loans that have already been purchased by FCO will be indicated on these reports.
- Each loan in the Loan Arranger repository represents an investment to then be bundled and sold with other loans.
- The Loan Arranger system may be used by up to four loan analysts simultaneously.

## High-Level Description of Functionality

1. The Loan Arranger system will receive monthly reports from each lender of new loans issued by that lender.The loans in the report recently purchased by FCO for its investment portfolio will be marked in the report. The Loan Arranger system will use the report information to update its repository of available loans.
2. The Loan Arranger system will receive monthly reports from each lender providing updates about the status of loans issued by that lender.The updated information will include: the current interest rate for an adjustable rate mortgage, and the status of the borrower with respect to the loan (good, late, or default). For loans in the  FCO  portfolio, the  Loan Arranger  will  update  the  data  in  the  repository. Loans not in the FCO portfolio will also be examined in order to determine if a borrower's standing should be updated. FCO will provide each lender with the format for the reports, so that all reports will share a common format.
3. The loan analyst can change individual data records as described in Data Operations.
4. All new data must be validated before they are added to the repository (according to the rules described in Data Constraints).
5. The loan analyst can use the Loan Arranger to identify bundles of loans to sell to particular investors.

## Functional Requirements


[1]
1. The loan analyst should be able to review all of the information in the repository for a particular lending institution, a particular loan, or a particular borrower.
2. The loan analyst can create, view, edit, or delete a loan from a portfolio or bundle.
3. A loan is added to the portfolio automatically, when the Loan Arranger reads the reports provided by the lenders.A report can be read by the Loan Arranger only after the associated lender has been specified.
4. The loan analyst can create a new lender.
5. The loan analyst can delete a lender only if there are no loans in the portfolio associated with this lender.
6. The loan analyst can change lender contact and phone number but not lender name and identification number.
7. The loan analyst cannot change borrower information.
8. The loan analyst can ask the system to sort, search, or organize loan information by certain criteria: amount, interest rate, settlement date, borrower, lender, type of loan, or whether it has been marked for inclusion in a certain bundle.The organizational criteria should include ranges, so that information will be included only if it is within two specified bounds (such as between January 1, 2005 and January 1, 2008).The organizational criteria can also be based on exclusion such as all loans not marked, or all loans not between January 1, 2005 and January 1, 2008.
9. The loan analyst should be able to request reports in each of three formats: in a file, on the screen, and as a printed report.
10. The loan analyst should be able to request the following information in a report: any attribute of loan, lender, or borrower, and summary statistics of the attributes (mean, standard deviation, scatter diagram, and histogram).The information in a report can be restricted to a subset of the total information, as described by the loan analyst's organizing criteria.
11. The loan analyst must be able to use the Loan Arranger to create bundles that meet the prescribed characteristics of an investment request.The loan analyst can identify these bundles in several ways:


[2]
We can summarize this information by saying that the Loan Arranger system allows a loan analyst to access information about mortgages (home loans, described here simply as 'loans') purchased by FCO from multiple lending institutions with the intention of repackaging the loans to sell to other investors. The loans purchased by FCO for investment and resale are collectively known as the loan portfolio. The Loan Arranger system tracks these portfolio loans in its repository of loan information. The loan analyst may add, view, update, or delete loan information about lenders and the set of loans in the portfolio. Additionally, the system allows the loan analyst to create 'bundles' of loans for sale to investors. A user of Loan Arranger is a loan analyst who tracks the mortgages purchased by FCO.

In later chapters, we will explore the system's requirements in more depth. For now, if you need to brush up on your understanding of principal and interest, you can review your old math books or look at http://www.interest.com/hugh/calc/formula.html.

## 1.15 KEY REFERENCES

You can find out about software faults and failures by looking in the Risks Forum, moderated by Peter Neumann. A paper copy of some of the Risks is printed in each issue of Software Engineering Notes , published by the Association for Computer Machinery's Special Interest Group on Software Engineering (SIGSOFT). The Risks archives are available on ftp.sri.com, cd risks.The Risks Forum newsgroup is available online at comp.risks, or you can subscribe via the automated list server at risks-request@CSL.sri.com.


[3]
11. The loan analyst must be able to use the Loan Arranger to create bundles that meet the prescribed characteristics of an investment request.The loan analyst can identify these bundles in several ways:
- By manually identifying a subset of loans that must be included in the bundle, either by naming particular loans or by describing them using attributes or ranges
- By providing the Loan Arranger with the investment criteria, and allowing the Loan Arranger to run a loan bundle optimization request to select the best set of loans to meet those criteria
- By using a combination of the above, where a subset of loans is first chosen (manually or automatically), and then optimizing the chosen subset according to the investment criteria
12. Creating a bundle consists of two steps. First, the loan analyst works with the Loan Arranger to create a bundle according to the criteria as described above. Then the candidate bundle can be accepted, rejected, or modified. Modifying a
","[
  {
    ""role"": ""sentence"",
    ""segment"": ""The correct option is g: a, b, and c."",
    ""citations"": [
      {
        ""type"": ""source_text"",
        ""content"": ""g. a, b, and c"",
        ""img_id"": null
      }
    ],
    ""type"": null
  }
]",The chatbot can't answer this question. Please try again with another question.,0.593,15.893
"The following questions are in reference to a hypothetical “Loan Arranger” system. The Loan Arranger is meant to assist a “consolidating organization”, a specific type of business in the financial domain.
Bank customers often borrow money from banks; they promise to repay the loan plus interest over a certain period of time. Each of these loans is an ultimately lucrative proposition for the bank, but usually a long period of time is required for the bank to collect its earnings. Also, there is always the chance that a borrower will be unable to repay the loan. Consolidating organizations make money by buying loans from banks and reselling them to investors. Loan analysts, employed by the consolidating organization, work with investors to select a set of loans that meet their requirements in terms of time, risk, and initial purchase price.
The Loan Arranger application has two main types of functionality. First, it tracks all of the loans that are owned by the consolidating organization. (The entire set of loans owned by the organization is known as its “portfolio”.) In order to track loans correctly, the Loan Arranger must interface with the banks to find out about new loans that should be added to the portfolio, or updates to loans that are already in the portfolio. Secondly, the Loan Arranger allows a loan analyst to select a subset of loans from the portfolio that match an investor's desired investment characteristics (these subsets of loans are referred to as “bundles”). The loan analyst can either select the bundle manually, or ask the system to select an optimal bundle given the investor's constraints. The Loan Arranger then updates the portfolio when the bundle is purchased by the investor. There are numerous constraints on how this functionality is to be achieved; most mportantly, the Loan Arranger must be usable by more than one analyst at a time.
As a first step in developing the Loan Arranger, the development team meets with a representative from the consolidating organization to formulate a set of requirements.

The development team decides that the next step is to create a conceptual and then a technical design.
30. Which of the following are valid rationales for creating a separate technical design?
a. The conceptual design will be useful for communicating with the representative of the consolidating organization; it may contain financial jargon but not implementation details or programming jargon.
b. The conceptual design will not include detailed financial formulas so it will be independent of the implementation.
c. The technical design should contain more detail about what data structures will need to be used in order to meet the performance requirements.
d. a and b
e. a and c
f. b and c
g. a, b, and c",,"[
    {
        ""role"": ""paragraph"",
        ""segment"": ""The chatbot can't answer this question. Please try again with another question."",
        ""citations"": [],
        ""type"": ""abstained""
    }
]",The chatbot can't answer this question. Please try again with another question.,0.564,8.993
"The following questions are in reference to a hypothetical “Loan Arranger” system. The Loan Arranger is meant to assist a “consolidating organization”, a specific type of business in the financial domain.
Bank customers often borrow money from banks; they promise to repay the loan plus interest over a certain period of time. Each of these loans is an ultimately lucrative proposition for the bank, but usually a long period of time is required for the bank to collect its earnings. Also, there is always the chance that a borrower will be unable to repay the loan. Consolidating organizations make money by buying loans from banks and reselling them to investors. Loan analysts, employed by the consolidating organization, work with investors to select a set of loans that meet their requirements in terms of time, risk, and initial purchase price.
The Loan Arranger application has two main types of functionality. First, it tracks all of the loans that are owned by the consolidating organization. (The entire set of loans owned by the organization is known as its “portfolio”.) In order to track loans correctly, the Loan Arranger must interface with the banks to find out about new loans that should be added to the portfolio, or updates to loans that are already in the portfolio. Secondly, the Loan Arranger allows a loan analyst to select a subset of loans from the portfolio that match an investor's desired investment characteristics (these subsets of loans are referred to as “bundles”). The loan analyst can either select the bundle manually, or ask the system to select an optimal bundle given the investor's constraints. The Loan Arranger then updates the portfolio when the bundle is purchased by the investor. There are numerous constraints on how this functionality is to be achieved; most mportantly, the Loan Arranger must be usable by more than one analyst at a time.
As a first step in developing the Loan Arranger, the development team meets with a representative from the consolidating organization to formulate a set of requirements.

The development team decides that the next step is to create a conceptual and then a technical design.
31. The team has to decide on a general approach to creating the design. Which are NOT valid choices and rationales?
a.  Data-oriented decomposition, because the data structures are central to the design of the system, and many aspects of the data structures are highly constrained by the requirements.
b.  Modular decomposition, because the system functions are highly interdependent, so the system is not easily divisible into separate subsystems.
c.  Event-oriented decomposition, because the type of functionality available to the loan analyst at any given time will depend on the current state of the system, as determined by the actions of all loan analysts using the system.
d.  a and b
e.  a and c
f.  b and c
g.  a, b, and c",,"[
    {
        ""role"": ""paragraph"",
        ""segment"": ""The chatbot can't answer this question. Please try again with another question."",
        ""citations"": [],
        ""type"": ""abstained""
    }
]",The chatbot can't answer this question. Please try again with another question.,0.566,25.426
"The following questions are in reference to a hypothetical “Loan Arranger” system. The Loan Arranger is meant to assist a “consolidating organization”, a specific type of business in the financial domain.
Bank customers often borrow money from banks; they promise to repay the loan plus interest over a certain period of time. Each of these loans is an ultimately lucrative proposition for the bank, but usually a long period of time is required for the bank to collect its earnings. Also, there is always the chance that a borrower will be unable to repay the loan. Consolidating organizations make money by buying loans from banks and reselling them to investors. Loan analysts, employed by the consolidating organization, work with investors to select a set of loans that meet their requirements in terms of time, risk, and initial purchase price.
The Loan Arranger application has two main types of functionality. First, it tracks all of the loans that are owned by the consolidating organization. (The entire set of loans owned by the organization is known as its “portfolio”.) In order to track loans correctly, the Loan Arranger must interface with the banks to find out about new loans that should be added to the portfolio, or updates to loans that are already in the portfolio. Secondly, the Loan Arranger allows a loan analyst to select a subset of loans from the portfolio that match an investor's desired investment characteristics (these subsets of loans are referred to as “bundles”). The loan analyst can either select the bundle manually, or ask the system to select an optimal bundle given the investor's constraints. The Loan Arranger then updates the portfolio when the bundle is purchased by the investor. There are numerous constraints on how this functionality is to be achieved; most mportantly, the Loan Arranger must be usable by more than one analyst at a time.
As a first step in developing the Loan Arranger, the development team meets with a representative from the consolidating organization to formulate a set of requirements.

The development team decides that the next step is to create a conceptual and then a technical design.
32. The team leader decides that the logical next step is to decide on an architectural style for the system.  Which of the following are valid choices and rationales?
a.  Object-Oriented, since this design style would allow certain features to be updated (for example, the data structures holding the bank information) while requiring no changes to other components in the system.
b.  Client-Server, since this design style would be a convenient way to allow many different loan analysts to view the same data in different ways.
c.  Repository, since it will be convenient to view the system as a central data store (the portfolio of loans) with mechanisms for storing, retrieving, and updating the data.
d.  a and b
e.  a and c
f.  b and c
g.  a, b, and c",,"[
    {
        ""role"": ""paragraph"",
        ""segment"": ""The chatbot can't answer this question. Please try again with another question."",
        ""citations"": [],
        ""type"": ""abstained""
    }
]",The chatbot can't answer this question. Please try again with another question.,0.547,31.176
"The following questions are in reference to a hypothetical “Loan Arranger” system. The Loan Arranger is meant to assist a “consolidating organization”, a specific type of business in the financial domain.
Bank customers often borrow money from banks; they promise to repay the loan plus interest over a certain period of time. Each of these loans is an ultimately lucrative proposition for the bank, but usually a long period of time is required for the bank to collect its earnings. Also, there is always the chance that a borrower will be unable to repay the loan. Consolidating organizations make money by buying loans from banks and reselling them to investors. Loan analysts, employed by the consolidating organization, work with investors to select a set of loans that meet their requirements in terms of time, risk, and initial purchase price.
The Loan Arranger application has two main types of functionality. First, it tracks all of the loans that are owned by the consolidating organization. (The entire set of loans owned by the organization is known as its “portfolio”.) In order to track loans correctly, the Loan Arranger must interface with the banks to find out about new loans that should be added to the portfolio, or updates to loans that are already in the portfolio. Secondly, the Loan Arranger allows a loan analyst to select a subset of loans from the portfolio that match an investor's desired investment characteristics (these subsets of loans are referred to as “bundles”). The loan analyst can either select the bundle manually, or ask the system to select an optimal bundle given the investor's constraints. The Loan Arranger then updates the portfolio when the bundle is purchased by the investor. There are numerous constraints on how this functionality is to be achieved; most mportantly, the Loan Arranger must be usable by more than one analyst at a time.
As a first step in developing the Loan Arranger, the development team meets with a representative from the consolidating organization to formulate a set of requirements.

The development team decides that the next step is to create a conceptual and then a technical design.
33. Since the development team has some experience with concurrency from a previous project, the technology involved in this system is well understood. The team has decided on an Object-Oriented design which breaks the system into several components, and the team members are fairly confident they understand how each of the components will achieve the required functionality. On the other hand, it is not yet clear how the components will interact with each other and with external systems. A reasonable strategy for completing this design would therefore be:
a.  Prototyping
b.  Fault-tree analysis
c.  Design by contract","
[0]
## Preconditions and Assumptions

- The Loan Arranger system assumes that there already exist lenders, borrowers, and loans from which to choose, and that investors exist who are interested in buying bundles of loans.
- The Loan Arranger system contains a repository of information about loans from a variety of lenders.This repository may be empty.
- At  regular  intervals, each  lender  provides  reports  listing  the  loans  that  it  has made.Loans that have already been purchased by FCO will be indicated on these reports.
- Each loan in the Loan Arranger repository represents an investment to then be bundled and sold with other loans.
- The Loan Arranger system may be used by up to four loan analysts simultaneously.

## High-Level Description of Functionality

1. The Loan Arranger system will receive monthly reports from each lender of new loans issued by that lender.The loans in the report recently purchased by FCO for its investment portfolio will be marked in the report. The Loan Arranger system will use the report information to update its repository of available loans.
2. The Loan Arranger system will receive monthly reports from each lender providing updates about the status of loans issued by that lender.The updated information will include: the current interest rate for an adjustable rate mortgage, and the status of the borrower with respect to the loan (good, late, or default). For loans in the  FCO  portfolio, the  Loan Arranger  will  update  the  data  in  the  repository. Loans not in the FCO portfolio will also be examined in order to determine if a borrower's standing should be updated. FCO will provide each lender with the format for the reports, so that all reports will share a common format.
3. The loan analyst can change individual data records as described in Data Operations.
4. All new data must be validated before they are added to the repository (according to the rules described in Data Constraints).
5. The loan analyst can use the Loan Arranger to identify bundles of loans to sell to particular investors.

## Functional Requirements


[1]
We can summarize this information by saying that the Loan Arranger system allows a loan analyst to access information about mortgages (home loans, described here simply as 'loans') purchased by FCO from multiple lending institutions with the intention of repackaging the loans to sell to other investors. The loans purchased by FCO for investment and resale are collectively known as the loan portfolio. The Loan Arranger system tracks these portfolio loans in its repository of loan information. The loan analyst may add, view, update, or delete loan information about lenders and the set of loans in the portfolio. Additionally, the system allows the loan analyst to create 'bundles' of loans for sale to investors. A user of Loan Arranger is a loan analyst who tracks the mortgages purchased by FCO.

In later chapters, we will explore the system's requirements in more depth. For now, if you need to brush up on your understanding of principal and interest, you can review your old math books or look at http://www.interest.com/hugh/calc/formula.html.

## 1.15 KEY REFERENCES

You can find out about software faults and failures by looking in the Risks Forum, moderated by Peter Neumann. A paper copy of some of the Risks is printed in each issue of Software Engineering Notes , published by the Association for Computer Machinery's Special Interest Group on Software Engineering (SIGSOFT). The Risks archives are available on ftp.sri.com, cd risks.The Risks Forum newsgroup is available online at comp.risks, or you can subscribe via the automated list server at risks-request@CSL.sri.com.


[2]
11. The loan analyst must be able to use the Loan Arranger to create bundles that meet the prescribed characteristics of an investment request.The loan analyst can identify these bundles in several ways:
- By manually identifying a subset of loans that must be included in the bundle, either by naming particular loans or by describing them using attributes or ranges
- By providing the Loan Arranger with the investment criteria, and allowing the Loan Arranger to run a loan bundle optimization request to select the best set of loans to meet those criteria
- By using a combination of the above, where a subset of loans is first chosen (manually or automatically), and then optimizing the chosen subset according to the investment criteria
12. Creating a bundle consists of two steps. First, the loan analyst works with the Loan Arranger to create a bundle according to the criteria as described above. Then the candidate bundle can be accepted, rejected, or modified. Modifying a
","[
  {
    ""role"": ""paragraph"",
    ""segment"": ""a.  Prototyping"",
    ""citations"": [
      {
        ""type"": ""source_text"",
        ""content"": ""A reasonable strategy for completing this design would therefore be:\n a.  Prototyping\n b.  Fault-tree analysis\n c.  Design by contract"",
        ""img_id"": null
      }
    ],
    ""type"": null
  }
]",The chatbot can't answer this question. Please try again with another question.,0.582,17.374
"The following questions are in reference to a hypothetical “Loan Arranger” system. The Loan Arranger is meant to assist a “consolidating organization”, a specific type of business in the financial domain.
Bank customers often borrow money from banks; they promise to repay the loan plus interest over a certain period of time. Each of these loans is an ultimately lucrative proposition for the bank, but usually a long period of time is required for the bank to collect its earnings. Also, there is always the chance that a borrower will be unable to repay the loan. Consolidating organizations make money by buying loans from banks and reselling them to investors. Loan analysts, employed by the consolidating organization, work with investors to select a set of loans that meet their requirements in terms of time, risk, and initial purchase price.
The Loan Arranger application has two main types of functionality. First, it tracks all of the loans that are owned by the consolidating organization. (The entire set of loans owned by the organization is known as its “portfolio”.) In order to track loans correctly, the Loan Arranger must interface with the banks to find out about new loans that should be added to the portfolio, or updates to loans that are already in the portfolio. Secondly, the Loan Arranger allows a loan analyst to select a subset of loans from the portfolio that match an investor's desired investment characteristics (these subsets of loans are referred to as “bundles”). The loan analyst can either select the bundle manually, or ask the system to select an optimal bundle given the investor's constraints. The Loan Arranger then updates the portfolio when the bundle is purchased by the investor. There are numerous constraints on how this functionality is to be achieved; most mportantly, the Loan Arranger must be usable by more than one analyst at a time.
As a first step in developing the Loan Arranger, the development team meets with a representative from the consolidating organization to formulate a set of requirements.

Image Description: A high-level class diagram of the Loan Arranger system containing four classes: Bank, Loan, Borrower, and Bundle, and another class Loan Arranger. Bank is connected to Loan. Loan is connected to Bank, Borrower, Bundle, and Loan Arranger. Borrower is connected to Loan. Bundle is connected to Loan and Loan Arranger. Loan Arranger is connected to Loan and Bundle.
This is the class diagram for the initial high-level design of the Loan Arranger system.
34. Which of the following best describes the amount of coupling for class Loan, relative to the other classes in the high-level design shown above?
a.  High coupling
b.  Low coupling
c.  Can't tell",,"[
  {
    ""role"": ""sentence"",
    ""segment"": ""High coupling."",
    ""citations"": [
      {
        ""type"": ""source_text"",
        ""content"": ""Loan is connected to Bank, Borrower, Bundle, and Loan Arranger."",
        ""img_id"": null
      }
    ],
    ""type"": null
  }
]",The chatbot can't answer this question. Please try again with another question.,0.582,16.082
"The following questions are in reference to a hypothetical “Loan Arranger” system. The Loan Arranger is meant to assist a “consolidating organization”, a specific type of business in the financial domain.
Bank customers often borrow money from banks; they promise to repay the loan plus interest over a certain period of time. Each of these loans is an ultimately lucrative proposition for the bank, but usually a long period of time is required for the bank to collect its earnings. Also, there is always the chance that a borrower will be unable to repay the loan. Consolidating organizations make money by buying loans from banks and reselling them to investors. Loan analysts, employed by the consolidating organization, work with investors to select a set of loans that meet their requirements in terms of time, risk, and initial purchase price.
The Loan Arranger application has two main types of functionality. First, it tracks all of the loans that are owned by the consolidating organization. (The entire set of loans owned by the organization is known as its “portfolio”.) In order to track loans correctly, the Loan Arranger must interface with the banks to find out about new loans that should be added to the portfolio, or updates to loans that are already in the portfolio. Secondly, the Loan Arranger allows a loan analyst to select a subset of loans from the portfolio that match an investor's desired investment characteristics (these subsets of loans are referred to as “bundles”). The loan analyst can either select the bundle manually, or ask the system to select an optimal bundle given the investor's constraints. The Loan Arranger then updates the portfolio when the bundle is purchased by the investor. There are numerous constraints on how this functionality is to be achieved; most mportantly, the Loan Arranger must be usable by more than one analyst at a time.
As a first step in developing the Loan Arranger, the development team meets with a representative from the consolidating organization to formulate a set of requirements.

Image Description: A high-level class diagram of the Loan Arranger system containing four classes: Bank, Loan, Borrower, and Bundle, and another class Loan Arranger. Bank is connected to Loan. Loan is connected to Bank, Borrower, Bundle, and Loan Arranger. Borrower is connected to Loan. Bundle is connected to Loan and Loan Arranger. Loan Arranger is connected to Loan and Bundle.
This is the class diagram for the initial high-level design of the Loan Arranger system.
35. Which of the following best describes the amount of cohesion for class Loan, relative to the other classes in the high-level design shown above?
a.  High cohesion
b.  Low cohesion
c.  Can't tell",,"[
  {
    ""role"": ""paragraph"",
    ""segment"": ""The chatbot can't answer this question. Please try again with another question."",
    ""citations"": [],
    ""type"": ""abstained""
  }
]",The chatbot can't answer this question. Please try again with another question.,0.752,8.556
"The following questions are in reference to a hypothetical “Loan Arranger” system. The Loan Arranger is meant to assist a “consolidating organization”, a specific type of business in the financial domain.
Bank customers often borrow money from banks; they promise to repay the loan plus interest over a certain period of time. Each of these loans is an ultimately lucrative proposition for the bank, but usually a long period of time is required for the bank to collect its earnings. Also, there is always the chance that a borrower will be unable to repay the loan. Consolidating organizations make money by buying loans from banks and reselling them to investors. Loan analysts, employed by the consolidating organization, work with investors to select a set of loans that meet their requirements in terms of time, risk, and initial purchase price.
The Loan Arranger application has two main types of functionality. First, it tracks all of the loans that are owned by the consolidating organization. (The entire set of loans owned by the organization is known as its “portfolio”.) In order to track loans correctly, the Loan Arranger must interface with the banks to find out about new loans that should be added to the portfolio, or updates to loans that are already in the portfolio. Secondly, the Loan Arranger allows a loan analyst to select a subset of loans from the portfolio that match an investor's desired investment characteristics (these subsets of loans are referred to as “bundles”). The loan analyst can either select the bundle manually, or ask the system to select an optimal bundle given the investor's constraints. The Loan Arranger then updates the portfolio when the bundle is purchased by the investor. There are numerous constraints on how this functionality is to be achieved; most mportantly, the Loan Arranger must be usable by more than one analyst at a time.
As a first step in developing the Loan Arranger, the development team meets with a representative from the consolidating organization to formulate a set of requirements.

Image Description: A high-level class diagram of the Loan Arranger system containing four classes: Bank, Loan, Borrower, and Bundle, and another class Loan Arranger. Bank is connected to Loan. Loan is connected to Bank, Borrower, Bundle, and Loan Arranger. Borrower is connected to Loan. Bundle is connected to Loan and Loan Arranger. Loan Arranger is connected to Loan and Bundle.
This is the class diagram for the initial high-level design of the Loan Arranger system.
36. Based on what is known about the level of cohesion and coupling for class Loan, it is reasonable to assume that:
a.  It will probably be easier to modify than class Borrower.
b.  It will probably be harder to modify than class Borrower.
c.  No conclusions can be drawn about the ease of modification.","
[0]
## Preconditions and Assumptions

- The Loan Arranger system assumes that there already exist lenders, borrowers, and loans from which to choose, and that investors exist who are interested in buying bundles of loans.
- The Loan Arranger system contains a repository of information about loans from a variety of lenders.This repository may be empty.
- At  regular  intervals, each  lender  provides  reports  listing  the  loans  that  it  has made.Loans that have already been purchased by FCO will be indicated on these reports.
- Each loan in the Loan Arranger repository represents an investment to then be bundled and sold with other loans.
- The Loan Arranger system may be used by up to four loan analysts simultaneously.

## High-Level Description of Functionality

1. The Loan Arranger system will receive monthly reports from each lender of new loans issued by that lender.The loans in the report recently purchased by FCO for its investment portfolio will be marked in the report. The Loan Arranger system will use the report information to update its repository of available loans.
2. The Loan Arranger system will receive monthly reports from each lender providing updates about the status of loans issued by that lender.The updated information will include: the current interest rate for an adjustable rate mortgage, and the status of the borrower with respect to the loan (good, late, or default). For loans in the  FCO  portfolio, the  Loan Arranger  will  update  the  data  in  the  repository. Loans not in the FCO portfolio will also be examined in order to determine if a borrower's standing should be updated. FCO will provide each lender with the format for the reports, so that all reports will share a common format.
3. The loan analyst can change individual data records as described in Data Operations.
4. All new data must be validated before they are added to the repository (according to the rules described in Data Constraints).
5. The loan analyst can use the Loan Arranger to identify bundles of loans to sell to particular investors.

## Functional Requirements


[1]
11. The loan analyst must be able to use the Loan Arranger to create bundles that meet the prescribed characteristics of an investment request.The loan analyst can identify these bundles in several ways:
- By manually identifying a subset of loans that must be included in the bundle, either by naming particular loans or by describing them using attributes or ranges
- By providing the Loan Arranger with the investment criteria, and allowing the Loan Arranger to run a loan bundle optimization request to select the best set of loans to meet those criteria
- By using a combination of the above, where a subset of loans is first chosen (manually or automatically), and then optimizing the chosen subset according to the investment criteria
12. Creating a bundle consists of two steps. First, the loan analyst works with the Loan Arranger to create a bundle according to the criteria as described above. Then the candidate bundle can be accepted, rejected, or modified. Modifying a


[2]
We can summarize this information by saying that the Loan Arranger system allows a loan analyst to access information about mortgages (home loans, described here simply as 'loans') purchased by FCO from multiple lending institutions with the intention of repackaging the loans to sell to other investors. The loans purchased by FCO for investment and resale are collectively known as the loan portfolio. The Loan Arranger system tracks these portfolio loans in its repository of loan information. The loan analyst may add, view, update, or delete loan information about lenders and the set of loans in the portfolio. Additionally, the system allows the loan analyst to create 'bundles' of loans for sale to investors. A user of Loan Arranger is a loan analyst who tracks the mortgages purchased by FCO.

In later chapters, we will explore the system's requirements in more depth. For now, if you need to brush up on your understanding of principal and interest, you can review your old math books or look at http://www.interest.com/hugh/calc/formula.html.

## 1.15 KEY REFERENCES

You can find out about software faults and failures by looking in the Risks Forum, moderated by Peter Neumann. A paper copy of some of the Risks is printed in each issue of Software Engineering Notes , published by the Association for Computer Machinery's Special Interest Group on Software Engineering (SIGSOFT). The Risks archives are available on ftp.sri.com, cd risks.The Risks Forum newsgroup is available online at comp.risks, or you can subscribe via the automated list server at risks-request@CSL.sri.com.


[3]
1. The loan analyst should be able to review all of the information in the repository for a particular lending institution, a particular loan, or a particular borrower.
2. The loan analyst can create, view, edit, or delete a loan from a portfolio or bundle.
3. A loan is added to the portfolio automatically, when the Loan Arranger reads the reports provided by the lenders.A report can be read by the Loan Arranger only after the associated lender has been specified.
4. The loan analyst can create a new lender.
5. The loan analyst can delete a lender only if there are no loans in the portfolio associated with this lender.
6. The loan analyst can change lender contact and phone number but not lender name and identification number.
7. The loan analyst cannot change borrower information.
8. The loan analyst can ask the system to sort, search, or organize loan information by certain criteria: amount, interest rate, settlement date, borrower, lender, type of loan, or whether it has been marked for inclusion in a certain bundle.The organizational criteria should include ranges, so that information will be included only if it is within two specified bounds (such as between January 1, 2005 and January 1, 2008).The organizational criteria can also be based on exclusion such as all loans not marked, or all loans not between January 1, 2005 and January 1, 2008.
9. The loan analyst should be able to request reports in each of three formats: in a file, on the screen, and as a printed report.
10. The loan analyst should be able to request the following information in a report: any attribute of loan, lender, or borrower, and summary statistics of the attributes (mean, standard deviation, scatter diagram, and histogram).The information in a report can be restricted to a subset of the total information, as described by the loan analyst's organizing criteria.
11. The loan analyst must be able to use the Loan Arranger to create bundles that meet the prescribed characteristics of an investment request.The loan analyst can identify these bundles in several ways:
","[
  {
    ""role"": ""paragraph"",
    ""segment"": ""The chatbot can't answer this question. Please try again with another question."",
    ""citations"": [],
    ""type"": ""abstained""
  }
]",The chatbot can't answer this question. Please try again with another question.,0.544,7.716
"The following questions are in reference to a hypothetical “Loan Arranger” system. The Loan Arranger is meant to assist a “consolidating organization”, a specific type of business in the financial domain.
Bank customers often borrow money from banks; they promise to repay the loan plus interest over a certain period of time. Each of these loans is an ultimately lucrative proposition for the bank, but usually a long period of time is required for the bank to collect its earnings. Also, there is always the chance that a borrower will be unable to repay the loan. Consolidating organizations make money by buying loans from banks and reselling them to investors. Loan analysts, employed by the consolidating organization, work with investors to select a set of loans that meet their requirements in terms of time, risk, and initial purchase price.
The Loan Arranger application has two main types of functionality. First, it tracks all of the loans that are owned by the consolidating organization. (The entire set of loans owned by the organization is known as its “portfolio”.) In order to track loans correctly, the Loan Arranger must interface with the banks to find out about new loans that should be added to the portfolio, or updates to loans that are already in the portfolio. Secondly, the Loan Arranger allows a loan analyst to select a subset of loans from the portfolio that match an investor's desired investment characteristics (these subsets of loans are referred to as “bundles”). The loan analyst can either select the bundle manually, or ask the system to select an optimal bundle given the investor's constraints. The Loan Arranger then updates the portfolio when the bundle is purchased by the investor. There are numerous constraints on how this functionality is to be achieved; most mportantly, the Loan Arranger must be usable by more than one analyst at a time.
As a first step in developing the Loan Arranger, the development team meets with a representative from the consolidating organization to formulate a set of requirements.

Image Description: A high-level class diagram of the Loan Arranger system containing four classes: Bank, Loan, Borrower, and Bundle, and another class Loan Arranger. Bank is connected to Loan. Loan is connected to Bank, Borrower, Bundle, and Loan Arranger. Borrower is connected to Loan. Bundle is connected to Loan and Loan Arranger. Loan Arranger is connected to Loan and Bundle.
This is the class diagram for the initial high-level design of the Loan Arranger system.
37.  After an internal review, some of the designers want to add more classes to the high-level model. Which of the following are appropriate for a high-level, conceptual design?
a.  Classes “Variable Rate Loan” and “Fixed Rate Loan,” subclasses of “Loan” which are handled differently by the consolidating organization.
b.  Class “Acceptance Dialog,” which controls the window that appears on the screen when a new loan can be purchased by the consolidating organization.
c.  Class “Identification Number,” which consolidates the implementation for unique loan ID numbers in the system.
d.  A and B
e.  A and C
f.  B and C
g.  A, B, and C","
[0]
## Preconditions and Assumptions

- The Loan Arranger system assumes that there already exist lenders, borrowers, and loans from which to choose, and that investors exist who are interested in buying bundles of loans.
- The Loan Arranger system contains a repository of information about loans from a variety of lenders.This repository may be empty.
- At  regular  intervals, each  lender  provides  reports  listing  the  loans  that  it  has made.Loans that have already been purchased by FCO will be indicated on these reports.
- Each loan in the Loan Arranger repository represents an investment to then be bundled and sold with other loans.
- The Loan Arranger system may be used by up to four loan analysts simultaneously.

## High-Level Description of Functionality

1. The Loan Arranger system will receive monthly reports from each lender of new loans issued by that lender.The loans in the report recently purchased by FCO for its investment portfolio will be marked in the report. The Loan Arranger system will use the report information to update its repository of available loans.
2. The Loan Arranger system will receive monthly reports from each lender providing updates about the status of loans issued by that lender.The updated information will include: the current interest rate for an adjustable rate mortgage, and the status of the borrower with respect to the loan (good, late, or default). For loans in the  FCO  portfolio, the  Loan Arranger  will  update  the  data  in  the  repository. Loans not in the FCO portfolio will also be examined in order to determine if a borrower's standing should be updated. FCO will provide each lender with the format for the reports, so that all reports will share a common format.
3. The loan analyst can change individual data records as described in Data Operations.
4. All new data must be validated before they are added to the repository (according to the rules described in Data Constraints).
5. The loan analyst can use the Loan Arranger to identify bundles of loans to sell to particular investors.

## Functional Requirements
","[
    {
        ""role"": ""paragraph"",
        ""segment"": ""The chatbot can't answer this question. Please try again with another question."",
        ""citations"": [],
        ""type"": ""abstained""
    }
]",The chatbot can't answer this question. Please try again with another question.,0.557,16.481
"The following questions are in reference to a hypothetical “Loan Arranger” system. The Loan Arranger is meant to assist a “consolidating organization”, a specific type of business in the financial domain.
Bank customers often borrow money from banks; they promise to repay the loan plus interest over a certain period of time. Each of these loans is an ultimately lucrative proposition for the bank, but usually a long period of time is required for the bank to collect its earnings. Also, there is always the chance that a borrower will be unable to repay the loan. Consolidating organizations make money by buying loans from banks and reselling them to investors. Loan analysts, employed by the consolidating organization, work with investors to select a set of loans that meet their requirements in terms of time, risk, and initial purchase price.
The Loan Arranger application has two main types of functionality. First, it tracks all of the loans that are owned by the consolidating organization. (The entire set of loans owned by the organization is known as its “portfolio”.) In order to track loans correctly, the Loan Arranger must interface with the banks to find out about new loans that should be added to the portfolio, or updates to loans that are already in the portfolio. Secondly, the Loan Arranger allows a loan analyst to select a subset of loans from the portfolio that match an investor's desired investment characteristics (these subsets of loans are referred to as “bundles”). The loan analyst can either select the bundle manually, or ask the system to select an optimal bundle given the investor's constraints. The Loan Arranger then updates the portfolio when the bundle is purchased by the investor. There are numerous constraints on how this functionality is to be achieved; most mportantly, the Loan Arranger must be usable by more than one analyst at a time.
As a first step in developing the Loan Arranger, the development team meets with a representative from the consolidating organization to formulate a set of requirements.

Image Description: A high-level class diagram of the Loan Arranger system containing four classes: Bank, Loan, Borrower, and Bundle, and another class Loan Arranger. Bank is connected to Loan. Loan is connected to Bank, Borrower, Bundle, and Loan Arranger. Borrower is connected to Loan. Bundle is connected to Loan and Loan Arranger. Loan Arranger is connected to Loan and Bundle.
This is the class diagram for the initial high-level design of the Loan Arranger system.
38.  To estimate the amount of effort that will be needed to construct the system, the team could look at which of the following metrics during system design?
a.  Lack of cohesion of methods
b.  Number of key classes
c.  Number of support classes
d.  A and B
e.  A and C
f.  B and C
g.  A, B, and C","
[0]
## Preconditions and Assumptions

- The Loan Arranger system assumes that there already exist lenders, borrowers, and loans from which to choose, and that investors exist who are interested in buying bundles of loans.
- The Loan Arranger system contains a repository of information about loans from a variety of lenders.This repository may be empty.
- At  regular  intervals, each  lender  provides  reports  listing  the  loans  that  it  has made.Loans that have already been purchased by FCO will be indicated on these reports.
- Each loan in the Loan Arranger repository represents an investment to then be bundled and sold with other loans.
- The Loan Arranger system may be used by up to four loan analysts simultaneously.

## High-Level Description of Functionality

1. The Loan Arranger system will receive monthly reports from each lender of new loans issued by that lender.The loans in the report recently purchased by FCO for its investment portfolio will be marked in the report. The Loan Arranger system will use the report information to update its repository of available loans.
2. The Loan Arranger system will receive monthly reports from each lender providing updates about the status of loans issued by that lender.The updated information will include: the current interest rate for an adjustable rate mortgage, and the status of the borrower with respect to the loan (good, late, or default). For loans in the  FCO  portfolio, the  Loan Arranger  will  update  the  data  in  the  repository. Loans not in the FCO portfolio will also be examined in order to determine if a borrower's standing should be updated. FCO will provide each lender with the format for the reports, so that all reports will share a common format.
3. The loan analyst can change individual data records as described in Data Operations.
4. All new data must be validated before they are added to the repository (according to the rules described in Data Constraints).
5. The loan analyst can use the Loan Arranger to identify bundles of loans to sell to particular investors.

## Functional Requirements


[1]
11. The loan analyst must be able to use the Loan Arranger to create bundles that meet the prescribed characteristics of an investment request.The loan analyst can identify these bundles in several ways:
- By manually identifying a subset of loans that must be included in the bundle, either by naming particular loans or by describing them using attributes or ranges
- By providing the Loan Arranger with the investment criteria, and allowing the Loan Arranger to run a loan bundle optimization request to select the best set of loans to meet those criteria
- By using a combination of the above, where a subset of loans is first chosen (manually or automatically), and then optimizing the chosen subset according to the investment criteria
12. Creating a bundle consists of two steps. First, the loan analyst works with the Loan Arranger to create a bundle according to the criteria as described above. Then the candidate bundle can be accepted, rejected, or modified. Modifying a
","[
  {
    ""role"": ""paragraph"",
    ""segment"": ""The chatbot can't answer this question. Please try again with another question."",
    ""citations"": [],
    ""type"": ""abstained""
  }
]",The chatbot can't answer this question. Please try again with another question.,0.555,9.196
"The following questions are in reference to a hypothetical “Loan Arranger” system. The Loan Arranger is meant to assist a “consolidating organization”, a specific type of business in the financial domain.
Bank customers often borrow money from banks; they promise to repay the loan plus interest over a certain period of time. Each of these loans is an ultimately lucrative proposition for the bank, but usually a long period of time is required for the bank to collect its earnings. Also, there is always the chance that a borrower will be unable to repay the loan. Consolidating organizations make money by buying loans from banks and reselling them to investors. Loan analysts, employed by the consolidating organization, work with investors to select a set of loans that meet their requirements in terms of time, risk, and initial purchase price.
The Loan Arranger application has two main types of functionality. First, it tracks all of the loans that are owned by the consolidating organization. (The entire set of loans owned by the organization is known as its “portfolio”.) In order to track loans correctly, the Loan Arranger must interface with the banks to find out about new loans that should be added to the portfolio, or updates to loans that are already in the portfolio. Secondly, the Loan Arranger allows a loan analyst to select a subset of loans from the portfolio that match an investor's desired investment characteristics (these subsets of loans are referred to as “bundles”). The loan analyst can either select the bundle manually, or ask the system to select an optimal bundle given the investor's constraints. The Loan Arranger then updates the portfolio when the bundle is purchased by the investor. There are numerous constraints on how this functionality is to be achieved; most mportantly, the Loan Arranger must be usable by more than one analyst at a time.
As a first step in developing the Loan Arranger, the development team meets with a representative from the consolidating organization to formulate a set of requirements.

Image Description: A high-level class diagram of the Loan Arranger system containing four classes: Bank, Loan, Borrower, and Bundle, and another class Loan Arranger. Bank is connected to Loan. Loan is connected to Bank, Borrower, Bundle, and Loan Arranger. Borrower is connected to Loan. Bundle is connected to Loan and Loan Arranger. Loan Arranger is connected to Loan and Bundle.
This is the class diagram for the initial high-level design of the Loan Arranger system.
39.  TRUE or FALSE: The Weighted Methods per Class (WMC) metric is useful for identifying classes that are potentially reusable classes. These classes are likely to be the ones with the highest values of the metric.","
[0]
## Preconditions and Assumptions

- The Loan Arranger system assumes that there already exist lenders, borrowers, and loans from which to choose, and that investors exist who are interested in buying bundles of loans.
- The Loan Arranger system contains a repository of information about loans from a variety of lenders.This repository may be empty.
- At  regular  intervals, each  lender  provides  reports  listing  the  loans  that  it  has made.Loans that have already been purchased by FCO will be indicated on these reports.
- Each loan in the Loan Arranger repository represents an investment to then be bundled and sold with other loans.
- The Loan Arranger system may be used by up to four loan analysts simultaneously.

## High-Level Description of Functionality

1. The Loan Arranger system will receive monthly reports from each lender of new loans issued by that lender.The loans in the report recently purchased by FCO for its investment portfolio will be marked in the report. The Loan Arranger system will use the report information to update its repository of available loans.
2. The Loan Arranger system will receive monthly reports from each lender providing updates about the status of loans issued by that lender.The updated information will include: the current interest rate for an adjustable rate mortgage, and the status of the borrower with respect to the loan (good, late, or default). For loans in the  FCO  portfolio, the  Loan Arranger  will  update  the  data  in  the  repository. Loans not in the FCO portfolio will also be examined in order to determine if a borrower's standing should be updated. FCO will provide each lender with the format for the reports, so that all reports will share a common format.
3. The loan analyst can change individual data records as described in Data Operations.
4. All new data must be validated before they are added to the repository (according to the rules described in Data Constraints).
5. The loan analyst can use the Loan Arranger to identify bundles of loans to sell to particular investors.

## Functional Requirements


[1]
We can summarize this information by saying that the Loan Arranger system allows a loan analyst to access information about mortgages (home loans, described here simply as 'loans') purchased by FCO from multiple lending institutions with the intention of repackaging the loans to sell to other investors. The loans purchased by FCO for investment and resale are collectively known as the loan portfolio. The Loan Arranger system tracks these portfolio loans in its repository of loan information. The loan analyst may add, view, update, or delete loan information about lenders and the set of loans in the portfolio. Additionally, the system allows the loan analyst to create 'bundles' of loans for sale to investors. A user of Loan Arranger is a loan analyst who tracks the mortgages purchased by FCO.

In later chapters, we will explore the system's requirements in more depth. For now, if you need to brush up on your understanding of principal and interest, you can review your old math books or look at http://www.interest.com/hugh/calc/formula.html.

## 1.15 KEY REFERENCES

You can find out about software faults and failures by looking in the Risks Forum, moderated by Peter Neumann. A paper copy of some of the Risks is printed in each issue of Software Engineering Notes , published by the Association for Computer Machinery's Special Interest Group on Software Engineering (SIGSOFT). The Risks archives are available on ftp.sri.com, cd risks.The Risks Forum newsgroup is available online at comp.risks, or you can subscribe via the automated list server at risks-request@CSL.sri.com.


[2]
11. The loan analyst must be able to use the Loan Arranger to create bundles that meet the prescribed characteristics of an investment request.The loan analyst can identify these bundles in several ways:
- By manually identifying a subset of loans that must be included in the bundle, either by naming particular loans or by describing them using attributes or ranges
- By providing the Loan Arranger with the investment criteria, and allowing the Loan Arranger to run a loan bundle optimization request to select the best set of loans to meet those criteria
- By using a combination of the above, where a subset of loans is first chosen (manually or automatically), and then optimizing the chosen subset according to the investment criteria
12. Creating a bundle consists of two steps. First, the loan analyst works with the Loan Arranger to create a bundle according to the criteria as described above. Then the candidate bundle can be accepted, rejected, or modified. Modifying a
","[
    {
        ""role"": ""paragraph"",
        ""segment"": ""The chatbot can't answer this question. Please try again with another question."",
        ""citations"": [],
        ""type"": ""abstained""
    }
]",The chatbot can't answer this question. Please try again with another question.,0.541,8.208
"The following questions are in reference to a hypothetical “Loan Arranger” system. The Loan Arranger is meant to assist a “consolidating organization”, a specific type of business in the financial domain.
Bank customers often borrow money from banks; they promise to repay the loan plus interest over a certain period of time. Each of these loans is an ultimately lucrative proposition for the bank, but usually a long period of time is required for the bank to collect its earnings. Also, there is always the chance that a borrower will be unable to repay the loan. Consolidating organizations make money by buying loans from banks and reselling them to investors. Loan analysts, employed by the consolidating organization, work with investors to select a set of loans that meet their requirements in terms of time, risk, and initial purchase price.
The Loan Arranger application has two main types of functionality. First, it tracks all of the loans that are owned by the consolidating organization. (The entire set of loans owned by the organization is known as its “portfolio”.) In order to track loans correctly, the Loan Arranger must interface with the banks to find out about new loans that should be added to the portfolio, or updates to loans that are already in the portfolio. Secondly, the Loan Arranger allows a loan analyst to select a subset of loans from the portfolio that match an investor's desired investment characteristics (these subsets of loans are referred to as “bundles”). The loan analyst can either select the bundle manually, or ask the system to select an optimal bundle given the investor's constraints. The Loan Arranger then updates the portfolio when the bundle is purchased by the investor. There are numerous constraints on how this functionality is to be achieved; most mportantly, the Loan Arranger must be usable by more than one analyst at a time.
As a first step in developing the Loan Arranger, the development team meets with a representative from the consolidating organization to formulate a set of requirements.

Image Description: A high-level class diagram of the Loan Arranger system containing four classes: Bank, Loan, Borrower, and Bundle, and another class Loan Arranger. Bank is connected to Loan. Loan is connected to Bank, Borrower, Bundle, and Loan Arranger. Borrower is connected to Loan. Bundle is connected to Loan and Loan Arranger. Loan Arranger is connected to Loan and Bundle.
This is the class diagram for the initial high-level design of the Loan Arranger system.
40.  TRUE or FALSE: Number of Children (NOC) is useful for identifying those classes on which greater testing effort should be spent. These are the classes with high values for the metric.","
[0]
## Preconditions and Assumptions

- The Loan Arranger system assumes that there already exist lenders, borrowers, and loans from which to choose, and that investors exist who are interested in buying bundles of loans.
- The Loan Arranger system contains a repository of information about loans from a variety of lenders.This repository may be empty.
- At  regular  intervals, each  lender  provides  reports  listing  the  loans  that  it  has made.Loans that have already been purchased by FCO will be indicated on these reports.
- Each loan in the Loan Arranger repository represents an investment to then be bundled and sold with other loans.
- The Loan Arranger system may be used by up to four loan analysts simultaneously.

## High-Level Description of Functionality

1. The Loan Arranger system will receive monthly reports from each lender of new loans issued by that lender.The loans in the report recently purchased by FCO for its investment portfolio will be marked in the report. The Loan Arranger system will use the report information to update its repository of available loans.
2. The Loan Arranger system will receive monthly reports from each lender providing updates about the status of loans issued by that lender.The updated information will include: the current interest rate for an adjustable rate mortgage, and the status of the borrower with respect to the loan (good, late, or default). For loans in the  FCO  portfolio, the  Loan Arranger  will  update  the  data  in  the  repository. Loans not in the FCO portfolio will also be examined in order to determine if a borrower's standing should be updated. FCO will provide each lender with the format for the reports, so that all reports will share a common format.
3. The loan analyst can change individual data records as described in Data Operations.
4. All new data must be validated before they are added to the repository (according to the rules described in Data Constraints).
5. The loan analyst can use the Loan Arranger to identify bundles of loans to sell to particular investors.

## Functional Requirements


[1]
We can summarize this information by saying that the Loan Arranger system allows a loan analyst to access information about mortgages (home loans, described here simply as 'loans') purchased by FCO from multiple lending institutions with the intention of repackaging the loans to sell to other investors. The loans purchased by FCO for investment and resale are collectively known as the loan portfolio. The Loan Arranger system tracks these portfolio loans in its repository of loan information. The loan analyst may add, view, update, or delete loan information about lenders and the set of loans in the portfolio. Additionally, the system allows the loan analyst to create 'bundles' of loans for sale to investors. A user of Loan Arranger is a loan analyst who tracks the mortgages purchased by FCO.

In later chapters, we will explore the system's requirements in more depth. For now, if you need to brush up on your understanding of principal and interest, you can review your old math books or look at http://www.interest.com/hugh/calc/formula.html.

## 1.15 KEY REFERENCES

You can find out about software faults and failures by looking in the Risks Forum, moderated by Peter Neumann. A paper copy of some of the Risks is printed in each issue of Software Engineering Notes , published by the Association for Computer Machinery's Special Interest Group on Software Engineering (SIGSOFT). The Risks archives are available on ftp.sri.com, cd risks.The Risks Forum newsgroup is available online at comp.risks, or you can subscribe via the automated list server at risks-request@CSL.sri.com.


[2]
11. The loan analyst must be able to use the Loan Arranger to create bundles that meet the prescribed characteristics of an investment request.The loan analyst can identify these bundles in several ways:
- By manually identifying a subset of loans that must be included in the bundle, either by naming particular loans or by describing them using attributes or ranges
- By providing the Loan Arranger with the investment criteria, and allowing the Loan Arranger to run a loan bundle optimization request to select the best set of loans to meet those criteria
- By using a combination of the above, where a subset of loans is first chosen (manually or automatically), and then optimizing the chosen subset according to the investment criteria
12. Creating a bundle consists of two steps. First, the loan analyst works with the Loan Arranger to create a bundle according to the criteria as described above. Then the candidate bundle can be accepted, rejected, or modified. Modifying a


[3]
1. The loan analyst should be able to review all of the information in the repository for a particular lending institution, a particular loan, or a particular borrower.
2. The loan analyst can create, view, edit, or delete a loan from a portfolio or bundle.
3. A loan is added to the portfolio automatically, when the Loan Arranger reads the reports provided by the lenders.A report can be read by the Loan Arranger only after the associated lender has been specified.
4. The loan analyst can create a new lender.
5. The loan analyst can delete a lender only if there are no loans in the portfolio associated with this lender.
6. The loan analyst can change lender contact and phone number but not lender name and identification number.
7. The loan analyst cannot change borrower information.
8. The loan analyst can ask the system to sort, search, or organize loan information by certain criteria: amount, interest rate, settlement date, borrower, lender, type of loan, or whether it has been marked for inclusion in a certain bundle.The organizational criteria should include ranges, so that information will be included only if it is within two specified bounds (such as between January 1, 2005 and January 1, 2008).The organizational criteria can also be based on exclusion such as all loans not marked, or all loans not between January 1, 2005 and January 1, 2008.
9. The loan analyst should be able to request reports in each of three formats: in a file, on the screen, and as a printed report.
10. The loan analyst should be able to request the following information in a report: any attribute of loan, lender, or borrower, and summary statistics of the attributes (mean, standard deviation, scatter diagram, and histogram).The information in a report can be restricted to a subset of the total information, as described by the loan analyst's organizing criteria.
11. The loan analyst must be able to use the Loan Arranger to create bundles that meet the prescribed characteristics of an investment request.The loan analyst can identify these bundles in several ways:
","[
    {
        ""role"": ""paragraph"",
        ""segment"": ""The chatbot can't answer this question. Please try again with another question."",
        ""citations"": [],
        ""type"": ""abstained""
    }
]",The chatbot can't answer this question. Please try again with another question.,1.111,10.702
"The following questions are in reference to a hypothetical “Loan Arranger” system. The Loan Arranger is meant to assist a “consolidating organization”, a specific type of business in the financial domain.
Bank customers often borrow money from banks; they promise to repay the loan plus interest over a certain period of time. Each of these loans is an ultimately lucrative proposition for the bank, but usually a long period of time is required for the bank to collect its earnings. Also, there is always the chance that a borrower will be unable to repay the loan. Consolidating organizations make money by buying loans from banks and reselling them to investors. Loan analysts, employed by the consolidating organization, work with investors to select a set of loans that meet their requirements in terms of time, risk, and initial purchase price.
The Loan Arranger application has two main types of functionality. First, it tracks all of the loans that are owned by the consolidating organization. (The entire set of loans owned by the organization is known as its “portfolio”.) In order to track loans correctly, the Loan Arranger must interface with the banks to find out about new loans that should be added to the portfolio, or updates to loans that are already in the portfolio. Secondly, the Loan Arranger allows a loan analyst to select a subset of loans from the portfolio that match an investor's desired investment characteristics (these subsets of loans are referred to as “bundles”). The loan analyst can either select the bundle manually, or ask the system to select an optimal bundle given the investor's constraints. The Loan Arranger then updates the portfolio when the bundle is purchased by the investor. There are numerous constraints on how this functionality is to be achieved; most mportantly, the Loan Arranger must be usable by more than one analyst at a time.
As a first step in developing the Loan Arranger, the development team meets with a representative from the consolidating organization to formulate a set of requirements.

Image Description: A high-level class diagram of the Loan Arranger system containing four classes: Bank, Loan, Borrower, and Bundle, and another class Loan Arranger. Bank is connected to Loan. Loan is connected to Bank, Borrower, Bundle, and Loan Arranger. Borrower is connected to Loan. Bundle is connected to Loan and Loan Arranger. Loan Arranger is connected to Loan and Bundle.
This is the class diagram for the initial high-level design of the Loan Arranger system.
41.  TRUE or FALSE: Response for a Class (RFC) is useful for identifying those classes on which greater testing effort should be spent. These are the classes with high values for the metric.","
[0]
## Preconditions and Assumptions

- The Loan Arranger system assumes that there already exist lenders, borrowers, and loans from which to choose, and that investors exist who are interested in buying bundles of loans.
- The Loan Arranger system contains a repository of information about loans from a variety of lenders.This repository may be empty.
- At  regular  intervals, each  lender  provides  reports  listing  the  loans  that  it  has made.Loans that have already been purchased by FCO will be indicated on these reports.
- Each loan in the Loan Arranger repository represents an investment to then be bundled and sold with other loans.
- The Loan Arranger system may be used by up to four loan analysts simultaneously.

## High-Level Description of Functionality

1. The Loan Arranger system will receive monthly reports from each lender of new loans issued by that lender.The loans in the report recently purchased by FCO for its investment portfolio will be marked in the report. The Loan Arranger system will use the report information to update its repository of available loans.
2. The Loan Arranger system will receive monthly reports from each lender providing updates about the status of loans issued by that lender.The updated information will include: the current interest rate for an adjustable rate mortgage, and the status of the borrower with respect to the loan (good, late, or default). For loans in the  FCO  portfolio, the  Loan Arranger  will  update  the  data  in  the  repository. Loans not in the FCO portfolio will also be examined in order to determine if a borrower's standing should be updated. FCO will provide each lender with the format for the reports, so that all reports will share a common format.
3. The loan analyst can change individual data records as described in Data Operations.
4. All new data must be validated before they are added to the repository (according to the rules described in Data Constraints).
5. The loan analyst can use the Loan Arranger to identify bundles of loans to sell to particular investors.

## Functional Requirements


[1]
We can summarize this information by saying that the Loan Arranger system allows a loan analyst to access information about mortgages (home loans, described here simply as 'loans') purchased by FCO from multiple lending institutions with the intention of repackaging the loans to sell to other investors. The loans purchased by FCO for investment and resale are collectively known as the loan portfolio. The Loan Arranger system tracks these portfolio loans in its repository of loan information. The loan analyst may add, view, update, or delete loan information about lenders and the set of loans in the portfolio. Additionally, the system allows the loan analyst to create 'bundles' of loans for sale to investors. A user of Loan Arranger is a loan analyst who tracks the mortgages purchased by FCO.

In later chapters, we will explore the system's requirements in more depth. For now, if you need to brush up on your understanding of principal and interest, you can review your old math books or look at http://www.interest.com/hugh/calc/formula.html.

## 1.15 KEY REFERENCES

You can find out about software faults and failures by looking in the Risks Forum, moderated by Peter Neumann. A paper copy of some of the Risks is printed in each issue of Software Engineering Notes , published by the Association for Computer Machinery's Special Interest Group on Software Engineering (SIGSOFT). The Risks archives are available on ftp.sri.com, cd risks.The Risks Forum newsgroup is available online at comp.risks, or you can subscribe via the automated list server at risks-request@CSL.sri.com.


[2]
11. The loan analyst must be able to use the Loan Arranger to create bundles that meet the prescribed characteristics of an investment request.The loan analyst can identify these bundles in several ways:
- By manually identifying a subset of loans that must be included in the bundle, either by naming particular loans or by describing them using attributes or ranges
- By providing the Loan Arranger with the investment criteria, and allowing the Loan Arranger to run a loan bundle optimization request to select the best set of loans to meet those criteria
- By using a combination of the above, where a subset of loans is first chosen (manually or automatically), and then optimizing the chosen subset according to the investment criteria
12. Creating a bundle consists of two steps. First, the loan analyst works with the Loan Arranger to create a bundle according to the criteria as described above. Then the candidate bundle can be accepted, rejected, or modified. Modifying a


[3]
1. The loan analyst should be able to review all of the information in the repository for a particular lending institution, a particular loan, or a particular borrower.
2. The loan analyst can create, view, edit, or delete a loan from a portfolio or bundle.
3. A loan is added to the portfolio automatically, when the Loan Arranger reads the reports provided by the lenders.A report can be read by the Loan Arranger only after the associated lender has been specified.
4. The loan analyst can create a new lender.
5. The loan analyst can delete a lender only if there are no loans in the portfolio associated with this lender.
6. The loan analyst can change lender contact and phone number but not lender name and identification number.
7. The loan analyst cannot change borrower information.
8. The loan analyst can ask the system to sort, search, or organize loan information by certain criteria: amount, interest rate, settlement date, borrower, lender, type of loan, or whether it has been marked for inclusion in a certain bundle.The organizational criteria should include ranges, so that information will be included only if it is within two specified bounds (such as between January 1, 2005 and January 1, 2008).The organizational criteria can also be based on exclusion such as all loans not marked, or all loans not between January 1, 2005 and January 1, 2008.
9. The loan analyst should be able to request reports in each of three formats: in a file, on the screen, and as a printed report.
10. The loan analyst should be able to request the following information in a report: any attribute of loan, lender, or borrower, and summary statistics of the attributes (mean, standard deviation, scatter diagram, and histogram).The information in a report can be restricted to a subset of the total information, as described by the loan analyst's organizing criteria.
11. The loan analyst must be able to use the Loan Arranger to create bundles that meet the prescribed characteristics of an investment request.The loan analyst can identify these bundles in several ways:
","[
  {
    ""role"": ""paragraph"",
    ""segment"": ""The chatbot can't answer this question. Please try again with another question."",
    ""citations"": [],
    ""type"": ""abstained""
  }
]",The chatbot can't answer this question. Please try again with another question.,0.803,7.733
"The following questions are in reference to a hypothetical “Loan Arranger” system. The Loan Arranger is meant to assist a “consolidating organization”, a specific type of business in the financial domain.
Bank customers often borrow money from banks; they promise to repay the loan plus interest over a certain period of time. Each of these loans is an ultimately lucrative proposition for the bank, but usually a long period of time is required for the bank to collect its earnings. Also, there is always the chance that a borrower will be unable to repay the loan. Consolidating organizations make money by buying loans from banks and reselling them to investors. Loan analysts, employed by the consolidating organization, work with investors to select a set of loans that meet their requirements in terms of time, risk, and initial purchase price.
The Loan Arranger application has two main types of functionality. First, it tracks all of the loans that are owned by the consolidating organization. (The entire set of loans owned by the organization is known as its “portfolio”.) In order to track loans correctly, the Loan Arranger must interface with the banks to find out about new loans that should be added to the portfolio, or updates to loans that are already in the portfolio. Secondly, the Loan Arranger allows a loan analyst to select a subset of loans from the portfolio that match an investor's desired investment characteristics (these subsets of loans are referred to as “bundles”). The loan analyst can either select the bundle manually, or ask the system to select an optimal bundle given the investor's constraints. The Loan Arranger then updates the portfolio when the bundle is purchased by the investor. There are numerous constraints on how this functionality is to be achieved; most mportantly, the Loan Arranger must be usable by more than one analyst at a time.
As a first step in developing the Loan Arranger, the development team meets with a representative from the consolidating organization to formulate a set of requirements.

Image Description: A state diagram for class 'Borrower' showing three states: Good Status, Late Status, and Default Status. There is a start state leading to Good Status. From Good Status, a transition labeled 'All loans are good' points back to Good Status. A transition labeled 'A loan is late' points from Good Status to Late Status. A transition labeled 'A loan is default' points from Good Status to Default Status. From Late Status, a transition labeled 'A loan is late' points back to Late Status. A transition labeled 'All loans are good' points from Late Status to Good Status. A transition labeled 'A loan is default' points from Late Status to Default Status. From Default Status, a transition labeled 'A loan is default' points back to Default Status. There is a final state leading from Default Status.
42.  The following figure represents the state diagram created during design for class “Borrower.” Which of the following statements are true?
a.  Regardless of the state of the borrower, if any loan is default, the borrower is considered in default status.
b.  Regardless of the state of the borrower, if any loan is late, the borrower is considered in late status.
c.  Regardless of the state of the borrower, if any loan is good, the borrower is considered in good status.
d.  A and B.
e.  A and C.
f.  B and C.
g.  None of these.",,"[
  {
    ""role"": ""paragraph"",
    ""segment"": ""The correct option is a."",
    ""citations"": [
      {
        ""type"": ""source_text"",
        ""content"": ""A transition labeled 'A loan is default' points from Good Status to Default Status."",
        ""img_id"": null
      },
      {
        ""type"": ""source_text"",
        ""content"": ""A transition labeled 'A loan is default' points from Late Status to Default Status."",
        ""img_id"": null
      },
      {
        ""type"": ""source_text"",
        ""content"": ""From Default Status, a transition labeled 'A loan is default' points back to Default Status."",
        ""img_id"": null
      }
    ],
    ""type"": null
  }
]",The chatbot can't answer this question. Please try again with another question.,0.46,34.077
"The following questions are in reference to a hypothetical “Loan Arranger” system. The Loan Arranger is meant to assist a “consolidating organization”, a specific type of business in the financial domain.
Bank customers often borrow money from banks; they promise to repay the loan plus interest over a certain period of time. Each of these loans is an ultimately lucrative proposition for the bank, but usually a long period of time is required for the bank to collect its earnings. Also, there is always the chance that a borrower will be unable to repay the loan. Consolidating organizations make money by buying loans from banks and reselling them to investors. Loan analysts, employed by the consolidating organization, work with investors to select a set of loans that meet their requirements in terms of time, risk, and initial purchase price.
The Loan Arranger application has two main types of functionality. First, it tracks all of the loans that are owned by the consolidating organization. (The entire set of loans owned by the organization is known as its “portfolio”.) In order to track loans correctly, the Loan Arranger must interface with the banks to find out about new loans that should be added to the portfolio, or updates to loans that are already in the portfolio. Secondly, the Loan Arranger allows a loan analyst to select a subset of loans from the portfolio that match an investor's desired investment characteristics (these subsets of loans are referred to as “bundles”). The loan analyst can either select the bundle manually, or ask the system to select an optimal bundle given the investor's constraints. The Loan Arranger then updates the portfolio when the bundle is purchased by the investor. There are numerous constraints on how this functionality is to be achieved; most mportantly, the Loan Arranger must be usable by more than one analyst at a time.
As a first step in developing the Loan Arranger, the development team meets with a representative from the consolidating organization to formulate a set of requirements.

Image Description: A state diagram for class 'Borrower' showing three states: Good Status, Late Status, and Default Status. There is a start state leading to Good Status. From Good Status, a transition labeled 'All loans are good' points back to Good Status. A transition labeled 'A loan is late' points from Good Status to Late Status. A transition labeled 'A loan is default' points from Good Status to Default Status. From Late Status, a transition labeled 'A loan is late' points back to Late Status. A transition labeled 'All loans are good' points from Late Status to Good Status. A transition labeled 'A loan is default' points from Late Status to Default Status. From Default Status, a transition labeled 'A loan is default' points back to Default Status. There is a final state leading from Default Status.
43.  TRUE or FALSE: It cannot be determined what state an object of type Borrower will be in when it is created.","
[0]
## Preconditions and Assumptions

- The Loan Arranger system assumes that there already exist lenders, borrowers, and loans from which to choose, and that investors exist who are interested in buying bundles of loans.
- The Loan Arranger system contains a repository of information about loans from a variety of lenders.This repository may be empty.
- At  regular  intervals, each  lender  provides  reports  listing  the  loans  that  it  has made.Loans that have already been purchased by FCO will be indicated on these reports.
- Each loan in the Loan Arranger repository represents an investment to then be bundled and sold with other loans.
- The Loan Arranger system may be used by up to four loan analysts simultaneously.

## High-Level Description of Functionality

1. The Loan Arranger system will receive monthly reports from each lender of new loans issued by that lender.The loans in the report recently purchased by FCO for its investment portfolio will be marked in the report. The Loan Arranger system will use the report information to update its repository of available loans.
2. The Loan Arranger system will receive monthly reports from each lender providing updates about the status of loans issued by that lender.The updated information will include: the current interest rate for an adjustable rate mortgage, and the status of the borrower with respect to the loan (good, late, or default). For loans in the  FCO  portfolio, the  Loan Arranger  will  update  the  data  in  the  repository. Loans not in the FCO portfolio will also be examined in order to determine if a borrower's standing should be updated. FCO will provide each lender with the format for the reports, so that all reports will share a common format.
3. The loan analyst can change individual data records as described in Data Operations.
4. All new data must be validated before they are added to the repository (according to the rules described in Data Constraints).
5. The loan analyst can use the Loan Arranger to identify bundles of loans to sell to particular investors.

## Functional Requirements
","[
  {
    ""role"": ""sentence"",
    ""segment"": ""The initial state is Good Status."",
    ""citations"": [
      {
        ""type"": ""source_text"",
        ""content"": ""There is a start state leading to Good Status."",
        ""img_id"": null
      }
    ],
    ""type"": null
  }
]",The chatbot can't answer this question. Please try again with another question.,0.969,21.092
