question,context,initial_answer,answer,retrieve_time_sec,generate_time_sec
"According to IEEE Standard 729 terminology, what is a fault?","
[0]
[SECTION]: Why Software Engineering? > 1.2 How Successful Have We Been? > SIDEBAR 1.1 TERMINOLOGY FOR DESCRIBING BUGS
[CONTENT]: O ften, we talk about 'bugs'in software,meaning many things that depend on the context.A 'bug' can be a mistake in interpreting a requirement, a syntax error in a piece of code, or the (as-yet-unknown) cause of a system crash. The Institute of Electrical and Electronics Engineers (IEEE) has suggested a standard terminology (in IEEE Standard 729) for describing 'bugs' in our software products (IEEE 1983).
A fault occurs when a human makes a mistake, called an error , in performing some software activity. For example, a designer may misunderstand a requirement and create a design that does not match the actual intent of the requirements analyst and the user.This design fault is an encoding of the error, and it can lead to other faults, such as incorrect code and an incorrect description in a user manual.Thus, a single error can generate many faults, and a fault can reside in any development or maintenance product.
A failure is a departure from the system's required behavior. It can be discovered before or after system delivery, during testing, or during operation and maintenance. As we will see in Chapter 4, the requirements documents can contain faults. So a failure may indicate that the system is not performing as required, even though it may be performing as specified.


[1]
[SECTION]: Why Software Engineering? > 1.2 How Successful Have We Been? > SIDEBAR 1.1 TERMINOLOGY FOR DESCRIBING BUGS
[CONTENT]: Thus, a  fault  is  an  inside  view  of  the  system, as  seen  by  the  eyes  of  the  developers, whereas a failure is an outside view: a problem that the user sees. Not every fault corresponds to a failure; for example, if faulty code is never executed or a particular state is never entered, then the fault will never cause the code to fail. Figure 1.4 shows the genesis of a failure.
[FIGURE_DESCRIPTIONS]
[0] Diagram showing a human chair figure with a scribbled head representing human error, followed by an arrow labeled ""can lead to"" pointing to a stylized bug icon representing fault, followed by another arrow labeled ""can lead to"" pointing to a large question mark and exclamation marks indicating failures. Text visible includes ""human error"" under the chair, and the sequence implies a causal chain: human error → fault → failure. The illustration uses simplistic icons: a seated figure, a bug symbol, and a large punctuation-heavy failure symbol. The layout emphasizes progression from error to fault to failure with two arrows connecting stages.



[2]
[SECTION]: Testing the System > 9.8 Test Documentation > Problem Report Forms
[CONTENT]: Recall from Chapter 1 that a fault is a problem in a system artifact that can cause a system failure; the fault is seen by the developer, and the failure is experienced by the user. During  testing, we  capture  data  about  faults  and  failures  in problem  report  forms . A discrepancy report form is a problem report that describes occurrences of problems where  actual  system  behaviors  or  attributes  do  not  match  with  what  we  expect. It explains what was expected, what actually happened, and the circumstances leading to the  failure. A fault  report  form explains  how  a  fault  was  found  and  fixed, often  in response to the filing of a discrepancy report form.
Every problem report form should answer several questions about the problem it is describing:
 - Location: Where did the problem occur?
 - Timing: When did it occur?
 - Symptom: What was observed?
 - End-result: What were the consequences?
 - Mechanism: How did it occur?
 - Cause: Why did it occur?
 - Severity: How much was the user or business affected?
 - Cost: How much did it cost?
Figure 9.12 is an example of an actual fault report form from a British utility. Notice that a fault number is assigned to each fault, and the developers record the date when they were notified that a problem had occurred as well as the date when the problem's cause was located and fixed. Because developers do not address each problem right away (e.g., because other problems have higher priority), the developers also record the actual number of hours needed to repair this particular fault.


[3]
[SECTION]: Testing the Programs > 8.1 Software Faults And Failures > Orthogonal Defect Classification
[CONTENT]: Chillarege  et  al. (1992)  at  IBM  have  developed  an  approach  to  fault  tracking called orthogonal defect classification , where faults are placed in categories that collectively paint a picture of which parts of the development process need attention because they are responsible for spawning many faults. Thus, the classification scheme must be product-  and  organization-independent, and  be  applicable  to  all  stages  of  development. Table 8.1 lists the types of faults that comprise IBM's classification. When using the classification, the developers identify not only the type of fault, but also whether it is a fault of omission or commission. A fault of omission is one that results when some key aspect of the code is missing; for example, a fault may occur when a variable is not initialized.A fault of commission is one that is incorrect; for example, the variable is initialized to the wrong value.


[4]
[SECTION]: Testing the Programs > 8.1 Software Faults And Failures > Types of Faults
[CONTENT]: In  developing real-time systems, a critical consideration is the coordination of several processes executing simultaneously or in a carefully defined sequence. Timing or coordination faults occur when the code coordinating these events is inadequate. There are two reasons why this kind of fault is hard to identify and correct. First, it is usually difficult for designers and programmers to anticipate all possible system states. Second, because so many factors are involved with timing and processing, it may be impossible to replicate a fault after it has occurred.
Throughput or performance faults occur when the system does not perform at the speed prescribed by the requirements. These are timing problems of a different sort: Time constraints are placed on the system's performance by the customer's requirements rather than by the need for coordination.


[5]
[SECTION]: Testing the System > 9.4 Reliability, Availability, And Maintainability > Definitions
[CONTENT]:  - Minor: a failure not serious enough to cause injury or system damage, but that results in unscheduled maintenance or repair.
","[
  {
    ""role"": ""sentence"",
    ""segment"": ""A fault occurs when a human makes a mistake, called an error, in performing some software activity."",
    ""citations"": [
      {
        ""type"": ""source_text"",
        ""content"": ""A fault occurs when a human makes a mistake, called an error , in performing some software activity."",
        ""img_id"": null
      }
      ,
      {
        ""type"": ""source_text"",
        ""content"": ""IEEE has suggested a standard terminology (in IEEE Standard 729) for describing 'bugs' in our software products (IEEE 1983)."",
        ""img_id"": null
      }
    ],
    ""type"": null
  }
]","A fault occurs when a human makes a mistake, called an error, in performing some software activity.",4.972,11.132
"According to IEEE Standard 729 terminology, what is a failure?","
[0]
[SECTION]: Why Software Engineering? > 1.2 How Successful Have We Been? > SIDEBAR 1.1 TERMINOLOGY FOR DESCRIBING BUGS
[CONTENT]: O ften, we talk about 'bugs'in software,meaning many things that depend on the context.A 'bug' can be a mistake in interpreting a requirement, a syntax error in a piece of code, or the (as-yet-unknown) cause of a system crash. The Institute of Electrical and Electronics Engineers (IEEE) has suggested a standard terminology (in IEEE Standard 729) for describing 'bugs' in our software products (IEEE 1983).
A fault occurs when a human makes a mistake, called an error , in performing some software activity. For example, a designer may misunderstand a requirement and create a design that does not match the actual intent of the requirements analyst and the user.This design fault is an encoding of the error, and it can lead to other faults, such as incorrect code and an incorrect description in a user manual.Thus, a single error can generate many faults, and a fault can reside in any development or maintenance product.
A failure is a departure from the system's required behavior. It can be discovered before or after system delivery, during testing, or during operation and maintenance. As we will see in Chapter 4, the requirements documents can contain faults. So a failure may indicate that the system is not performing as required, even though it may be performing as specified.


[1]
[SECTION]: Why Software Engineering? > 1.2 How Successful Have We Been? > SIDEBAR 1.1 TERMINOLOGY FOR DESCRIBING BUGS
[CONTENT]: Thus, a  fault  is  an  inside  view  of  the  system, as  seen  by  the  eyes  of  the  developers, whereas a failure is an outside view: a problem that the user sees. Not every fault corresponds to a failure; for example, if faulty code is never executed or a particular state is never entered, then the fault will never cause the code to fail. Figure 1.4 shows the genesis of a failure.
[FIGURE_DESCRIPTIONS]
[0] Diagram showing a human chair figure with a scribbled head representing human error, followed by an arrow labeled ""can lead to"" pointing to a stylized bug icon representing fault, followed by another arrow labeled ""can lead to"" pointing to a large question mark and exclamation marks indicating failures. Text visible includes ""human error"" under the chair, and the sequence implies a causal chain: human error → fault → failure. The illustration uses simplistic icons: a seated figure, a bug symbol, and a large punctuation-heavy failure symbol. The layout emphasizes progression from error to fault to failure with two arrows connecting stages.



[2]
[SECTION]: Testing the System > 9.4 Reliability, Availability, And Maintainability > Definitions
[CONTENT]:  - Minor: a failure not serious enough to cause injury or system damage, but that results in unscheduled maintenance or repair.


[3]
[SECTION]: Testing the Programs > 8.1 Software Faults And Failures
[CONTENT]:  - The specification may be wrong or have a missing requirement. The specification may not state exactly what the customer wants or needs. In our example, the customer may actually want to have several categories of authorization, with each category having a different kind of access, but has never stated that need explicitly.
 - The specification  may  contain  a  requirement  that  is  impossible  to  implement, given the prescribed hardware and software.
 - The system design may contain a fault. Perhaps the database and query-language designs make it impossible to authorize users.
 - The program design may contain a fault. The component descriptions may contain an access control algorithm that does not handle this case correctly.
 - The program code may be wrong. It may implement the algorithm improperly or incompletely.
Thus, the failure is the result of one or more faults in some aspect of the system.


[4]
[SECTION]: Testing the Programs > 8.1 Software Faults And Failures
[CONTENT]: In an ideal situation, we as programmers become so good at our craft that every program we produce works properly every time it is run. Unfortunately, this ideal is not reality. The difference between the two is the result of several things. First, many software systems deal with large numbers of states and with complex formulas, activities, and algorithms. In addition to that, we use the tools at our disposal to implement a customer's conception of a system when the customer is sometimes uncertain of exactly what is needed. Finally, the size of a project and the number of people involved can add complexity.Thus, the presence of faults is a function not just of the software, but also of user and customer expectations.
What do we mean when we say that our software has failed? Usually,we mean that the software does not do what the requirements describe. For example, the specification may state that the system must respond to a particular query only when the user is authorized to see the data. If the program responds to an unauthorized user, we say that the system has failed.The failure may be the result of any of several reasons:


[5]
[SECTION]: Delivering the System > 10.2 Documentation > User Help and Troubleshooting
[CONTENT]:  - the contents of any relevant system memory or data pointers, such as registers or stack pointers
 - the nature of the failure, or a failure message number (for cross-reference with the failure message reference guide)
For example, a failure message may appear on the user screen as FAILURE 345A1: STACK OVERFLOW OCCURRED IN: COMPONENT DEFRECD AT LINE: 12300 SEVERITY:
WARNING REGISTER CONTENTS: 0000 0000 1100 1010 1100 1010 1111 0000 PRESS FUNCTION KEY 12 TO CONTINUE The user uses the failure number to refer to the reference guide, whose entry looks like this:
Failure 345A1: Stack overflow.
This problem occurs when more fields are defined for a record than the system can accommodate.The last field defined will not be included in the record.You can change the record size using the Record Maintenance function on the Maintenance menu to prevent this failure in the future.
Notice that the failure message reflects a particular philosophy for handling faults and failures.An alternative system design might have recovered from this failure automatically, either by prompting the user or fixing the record size behind the scenes. In the example presented, it is up to the user to resolve the problem.


[6]
[SECTION]: Testing the System > 9.4 Reliability, Availability, And Maintainability > Failure Data
[CONTENT]: [FIGURE 9.7 Graph of failure data from Table 9.3.] 
","[
    {
        ""role"": ""sentence"",
        ""segment"": ""A failure is a departure from the system's required behavior."",
        ""citations"": [
            {
                ""type"": ""source_text"",
                ""content"": ""A failure is a departure from the system's required behavior."",
                ""img_id"": null
            }
        ],
        ""type"": null
    },
    {
        ""role"": ""sentence"",
        ""segment"": ""a problem that the user sees."",
        ""citations"": [
            {
                ""type"": ""source_text"",
                ""content"": ""a problem that the user sees."",
                ""img_id"": null
            }
        ],
        ""type"": null
    }
]",A failure is a departure from the system's required behavior. a problem that the user sees.,2.508,8.446
"In Garvin's five perspectives on quality, what does the manufacturing view examine?","
[0]
[SECTION]: Why Software Engineering? > 1.3 What Is Good Software? > SIDEBAR 1.2 PERSPECTIVES ON QUALITY
[CONTENT]: G arvin (1984) discusses about how different people perceive quality. He describes quality from five different perspectives:
 - the transcendental view , where quality is something we can recognize but not define
 - the user view , where quality is fitness for purpose
 - the manufacturing view , where quality is conformance to specification
 - the product view , where quality is tied to inherent product characteristics
 - the value-based view , where quality depends on the amount the customer is willing to pay for it The transcendental view is much like Plato's description of the ideal or Aristotle's concept of form. In other words, just as every actual table is an approximation of an ideal table, we can think of software quality as an ideal toward which we strive; however, we may never be able to implement it completely.
The transcendental view is ethereal, in contrast to the more concrete view of the user. We take a user view when we measure product characteristics, such as defect density or reliability, in order to understand the overall product quality.


[1]
[SECTION]: Why Software Engineering? > 1.3 What Is Good Software? > SIDEBAR 1.2 PERSPECTIVES ON QUALITY
[CONTENT]: The manufacturing view looks at quality during production and after delivery. In particular, it examines whether the product was built right the first time, avoiding costly rework to fix delivered faults. Thus, the manufacturing view is a process view, advocating conformance to good process. However, there is little evidence that conformance to process actually results in products with fewer faults and failures; process may indeed lead to high-quality products, but it may possibly institutionalize the production of mediocre products.We examine some of these issues in Chapter 12.
The user and manufacturing views look at the product from the outside, but the product view peers inside and evaluates a product's inherent characteristics.This view is the one often advocated by software metrics experts; they assume that good internal quality indicators will lead to good external ones, such as reliability and maintainability. However, more research is needed to verify these assumptions and to determine which aspects of quality affect the product's actual use.We may have to develop models that link the product view to the user view.


[2]
[SECTION]: Why Software Engineering? > 1.3 What Is Good Software? > SIDEBAR 1.2 PERSPECTIVES ON QUALITY
[CONTENT]: Customers or marketers often take a user view of quality. Researchers sometimes hold a product view, and the development team has a manufacturing view. If the differences in viewpoints are not made explicit, then confusion and misunderstanding can lead to bad decisions and  poor  products. The  value-based  view  can  link  these  disparate  pictures  of  quality. By equating quality to what the customer is willing to pay, we can look at trade-offs between cost and  quality, and  we  can  manage  conflicts  when  they  arise. Similarly, purchasers  compare product costs with potential benefits, thinking of quality as value for money.
Kitchenham and Pfleeger (1996) investigated the answer to this question in their introduction to a special issue of IEEE Software on quality. They note that the context helps to determine the answer. Faults tolerated in word processing software may not be acceptable in safety-critical or mission-critical systems. Thus, we must consider quality in at least three ways: the quality of the product, the quality of the process that results in the product, and the quality of the product in the context of the business environment in which the product will be used.


[3]
[SECTION]: Why Software Engineering? > 1.3 What Is Good Software? > Quality in the Context of the Business Environment
[CONTENT]: When the focus of quality assessment is on products and processes, we usually measure quality with mathematical expressions involving faults, failures, and timing. Rarely is the scope broadened to include a business perspective, where quality is viewed in terms of the products and services being provided by the business in which the software is embedded. That is, we look at the technical value of our products, rather than more broadly at their business value, and we make decisions based only on the resulting products' technical quality. In other words, we assume that improving technical quality will automatically translate into business value.
Several researchers have taken a close look at the relationships between business value and technical value. For example, Simmons interviewed many Australian businesses  to  determine  how  they  make  their  information  technology-related  business decisions. She  proposes  a  framework  for  understanding  what  companies  mean  by 'business value' (Simmons 1996). In a report by Favaro and Pfleeger (1997), Steve Andriole, chief information officer for Cigna Corporation, a large U.S. insurance company, described how his company distinguishes technical value from business value:


[4]
[SECTION]: Why Software Engineering? > 1.3 What Is Good Software? > The Quality of the Product
[CONTENT]: The software must also be judged by those who are designing and writing the code and by those who must maintain the programs after they are written.These practitioners tend to look at internal characteristics of the products, sometimes even before the product is delivered to the user. In particular, practitioners often look at numbers and types of faults for evidence of a product's quality (or lack of it). For example, developers track the number of faults found in requirements, design, and code inspections and use them as indicators of the likely quality of the final product.
For this reason, we often build models to relate the user's external view to the developer's internal view of the software. Figure 1.5 is an example of an early quality model built by McCall and his colleagues to show how external quality factors (on the left-hand side) relate to product quality criteria (on the right-hand side). McCall associated each right-hand criterion with a measurement to indicate the degree to which an element of quality was addressed (McCall, Richards, and Walters 1977).We will examine several product quality models in Chapter 12.


[5]
[SECTION]: Why Software Engineering? > 1.3 What Is Good Software?
[CONTENT]: Just as manufacturers look for ways to ensure the quality of the products they produce, so too must software engineers find methods to ensure that their products are of acceptable quality and utility.Thus,good software engineering must always include a strategy for producing quality software.But before we can devise a strategy,we must understand what we mean by quality software. Sidebar 1.2 shows us how perspective influences what we mean by 'quality.' In this section, we examine what distinguishes good software from bad.
","[
    {
        ""role"": ""sentence"",
        ""segment"": ""The manufacturing view looks at quality during production and after delivery. In particular, it examines whether the product was built right the first time, avoiding costly rework to fix delivered faults. Thus, the manufacturing view is a process view, advocating conformance to good process."",
        ""citations"": [
            {
                ""type"": ""source_text"",
                ""content"": ""The manufacturing view looks at quality during production and after delivery. In particular, it examines whether the product was built right the first time, avoiding costly rework to fix delivered faults. Thus, the manufacturing view is a process view, advocating conformance to good process."",
                ""img_id"": null
            }
        ],
        ""type"": null
    }
]","The manufacturing view looks at quality during production and after delivery. In particular, it examines whether the product was built right the first time, avoiding costly rework to fix delivered faults. Thus, the manufacturing view is a process view, advocating conformance to good process.",2.695,6.981
What are the three categories into which participants in a software project usually fall?,"
[0]
[SECTION]: Why Software Engineering? > 1.4 Who Does Software Engineering?
[CONTENT]: A key component of software development is communication between customer and developer; if that fails, so too will the system. We must understand what the customer wants and needs before we can build a system to help solve the customer's problem.To do this, let us turn our attention to the people involved in software development.
The  number  of  people  working  on  software  development  depends  on  the project's  size  and  degree  of  difficulty. However, no  matter  how  many  people  are involved, the roles played throughout the life of the project can be distinguished.Thus, for a large project, one person or a group may be assigned to each of the roles identified; on a small project, one person or group may take on several roles at once.
Usually, the participants in a project fall into one of three categories: customer, user, or developer.The customer is the company, organization, or person who is paying for the software system to be developed.The developer is the company, organization, or person who is building the software system for the customer.This category includes any managers needed to coordinate and guide the programmers and testers.The user is the person or people who will actually use the system: the ones who sit at the terminal or submit the data or read the output. Although for some projects the customer, user, and developer are the same person or group,often these are different sets of people.Figure 1.7 shows the basic relationships among the three types of participants.


[1]
[SECTION]: Planning and Managing the Project > 3.2 Project Personnel > Staff Roles and Characteristics
[CONTENT]: On every software development or maintenance project, members of the development team communicate with one another, with users, and with the customer. The project's progress is affected not only by the degree of communication, but also by the ability  of  individuals  to  communicate  their  ideas. Software  failures  can  result  from  a breakdown in communication and understanding, so the number of people who need to communicate with one another can affect the quality of the resulting product. Figure 3.9 shows us how quickly the lines of communication can grow. Increasing a work team from two to three people triples the number of possible lines of communication. In general, if a project has n workers, then there are pairs of people who might need  to  communicate, and possible  teams  that  can  be  created  to  work  on smaller pieces of the project.Thus, a project involving only 10 people can use 45 lines of communication,and there are 1023 possible committees or teams that can be formed to handle subsystem development! 2 n -1 n 1 n -1 2> 2 Many projects involve several people who must share responsibility for completing one or more activities. Those working on one aspect of project development must trust other team members to do their parts. In classes, you are usually in total control of the  projects  you  do. You  begin  with  the  requirements  (usually  prescribed  by  your instructor), design a solution to the problem, outline the code, write the actual lines of code, and  test  the  resulting  programs. However, when  working  in  a  team, either  in school or for an employer or customer, you must be able to share the workload. Not only does this require verbal communication of ideas and results, but it also requires written  documentation of what you plan to do and what you have done. You must Two people accept the results of others without redoing their work. Many people have difficulty in sharing control in this way.


[2]
[SECTION]: Why Software Engineering? > 1.4 Who Does Software Engineering?
[CONTENT]: [FIGURE 1.7 Participants in software development.] 
[FIGURE_DESCRIPTIONS]
[0] Diagram illustrating software engineering theory and practice workflow with labeled entities and relationships. Includes a user on the left labeled “USER” using a system and generating a software system artifact. At the top left, a customer labeled “CUSTOMER” with text “Sponsors system development” and an arrow pointing toward the developer side, indicating funding or requirements. Center-right shows a developer figure building a system atop a desk with a blocky stack, with labels such as “DEVELOPER” and “Builds system.” Between these roles, arrows labeled “Uses system” from the user to the software system and “Software system” flowing toward the developer imply a bidirectional flow. A midline label “Contractual obligation” connects sponsors/customers to the developer. Text elements include “Need” arrows and double-headed arrows representing the transfer of needs to the software system, and a diagonal triple-arrow motif suggesting constraints or flow. The overall composition conveys interaction among customer, user, and developer with emphasis on requirements, software system, and construction workflow.



[3]
[SECTION]: Why Software Engineering? > 1.7 Members Of The Development Team
[CONTENT]: The  development  roles  can  be  assumed  by  one  person  or  several. For  small projects, two  or  three  people  may  share  all  roles. However, for  larger  projects, the development team is often separated into distinct groups based on their function in development. Sometimes, those who maintain the system are different from those who design or write the system initially. For a very large development project, the customer can even hire one company to do the initial development and another to do the maintenance. As we discuss the development and maintenance activities in later chapters, we will look at what skills are needed by each type of development role.


[4]
[SECTION]: Planning and Managing the Project > 3.2 Project Personnel > SIDEBAR 3.2 STRUCTURE VS. CREATIVITY
[CONTENT]: The experts in Kunde's article claim that good project management means finding a balance between structure and creativity. Left to their own devices, the software developers will focus only on functionality and creativity, disregarding deadlines and the scope of the specification. Many  software  project  management  experts  made  similar  claims. Unfortunately, much of this information is based on anecdote, not on solid empirical investigation.
The two types of organizational structure can be combined, where appropriate. For instance, programmers may be asked to develop a subsystem on their own, using an egoless approach within a hierarchical structure. Or the test team of a loosely structured project may impose a hierarchical structure on itself and designate one person to be responsible for all major testing decisions.


[5]
[SECTION]: Planning and Managing the Project > 3.2 Project Personnel > Work Styles
[CONTENT]: Work styles can also involve choice of worker for a given task.For instance,intuitive employees may prefer design and development (requiring new ideas) to maintenance programming and design (requiring attention to detail and analysis of complex results).
","[
  {
    ""role"": ""sentence"",
    ""segment"": ""Usually, the participants in a project fall into one of three categories: customer, user, or developer."",
    ""citations"": [
      {
        ""type"": ""source_text"",
        ""content"": ""Usually, the participants in a project fall into one of three categories: customer, user, or developer."",
        ""img_id"": null
      }
    ],
    ""type"": null
  }
]","Usually, the participants in a project fall into one of three categories: customer, user, or developer.",1.882,3.635
What is the purpose of McCall’s quality model?,"
[0]
[SECTION]: Evaluating Products, Processes, and Resources > 12.4 Evaluating Products > Product Quality Models
[CONTENT]: There are several quality models that suggest ways to tie together different quality attributes. Each model helps us to understand how the several facets contribute to the whole. Often, we narrow our focus and think only about faults and failures; these models show us that quality is much broader.When we evaluate the quality of development products, we must see this bigger picture.
Boehm's Model. There are many software quality models, and Boehm and colleagues have constructed one of the best-known, shown in Figure 12.2. It is similar to McCall's in that it presents a hierarchy of characteristics, each of which contributes to overall quality (Boehm et al. 1978). Note that Boehm's notion of successful software includes the needs and expectations of users, as does McCall's; however, Boehm also includes characteristics of hardware performance that are missing in the McCall model. Let us examine Boehm's model in more detail.
Boehm's model begins with the general utility of the software. Thus, Boehm and his colleagues are asserting that first and foremost, a software system must be useful. If it is not, then its development has been a waste of time, money, and effort.We can consider utility in several ways, corresponding to the types of users who remain involved once the system is delivered.


[1]
[SECTION]: Evaluating Products, Processes, and Resources > 12.4 Evaluating Products
[CONTENT]: We have seen that software development produces a large number of artifacts: requirements, designs, code components, test cases, test scripts, user guides, cross-references, and more.In each case, we can examine a product to determine if it has desirable attributes.That is, we can ask whether a document, file, or system has certain properties, such as completeness, consistency, reliability, or maintainability. And we can use the notions of quality, such as the McCall model introduced in Chapter 1, to provide a framework for our questions.


[2]
[SECTION]: Why Software Engineering? > 1.3 What Is Good Software? > The Quality of the Product
[CONTENT]: The software must also be judged by those who are designing and writing the code and by those who must maintain the programs after they are written.These practitioners tend to look at internal characteristics of the products, sometimes even before the product is delivered to the user. In particular, practitioners often look at numbers and types of faults for evidence of a product's quality (or lack of it). For example, developers track the number of faults found in requirements, design, and code inspections and use them as indicators of the likely quality of the final product.
For this reason, we often build models to relate the user's external view to the developer's internal view of the software. Figure 1.5 is an example of an early quality model built by McCall and his colleagues to show how external quality factors (on the left-hand side) relate to product quality criteria (on the right-hand side). McCall associated each right-hand criterion with a measurement to indicate the degree to which an element of quality was addressed (McCall, Richards, and Walters 1977).We will examine several product quality models in Chapter 12.


[3]
[SECTION]: Why Software Engineering? > 1.3 What Is Good Software? > The Quality of the Product
[CONTENT]: [FIGURE 1.5 McCall's quality model.] 
[FIGURE_DESCRIPTIONS]
[0] A diagram featuring multiple left-aligned labeled rectangular blocks connected by rightward arrows to corresponding right-aligned blocks, illustrating cross-link relationships. Left side lists discrete quality attributes such as Correctness, Reliability, Efficiency, Integrity, Usability, Maintainability, Testability, Flexibility, Portability, Reusability, and Interoperability. Each left label is connected through a network of arrows to one or more right-side terms, indicating mapping or traceability between conceptual properties and actionable or measurable characteristics. The right column contains terms like Fluency, Compliance, Consistency, Accuracy, Error Tolerance, Training, Accessibility, Simplicity, Generality, Modularity, and various system attributes, suggesting a taxonomy or crosswalk between theory and practice. The diagram emphasizes traceability, measurement criteria, and the interdependence of software engineering quality dimensions. The visual is monochrome with clear rectangular nodes and directional connectors, suitable for highlighting methodological mappings in software quality analysis.



[4]
[SECTION]: Evaluating Products, Processes, and Resources > 12.4 Evaluating Products > Product Quality Models
[CONTENT]: The standard recommends measuring the right-hand characteristics directly, but it does not give details about how the measurement is to be done.
One major difference between the ISO model and those of McCall and Boehm is that the ISO hierarchy is strict: each right-hand characteristic is related only to exactly one left-hand attribute. Moreover, the right-hand characteristics are related to the user view of the software, rather than to an internal, developer view.
These models, and many others, are helpful in articulating just what it is that we value in the software we build and use. But none of the models includes a rationale for why some characteristics are included and others left out, and for where in the hierarchy a particular attribute appears. For example, why do none of the models include safety? And why is portability a top-level characteristic in the ISO 9126 model, rather than a subcharacteristic? In addition, there is no guidance about how to compose lower-level characteristics into higher-level ones, to produce an overall assessment of quality.These problems make it difficult for us to determine if a given model is complete or consistent.


[5]
[SECTION]: Evaluating Products, Processes, and Resources > 12.4 Evaluating Products > Product Quality Models
[CONTENT]:  - machine independence
 - separability
 - configurability
 - client orientation
 - well-definedness
 - assurance
 - effectiveness
 - identifying a set of high-level quality attributes
 - identifying the product components
 - identifying and classifying the most significant, tangible, quality-carrying properties for each component
 - proposing a set of axioms for linking product properties to quality attributes
 - evaluating the model, identifying its weaknesses, and refining or re-creating it Clearly, these steps can be used to produce models for requirements, designs, code, and other development products, and each model will reflect product and project goals.
","[
    {
        ""role"": ""sentence"",
        ""segment"": ""McCall’s quality model was designed to show how external quality factors relate to product quality criteria."",
        ""citations"": [
            {
                ""type"": ""source_text"",
                ""content"": ""Figure 1.5 is an example of an early quality model built by McCall and his colleagues to show how external quality factors (on the left-hand side) relate to product quality criteria (on the right-hand side)."",
                ""img_id"": null
            }
        ],
        ""type"": null
    }
]",McCall’s quality model was designed to show how external quality factors relate to product quality criteria.,1.782,4.33
"What does a software engineer focus on, as opposed to investigating hardware design or proving algorithms?","
[0]
[SECTION]: The Future of Software Engineering > 14.4 The Professionalization Of Software Engineering: Licensing, Certification, And Ethics > Software Engineering Education
[CONTENT]: As such, software engineering is more general, is more applied, and has a broader scope than computer science. At its core, computer science focuses on data, data transformation, and algorithms; advanced courses present designs and programming techniques for specific  application  domains. In  contrast, software  engineering  focuses  on building software products. It looks at all the activities involved in developing a software system from initial idea to final product. Moreover, software engineering design concepts tend  to  focus  on  general-purpose  design  principles, patterns, and  criteria; advanced courses present design and analysis techniques that scale to large software systems.
Although it is tempting to try to classify software engineering as just another branch of engineering, this 'natural' mapping has a fatal flaw: whereas most engineers produce physical artifacts that are deployed in the real world and obey physical laws, software engineers produce software artifacts that are deployed on computers (which are artificial  worlds)  and  obey  the  laws  and  limits  of  computing. Most  noticeably, a physical artifact has continuous behavior, which means that we can test the product in one situation and extrapolate how it will behave in related situations. Software artifacts cannot  exhibit  continuous  behavior, which  means  that  similar  inputs  may  result  in wildly  different  output  values. Also, software  is  implemented  using  discrete-valued variables, and  the  imprecision  introduced  by  such  variables  can  accumulate  in  long computations.'Off by one' errors in other engineering disciplines are inconsequential, but such errors in software are disastrous. Thus, many of the traditional modeling and evaluation techniques in the engineer's standard toolkit are inappropriate for software. Software's flexibility and malleability belie its complexity; even small changes can have large effects, so design and testing are often far more difficult than in other engineering domains.


[1]
[SECTION]: Why Software Engineering? > 1.1 What Is Software Engineering? > Where Does the Software Engineer Fit In?
[CONTENT]: To understand how a software engineer fits into the computer science world, let us look to another discipline for an example. Consider the study of chemistry and its use to solve problems. The chemist investigates chemicals: their structure, their interactions, and  the  theory  behind  their  behavior. Chemical  engineers  apply  the  results  of  the chemist's studies to a variety of problems. Chemistry as viewed by chemists is the object of study. On the other hand, for a chemical engineer, chemistry is a tool to be used to address a general problem (which may not even be 'chemical' in nature).
We can view computing in a similar light. We can concentrate on the computers and programming languages, or we can view them as tools to be used in designing and implementing a solution to a problem. Software engineering takes the latter view, as shown in  Figure  1.3. Instead  of  investigating  hardware  design  or  proving  theorems about how algorithms work,a software engineer focuses on the computer as a problemsolving tool. We will see later in this chapter that a software engineer works with the functions of a computer as part of a general solution, rather than with the structure or theory of the computer itself.


[2]
[SECTION]: Why Software Engineering? > 1.1 What Is Software Engineering?
[CONTENT]: As software engineers, we use our knowledge of computers and computing to help solve problems. Often the problem with which we are dealing is related to a computer or an existing computer system, but sometimes the difficulties underlying the problem have nothing to do with computers.Therefore, it is essential that we first understand the nature of the problem. In particular, we must be very careful not to impose computing machinery or techniques on every problem that comes our way. We must solve the problem first. Then, if need be, we can use technology as a tool to implement our solution. For the remainder of this book, we assume that our analysis has shown that some kind of computer system is necessary or desirable to solve a particular problem at hand.


[3]
[SECTION]: Why Software Engineering? > 1.4 Who Does Software Engineering?
[CONTENT]: Thus, the  notion  of 'system' is  important  in  software  engineering, not  only  for understanding the problem analysis and solution synthesis, but also for organizing the development process and for assigning appropriate roles to the participants. In the next section, we look at the role of a systems approach in good software engineering practice.


[4]
[SECTION]: Why Software Engineering? > 1.1 What Is Software Engineering? > Solving Problems
[CONTENT]: Most problems are large and sometimes tricky to handle, especially if they represent something new that has never been solved before. So we must begin investigating a problem by analyzing it, that is, by breaking it into pieces that we can understand and try to deal with. We can thus describe the larger problem as a collection of small problems and their interrelationships. Figure 1.1 illustrates how analysis works. It is important  to  remember  that  the  relationships  (the  arrows  in  the  figure, and  the  relative positions of the subproblems) are as essential as the subproblems themselves. Sometimes, it is the relationships that hold the clue to how to solve the larger problem, rather than simply the nature of the subproblems.


[5]
[SECTION]: Why Software Engineering? > 1.2 How Successful Have We Been?
[CONTENT]: Writing software is an art as well as a science, and it is important for you as a student of computer science to understand why. Computer scientists and software engineering researchers study computer mechanisms and theorize about how to make them more productive or efficient. However, they also design computer systems and write programs to perform tasks on those systems, a practice that involves a great deal of art, ingenuity, and skill. There may be many ways to perform a particular task on a particular system, but some are better than others. One way may be more efficient, more precise, easier to modify, easier to use, or easier to understand. Any hacker can write code to make something work, but it takes the skill and understanding of a professional software engineer to produce code that is robust, easy to understand and maintain, and does its job in the most efficient and effective way possible. Consequently, software engineering is about designing and developing high-quality software.
","[
    {
        ""role"": ""sentence"",
        ""segment"": ""Instead of investigating hardware design or proving theorems about how algorithms work, a software engineer focuses on the computer as a problem-solving tool."",
        ""citations"": [
            {
                ""type"": ""source_text"",
                ""content"": ""Instead of investigating hardware design or proving theorems about how algorithms work,a software engineer focuses on the computer as a problemsolving tool."",
                ""img_id"": null
            }
        ],
        ""type"": null
    }
]","Instead of investigating hardware design or proving theorems about how algorithms work, a software engineer focuses on the computer as a problem-solving tool.",1.786,6.908
What is an abstraction?,"
[0]
[SECTION]: Designing the Modules > 6.2 Design Principles > Abstraction
[CONTENT]: An abstraction is a model or representation that omits some details so that it can focus on other details. The definition is vague about which details are left out of a model,
because  different  abstractions, built  for  different  purposes, omit  different  kinds  of details. For this reason, it may be easier to understand the general notion of abstraction by reviewing the types of abstractions we have encountered already.
We  discussed  decomposition  in  Chapter  5. Figure  5.5  was  an  example  of  a decomposition hierarchy : a frequently used form of abstraction in which the system is divided into subsystems, which in turn are divided into sub-subsystems, and so on. The top level of the decomposition provides a system-level overview of the solution, hiding details that might otherwise distract us from the design functions and features we want to study and understand.As we move to lower levels of abstraction, we find more detail about each software unit, in terms of its major elements and the relations among those elements. In this way, each level of abstraction hides information about how its elements  are  further  decomposed. Instead, each  element  is  described  by  an interface specification , another type of abstraction that focuses on the element's external behaviors and avoids any reference to the element's internal design details; those details are revealed in models at the next level of decomposition.


[1]
[SECTION]: Designing the Modules > 6.2 Design Principles > Abstraction
[CONTENT]: The key to writing good abstractions is determining, for a particular model, which details  are  extraneous  and  can  therefore  be  ignored. The  nature  of  the  abstraction depends on why we are building the model in the first place: what information we want to communicate, or what analysis we want to perform. Sidebar 6.3 illustrates how we can model different abstractions of an algorithm for different purposes.


[2]
[SECTION]: Why Software Engineering? > 1.8 How Has Software Engineering Changed? > Wasserman's Discipline of Software Engineering
[CONTENT]: Typically, abstraction involves identifying classes of objects that allow us to group items together; this way, we can deal with fewer things and concentrate on the commonalities of the items in each class. We can talk of the properties or attributes of the items  in  a  class  and  examine  the  relationships  among  properties  and  classes. For example, suppose we are asked to build an environmental monitoring system for a large and complex river.The monitoring equipment may involve sensors for air quality, water quality, temperature, speed, and other characteristics of the environment. But, for our purposes, we may choose to define a class called 'sensor'; each item in the class has certain properties, regardless of the characteristic it is monitoring: height, weight, electrical requirements, maintenance schedule, and so on. We can deal with the class, rather than its elements, in learning about the problem context, and in devising a solution. In this way, the classes help us to simplify the problem statement and focus on the essential elements or characteristics of the problem.
We can form hierarchies of abstractions, too. For instance, a sensor is a type of electrical device, and we may have two types of sensors: water sensors and air sensors.


[3]
[SECTION]: The Future of Software Engineering > 14.1 How Have We Done? > Wasserman's Steps to Maturity
[CONTENT]: We began this book by presenting Wasserman's eight steps toward a more mature discipline of software engineering. Having examined current software engineering practices in  more  depth  in  the  intervening  chapters, we  return  to  Wasserman's  points  as  a roadmap for future work.
 - Abstraction . We have seen how abstraction helps us to focus on the essence of a problem, and  how  it  differs  from  transformation. We  must  continue  to  use abstraction to find patterns not only in designs and code but also in requirements, in work habits, in user preferences, in test cases and strategies, and in the general way we approach a problem and try to solve it. Abstraction can be the basis for new ways of learning, teaching, and problem solving.


[4]
[SECTION]: Designing the Modules > 6.2 Design Principles > Abstraction
[CONTENT]: As we saw in Chapter 5, there may not be a single decomposition of the system. Rather, we  may  create  several  decompositions  that  show  different  structures. For instance, one view may show the system's different runtime processes and their interconnections, and another view may show the system's decomposition into code units. Each of these views is an abstraction that highlights one aspect of the system's structural  design  (e.g., runtime  processes)  and  ignores  other  structural  information  (e.g., code units) and nonstructural details.
A fourth type of abstraction is the virtual machine , such as that in a layered architecture. Each layer i in the architecture uses the services provided by the layer i -1 below it, to create more powerful and reliable services, which it then offers to the layer i + 1 above it. Recall that in a true layered architecture, a layer can access only those services offered by the layer directly below it, and cannot access the services of lowerlevel layers (and certainly not the services of the higher-level layers).As such, layer i is a virtual machine that abstracts away the details of the lower-level layers and presents only its services to the next layer; the guiding design principle is that layer i 's services are improvements over the lower-layers' services and thus supersede them.


[5]
[SECTION]: Designing the Modules > 6.2 Design Principles > SIDEBAR 6.3 USING ABSTRACTION
[CONTENT]: W e  can  use  abstraction  to  view  different  aspects  of  our  design. Suppose  that  one  of the system functions is to sort the elements of a list L. The initial description of the design is Sort L in nondecreasing order The next level of abstraction may be a particular algorithm:
The algorithm provides a great deal of additional information. It tells us the procedure that will be used to perform the sort operation on L. However, it can be made even more detailed.The third and final algorithm describes exactly how the sorting operation will work:
Each level of abstraction serves a purpose. If we care only about what L looks like before and after sorting, then the first abstraction provides all the information we need. If we are concerned about the speed of the algorithm, then the second level of abstraction provides sufficient detail to analyze the algorithm's complexity. However, if we are writing code for the sorting operation, the third level of abstraction tells us exactly what is to happen; little additional information is needed.
","[
    {
        ""role"": ""sentence"",
        ""segment"": ""An abstraction is a model or representation that omits some details so that it can focus on other details."",
        ""citations"": [
            {
                ""type"": ""source_text"",
                ""content"": ""An abstraction is a model or representation that omits some details so that it can focus on other details."",
                ""img_id"": null
            }
            ]
        ,
        ""type"": null
    }
]",An abstraction is a model or representation that omits some details so that it can focus on other details.,1.406,5.63
What does a process prescribe?,"
[0]
[SECTION]: Modeling the Process and Life Cycle > 2.1 The Meaning Of Process
[CONTENT]: When we provide a service or create a product, whether it be developing software, writing  a  report, or  taking  a  business  trip, we  always  follow  a  sequence  of  steps  to accomplish a set of tasks.The tasks are usually performed in the same order each time; for example, you do not usually put up the drywall before the wiring for a house is installed or bake a cake before all the ingredients are mixed together.We can think of a set of ordered tasks as a process : a series of steps involving activities, constraints, and resources that produce an intended output of some kind.
A process usually involves a set of tools and techniques, as we defined them in Chapter 1.Any process has the following characteristics:
 - The process prescribes all of the major process activities.
 - The process uses resources, subject to a set of constraints (such as a schedule), and produces intermediate and final products.
 - The process may be composed of subprocesses that are linked in some way. The process may be defined as a hierarchy of processes, organized so that each subprocess has its own process model.
 - Each process activity has entry and exit criteria, so that we know when the activity begins and ends.
 - The activities are organized in a sequence, so that it is clear when one activity is performed relative to the other activities.


[1]
[SECTION]: Modeling the Process and Life Cycle > 2.2 Software Process Models > Waterfall Model
[CONTENT]: [FIGURE 2.1 The waterfall model.] 
The waterfall model has been used to prescribe software development activities in a variety of contexts. For example, it was the basis for software development deliverables in U.S. Department of Defense contracts for many years, defined in Department of Defense Standard 2167-A. Associated with each process activity were milestones and deliverables, so that project managers could use the model to gauge how close the project was to completion at a given point in time. For instance, 'unit and integration testing' in the waterfall ends with the milestone 'code modules written, tested, and integrated'; the intermediate deliverable is a copy of the tested code. Next, the code can be turned over to the system testers so it can be merged with other system components (hardware or software) and tested as a larger whole.
The waterfall model can be very useful in helping developers lay out what they need to do. Its simplicity makes it easy to explain to customers who are not familiar with software development; it makes explicit which intermediate products are necessary  in  order  to  begin  the  next  stage  of  development. Many  other, more  complex models are really just embellishments of the waterfall, incorporating feedback loops and extra activities.


[2]
[SECTION]: Modeling the Process and Life Cycle > 2.2 Software Process Models > SIDEBAR 2.3 COLLECTIONS OF PROCESS MODELS
[CONTENT]: As the developers and customers learn about the problem, they integrate their knowledge of domains, technology, and business to produce an appropriate solution. By viewing development as a collection of coordinating processes, we can see the effects of learning, technical  communication, customer  interaction, and  requirements  negotiation. Current  models that prescribe a series of development tasks 'provide no help in analyzing how much new information must be learned by the project staff, how discrepant requirements should be negotiated, how a design team can resolve architectural conflicts, and how these and similar factors contribute to a project's inherent uncertainty and risk' (Curtis, Krasner, and Iscoe 1988). However, when we include models of cognitive, social, and organizational processes, we begin to see the causes of bottlenecks and inefficiency. It is this insight that enables managers to understand and control the development process.And by aggregating behavior across layers of models, we can see how each model contributes to or compounds the effects of another model's factors.
No matter what process model is used, many activities are common to all. As we investigate software engineering in later chapters, we will examine each development activity to see what it involves and to find out what tools and techniques make us more effective and productive.


[3]
[SECTION]: Why Software Engineering? > 1.6 An Engineering Approach > Building a House
[CONTENT]: At the same time,we must recognize that we cannot prescribe the activities of building a house exactly; we must leave room for decisions based on experience, to deal with unexpected or nonstandard situations. For example, many houses are fashioned from preexisting components; doors are supplied already in the frame, bathrooms use pre-made shower stalls, and so on. But the standard house-building process may have to be altered to accommodate an unusual feature or request. Suppose that the framing is done, the drywall is up, the subfloor is laid, and the next step is putting down tile on the bathroom floor. The builders find, much to their dismay, that the walls and floor are not exactly square. This problem may not be the result of a poor process;houses are built from parts that have some natural or manufacturing variation,so problems of inexactitude can occur.The floor tile, being composed of small squares, will highlight the inexactitude if laid the standard way. It is here that art and expertise come to play.The builder is likely to remove the tiles from their backing,and lay them one at a time,making small adjustments with each one so that the overall variation is imperceptible to all but the most discerning eyes.


[4]
[SECTION]: Modeling the Process and Life Cycle > 2.1 The Meaning Of Process
[CONTENT]: A process is more than a procedure.We saw in Chapter 1 that a procedure is like a recipe: a structured way of combining tools and techniques to produce a product. A process is a collection of procedures, organized so that we build products to satisfy a set of goals or standards. In fact, the process may suggest that we choose from several procedures, as long as the goal we are addressing is met. For instance, the process may require that we check our design components before coding begins. The checking can be done using informal reviews or formal inspections, each an activity with its own procedure, but both addressing the same goal.
The process structure guides our actions by allowing us to examine, understand, control, and improve the activities that comprise the process. To see how, consider the process of making chocolate cake with chocolate icing.The process may contain several procedures, such as buying the ingredients and finding the appropriate cooking utensils.
","[
  {
    ""role"": ""sentence"",
    ""segment"": ""The process prescribes all of the major process activities."",
    ""citations"": [
      {
        ""type"": ""source_text"",
        ""content"": ""The process prescribes all of the major process activities."",
        ""img_id"": null
      }
    ],
    ""type"": null
  }
]",The process prescribes all of the major process activities.,1.32,3.099
What does prototyping mean in the context of user interface prototyping?,"
[0]
[SECTION]: Designing the Architecture > 5.7 Architecture Evaluation And Refinement > Prototyping
[CONTENT]: In the design phase, prototyping is used to answer design questions, compare design alternatives, test complex interactions, or explore the effects of change requests.A prototype omits many of the details of functionality and performance that will be part of the real  system, so  that  we  can  focus  narrowly  on  particular  aspects  of  the  system. For example,a small team may generate a prototype for each design issue to be resolved: one prototype for modeling the user interface, one for certifying that a purchased component is compatible with our design, one for testing the network performance between remote processes,one for each security tactic being considered,and so on.The final design is then a synthesis of the answers obtained from the individual prototypes.


[1]
[SECTION]: Designing the Architecture > 5.7 Architecture Evaluation And Refinement > Prototyping
[CONTENT]: An extreme version of this approach is called rapid prototyping , in which we progressively refine the prototype until it becomes the final system. We start with a prototype of the requirements, in the form of a preliminary user interface that simulates the system's responses to user input. In successive iterations of the prototype, we flesh out the system's design and implementation, providing the functionality promised by the initial user interface. In many ways, rapid prototyping resembles an agile development process, in that the system's development is iterative and there is continual feedback from the customer. The difference is that the initial prototype is a user-interface shell rather than the core of the operational system.


[2]
[SECTION]: Why Software Engineering? > 1.8 How Has Software Engineering Changed? > Wasserman's Discipline of Software Engineering
[CONTENT]:  - help the user or customer identify the key requirements of a system
 - demonstrate the feasibility of a design or approach Prototyping is often used to design a good user interface : the part of the system with which the user interacts. However, there are other opportunities for using prototypes, even in embedded systems (i.e., in systems where the software functions are not explicitly visible to the user). The prototype can show the user what functions will be available, regardless of whether they are implemented in software or hardware. Since the user interface is, in a sense, a bridge between the application domain and the software development team, prototyping can bring to the surface issues and assumptions that may not have been clear using other approaches to requirements analysis.We will consider the role of user interface prototyping in Chapters 4 and 5.
Software Architecture. The overall architecture of a system is important not only to the ease of implementing and testing it, but also to the speed and effectiveness of maintaining  and  changing  it. The  quality  of  the  architecture  can  make  or  break  a  system; indeed, Shaw and Garlan (1996) present architecture as a discipline on its own whose effects are felt throughout the entire development process.The architectural structure of a system should reflect the principles of good design that we will study in Chapters 5 and 7.


[3]
[SECTION]: Capturing the Requirements > 4.7 Prototyping Requirements
[CONTENT]: and feel' for the user's interaction with the proposed system. The prototype interfaces would be difficult to describe in words or symbols, and they demonstrate how some types of requirements are better represented as pictures or prototypes.
[FIGURE_DESCRIPTIONS]
[0] Figure 4.25 Slide-bar-based prototype. The display presents a timeline-like control with a horizontal bar and tick marks, labeled years from 2000 to 2025. A draggable slider or thumb marks a specific point on the bar. Below, a secondary line features a small calendar strip showing a date (e.g., Jan 16 Oct 2006) for precise selection. The diagram concentrates on a compact, visual mechanism for date adjustment using sliders and a date indicator. The CRT monitor frame frames this prototype, underscoring a UI with interactive manipulation through sliding controls and date readouts.



[4]
[SECTION]: Capturing the Requirements > 4.7 Prototyping Requirements
[CONTENT]: To see how prototyping works, suppose we are building a tool to track how much a user exercises each day. Our customers are exercise physiologists and trainers, and their clients will be the users. The tool will help the physiologists and trainers to work with their clients and to track their clients' training progress.The tool's user interface is important, because  the  users  may  not  be  familiar  with  computers. For  example, in entering information about their exercise routines, the users will need to enter the date for each routine. The trainers are not sure what this interface should look like, so we build a quick prototype to demonstrate the possibilities. Figure 4.23 shows a first prototype, in which the user must type the day, month, and year. A more interesting and sophisticated  interface  involves  a  calendar  (see  Figure  4.24), where  the  user  uses  a mouse to select the month and year, the system displays the chart for that month, and the  user  selects  the  appropriate  day  in  the  chart. A  third  alternative  is  depicted  in Figure 4.25, in which, instead of a calendar, the user is presented with three slider bars. As the user then uses the mouse to slide each bar left or right, the box at the bottom of the screen changes to show the selected day, month, and year. This third interface may provide the fastest selection, even though it may be very different from what the users are accustomed to seeing. In this example, prototyping helps us to select the right 'look Enter year:


[5]
[SECTION]: Designing the Modules > 6.6 Other Design Considerations > Designing User Interfaces
[CONTENT]: If  Manny agrees to the screen design, the next step involves designing one or more  classes  to  implement  the  screen. We  may  decide  to  use  the  design  shown  in Figure 6.38. Notice that this design includes classes for an okay button and a text box. These objects are not likely to have entered our initial conversations with Manny when we derived our use cases from his requirements.They reflect our solution, not his problem. It is common for the set of objects and classes to grow as we move through the life cycle from problem understanding to solution generation.This expansion of classes and hierarchy is another important reason to consider design flexibility as we devise our solution.
","[
  {
    ""role"": ""paragraph"",
    ""segment"": ""In this context, prototyping means creating simplified versions of the system to answer design questions and explore design alternatives—focusing on the user interface and interactions by omitting many details of functionality and performance."",
    ""citations"": [
      {
        ""type"": ""source_text"",
        ""content"": ""In the design phase, prototyping is used to answer design questions, compare design alternatives, test complex interactions, or explore the effects of change requests.A prototype omits many of the details of functionality and performance that will be part of the real system, so  that  we  can  focus  narrowly  on  particular  aspects  of  the  system."",
        ""img_id"": null
      },
      {
        ""type"": ""source_text"",
        ""content"": ""An extreme version of this approach is called rapid prototyping , in which we progressively refine the prototype until it becomes the final system. We start with a prototype of the requirements, in the form of a preliminary user interface that simulates the system's responses to user input."",
        ""img_id"": null
      }
    ],
    ""type"": null
  }
]","In this context, prototyping means creating simplified versions of the system to answer design questions and explore design alternatives—focusing on the user interface and interactions by omitting many details of functionality and performance.",1.605,6.547
What is a process?,"
[0]
[SECTION]: Modeling the Process and Life Cycle > 2.1 The Meaning Of Process
[CONTENT]: A process is more than a procedure.We saw in Chapter 1 that a procedure is like a recipe: a structured way of combining tools and techniques to produce a product. A process is a collection of procedures, organized so that we build products to satisfy a set of goals or standards. In fact, the process may suggest that we choose from several procedures, as long as the goal we are addressing is met. For instance, the process may require that we check our design components before coding begins. The checking can be done using informal reviews or formal inspections, each an activity with its own procedure, but both addressing the same goal.
The process structure guides our actions by allowing us to examine, understand, control, and improve the activities that comprise the process. To see how, consider the process of making chocolate cake with chocolate icing.The process may contain several procedures, such as buying the ingredients and finding the appropriate cooking utensils.


[1]
[SECTION]: Modeling the Process and Life Cycle > 2.1 The Meaning Of Process
[CONTENT]: When we provide a service or create a product, whether it be developing software, writing  a  report, or  taking  a  business  trip, we  always  follow  a  sequence  of  steps  to accomplish a set of tasks.The tasks are usually performed in the same order each time; for example, you do not usually put up the drywall before the wiring for a house is installed or bake a cake before all the ingredients are mixed together.We can think of a set of ordered tasks as a process : a series of steps involving activities, constraints, and resources that produce an intended output of some kind.
A process usually involves a set of tools and techniques, as we defined them in Chapter 1.Any process has the following characteristics:
 - The process prescribes all of the major process activities.
 - The process uses resources, subject to a set of constraints (such as a schedule), and produces intermediate and final products.
 - The process may be composed of subprocesses that are linked in some way. The process may be defined as a hierarchy of processes, organized so that each subprocess has its own process model.
 - Each process activity has entry and exit criteria, so that we know when the activity begins and ends.
 - The activities are organized in a sequence, so that it is clear when one activity is performed relative to the other activities.


[2]
[SECTION]: Modeling the Process and Life Cycle > 2.1 The Meaning Of Process
[CONTENT]: Each process can be described in a variety of ways, using text, pictures, or a combination. Software engineering researchers have suggested a variety of formats for such descriptions, usually organized as a model that contains key process features. For the remainder of this chapter, we examine a variety of software development process models, to see how organizing process activities can make development more effective.


[3]
[SECTION]: Modeling the Process and Life Cycle > 2.7 What This Chapter Means For You
[CONTENT]: In this chapter, we have seen that the software development process involves activities, resources, and products.A process model is useful for guiding your behavior when you are working with a group. Detailed process models tell you how to coordinate and collaborate with your colleagues as you design and build a system.We have also seen that process models include organizational, functional, behavioral, and other perspectives, so you can focus on particular aspects of the development process to enhance your understanding or guide your actions.


[4]
[SECTION]: Modeling the Process and Life Cycle > 2.1 The Meaning Of Process
[CONTENT]:  - Every process has a set of guiding principles that explain the goals of each activity.
 - Constraints  or  controls  may  apply  to  an  activity, resource, or  product. For example, the budget or schedule may constrain the length of time an activity may take or a tool may limit the way in which a resource may be used.
When the process involves the building of some product, we sometimes refer to the process as a life cycle . Thus, the software development process is sometimes called the software life cycle , because it describes the life of a software product from its conception to its implementation, delivery, use, and maintenance.
Processes are important because they impose consistency and structure on a set of activities. These characteristics are useful when we know how to do something well and we want to ensure that others do it the same way. For example, if Sam is a good bricklayer, he may write down a description of the bricklaying process he uses so that Sara can learn how to do it as well. He may take into account the differences in the way people prefer to do things; for instance, he may write his instructions so that Sara can lay bricks whether she is right- or left-handed. Similarly, a software development process can be described in flexible ways that allow people to design and build software using  preferred  techniques  and  tools; a  process  model  may  require  design  to  occur before coding, but may allow many different design techniques to be used. For this reason, the process helps to maintain a level of consistency and quality in products or services that are produced by many different people.


[5]
[SECTION]: Modeling the Process and Life Cycle > 2.1 The Meaning Of Process
[CONTENT]: Each stage is itself a process (or collection of processes) that can be described as a set  of  activities. And  each  activity  involves  constraints, outputs, and  resources. For example, the requirements analysis and definitions stage need as initial input a statement of desired functions and features that the user expresses in some way. The final output from this stage is a set of requirements, but there may be intermediate products as the dialog between user and developer results in changes and alternatives. We have constraints, too, such as a budget and schedule for producing the requirements document, and standards about the kinds of requirements to include and perhaps the notation used to express them.
Each of these stages is addressed in this book. For each one, we will take a close look at the processes, resources, activities, and outputs that are involved, and we will learn how they contribute to the quality of the final product: useful software.There are many ways to address each stage of development;each configuration of activities, resources, and outputs constitutes a process, and a collection of processes describes what happens at each stage. For instance,design can involve a prototyping process,where many of the design decisions are explored so that developers can choose an appropriate approach, and a reuse process, where previously generated design components are included in the current design.
","[
    {
        ""role"": ""sentence"",
        ""segment"": ""A process is a collection of procedures, organized so that we build products to satisfy a set of goals or standards."",
        ""citations"": [
            {
                ""type"": ""source_text"",
                ""content"": ""A process is a collection of procedures, organized so that we build products to satisfy a set of goals or standards."",
                ""img_id"": null
            }
        ],
        ""type"": null
    },
    {
        ""role"": ""sentence"",
        ""segment"": ""A process is a series of steps involving activities, constraints, and resources that produce an intended output."",
        ""citations"": [
            {
                ""type"": ""source_text"",
                ""content"": ""A process usually involves a set of tools and techniques, as we defined them in Chapter 1.Any process has the following characteristics:"",
                ""img_id"": null
            }
        ],
        ""type"": null
    },
    {
        ""role"": ""sentence"",
        ""segment"": ""The process may be composed of subprocesses that are linked in some way."",
        ""citations"": [
            {
                ""type"": ""source_text"",
                ""content"": ""The process may be composed of subprocesses that are linked in some way."",
                ""img_id"": null
            }
        ],
        ""type"": null
    }
]","A process is a collection of procedures, organized so that we build products to satisfy a set of goals or standards. A process is a series of steps involving activities, constraints, and resources that produce an intended output. The process may be composed of subprocesses that are linked in some way.",3.209,7.338
"In the V model, what can unit and integration testing also be used to verify?","
[0]
[SECTION]: Modeling the Process and Life Cycle > 2.2 Software Process Models > V Model
[CONTENT]: The V model is a variation of the waterfall model that demonstrates how the testing activities are related to analysis and design (German Ministry of Defense 1992). As shown in Figure 2.4, coding forms the point of the V, with analysis and design on the left, testing and maintenance on the right. Unit and integration testing addresses the correctness of programs, as we shall see in later chapters. The V model suggests that unit and integration testing can also be used to verify the program design. That is, during unit and integration testing, the coders and test team members should ensure that all aspects of the program design have been implemented correctly in the code. Similarly, system testing should verify the system design, making sure that all system design aspects are correctly implemented. Acceptance testing, which is conducted by the customer rather than the developer, validates the requirements by associating a testing step with each element of the specification; this type of testing checks to see that all requirements have been fully implemented before the system is accepted and paid for.


[1]
[SECTION]: Testing the Programs > 8.2 Testing Issues > Test Organization
[CONTENT]: In developing a large system, testing usually involves several stages. First, each program component is tested on its own, isolated from the other components in the system. Such testing, known as module testing , component testing , or unit  testing , verifies  that  the component functions properly with the types of input expected from studying the component's design. Unit testing is done in a controlled environment whenever possible, so that the test team can feed a predetermined set of data to the component being tested and observe what output actions and data are produced. In addition, the test team checks the internal data structures, logic, and boundary conditions for the input and output data.
When collections of components have been unit-tested, the next step is ensuring that the interfaces among the components are defined and handled properly. Integration testing is the process of verifying that the system components work together as described in the system and program design specifications.
Once we are sure that information is passed among components in accordance with the design, we test the system to ensure that it has the desired functionality.A function test evaluates the system to determine if the functions described by the requirements specification are actually performed by the integrated system. The result is a functioning system.


[2]
[SECTION]: Testing the System > 9.1 Principles Of System Testing
[CONTENT]: The objective of unit and integration testing was to ensure that the code implemented the design properly; that is, that the programmers wrote code to do what the designers intended.In system testing, we have a very different objective: to ensure that the system does what the customer wants it to do. To understand how to meet this objective, we first must understand where faults in the system come from.


[3]
[SECTION]: Testing the Programs > 8.4 Integration Testing
[CONTENT]: When we are satisfied that individual components are working correctly and meet our objectives, we combine them into a working system. This integration is planned and coordinated so that when a failure occurs, we have some idea of what caused it. In addition, the order in which components are tested affects our choice of test cases and tools. For large systems, some components may be in the coding phase, others may be in the unit-testing phase, and still other collections of components may be tested together. Our test strategy explains why and how components are combined to test the working system. This strategy affects not only the integration timing and coding order, but also the cost and thoroughness of the testing.
The system is again viewed as a hierarchy of components, where each component belongs to a layer of the design. We can begin from the top and work our way down as we test, work from the bottom up, or use a combination of these two approaches.


[4]
[SECTION]: Testing the Programs > 8.2 Testing Issues > Test Organization
[CONTENT]: Figure 8.3 illustrates the relationship among these testing steps. No matter the size of the system being tested, the type of testing described in each step is necessary for ensuring proper functioning. In this chapter, we focus primarily on unit and integration testing, where components are tested by themselves and then merged into a larger, working system. In Chapter 9, we will look at the remaining steps in the testing process, collectively called system testing . In these later steps, the system is viewed and tested as a whole rather than as separate pieces.
[FIGURE_DESCRIPTIONS]
[0] Flowchart diagram illustrating testing steps in system development. The image contains labeled columns such as Unit test, Integration test, Function test, Performance test, Acceptance test, and Installation test arranged horizontally as sequential stages. Vertical alignment shows parallel tracks: Integrated components, Integrated modules, and Functional system progressing through each test phase. Visible text includes column headers like Design specifications, System functional requirements, Other software requirements specification, Customer requirements specification, User environment, and labels such as ""Integrated modules,"" ""Integrated system,"" ""Functional system,"" and a footer caption reads “FIGURE 3.8 Testing steps.” The diagram emphasizes progression from unit tests on the left to installation tests on the right, with arrows indicating flow between stages. It appears to be a schematic from a theory-practice document, focusing on the relationships between components, modules, and system-level verification. Any visible text within blocks indicates the type of test and scope, aiding traceability of test coverage across the development lifecycle.



[5]
[SECTION]: Testing the Programs > 8.4 Integration Testing > Sandwich Integration
[CONTENT]: Myers (1979) combines a top-down strategy with a bottom-up one to form a sandwich testing approach. The system is viewed as three layers, just like a sandwich: the target layer in the middle, the levels above the target, and the levels below the target. A topdown approach is used in the top layer and a bottom-up one in the lower layer.Testing converges on the target layer, chosen on the basis of system characteristics and the structure of the component hierarchy. For example, if the bottom layer contains many general-purpose utility programs, the target layer may be the one above, in which lie most of the components using the utilities. This approach allows bottom-up testing to verify the utilities' correctness at the beginning of testing. Then stubs for utilities need not be written, since the actual utilities are available for use. Figure 8.13 depicts a possible sandwich integration sequence for our example component hierarchy, where the target layer is the middle level, components B, C, and D.
","[
  {
    ""role"": ""sentence"",
    ""segment"": ""The V model suggests that unit and integration testing can also be used to verify the program design."",
    ""citations"": [
      {
        ""type"": ""source_text"",
        ""content"": ""The V model suggests that unit and integration testing can also be used to verify the program design."",
        ""img_id"": null
      }
    ],
    ""type"": null
  }
]",The V model suggests that unit and integration testing can also be used to verify the program design.,2.031,3.203
What does the operational specification model allow to be merged?,"
[0]
[SECTION]: Modeling the Process and Life Cycle > 2.2 Software Process Models > Operational Specification
[CONTENT]: This type of process is very different from traditional models such as the waterfall model. The waterfall model separates the functionality of the system from the design (i.e., what the system is to do is separated from how the system does it), intending to keep the customer needs apart from the implementation. However,an operational specification allows the functionality and the design to be merged.Figure 2.6 illustrates how an operational specification works.Notice that the operational specification is similar to prototyping; the process enables user and developer to examine requirements early on.


[1]
[SECTION]: Modeling the Process and Life Cycle > 2.2 Software Process Models > Operational Specification
[CONTENT]: For many systems, uncertainty about the requirements leads to changes and problems later in development.Zave (1984) suggests a process model that allows the developers and customers to examine the requirements and their implications early in the development process, where they can discuss and resolve some of the uncertainty. In the operational specification  model , the system requirements are evaluated or executed in a way that demonstrates the behavior of the system.That is,once the requirements are specified,they can be enacted using a software package, so their implications can be assessed before design begins. For example, if the specification requires the proposed system to handle 24 users, an executable form of the specification can help analysts determine whether that number of users puts too much of a performance burden on the system.


[2]
[SECTION]: Modeling the Process and Life Cycle > 2.2 Software Process Models > Transformational Model
[CONTENT]: Balzer's transformational model tries to reduce the opportunity for error by eliminating several major development steps. Using automated support, the transformational process applies a series of transformations to change a specification into a deliverable system (Balzer 1981a).
[FIGURE 2.6 The operational specification model.] 
[FIGURE_DESCRIPTIONS]
[0] Flow diagram illustrating the software engineering process from requirements to delivery. Nodes include OPERATIONAL SPECIFICATION (problem-oriented) with arrows from SYSTEM REQUIREMENTS (sometimes informal or incomplete) to that box, and from there to TRANSFORMED SPECIFICATION (implementation-oriented). An arrow continues to TESTS, followed by DELIVERED SYSTEM. Above, a process box labeled Execute and Revise points back to OBSERVABLE workflow, implying iterative refinement. Text labels precisely: “OPERATIONAL SPECIFICATION (problem-oriented)”, “TRANSFORMED SPECIFICATION (implementation-oriented)”, “SYSTEM REQUIREMENTS (sometimes informal or incomplete)”, and “TESTS”, “DELIVERED SYSTEM”, with an arrow from TESTS to DELIVERED SYSTEM. The diagram emphasizes traceability and iteration between requirements, specification, testing, and delivery. Box shapes are rounded rectangles with gray fill; arrows indicate direction. Overall conveys an iterative verification loop in systems engineering and software development life cycle.



[3]
[SECTION]: Capturing the Requirements > 4.5 Modeling Notations > Logic
[CONTENT]: With the exception of ER diagrams, the notations we have considered so far have been model-based and are said to be operational.An operational notation is a notation used to describe a problem or a proposed software solution in terms of situational behavior: how a software system should respond to different input events, how a computation should flow from one step to another, and what a system should output under various conditions. The result is a model of case-based behavior that is particularly useful for answering questions about what the desired response should be to a particular situation: for example, what the next state or system output should be, given the current state, input event, process completion, and variable values. Such models also help the reader to visualize global behavior, in the form of paths representing allowable execution traces through the model.


[4]
[SECTION]: Capturing the Requirements > 4.5 Modeling Notations > Algebraic Specifications
[CONTENT]: A completely different way of viewing a system is in terms of what happens when combinations of operations are performed.This multi-operational view is the main idea behind algebraic specifications : to specify the behavior of operations by specifying the interactions between pairs of operations rather than modeling individual operations. An execution trace is the sequence of operations that have been performed since the start of execution. For example, one execution of our turnstile problem, starting with a new turnstile, is the operation sequence Specification axioms specify the effects of applying pairs of operations on an arbitrary sequence of operations that have already executed (where SEQ is some prefix sequence of operations):


[5]
[SECTION]: Capturing the Requirements > 4.5 Modeling Notations > Logic
[CONTENT]: Operational notations are less effective at expressing global properties or constraints. Suppose we were modeling a traffic light, and we wanted to assert that the lights controlling traffic in cross directions are never green at the same time, or that the lights in each direction are periodically green. We could build an operational model that exhibits these behaviors implicitly, in that all paths through the model satisfy these properties. However, unless the model is closed -meaning that the model expresses all of the desired behavior, and that any implementation that performs additional functionality is incorrect-it is ambiguous as to whether these properties are requirements to be satisfied or simply are accidental effects of the modeling decisions made.


[6]
[SECTION]: Capturing the Requirements > 4.11 Choosing A Specification Technique
[CONTENT]: Since no one approach is universally applicable to all systems, it may be necessary to combine several approaches to define the requirements completely. Some methods are better at capturing control flow and synchronization, whereas other methods are better at capturing data transformations. Some problems are more easily described in terms of events and actions, whereas other problems are better described in terms of control states that reflect stages of behavior. Thus, it may be useful to use one method for data requirements and another to describe processes or time-related activities. We may need to express changes in behavior as well as global invariants. Models that are adequate for designers may be difficult for the test team to use. Thus, the choice of a specification technique(s) is bound up in the characteristics of the individual project and the preferences of developers and customers.
","[
    {
        ""role"": ""sentence"",
        ""segment"": ""The operational specification allows the functionality and the design to be merged."",
        ""citations"": [
            {
                ""type"": ""source_text"",
                ""content"": ""The operational specification allows the functionality and the design to be merged."",
                ""img_id"": null
            }
        ],
        ""type"": null
    }
]",The operational specification allows the functionality and the design to be merged.,1.405,2.36
What does the transformational process use to change a specification into a deliverable system?,"
[0]
[SECTION]: Modeling the Process and Life Cycle > 2.2 Software Process Models > Transformational Model
[CONTENT]: Balzer's transformational model tries to reduce the opportunity for error by eliminating several major development steps. Using automated support, the transformational process applies a series of transformations to change a specification into a deliverable system (Balzer 1981a).
[FIGURE 2.6 The operational specification model.] 
[FIGURE_DESCRIPTIONS]
[0] Flow diagram illustrating the software engineering process from requirements to delivery. Nodes include OPERATIONAL SPECIFICATION (problem-oriented) with arrows from SYSTEM REQUIREMENTS (sometimes informal or incomplete) to that box, and from there to TRANSFORMED SPECIFICATION (implementation-oriented). An arrow continues to TESTS, followed by DELIVERED SYSTEM. Above, a process box labeled Execute and Revise points back to OBSERVABLE workflow, implying iterative refinement. Text labels precisely: “OPERATIONAL SPECIFICATION (problem-oriented)”, “TRANSFORMED SPECIFICATION (implementation-oriented)”, “SYSTEM REQUIREMENTS (sometimes informal or incomplete)”, and “TESTS”, “DELIVERED SYSTEM”, with an arrow from TESTS to DELIVERED SYSTEM. The diagram emphasizes traceability and iteration between requirements, specification, testing, and delivery. Box shapes are rounded rectangles with gray fill; arrows indicate direction. Overall conveys an iterative verification loop in systems engineering and software development life cycle.



[1]
[SECTION]: Modeling the Process and Life Cycle > 2.2 Software Process Models > Transformational Model
[CONTENT]: Sample transformations can include Because many paths can be taken from the specification to the delivered system, the sequence of transformations and the decisions they reflect are kept as a formal development record.
 - changing the data representations
 - selecting algorithms
 - optimizing
 - compiling The transformational approach holds great promise. However, a major impediment to its use is the need for a formal specification expressed precisely so the transformations can operate on it, as shown in Figure 2.7. As formal specification methods become more popular, the transformational model may gain wider acceptance.


[2]
[SECTION]: Capturing the Requirements > 4.11 Choosing A Specification Technique
[CONTENT]: Since no one approach is universally applicable to all systems, it may be necessary to combine several approaches to define the requirements completely. Some methods are better at capturing control flow and synchronization, whereas other methods are better at capturing data transformations. Some problems are more easily described in terms of events and actions, whereas other problems are better described in terms of control states that reflect stages of behavior. Thus, it may be useful to use one method for data requirements and another to describe processes or time-related activities. We may need to express changes in behavior as well as global invariants. Models that are adequate for designers may be difficult for the test team to use. Thus, the choice of a specification technique(s) is bound up in the characteristics of the individual project and the preferences of developers and customers.


[3]
[SECTION]: Capturing the Requirements > 4.11 Choosing A Specification Technique
[CONTENT]:  - Applicability: Can the technique describe real-world problems and solutions in a natural and realistic way? If the technique makes assumptions about the environment, are  the  assumptions  reasonable?  Is  the  technique  compatible  with  the other techniques that will be used on the project?
 - Implementability: Can the specification be refined or translated easily into an implementation? How difficult is the translation? Is it automated? If so, is the generated code efficient? Is the generated code in the same language as is used in the  manually  produced  parts  of  the  implementation?  Is  there  a  clean, welldefined interface between the code that is machine-generated and the code that is not?
 - Testability/simulation: Can the specification be used to test the implementation? Is every statement in the specification testable by the implementation? Is it possible to execute the specification?
 - Checkability: Are the specifications readable by nondevelopers, such as the customer? Can domain experts (i.e., experts on the problem being specified) check the specification for accuracy? Are there automated specification checkers?
 - Maintainability: Will the specification be useful in making changes to the system? Is it easy to change the specification as the system evolves?


[4]
[SECTION]: Capturing the Requirements > 4.11 Choosing A Specification Technique
[CONTENT]: More generally, if a system has real-time requirements, we need a specification technique that supports the notion of time. Any need for phased development means that we will be tracking requirements through several intermediate systems, which not only complicates the requirements tracking, but also increases the likelihood that the requirements will change over the life of the system.As the users work with intermediate versions of the system, they may see the need for new features, or want to change existing features.Thus, we need a sophisticated method that can handle change easily. If we want our requirements to have all of the desirable characteristics listed early in the chapter, then we look for a method that helps us to revise the requirements, track the changes, cross-reference the data and functional items, and analyze the requirements for as many characteristics as possible.
Ardis and his colleagues (1996) have proposed a set of criteria for evaluating specification methods.They associate with each criterion a list of questions to help us to determine how well a particular method satisfies that  criterion. These  criteria  were intended for evaluating techniques for specifying reactive systems, but as you will see, most of the criteria are quite general:


[5]
[SECTION]: Modeling the Process and Life Cycle > 2.2 Software Process Models > Prototyping Model
[CONTENT]: For example, system development may begin with a nominal set of requirements supplied by the customers and users. Then, alternatives are explored by having interested parties look at possible screens, tables, reports, and other system output that are used directly by the customers and users. As the users and customers decide on what they want, the requirements are revised. Once there is common agreement on what the requirements should be, the developers move on to design. Again, alternative designs are explored, often with consultation with customers and users.
The initial design is revised until the developers, users, and customers are happy with the result. Indeed, considering design alternatives sometimes reveals a problem with the requirements, and the developers drop back to the requirements activities to reconsider and change the requirements specification. Eventually, the system is coded and alternatives are discussed, with possible iteration through requirements and design again.
","[
    {
        ""role"": ""sentence"",
        ""segment"": ""It uses a series of transformations (with automated support) to change a specification into a deliverable system."",
        ""citations"": [
            {
                ""type"": ""source_text"",
                ""content"": ""Using automated support, the transformational process applies a series of transformations to change a specification into a deliverable system (Balzer 1981a)."",
                ""img_id"": null
            }
        ],
        ""type"": null
    }
]",It uses a series of transformations (with automated support) to change a specification into a deliverable system.,2.027,3.424
How does incremental development build up a system?,"
[0]
[SECTION]: Modeling the Process and Life Cycle > 2.2 Software Process Models > Phased Development: Increments and Iterations
[CONTENT]: There are many ways for the developers to decide how to organize development into releases.The two most popular approaches are incremental development and iterative development. In incremental development , the system as specified in the requirements  documents  is  partitioned  into  subsystems  by  functionality. The  releases  are defined by beginning with one small,functional subsystem and then adding functionality with each new release.The top of Figure 2.9 shows how incremental development slowly builds up to full functionality with each new release.
[FIGURE_DESCRIPTIONS]
[0] Diagram showing relationships between developers, users, and production systems across time with labeled lanes and events. Top row labeled DEVELOPERs includes three rectangular blocks: Build Release 1, Build Release 2, Build Release 3 aligned left to right. A dashed horizontal time separator runs across the middle, separating development activities (above) from user-side activities (below). Below the line, in the USERS lane, three labeled blocks: Use Release 1 under Build Release 1, Use Release 2 under Build Release 2, Use Release 3 under Build Release 3. Arrows connect each Build Release block to its corresponding Use Release block, illustrating a pipeline from development releases to user production usage. Production systems appear as endpoints linked to Use Release blocks, indicating deployment/usage over time. Visible text includes: Build Release 1, Build Release 2, Build Release 3, Use Release 1, Use Release 2, Use Release 3, Time, and Production systems.



[1]
[SECTION]: Designing the Modules > 6.2 Design Principles > Incremental Development
[CONTENT]: The best uses graph has a tree structure or is a forest of tree structures. In such a structure, every subtree is a subset of our system, so we can incrementally develop our system one software unit at a time. Each completed unit is a correct implementation of part of our system. Each increment is easier to test and correct because faults are more likely to be found in the new code, not in the called units that have already been tested and deemed correct. In addition, we always have a working version of a system subset to demonstrate to our customer. Moreover, morale among developers is high, because they  frequently  make  visible  progress  on  the  system  (Brooks  1995). Contrast  these advantages of incremental development to its alternative, in which nothing works until everything works.


[2]
[SECTION]: Why Software Engineering? > 1.5 A Systems Approach > Interrelated Systems
[CONTENT]: In our example,the two systems are very similar; the functions are the same, but the style in which they are implemented differs. However, the target system is often vastly different from the existing one. In particular, it is usually desirable that the target be free of constraints imposed by existing hardware or software. An incremental development approach may incorporate a series of stages,each of which frees the previous system from another such constraint. For example, stage 1 may add a new piece of hardware, stage 2 may replace the software performing a particular set of functions, and so on.The system is slowly drawn away from old software and hardware until it reflects the new system design.
Thus, system development can first incorporate a set of changes to an actual system and then add a series of changes to generate a complete design scheme, rather than trying to jump from present to future in one move. With such an approach, we must view the system in two different ways simultaneously: statically and dynamically. The static view tells us how the system is working today, whereas the dynamic view shows us how the system is changing into what it will eventually become. One view is not complete without the other.


[3]
[SECTION]: Modeling the Process and Life Cycle > 2.2 Software Process Models > Phased Development: Increments and Iterations
[CONTENT]: To understand the difference between incremental and iterative development, consider a word processing package. Suppose the package is to deliver three types of functionality: creating text, organizing text (i.e., cutting and pasting), and formatting text (such as using different type sizes and styles). To build such a system using incremental development, we might provide only the creation functions in Release 1, then both creation and organization in Release 2, and finally creation, organization, and formatting in Release 3. However, using iterative development, we would provide primitive forms of all three types of functionality in Release 1. For example, we can create text and then cut and paste it, but the cutting and pasting functions might be clumsy or slow. So  in  the  next  iteration, Release  2, we  have  the  same  functionality, but  have enhanced  the  quality; now  cutting  and  pasting  are  easy  and  quick. Each  release improves on the previous ones in some way.
In  reality, many  organizations  use  a  combination  of  iterative  and  incremental development. A new release may include new functionality, but existing functionality from the current release may have been enhanced.These forms of phased development are desirable for several reasons:


[4]
[SECTION]: Designing the Modules > 6.2 Design Principles > Incremental Development
[CONTENT]: Figure 6.8 depicts the uses relation of a system as a uses graph , in which nodes represent software units, and directed edges run from the using units, such as A, to the used units, such as B. Such a uses graph can help us to identify progressively larger subsets of our system that we can implement and test incrementally.A subset of our system is some useful subprogram together with all of the software units that it uses, and all of the software units that those units use, and so on.'Conceptually, we pluck a program P1 out from the uses graph, and then see what programs come dangling beneath it.This is our subset' (Clements et al. 2003). Thus, the degree to which our system can be constructed incrementally depends on the degree to which we can find useful small subsets that we can implement and test early.


[5]
[SECTION]: Modeling the Process and Life Cycle > 2.2 Software Process Models > Phased Development: Increments and Iterations
[CONTENT]:  - Training can begin on an early release, even if some functions are missing. The training process allows developers to observe how certain functions are executed, suggesting enhancements for later releases. In this way, the developers can be very responsive to the users.
 - Markets can be created early for functionality that has never before been offered.
 - Frequent releases allow developers to fix unanticipated problems globally and quickly, as they are reported from the operational system.
 - The development team can focus on different areas of expertise with different releases. For instance, one release can change the system from a command-driven
","[
  {
    ""role"": ""paragraph"",
    ""segment"": ""Incremental development partitions the system as specified in the requirements documents into subsystems by functionality, and the releases are defined by beginning with one small, functional subsystem and then adding functionality with each new release. The top of Figure 2.9 shows how incremental development slowly builds up to full functionality with each new release. Each completed unit is a correct implementation of part of our system, and each increment is easier to test and correct because faults are more likely to be found in the new code, not in the called units that have already been tested and deemed correct. We also always have a working version of a system subset to demonstrate to our customer."",
    ""citations"": [
      {
        ""type"": ""source_text"",
        ""content"": ""In incremental development , the system as specified in the requirements  documents  is  partitioned  into  subsystems  by  functionality. The  releases  are defined by beginning with one small,functional subsystem and then adding functionality with each new release."",
        ""img_id"": null
      },
      {
        ""type"": ""source_text"",
        ""content"": ""The top of Figure 2.9 shows how incremental development slowly builds up to full functionality with each new release."",
        ""img_id"": null
      },
      {
        ""type"": ""source_text"",
        ""content"": ""Each completed unit is a correct implementation of part of our system. Each increment is easier to test and correct because faults are more likely to be found in the new code, not in the called units that have already been tested and deemed correct."",
        ""img_id"": null
      },
      {
        ""type"": ""source_text"",
        ""content"": ""Thus, we always have a working version of a system subset to demonstrate to our customer."",
        ""img_id"": null
      }
    ],
    ""type"": null
  }
]","Incremental development partitions the system as specified in the requirements documents into subsystems by functionality, and the releases are defined by beginning with one small, functional subsystem and then adding functionality with each new release. The top of Figure 2.9 shows how incremental development slowly builds up to full functionality with each new release. Each completed unit is a correct implementation of part of our system, and each increment is easier to test and correct because faults are more likely to be found in the new code, not in the called units that have already been tested and deemed correct. We also always have a working version of a system subset to demonstrate to our customer.",1.477,14.882
What four characteristics of agility are emphasized by proponents of extreme programming (XP)?,"
[0]
[SECTION]: Modeling the Process and Life Cycle > 2.2 Software Process Models > Agile Methods
[CONTENT]:  - Sustainable pace: XP's emphasis on people includes acknowledging that fatigue can produce errors. So proponents of XP suggest a goal of 40 hours for each work week; pushing developers to devote heroic amounts of time to meeting deadlines is  a  signal  that  the  deadlines  are  unreasonable  or  that  there  are  insufficient resources for meeting them.
 - On-site customer: Ideally, a customer should be present on-site, working with the developers to determine requirements and providing feedback about how to test them.
 - Coding standards: Many observers think of XP and other agile methods as providing an unconstrained environment where anything goes. But in fact XP advocates clear definition of coding standards, to encourage teams to be able to understand and change each other's work. These standards support other practices, such as testing and refactoring. The result should be a body of code that appears to have been written by one person, and is consistent in its approach and expression.
Extreme programming and agile methods are relatively new.The body of evidence for its effectiveness is small but growing. We will revisit many agile methods and concepts, and their empirical evaluation, in later chapters, as we discuss their related activities.


[1]
[SECTION]: Writing the Programs > 7.4 The Programming Process > Whither Programming?
[CONTENT]: As with almost anything, the answer may be 'all things in moderation.' Drobka, Noftz, and Raghu (2004) describe their use of extreme programming on four mission-critical projects. They found that extra steps were needed to adjust extreme programming to the realities of large-scale, mission-critical software. For example, with no architectural guidelines, each programmer had his or her own vision of what the overall architecture should be, and the visions differed considerably.Thus, the high-level architecture document was used as a roadmap to assist the developers in planning. Rather than use prioritized stories, the researchers found it essential to define baseline architectures, using documented scenarios to help describe key abstractions, and to define system boundaries. Finally, documentation was used to assist in communicating among team members. Strict  agile-methods advocates eschew documentation, but Drobke, Noftz, and Raghu found it to be essential. So, too, were design reviews to ensure that the software being built would be maintainable over its likely 30-year life span.
Thus, in the future, programming is likely to be a blend of the good practices that have been advocated for decades and the flexible approaches being espoused by the agile-methods proponents.We will see in Chapter 14 that software engineers are defining a software engineering body of knowledge that describes the information and practices  that  a  good  software  engineer  should  master  in  order  to  produce  high-quality systems.


[2]
[SECTION]: Modeling the Process and Life Cycle > 2.2 Software Process Models > Agile Methods
[CONTENT]:  - Adaptive software development (ASD) has six basic principles.There is a mission that acts as a guideline, setting out the destination but not prescribing how to get there. Features are viewed as the crux of customer value, so the project is organized around building components to provide the features. Iteration is important, so redoing is as critical is doing; change is embraced, so that a change is viewed not as a correction but as an adjustment to the realities of software development. Fixed delivery times force developers to scope down the requirements essential for each version produced. At the same time, risk is embraced, so that the developers tackle the hardest problems first.
Often, the phrase 'extreme programming' is used to describe the more general concept of agile methods. In fact, XP is a particular form of agile process, with guiding principles that reflect the more general tenets of the agile manifesto. Proponents of XP emphasize four characteristics of agility: communication, simplicity, courage, and feedback. Communication involves  the  continual  interchange  between  customers  and developers. Simplicity encourages developers to select the simplest design or implementation to address the needs of their customers. Courage is described by XP creators as commitment to delivering functionality early and often. Feedback loops are built into the various activities during the development process. For example, programmers work together to give each other feedback on the best way to implement a design, and customers work with developers to perform planning exercises.


[3]
[SECTION]: Modeling the Process and Life Cycle > 2.11 Key References > TABLE 2.3 ( continued )
[CONTENT]: There are many resources available for learning about agile methods. The Agile Manifesto is posted at http://www.agilealliance.org. Kent Beck's (1999) is the seminal book on extreme programming, and Alistair Cockburn (2002) describes the Crystal family of methodologies. Martin Beck (1999) explains refactoring, which is one of the most difficult steps of XP . Two excellent references on agile methods are Robert C. Martin's  (2003)  book  on  agile  software  development, and  Daniel  H. Steinberg  and Daniel  W. Palmer's  (2004)  book  on  extreme  software  engineering. Two  Web  sites providing additional information about extreme programming  are http://www. xprgramming.com and http://www.extremeprogramming.org.


[4]
[SECTION]: Modeling the Process and Life Cycle > 2.2 Software Process Models > SIDEBAR 2.2 WHEN IS EXTREME TOO EXTREME?
[CONTENT]: A s with most software development approaches, agile methods are not without their critics. For example, Stephens and Rosenberg (2003) point out that many of extreme programming's practices are interdependent, a vulnerability if one of them is modified. To see why, suppose some people are uncomfortable with pair programming. More coordination and documentation may be required to address the shared vision that is missing when people work on their own. Similarly, many developers prefer to do some design before they write code. Scrum addresses this preference by organizing around monthly sprints. Elssamadissy and Schalliol (2002) note that, in extreme programming, requirements are expressed as a set of test cases that must be passed by the software.This approach may cause customer representatives to focus on the test cases instead of the requirements. Because the test cases are a detailed expression of the requirements and may be solution oriented, the emphasis on test cases can distract the representatives from the project's underlying goals and can lead to a situation where the system passes all the tests but is not what the customers thought they were paying for.As we will see in Chapter 5, refactoring may be the Achilles heel of agile methods; it is difficult to rework a software system without degrading its architecture.
","[
  {
    ""role"": ""sentence"",
    ""segment"": ""communication, simplicity, courage, and feedback"",
    ""citations"": [
      {
        ""type"": ""source_text"",
        ""content"": ""Proponents of XP emphasize four characteristics of agility: communication, simplicity, courage, and feedback."",
        ""img_id"": null
      }
    ],
    ""type"": null
  }
]","communication, simplicity, courage, and feedback",1.954,3.566
What does refactoring refer to in extreme programming?,"
[0]
[SECTION]: Modeling the Process and Life Cycle > 2.2 Software Process Models > Agile Methods
[CONTENT]:  - Refactoring: As  the  system  is  built, it  is  likely  that  requirements  will  change. Because  a  major  characteristic  of  XP  philosophy  is  to  design  only  to  current requirements, it is often the case that new requirements force the developers to reconsider their existing design. Refactoring refers to revisiting the requirements and  design, reformulating  them  to  match  new  and  existing  needs. Sometimes refactoring addresses ways to restructure design and code without perturbing the system's external behavior. The refactoring is done in small steps, supported by unit tests and pair programming, with simplicity guiding the effort.We will discuss the difficulties of refactoring in Chapter 5.


[1]
[SECTION]: Modeling the Process and Life Cycle > 2.11 Key References > TABLE 2.3 ( continued )
[CONTENT]: There are many resources available for learning about agile methods. The Agile Manifesto is posted at http://www.agilealliance.org. Kent Beck's (1999) is the seminal book on extreme programming, and Alistair Cockburn (2002) describes the Crystal family of methodologies. Martin Beck (1999) explains refactoring, which is one of the most difficult steps of XP . Two excellent references on agile methods are Robert C. Martin's  (2003)  book  on  agile  software  development, and  Daniel  H. Steinberg  and Daniel  W. Palmer's  (2004)  book  on  extreme  software  engineering. Two  Web  sites providing additional information about extreme programming  are http://www. xprgramming.com and http://www.extremeprogramming.org.


[2]
[SECTION]: Modeling the Process and Life Cycle > 2.2 Software Process Models > SIDEBAR 2.2 WHEN IS EXTREME TOO EXTREME?
[CONTENT]: A s with most software development approaches, agile methods are not without their critics. For example, Stephens and Rosenberg (2003) point out that many of extreme programming's practices are interdependent, a vulnerability if one of them is modified. To see why, suppose some people are uncomfortable with pair programming. More coordination and documentation may be required to address the shared vision that is missing when people work on their own. Similarly, many developers prefer to do some design before they write code. Scrum addresses this preference by organizing around monthly sprints. Elssamadissy and Schalliol (2002) note that, in extreme programming, requirements are expressed as a set of test cases that must be passed by the software.This approach may cause customer representatives to focus on the test cases instead of the requirements. Because the test cases are a detailed expression of the requirements and may be solution oriented, the emphasis on test cases can distract the representatives from the project's underlying goals and can lead to a situation where the system passes all the tests but is not what the customers thought they were paying for.As we will see in Chapter 5, refactoring may be the Achilles heel of agile methods; it is difficult to rework a software system without degrading its architecture.


[3]
[SECTION]: Annotated Bibliography
[CONTENT]:  - Stephens, Matt, and Douglas Rosenberg (2003). Extreme Programming Refactored: The Case Against XP . Berkeley, CA:Apress.
 - Swanson, Mary, and S. Curry (1987). 'Results of an asset engineering program: Predicting the impact of software reuse.' In Proceedings of the National Conference on Software Reusability and Portability . Los Alamitos, CA: IEEE Computer Society Press.
Describes the use of financial incentives for reuse at GTE Data Services in Tampa, Florida.
 - Swartout,W.R., and R. Balzer (1982).'On the inevitable intertwining of specification and implementation.' Communications of the ACM , 25(7) (July): 438-439.
 - Teasley, B., L. Leventhal, B. Blumenthal, K. Instone, and D. Stone (1994). 'Cultural diversity in user interface design:Are intuitions enough?' SIGCHI Bulletin , 26(1) (January): 36-40.
 - Teichroew, D., and E.A. Hershey III (1977). 'PSL/PSA: A computer-aided technique for structured documentation and analysis of information processing systems.' IEEE Transactions on Software Engineering , SE 3(1) (January): 41-48.
Introduces a language for recording requirements.
 - Theofanos, Mary F., and Shari Lawrence Pfleeger (1996). 'Wavefront: A goal-driven requirements process model.' Information and Software Technology , 38(1) (January): 507-519.
Presents a model of capturing the requirements based on measurement and goals.


[4]
[SECTION]: Designing the Architecture > 5.1 The Design Process > SIDEBAR 5.1 AGILE ARCHITECTURES
[CONTENT]: A bigger problem with agile methods is the need for continuous refactoring.The inherent conflict between an architecture's representing a significant design decision and the need for continuous refactoring means that systems are not refactored as often as they should be. Thomas (2005) calls the refactoring of large, complex systems high-risk 'wizard's work,' particularly when there is a great deal of legacy code containing intricate dependencies.


[5]
[SECTION]: Writing the Programs > 7.4 The Programming Process > Whither Programming?
[CONTENT]: As with almost anything, the answer may be 'all things in moderation.' Drobka, Noftz, and Raghu (2004) describe their use of extreme programming on four mission-critical projects. They found that extra steps were needed to adjust extreme programming to the realities of large-scale, mission-critical software. For example, with no architectural guidelines, each programmer had his or her own vision of what the overall architecture should be, and the visions differed considerably.Thus, the high-level architecture document was used as a roadmap to assist the developers in planning. Rather than use prioritized stories, the researchers found it essential to define baseline architectures, using documented scenarios to help describe key abstractions, and to define system boundaries. Finally, documentation was used to assist in communicating among team members. Strict  agile-methods advocates eschew documentation, but Drobke, Noftz, and Raghu found it to be essential. So, too, were design reviews to ensure that the software being built would be maintainable over its likely 30-year life span.
Thus, in the future, programming is likely to be a blend of the good practices that have been advocated for decades and the flexible approaches being espoused by the agile-methods proponents.We will see in Chapter 14 that software engineers are defining a software engineering body of knowledge that describes the information and practices  that  a  good  software  engineer  should  master  in  order  to  produce  high-quality systems.
","[
  {
    ""role"": ""sentence"",
    ""segment"": ""Refactoring refers to revisiting the requirements and design, reformulating them to match new and existing needs."",
    ""citations"": [
      {
        ""type"": ""source_text"",
        ""content"": ""Refactoring refers to revisiting the requirements and design, reformulating them to match new and existing needs."",
        ""img_id"": null
      }
    ],
    ""type"": null
  },
  {
    ""role"": ""sentence"",
    ""segment"": ""Sometimes refactoring addresses ways to restructure design and code without perturbing the system's external behavior."",
    ""citations"": [
      {
        ""type"": ""source_text"",
        ""content"": ""Sometimes refactoring addresses ways to restructure design and code without perturbing the system's external behavior."",
        ""img_id"": null
      }
    ],
    ""type"": null
  }
]","Refactoring refers to revisiting the requirements and design, reformulating them to match new and existing needs. Sometimes refactoring addresses ways to restructure design and code without perturbing the system's external behavior.",1.304,5.968
"In Lai's notation for process modeling, what is ""Control""?","
[0]
[SECTION]: Modeling the Process and Life Cycle > 2.3 Tools And Techniques For Process Modeling > Static Modeling: Lai Notation
[CONTENT]:  - Resource: A necessary item, tool, or person. Resources can include equipment, time, office space, people, techniques, and so on.The process model identifies how much of each resource is needed for each activity.
 - Control: An  external  influence  over  process  enactment. The  controls  may  be manual or automatic, human or mechanical.
 - Policy: A guiding principle. This high-level process constraint influences process enactment. It may include a prescribed development process, a tool that must be used, or a mandatory management style.
 - Organization: The hierarchical structure of process agents, with physical grouping corresponding to logical grouping and related roles. The mapping from physical to logical grouping should be flexible enough to reflect changes in physical environment.
The process description itself has several levels of abstraction, including the software development process that directs certain resources to be used in constructing specific modules, as well as generic models that may resemble the spiral or waterfall models. Lai's  notation  includes  several  templates, such  as  an  Artifact  Definition  Template, which records information about particular artifacts.


[1]
[SECTION]: Modeling the Process and Life Cycle > 2.3 Tools And Techniques For Process Modeling > Static Modeling: Lai Notation
[CONTENT]: Lai's notation is a good example of how multiple structures and strategies can be used to capture a great deal of information about the software development process. But it is also useful in organizing and depicting process information about user requirements, as the car example demonstrates.
[FIGURE 2.12 Transition diagram for a car (Lai 1991).] 
[FIGURE_DESCRIPTIONS]
[0] Diagram showing a state machine with three labeled states: INITIATED, PARKED, and MOVING. INITIATED state connected to PARKED via an upward arrow labeled 'initiates' and a curved arrow from PARKED back to INITIATED labeled 'get-out'. A separate transition from INITIATED to MOVING labeled 'stop' is shown with a straight arrow, and a transition from MOVING to INITIATED labeled 'go' accompanies a curved arrow. The PARKED oval is at the top, with both INITIATED and MOVING ovals at the bottom left and right respectively. The labels use uppercase text; the diagram emphasizes state transitions and trigger phrases. The visual suggests a simple workflow or process lifecycle with initiate, stop, go, and get-out semantics.



[2]
[SECTION]: Modeling the Process and Life Cycle > 2.3 Tools And Techniques For Process Modeling > Static Modeling: Lai Notation
[CONTENT]: There are many ways to model a process statically. In the early 1990s, Lai (1991) developed a comprehensive process notation that is intended to enable someone to model any process at any level of detail. It builds on a paradigm where people perform roles while resources perform activities, leading to the production of artifacts. The process model shows the relationships among the roles, activities, and artifacts, and state tables show information about the completeness of each artifact at a given time.
In particular, the elements of a process are viewed in terms of seven types:
 - Activity: Something that will happen in a process. This element can be related to what  happens  before  and  after, what  resources  are  needed, what  triggers  the activity's start, what rules govern the activity, how to describe the algorithms and lessons learned, and how to relate the activity to the project team.
 - Sequence: The order of activities. The sequence can be described using triggers, programming constructs, transformations, ordering, or satisfaction of conditions.
 - Process model: A view of interest about the system. Thus, parts of the process may be represented as a separate model, either to predict process behavior or to examine certain characteristics.


[3]
[SECTION]: Modeling the Process and Life Cycle > 2.3 Tools And Techniques For Process Modeling > Static Modeling: Lai Notation
[CONTENT]: Lai's approach can be applied to modeling software development processes; later in  this  chapter, we  use  it  to  model  the  risk  involved  in  development. However, to demonstrate its use and its ability to capture many facets of a complex activity, we apply it to a relatively simple but familiar process, driving an automobile. Table 2.1 contains a description of the key resource in this process, a car.
Other templates define relations, process states, operations, analysis, actions, and roles. Graphical diagrams represent the relationships between elements, capturing the main relationships and secondary ones. For example, Figure 2.11 illustrates the process of starting a car. The 'initiate' box represents the entrance conditions, and the 'park' box represents an exit condition.The left-hand column of a condition box lists artifacts, and the right-hand column is the artifact state.


[4]
[SECTION]: Modeling the Process and Life Cycle > 2.3 Tools And Techniques For Process Modeling > Static Modeling: Lai Notation
[CONTENT]: [FIGURE 2.11 The process of starting a car (Lai 1991).] 
Transition diagrams supplement the process model by showing how the states are related to one another. For example, Figure 2.12 illustrates the transitions for a car.
[FIGURE_DESCRIPTIONS]
[0] Block diagram representing a stateful control system for a vehicle, with interconnected state boxes and labeled transitions. Central cluster shows multiple small rectangular nodes such as car.engine, car.gas, car.speed, release_key, unlock, and drive, linked by arrows that indicate state transitions and conditional checks (e.g., on/off, enable, hold, park). Surrounding clusters expand into related subsystems like car.door, car.park, car.gear, and car.ignition, suggesting a hierarchical state machine. Labels such as on, off, ready_for_tow, forward, reverse, uphill, downhill, and stand appear to denote operational modes or sensor-triggered conditions. The diagram emphasizes relationships between controls (ignite, release_key, lock) and outputs (drive, park, gear engagement) through numerous cross-connections, implying complex sequencing logic for starting, moving, and stopping a vehicle. Both input events and corresponding actions are visible as textual blocks interconnected with directional arrows.

","[
  {
    ""role"": ""sentence"",
    ""segment"": ""Control: An external influence over process enactment. The controls may be manual or automatic, human or mechanical."",
    ""citations"": [
      {
        ""type"": ""source_text"",
        ""content"": ""Control: An external influence over process enactment. The controls may be manual or automatic, human or mechanical."",
        ""img_id"": null
      }
    ],
    ""type"": null
  }
]","Control: An external influence over process enactment. The controls may be manual or automatic, human or mechanical.",1.529,3.799
What is the difference between an activity and a milestone?,"
[0]
[SECTION]: Planning and Managing the Project > 3.1 Tracking Progress
[CONTENT]:  - documents
 - demonstrations of function
 - demonstrations of subsystems
 - demonstrations of accuracy
 - demonstrations of reliability, security, or performance In our analysis of the project, we must distinguish clearly between milestones and activities. An activity is  a  part  of  the  project  that  takes place over a period of time, whereas a milestone is the completion of an activity-a particular point in time. Thus, an activity has a beginning and an end, whereas a milestone is the end of a specially designated activity. For example, the customer may want the system to be accompanied by an online operator tutorial. The development of the tutorial and its associated programs is an activity; it culminates in the demonstration of those functions to the customer: the milestone.
By examining the project carefully in this way, we can separate development into a succession of phases. Each phase is composed of steps, and each step can be subdivided further if necessary, as shown in Figure 3.1.
To see how this analysis works, consider the phases, steps, and activities of Table 3.1, which describes the building of a house. First, we consider two phases: landscaping the lot and building the house itself. Then, we break each phase into smaller steps, such as PROJECT clearing and grubbing, seeding the turf, and planting trees and shrubs. Where necessary, we can divide the steps into activities; for example, finishing the interior involves completing the interior plumbing, interior electrical work, wallboard, interior painting, floor covering, doors, and fixtures. Each activity is a measurable event and we have objective criteria to determine when the activity is complete.Thus, any activity's end can be a milestone, and Table 3.2 lists the milestones for phase 2.


[1]
[SECTION]: Planning and Managing the Project > 3.1 Tracking Progress > Work Breakdown and Activity Graphs
[CONTENT]: Analysis of this kind is sometimes described as generating a work breakdown structure for a given project, because it depicts the project as a set of discrete pieces of work. Notice that the activities and milestones are items that both customer and developer can use to track development or maintenance.At any point in the process, the customer may want to follow our progress.We developers can point to activities, indicating what work is under way, and to milestones, indicating what work has been completed. However, a project's work breakdown structure gives no indication of the interdependence of the work units or of the parts of the project that can be developed concurrently.
We can describe each activity with four parameters: the precursor, duration, due date, and endpoint. A precursor is an event or set of events that must occur before the activity can begin; it describes the set of conditions that allows the activity to begin. The duration is the length of time needed to complete the activity. The due date is the date by which the activity must be completed, frequently determined by contractual deadlines. Signifying that the activity has ended, the endpoint is usually a milestone or deliverable.We can illustrate the relationships among activities by using these parameters. In particular, we can draw an activity graph to depict the dependencies; the nodes of the graph are the project milestones, and the lines linking the nodes represent the activities involved. Figure 3.2 is an activity graph for the work described in phase 2 of Table 3.1.


[2]
[SECTION]: Planning and Managing the Project > 3.1 Tracking Progress > Estimating Completion
[CONTENT]: To see how CPM works, consider again our house-building example. First, we notice that the activities leading to milestones 1.1 (surveying) and 1.2 (requesting permits) can occur concurrently. Since excavation (the activity culminating in milestone 1.3) cannot begin until day 16, surveying has 15 days in which to be completed, even though it is only 3 days in duration. Thus, surveying has 15 days of available time, but requires only 3 days of real time. In the same way, for each activity in our graph, we can compute a pair of times: real time and available time.The real time or actual time for an activity is the estimated amount of time required for the activity to be completed, and the available time is the amount of time available in the schedule for the activity's completion. Slack time or float for an activity is the difference between the available time and the real time for that activity:
Slack time = available time -real time 1.1 FINISH Another way of looking at slack time is to compare the earliest time an activity may begin  with  the  latest  time  the  activity  may  begin  without  delaying  the  project. For example, surveying may begin on day 1, so the earliest start time is day 1. However, because it will take 15 days to request and receive permits, surveying can begin as late as day 13 and still not hold up the project schedule.Therefore,


[3]
[SECTION]: Planning and Managing the Project > 3.1 Tracking Progress > Work Breakdown and Activity Graphs
[CONTENT]: [FIGURE 3.2 Activity graph for building a house.] 
Many important characteristics of the project are made visible by the activity graph. For example, it is clear from Figure 3.2 that neither of the two plumbing activities can start before milestone 2.2 is reached; that is, 2.2 is a precursor to both interior and exterior plumbing. Furthermore, the figure shows us that several things can be done simultaneously. For instance, some of the interior and exterior activities are independent  (such  as  installing  wallboard, connecting  exterior  electrical  plumbing, and others leading to milestones 2.6 and 3.3, respectively). The activities on the left-hand path do not depend on those on the right for their initiation, so they can be worked on concurrently. Notice that there is a dashed line from requesting permits (node 1.2) to surveying (node 1.1).This line indicates that these activities must be completed before excavation (the activity leading to milestone 1.3) can begin. However, since there is no real activity that occurs after reaching milestone 1.2 in order to get to milestone 1.1, the dashed line indicates a relationship without an accompanying activity.


[4]
[SECTION]: Why Software Engineering? > 1.2 How Successful Have We Been?
[CONTENT]: There is an enormous difference between an error in a class project and one in a large software system. In fact, software faults and the difficulty in producing fault-free software are frequently discussed in the literature  and  in  the  hallways. Some  faults are merely annoying; others cost a great deal of time and money. Still others are lifethreatening. Sidebar 1.1 explains the relationships among faults, errors, and failures. Let us look at a few examples of failures to see what is going wrong and why.
","[
    {
        ""role"": ""paragraph"",
        ""segment"": ""An activity is a part of the project that takes place over a period of time, whereas a milestone is the end of an activity-a particular point in time. Thus, an activity has a beginning and an end, whereas a milestone is the end of a specially designated activity."",
        ""citations"": [
            {
                ""type"": ""source_text"",
                ""content"": ""An activity is  a  part  of  the  project  that takes place over a period of time, whereas a milestone is the end of an activity-a particular point in time."",
                ""img_id"": null
            },
            {
                ""type"": ""source_text"",
                ""content"": ""Thus, any activity's end can be a milestone, and Table 3.2 lists the milestones for phase 2."",
                ""img_id"": null
            }
        ],
        ""type"": null
    }
]","An activity is a part of the project that takes place over a period of time, whereas a milestone is the end of an activity-a particular point in time. Thus, an activity has a beginning and an end, whereas a milestone is the end of a specially designated activity.",1.537,6.157
What is a precursor?,"
[0]
[SECTION]: Planning and Managing the Project > 3.1 Tracking Progress > Work Breakdown and Activity Graphs
[CONTENT]: Analysis of this kind is sometimes described as generating a work breakdown structure for a given project, because it depicts the project as a set of discrete pieces of work. Notice that the activities and milestones are items that both customer and developer can use to track development or maintenance.At any point in the process, the customer may want to follow our progress.We developers can point to activities, indicating what work is under way, and to milestones, indicating what work has been completed. However, a project's work breakdown structure gives no indication of the interdependence of the work units or of the parts of the project that can be developed concurrently.
We can describe each activity with four parameters: the precursor, duration, due date, and endpoint. A precursor is an event or set of events that must occur before the activity can begin; it describes the set of conditions that allows the activity to begin. The duration is the length of time needed to complete the activity. The due date is the date by which the activity must be completed, frequently determined by contractual deadlines. Signifying that the activity has ended, the endpoint is usually a milestone or deliverable.We can illustrate the relationships among activities by using these parameters. In particular, we can draw an activity graph to depict the dependencies; the nodes of the graph are the project milestones, and the lines linking the nodes represent the activities involved. Figure 3.2 is an activity graph for the work described in phase 2 of Table 3.1.


[1]
[SECTION]: Planning and Managing the Project > 3.1 Tracking Progress > Work Breakdown and Activity Graphs
[CONTENT]: [FIGURE 3.2 Activity graph for building a house.] 
Many important characteristics of the project are made visible by the activity graph. For example, it is clear from Figure 3.2 that neither of the two plumbing activities can start before milestone 2.2 is reached; that is, 2.2 is a precursor to both interior and exterior plumbing. Furthermore, the figure shows us that several things can be done simultaneously. For instance, some of the interior and exterior activities are independent  (such  as  installing  wallboard, connecting  exterior  electrical  plumbing, and others leading to milestones 2.6 and 3.3, respectively). The activities on the left-hand path do not depend on those on the right for their initiation, so they can be worked on concurrently. Notice that there is a dashed line from requesting permits (node 1.2) to surveying (node 1.1).This line indicates that these activities must be completed before excavation (the activity leading to milestone 1.3) can begin. However, since there is no real activity that occurs after reaching milestone 1.2 in order to get to milestone 1.1, the dashed line indicates a relationship without an accompanying activity.


[2]
[SECTION]: Writing the Programs > 7.4 The Programming Process > Programming as Problem Solving
[CONTENT]: Next, a plan is devised to determine how a solution can be derived from what is known  about  the  problem. What  are  the  connections  between  the  data  and  the unknowns? If no connection is immediately clear, then are there ways in which this problem is similar to other, better-known problems? It is here that we try to think of the current problem in terms of patterns: Is there a pattern or set of patterns that we can adapt to fit our problem?
We can try several techniques to find the right plan of attack:
 - Identifying a related problem: Are there data, algorithms, libraries, or methods that we can use to attack our problem?
 - Restating the problem: What are the key definitions? Can the problem be generalized or made more specific to make it more tractable? Can simplifying assumptions be made?
 - Decomposing the problem: What are the essential elements of the problem? Can the data be partitioned into categories, so that each category can be processed separately?
Perkins  (2001)  suggests  ways  to  brainstorm  and  arrive  at  what  he  calls  the 'Eureka' effect: recognizing the best solution. He wants us to rove through many different possibilities, stretching our minds to think even of implausible scenarios.We can also look for subtle clues that signal anomalies-reasons that a possible solution will not work. In addition to reframing the problem, Perkins suggests 'decentering' from current fixations by examining every assumption and attitude. He tells us to think of creativity as a sophisticated form of questioning everything; we use our creativity to question proposed solutions and to find a better solution to our problem.


[3]
[SECTION]: Why Software Engineering? > 1.5 A Systems Approach > Interrelated Systems
[CONTENT]: The concept of boundary is important, because very few systems are independent of other systems. For example, the respiratory system must interact with the digestive system, the circulatory system, the nervous system, and others.The respiratory system could not function without the nervous system; neither could the circulatory system function without the respiratory system. The interdependencies may be complex. (Indeed, many of our environmental problems arise and are intensified because we do not appreciate the complexity of our ecosystem.) However, once the boundary of a system is described, it is easier for us to see what is within and without and what crosses the boundary.
In  turn, it  is  possible  for  one  system  to  exist  inside  another  system. When  we describe a computer system, we often concentrate on a small piece of what is really a much larger system. Such a focus allows us to define and build a much less complex system than the enveloping one. If we are careful in documenting the interactions among and between systems affecting ours, we lose nothing by concentrating on this smaller piece of a larger system.


[4]
[SECTION]: Capturing the Requirements > 4.5 Modeling Notations > Logic
[CONTENT]: With the exception of ER diagrams, the notations we have considered so far have been model-based and are said to be operational.An operational notation is a notation used to describe a problem or a proposed software solution in terms of situational behavior: how a software system should respond to different input events, how a computation should flow from one step to another, and what a system should output under various conditions. The result is a model of case-based behavior that is particularly useful for answering questions about what the desired response should be to a particular situation: for example, what the next state or system output should be, given the current state, input event, process completion, and variable values. Such models also help the reader to visualize global behavior, in the form of paths representing allowable execution traces through the model.
","[
    {
        ""role"": ""sentence"",
        ""segment"": ""A precursor is an event or set of events that must occur before the activity can begin; it describes the set of conditions that allows the activity to begin."",
        ""citations"": [
            {
                ""type"": ""source_text"",
                ""content"": ""A precursor is an event or set of events that must occur before the activity can begin; it describes the set of conditions that allows the activity to begin."",
                ""img_id"": null
            }
        ],
        ""type"": null
    }
]",A precursor is an event or set of events that must occur before the activity can begin; it describes the set of conditions that allows the activity to begin.,1.715,3.874
How is slack time computed using available time and real time?,"
[0]
[SECTION]: Planning and Managing the Project > 3.1 Tracking Progress > Slack time = latest start time -earliest start time
[CONTENT]: 54 days are available to complete the activities leading to milestones 2.3, 2.4, 2.5, 2.6, and 2.8, but only 42 days are needed to complete these. Thus, this portion of the graph has 12 days of slack. Similarly, the portion of the graph for activities 2.3 through 2.7 requires only 39 days, so we have 15 days of slack along this route. By working forward through the graph in this way, we can compute the earliest start time and slack for each of the activities.Then, we compute the latest start time for each activity by moving from the finish back through each node to the start. Table 3.4 shows the results: the slack time for each activity in Figure 3.3. (At milestone 2.6, the path can branch to 2.7 or 2.8. The latest start times in Table 3.4 are calculated by using the route from 2.6 to 2.8, rather than from 2.6 to 2.7.)
The longest path has a slack of zero for each of its nodes, because it is the path that determines whether or not the project is on schedule. For this reason, it is called the critical path. Thus, the critical path is  the  one for which the slack at every node is zero. As you can see from our example, there may be more than one critical path.


[1]
[SECTION]: Planning and Managing the Project > 3.1 Tracking Progress > Slack time = latest start time -earliest start time
[CONTENT]: Let us compute the slack for our example's activities to see what it tells us about the project schedule. We compute slack by examining all paths from the start to the finish. As we have seen, it must take 15 days to complete milestones 1.1 and 1.2.An additional 55 days are used in completing milestones 1.3, 1.4, 2.1, and 2.2. At this point, there are four possible paths to be taken:
 - Following milestones 2.3 through 2.7 on the graph requires 39 days.
 - Following milestones 2.3 through 2.8 on the graph requires 42 days.
 - Following milestones 3.1 through 3.4 on the graph requires 54 days.
 - Following milestones 3.1 through 3.6 on the graph requires 54 days.
Because milestones 2.7, 2.8, 3.4, and 3.6 must be met before the project is finished, our schedule is constrained by the longest path.As you can see from Figure 3.3 and our preceding calculations, the two paths on the right require 124 days to complete, and the two paths on the left require fewer days. To calculate the slack, we can work backward along the path to see how much slack time there is for each activity leading to a node. First, we note that there is zero slack on the longest path.Then, we examine each of the remaining nodes to calculate the slack for the activities leading to them. For example,


[2]
[SECTION]: Planning and Managing the Project > 3.1 Tracking Progress > Estimating Completion
[CONTENT]: To see how CPM works, consider again our house-building example. First, we notice that the activities leading to milestones 1.1 (surveying) and 1.2 (requesting permits) can occur concurrently. Since excavation (the activity culminating in milestone 1.3) cannot begin until day 16, surveying has 15 days in which to be completed, even though it is only 3 days in duration. Thus, surveying has 15 days of available time, but requires only 3 days of real time. In the same way, for each activity in our graph, we can compute a pair of times: real time and available time.The real time or actual time for an activity is the estimated amount of time required for the activity to be completed, and the available time is the amount of time available in the schedule for the activity's completion. Slack time or float for an activity is the difference between the available time and the real time for that activity:
Slack time = available time -real time 1.1 FINISH Another way of looking at slack time is to compare the earliest time an activity may begin  with  the  latest  time  the  activity  may  begin  without  delaying  the  project. For example, surveying may begin on day 1, so the earliest start time is day 1. However, because it will take 15 days to request and receive permits, surveying can begin as late as day 13 and still not hold up the project schedule.Therefore,


[3]
[SECTION]: Planning and Managing the Project > 3.1 Tracking Progress > Slack time = latest start time -earliest start time
[CONTENT]: assign a probable duration according to some probability distribution, so that each activity has associated with it an expected value and a variance. In other words, instead of knowing an exact duration, we estimate a window or interval in which the actual time is likely to fall. The expected value is a point within the interval, and the variance describes the width of the interval. You may be familiar with a standard probability distribution called a normal distribution, whose graph is a bell-shaped curve.The Program Evaluation and Review Technique (PERT) is a popular critical path analysis technique that assumes a  normal distribution. (See Hillier and Lieberman [2001] for more information about PERT.) PERT determines the probability that the earliest start time for an activity is close to the scheduled time for that activity. Using information such as probability distribution, latest and earliest start times, and the activity graph, a PERT program can calculate the critical path and identify those activities most likely to be bottlenecks. Many project managers use the CPM or PERT method to examine their projects. However, these methods are valuable only for stable projects in which several activities take place concurrently. If the project's activities are mostly sequential, then almost all activities are on the critical path and are candidates for bottlenecks. Moreover, if the project requires redesign or rework,the activity graph and critical path are likely to change during development.


[4]
[SECTION]: Planning and Managing the Project > 3.1 Tracking Progress > Slack time = latest start time -earliest start time
[CONTENT]: Figure 3.4 is a bar chart that shows some software development project activities, including information about the early and late start dates; this chart is typical of those produced by automated project management tools. The horizontal bars represent the duration of each activity; those bars composed of asterisks indicate the critical path. Activities depicted by dashes and Fs are not on the critical path, and an F represents float or slack time.
Critical path analysis of a project schedule tells us who must wait for what as the project is being developed. It also tells us which activities must be completed on schedule to avoid delay. This kind of analysis can be enhanced in many ways. For instance, our house-building example supposes that we know exactly how long each activity will take. Often, this is not the case. Instead, we have only an estimated duration for an activity, based on our knowledge of similar projects and events. Thus, to each activity, we can ***********************
","[
  {
    ""role"": ""paragraph"",
    ""segment"": ""Slack time or float for an activity is the difference between the available time and the real time for that activity. Slack time = available time -real time. For example, surveying may begin on day 1, so the earliest start time is day 1. However, because it will take 15 days to request and receive permits, surveying can begin as late as day 13 and still not hold up the project schedule."",
    ""citations"": [
      {
        ""type"": ""source_text"",
        ""content"": ""Slack time or float for an activity is the difference between the available time and the real time for that activity:"",
        ""img_id"": null
      },
      {
        ""type"": ""source_text"",
        ""content"": ""Slack time = available time -real time"",
        ""img_id"": null
      },
      {
        ""type"": ""source_text"",
        ""content"": ""surveying may begin on day 1, so the earliest start time is day 1. However, because it will take 15 days to request and receive permits, surveying can begin as late as day 13 and still not hold up the project schedule."",
        ""img_id"": null
      }
    ],
    ""type"": null
  }
]","Slack time or float for an activity is the difference between the available time and the real time for that activity. Slack time = available time -real time. For example, surveying may begin on day 1, so the earliest start time is day 1. However, because it will take 15 days to request and receive permits, surveying can begin as late as day 13 and still not hold up the project schedule.",1.546,8.794
What is the critical path?,"
[0]
[SECTION]: Planning and Managing the Project > 3.14 Exercises
[CONTENT]:  - You are about to bake a two-layer birthday cake with icing. Describe the cake-baking project as a work breakdown structure. Generate an activity graph from that structure. What is the critical path?
 - Figure 3.23 is an activity graph for a software development project. The number corresponding to each edge of the graph indicates the number of days required to complete the activity represented by that branch. For example, it will take four days to complete the
[FIGURE_DESCRIPTIONS]
[0] Graph diagram labeled as FIGURE 3.23 Activity graph for Exercise 2. The diagram shows a directed or undirected network with nodes A through L arranged on a bidirectional path from START to FINISH. Edges carry numeric weights (e.g., 4, 5, 3, 6, 2) representing costs or times. Key nodes along the top path include A, B, D, I, and FINISH on the right; a middle horizontal chain runs A–E–G–I with weights 4, 3, 2, and 2 respectively; a lower chain includes C–F–H–K with weights 5, 3, 3, 3; there are additional branches from B to D and from I to J and from J to K forming a network. Start label at left and Finish label at right. The graph uses circular node markers with letters inside and small edge weights adjacent to each edge; some edges appear as horizontal or diagonal connectors with clear directional or nondirectional cues implied by the layout.



[1]
[SECTION]: Planning and Managing the Project > 3.1 Tracking Progress > Estimating Completion
[CONTENT]: Analyzing the paths among the milestones of a project in this way is called the Critical Path Method (CPM) . The paths can show us the minimum amount of time it will take to complete the project, given our estimates of each activity's duration. Moreover, CPM reveals those activities that are most critical to completing the project on time.

|    | 0                                              | 1                                      |
|---:|:-----------------------------------------------|:---------------------------------------|
|  0 | TABLE 3.3 Activities andTime Estimates         | TABLE 3.3 Activities andTime Estimates |
|  1 | Activity                                       | Time Estimate (in Days)                |
|  2 | Step 1: Prepare the site                       |                                        |
|  3 | Activity 1.1: Survey the land                  | 3                                      |
|  4 | Activity 1.2:Request permits                   | 15                                     |
|  5 | Activity 1.3: Excavate for the foundation      | 10                                     |
|  6 | Activity 1.4:Buy materials                     | 10                                     |
|  7 | Step 2: Building the exterior                  |                                        |
|  8 | Activity 2.1:Lay the foundation                | 15                                     |
|  9 | Activity 2.2: Build the outside walls          | 20                                     |
| 10 | Activity 2.3: Install exterior plumbing        | 10                                     |
| 11 | Activity 2.4: Install exterior electrical work | 10                                     |
| 12 | Activity 2.5: Install exterior siding          | 8                                      |
| 13 | Activity 2.6: Paint the exterior               | 5                                      |
| 14 | Activity 2.7: Install doors and fixtures       | 6                                      |
| 15 | Activity 2.8: Install roof                     | 9                                      |
| 16 | Step 3: Finishing the interior                 |                                        |
| 17 | Activity 3.1: Install interior plumbing        | 12                                     |
| 18 | Activity 3.2: Install interior electrical work | 15                                     |
| 19 | Activity 3.3: Install wallboard                | 9                                      |
| 20 | Activity 3.4: Paint the interior               | 18                                     |
| 21 | Activity 3.5: Install floor covering           | 11                                     |
| 22 | Activity 3.6: Install doors and fixtures       | 7                                      |


[2]
[SECTION]: Planning and Managing the Project > 3.1 Tracking Progress > Slack time = latest start time -earliest start time
[CONTENT]: Figure 3.4 is a bar chart that shows some software development project activities, including information about the early and late start dates; this chart is typical of those produced by automated project management tools. The horizontal bars represent the duration of each activity; those bars composed of asterisks indicate the critical path. Activities depicted by dashes and Fs are not on the critical path, and an F represents float or slack time.
Critical path analysis of a project schedule tells us who must wait for what as the project is being developed. It also tells us which activities must be completed on schedule to avoid delay. This kind of analysis can be enhanced in many ways. For instance, our house-building example supposes that we know exactly how long each activity will take. Often, this is not the case. Instead, we have only an estimated duration for an activity, based on our knowledge of similar projects and events. Thus, to each activity, we can ***********************


[3]
[SECTION]: Planning and Managing the Project > 3.14 Exercises
[CONTENT]: E activity that ends in milestone E. For each activity, list its precursors and compute the earliest start time, the latest start time, and the slack.Then, identify the critical path.
 - Figure 3.24 is an activity graph. Find the critical path.
 - On a software development project, what kinds of activities can be performed in parallel? Explain why the activity graph sometimes hides the interdependencies of these activities.
 - Describe  how  adding  personnel  to  a  project  that  is  behind  schedule  might  make  the project completion date even later.
 - A large government agency wants to contract with a software development firm for a project involving 20,000 lines of code.The Hardand Software Company uses Walston and Felix's estimating technique for determining the number of people required for the time needed to write that much code. How many person-months does Hardand estimate will be needed? If the government's estimate of size is 10% too low (i.e., 20,000 lines of code represent  only  90%  of  the  actual  size), how  many  additional  person-months  will  be needed? In general, if the government's size estimate is k % too low, by how much must the person-month estimate change?
","[
  {
    ""role"": ""paragraph"",
    ""segment"": ""The critical path is the sequence of activities that determines the minimum time to complete the project; in CPM, the paths can show us the minimum amount of time it will take to complete the project, and the bars composed of asterisks indicate the critical path."",
    ""citations"": [
      {
        ""type"": ""source_text"",
        ""content"": ""Anlaysing the paths among the milestones of a project in this way is called the Critical Path Method (CPM) . The paths can show us the minimum amount of time it will take to complete the project, given our estimates of each activity's duration."",
        ""img_id"": null
      },
      {
        ""type"": ""source_text"",
        ""content"": ""Figure 3.4 is a bar chart that shows some software development project activities, including information about the early and late start dates; this chart is typical of those produced by automated project management tools. The horizontal bars represent the duration of each activity; those bars composed of asterisks indicate the critical path."",
        ""img_id"": null
      }
    ]
  }
]","The critical path is the sequence of activities that determines the minimum time to complete the project; in CPM, the paths can show us the minimum amount of time it will take to complete the project, and the bars composed of asterisks indicate the critical path.",1.656,7.496
What are the two components used to describe a preferred work style?,"
[0]
[SECTION]: Planning and Managing the Project > 3.2 Project Personnel > Work Styles
[CONTENT]: Different people have different preferred styles for interacting with others on the job and for understanding problems that arise in the course of their work. For example, you may prefer to do a detailed analysis of all possible information before making a decision, whereas your colleague may rely on 'gut feeling' for most of his important decisions. You can think of your preferred work style in terms of two components: the way in which your thoughts are communicated and ideas gathered, and the degree to which your emotions affect decision making. When communicating ideas, some people tell others their thoughts, and some people ask for suggestions from others before forming an opinion. Jung (1959) calls the former extroverts and the latter introverts . Clearly, your communication style affects the way you interact with others on a project. Similarly, intuitive people base their decisions on feelings about and emotional reactions to a problem. Others are rational , deciding primarily by examining the facts and carefully considering all options.


[1]
[SECTION]: Planning and Managing the Project > 3.2 Project Personnel > Work Styles
[CONTENT]: Work styles can also involve choice of worker for a given task.For instance,intuitive employees may prefer design and development (requiring new ideas) to maintenance programming and design (requiring attention to detail and analysis of complex results).


[2]
[SECTION]: Planning and Managing the Project > 3.2 Project Personnel > Work Styles
[CONTENT]: Clearly, not everyone fits neatly into one of the four categories. Different people have different tendencies, and we can use the framework of Figure 3.10 to describe those tendencies and preferences.
Communication is critical to project success, and work style determines communication style. For example, if you are responsible for a part of the project that is behind schedule, Kai and David are likely to tell you when your work must be ready. David may offer several ideas to get the work back on track, and Kai will give you a new schedule to follow. However, Marcel and Ying will probably ask when the results will be ready. Marcel, in analyzing his options, will want to know why it is not ready; Ying will ask if there is anything she can do to help.
Understanding work styles can help you to be flexible in your approach to other project team members and to customers and users. In particular, work styles give you information about the priorities of others. If a colleague's priorities and interests are different from yours, you can present information to her in terms of what she deems important. For example, suppose Claude is your customer and you are preparing a presentation for him on the status of the project. If Claude is an introvert, you know that he prefers gathering information to giving it.Thus, you may organize your presentation so that it tells him a great deal about how the project is structured and how it is progressing. However, if Claude is an extrovert, you can include questions to allow him to tell you what he wants or needs. Similarly, if Claude is intuitive, you can take advantage of his creativity by soliciting new ideas from him; if he is rational, your presentation can include facts or figures rather than judgments or feelings. Thus, work styles affect interactions among customers, developers, and users.


[3]
[SECTION]: Modeling the Process and Life Cycle > 2.3 Tools And Techniques For Process Modeling
[CONTENT]: There are many choices for modeling tools and techniques, once you decide what you want to capture in your process model; we have seen several modeling approaches in our  model  depictions  in  the  preceding  section. The  appropriate  technique  for  you depends on your goals and your preferred work style. In particular, your choice for notation depends on what you want to capture in your model.The notations range from textual ones that express processes as functions, to graphical ones that depict processes as hierarchies of boxes and arrows, to combinations of pictures and text that link the graphical depiction to tables and functions elaborating on the high-level illustration. Many of the modeling notations can also be used for representing requirements and designs; we examine some of them in later chapters.
In this chapter, the notation is secondary to the type of model, and we focus on two major categories, static and dynamic. A static model depicts the process, showing that the inputs are transformed to outputs.A dynamic model enacts the process, so the user can see how intermediate and final products are transformed over time.


[4]
[SECTION]: Planning and Managing the Project > 3.2 Project Personnel > Work Styles
[CONTENT]: We can describe the variety of work styles by considering the graph of Figure 3.10, where communication style forms the horizontal axis and decision style the vertical one.The more extroverted you are, the farther to the right your work style falls on the graph. Similarly, the more emotions play a part in your decisions, the higher up you go. Thus, we can define four basic work styles, corresponding to the four quadrants of the graph. The rational extroverts tend to assert their ideas and not let 'gut feeling' affect their decision making.They tell their colleagues what they want them to know, but they rarely ask for more information before doing so.When reasoning,they rely on logic, not emotion.The rational introverts also avoid emotional decisions, but they are willing to take time to consider all possible courses of action. Rational introverts are information gatherers; they do not feel comfortable making a decision unless they are convinced that all the facts are at hand.
In  contrast, intuitive  extroverts base  many  decisions  on  emotional  reactions, tending to want to tell others about them rather than ask for input.They use their intuition to be creative, and they often suggest unusual approaches to solving a problem. The intuitive introvert is creative, too, but applies creativity only after having gathered INTUITIVE sufficient information on which to base a decision. Winston Churchill was an intuitive introvert; when he wanted to learn about an issue, he read every bit of material available that addressed it. He often made his decisions based on how he felt about what he had learned (Manchester 1983).


[5]
[SECTION]: Improving Predictions, Products, Processes, and Resources > 13.4 Improving Resources > Work Environment
[CONTENT]: DeMarco (1997) emphasizes the importance of team 'jell,' where team members work smoothly, coordinating their work and respecting each other's abilities. For this reason, he  suggests  that  teams  that  have  worked  well  together  in  the  past  be  kept together for future projects. In addition, he urges us to use mediation to resolve conflicts, so that the team views itself as united on one side and the problem on the other side.
","[
  {
    ""role"": ""sentence"",
    ""segment"": ""You can think of your preferred work style in terms of two components: the way in which your thoughts are communicated and ideas gathered, and the degree to which your emotions affect decision making."",
    ""citations"": [
      {
        ""type"": ""source_text"",
        ""content"": ""You can think of your preferred work style in terms of two components: the way in which your thoughts are communicated and ideas gathered, and the degree to which your emotions affect decision making."",
        ""img_id"": null
      }
    ],
    ""type"": null
  }
]","You can think of your preferred work style in terms of two components: the way in which your thoughts are communicated and ideas gathered, and the degree to which your emotions affect decision making.",1.321,6.227
How do rational extroverts make decisions according to the work styles framework?,"
[0]
[SECTION]: Planning and Managing the Project > 3.2 Project Personnel > Work Styles
[CONTENT]: We can describe the variety of work styles by considering the graph of Figure 3.10, where communication style forms the horizontal axis and decision style the vertical one.The more extroverted you are, the farther to the right your work style falls on the graph. Similarly, the more emotions play a part in your decisions, the higher up you go. Thus, we can define four basic work styles, corresponding to the four quadrants of the graph. The rational extroverts tend to assert their ideas and not let 'gut feeling' affect their decision making.They tell their colleagues what they want them to know, but they rarely ask for more information before doing so.When reasoning,they rely on logic, not emotion.The rational introverts also avoid emotional decisions, but they are willing to take time to consider all possible courses of action. Rational introverts are information gatherers; they do not feel comfortable making a decision unless they are convinced that all the facts are at hand.
In  contrast, intuitive  extroverts base  many  decisions  on  emotional  reactions, tending to want to tell others about them rather than ask for input.They use their intuition to be creative, and they often suggest unusual approaches to solving a problem. The intuitive introvert is creative, too, but applies creativity only after having gathered INTUITIVE sufficient information on which to base a decision. Winston Churchill was an intuitive introvert; when he wanted to learn about an issue, he read every bit of material available that addressed it. He often made his decisions based on how he felt about what he had learned (Manchester 1983).


[1]
[SECTION]: Planning and Managing the Project > 3.2 Project Personnel > Work Styles
[CONTENT]: To see how work styles affect interactions on a project, consider several typical staff profiles. Kai, a rational extrovert, judges her colleagues by the results they produce. When making a decision, her top priority is efficiency. Thus, she wants to know only the bottom line. She examines her options and their probable effects, but she does not need to see documents or hear explanations supporting each option. If her time is wasted or her efficiency is hampered in some way, she asserts her authority to regain control of the situation.Thus, Kai is good at making sound decisions quickly.
Marcel, a rational introvert, is very different from his colleague Kai. He judges his peers by how busy they are, and he has little tolerance for those who appear not to be working hard all the time. He is a good worker, admired for the energy he devotes to his work. His reputation as a good worker is very important to him, and he prides himself on being accurate and thorough. He does not like to make decisions without complete information. When asked to make a presentation, Marcel does so only after gathering all relevant information on the subject.


[2]
[SECTION]: Planning and Managing the Project > 3.2 Project Personnel > Work Styles
[CONTENT]: Clearly, not everyone fits neatly into one of the four categories. Different people have different tendencies, and we can use the framework of Figure 3.10 to describe those tendencies and preferences.
Communication is critical to project success, and work style determines communication style. For example, if you are responsible for a part of the project that is behind schedule, Kai and David are likely to tell you when your work must be ready. David may offer several ideas to get the work back on track, and Kai will give you a new schedule to follow. However, Marcel and Ying will probably ask when the results will be ready. Marcel, in analyzing his options, will want to know why it is not ready; Ying will ask if there is anything she can do to help.
Understanding work styles can help you to be flexible in your approach to other project team members and to customers and users. In particular, work styles give you information about the priorities of others. If a colleague's priorities and interests are different from yours, you can present information to her in terms of what she deems important. For example, suppose Claude is your customer and you are preparing a presentation for him on the status of the project. If Claude is an introvert, you know that he prefers gathering information to giving it.Thus, you may organize your presentation so that it tells him a great deal about how the project is structured and how it is progressing. However, if Claude is an extrovert, you can include questions to allow him to tell you what he wants or needs. Similarly, if Claude is intuitive, you can take advantage of his creativity by soliciting new ideas from him; if he is rational, your presentation can include facts or figures rather than judgments or feelings. Thus, work styles affect interactions among customers, developers, and users.


[3]
[SECTION]: Planning and Managing the Project > 3.2 Project Personnel > Work Styles
[CONTENT]: Different people have different preferred styles for interacting with others on the job and for understanding problems that arise in the course of their work. For example, you may prefer to do a detailed analysis of all possible information before making a decision, whereas your colleague may rely on 'gut feeling' for most of his important decisions. You can think of your preferred work style in terms of two components: the way in which your thoughts are communicated and ideas gathered, and the degree to which your emotions affect decision making. When communicating ideas, some people tell others their thoughts, and some people ask for suggestions from others before forming an opinion. Jung (1959) calls the former extroverts and the latter introverts . Clearly, your communication style affects the way you interact with others on a project. Similarly, intuitive people base their decisions on feelings about and emotional reactions to a problem. Others are rational , deciding primarily by examining the facts and carefully considering all options.


[4]
[SECTION]: Planning and Managing the Project > 3.2 Project Personnel > Work Styles
[CONTENT]: Work styles can also involve choice of worker for a given task.For instance,intuitive employees may prefer design and development (requiring new ideas) to maintenance programming and design (requiring attention to detail and analysis of complex results).


[5]
[SECTION]: The Future of Software Engineering > 14.3 Decision-Making In Software Engineering
[CONTENT]: Coupled with the need for evidence about new technologies is the need to make decisions about them. How do we decide what technologies to use on our next project?
How do we allocate the right resources to a team? And how do we weigh the risks of one choice over another? As with technology transfer, we can look to other disciplines to see how research on decision-making can help us improve our software engineeringrelated choices.
","[
  {
    ""role"": ""sentence"",
    ""segment"": ""Rational extroverts make decisions by asserting their ideas, not letting gut feelings affect their decisions, and they rely on logic rather than emotion."",
    ""citations"": [
      {
        ""type"": ""source_text"",
        ""content"": ""The rational extroverts tend to assert their ideas and not let 'gut feeling' affect their decision making.They tell their colleagues what they want them to know, but they rarely ask for more information before doing so.When reasoning,they rely on logic, not emotion."",
        ""img_id"": null
      }
    ],
    ""type"": null
  }
]","Rational extroverts make decisions by asserting their ideas, not letting gut feelings affect their decisions, and they rely on logic rather than emotion.",1.889,4.236
How does an egoless programming team approach responsibility?,"
[0]
[SECTION]: Planning and Managing the Project > 3.2 Project Personnel > Project Organization
[CONTENT]: Clearly, the chief programmer must be good at making decisions quickly, so the chief is likely to be an extrovert. However, if most of the team members are introverts, the chief programmer team may not be the best structure for the project. An alternative is based on the idea of 'egoless' programming, as described by Weinberg (1971). Instead of a single point of responsibility, an egoless approach holds everyone equally responsible. Moreover, the process is separated from the individuals; criticism is made of  the  product  or  the  result, not  the  people  involved. The  egoless  team  structure  is democratic, and all team members vote on a decision, whether it concerns design considerations or testing techniques.


[1]
[SECTION]: Testing the Programs > 8.2 Testing Issues > Who Performs the Tests?
[CONTENT]: Even when a system is developed with an egoless approach, we sometimes have difficulty removing our personal feelings from the testing process. Thus, we often use an independent test team to test a system. In this way, we avoid conflict between personal responsibility for faults and the need to discover as many faults as possible.
In addition, several other factors justify an independent team. First, we may inadvertently introduce faults when interpreting the design, determining the program logic, writing descriptive documentation, or implementing the algorithms. Clearly, we would not have submitted our code for testing if we did not think the code performed according to specification. But we may be too close to the code to be objective and to recognize some of the more subtle faults.
Furthermore, an independent test team can participate in reviewing the components throughout development. The team can be part of the requirements and design reviews, can test the code components individually, and can test the system as it is integrated and presented to the customers for acceptance. In this way, testing can proceed concurrently with coding; the test team can test components as they are completed and begin to piece them together while the programming staff continues to code other components.


[2]
[SECTION]: Planning and Managing the Project > 3.10 What This Chapter Means For Your Development Team
[CONTENT]: At  the  same  time, you  have  learned  how  to  organize  a  development  team  so  that team interaction helps produce a better product. There are several choices for team structure, from  a  hierarchical  chief  programmer  team  to  a  loose, egoless  approach. Each has its benefits, and each depends to some degree on the uncertainty and size of the project.
We have also seen how the team can work to anticipate and reduce risk from the project's beginning. Redundant functionality, team reviews, and other techniques can help us catch errors early, before they become embedded in the code as faults waiting to cause failures.
Similarly, cost estimation should be done early and often, including input from team members about progress in specifying, designing, coding, and testing the system. Cost estimation and risk management can work hand in hand; as cost estimates raise concerns about finishing on time and within budget, risk management techniques can be used to mitigate or even eliminate risks.


[3]
[SECTION]: Testing the Programs > 8.2 Testing Issues > Attitudes Toward Testing
[CONTENT]: However,developing a system for customers is different. Customers are not interested in knowing that the system works properly under certain conditions. Rather, they are interested in being sure that the system works properly under all conditions. So our goal as a developer should be to eliminate as many faults as possible, no matter where in the system they occur and no matter who created them. Hurt feelings and bruised egos have no place in the development process as faults are discovered. Hence, many software engineers adopt an attitude known as egoless programming , where programs are viewed as components of a larger system, not as the property of those who wrote them. When a fault is discovered or a failure occurs, the egoless development team is concerned with correcting the fault, not with placing blame on a particular developer.


[4]
[SECTION]: Planning and Managing the Project > 3.2 Project Personnel > Project Organization
[CONTENT]: The organization of the chief programmer team is illustrated in Figure 3.11. By placing all responsibility for all decisions with the chief programmer, the team structure minimizes the amount of communication needed during the project.Each team member must communicate often with the chief, but not necessarily with other team members. Thus, if the team consists of programmers plus the chief, the team can establish only paths of communication (one path for each team member's interaction with the chief) out of a potential paths. For example, rather than working out a problem themselves, the programmers can simply approach the chief for an answer. Similarly, the chief reviews all design and code, removing the need for peer reviews. n 1 n -1 2> 2 n -1 n -1 Although a chief programmer team is a hierarchy, groups of workers may be formed to accomplish a specialized task. For instance, one or more team members may form an administrative group to provide a status report on the project's current cost and schedule.


[5]
[SECTION]: Planning and Managing the Project > 3.2 Project Personnel > SIDEBAR 3.2 STRUCTURE VS. CREATIVITY
[CONTENT]: The experts in Kunde's article claim that good project management means finding a balance between structure and creativity. Left to their own devices, the software developers will focus only on functionality and creativity, disregarding deadlines and the scope of the specification. Many  software  project  management  experts  made  similar  claims. Unfortunately, much of this information is based on anecdote, not on solid empirical investigation.
The two types of organizational structure can be combined, where appropriate. For instance, programmers may be asked to develop a subsystem on their own, using an egoless approach within a hierarchical structure. Or the test team of a loosely structured project may impose a hierarchical structure on itself and designate one person to be responsible for all major testing decisions.


[6]
[SECTION]: Writing the Programs > 7.8 What This Chapter Means For Your Development Team
[CONTENT]: Although much of coding is an individual endeavor, all of coding must be done with your team in mind.Your use of information hiding allows you to reveal only the essential information about your components so that your colleagues can invoke them or reuse them. Your use of standards enhances communication among team members. And your use of common design techniques and strategies makes your code easier to test, maintain, and reuse.
","[
  {
    ""role"": ""paragraph"",
    ""segment"": ""Egoless programming treats responsibility as shared by all team members rather than a single person; the process is separated from individuals and criticism targets the product, not the people."",
    ""citations"": [
      {
        ""type"": ""source_text"",
        ""content"": ""Instead of a single point of responsibility, an egoless approach holds everyone equally responsible. Moreover, the process is separated from the individuals; criticism is made of  the  product  or  the  result, not  the  people  involved."",
        ""img_id"": null
      }
    ],
    ""type"": null
  },
  {
    ""role"": ""paragraph"",
    ""segment"": ""The egoless team structure is democratic, and all team members vote on a decision, whether it concerns design considerations or testing techniques."",
    ""citations"": [
      {
        ""type"": ""source_text"",
        ""content"": ""The egoless  team  structure  is democratic, and all team members vote on a decision, whether it concerns design considerations or testing techniques."",
        ""img_id"": null
      }
    ],
    ""type"": null
  },
  {
    ""role"": ""paragraph"",
    ""segment"": ""When faults occur, the egoless development team is concerned with correcting the fault, not with placing blame on a particular developer."",
    ""citations"": [
      {
        ""type"": ""source_text"",
        ""content"": ""When a fault is discovered or a failure occurs, the egoless development team is concerned with correcting the fault, not with placing blame on a particular developer."",
        ""img_id"": null
      }
    ],
    ""type"": null
  }
]","Egoless programming treats responsibility as shared by all team members rather than a single person; the process is separated from individuals and criticism targets the product, not the people.

The egoless team structure is democratic, and all team members vote on a decision, whether it concerns design considerations or testing techniques.

When faults occur, the egoless development team is concerned with correcting the fault, not with placing blame on a particular developer.",1.626,6.987
How do you quantify the risk exposure for an identified risk?,"
[0]
[SECTION]: Planning and Managing the Project > 3.4 Risk Management > Risk Management Activities
[CONTENT]: Finally, we  analyze  the  risks  we  have  identified, so  that  we  can  understand  as much as possible about when, why, and where they might occur. There are many techniques we can use to enhance our understanding, including system dynamics models, cost models, performance models, network analysis, and more.
Once we have itemized all the risks, we use our understanding to assign priorities them. A priority scheme enables us to devote our limited resources only to the most threatening risks. Usually, priorities are based on the risk exposure, which takes into account not only likely impact, but also the probability of occurrence.
The risk exposure is computed from the risk impact and the risk probability, so we must estimate each of these risk aspects. To see how the quantification is done, consider the analysis depicted in Figure 3.16. Suppose we have analyzed the system development process and we know we are working under tight deadlines for delivery.We have decided to build the system in a series of releases, where each release has more functionality than the one that preceded it. Because the system is designed so that functions are relatively independent, we consider testing only the new functions for a release, and we assume that the existing functions still work as they did before. However, we may worry that there are risks associated with not performing regression testing : the assurance that existing functionality still works correctly.


[1]
[SECTION]: Planning and Managing the Project > 3.4 Risk Management > SIDEBAR 3.4 BOEHM'S TOP TEN RISK ITEMS
[CONTENT]:  - The degree to which we can change the outcome. For each risk, we must determine what we can do to minimize or avoid the impact of the event. Risk control involves a set of actions taken to reduce or eliminate a risk. For example, if the requirements may change after design, we can minimize the impact of the change by creating a flexible design. If the second machine is not ready when the software is tested, we may be able to identify other models or brands that have the same functionality and performance and can run our new software until the new model is delivered.
We can quantify the effects of the risks we identify by multiplying the risk impact by the risk probability, to yield the risk exposure . For example, if the likelihood that the requirements will change after design is 0.3, and the cost to redesign to new requirements is $50,000, then the risk exposure is $15,000. Clearly, the risk probability can change over time, as can the impact, so part of a project manager's job is to track these values over time and plan for the events accordingly.


[2]
[SECTION]: Planning and Managing the Project > 3.4 Risk Management > Risk Management Activities
[CONTENT]: For  each  possible  outcome, we  estimate  two  quantities: the  probability  of  an unwanted  outcome, P(UO), and  the  loss  associated  with  the  unwanted  outcome,
[FIGURE 3.16 Example of risk exposure calculation.] 
[FIGURE_DESCRIPTIONS]
[0] Diagram depicting a fault-tinding decision tree for risk exposure and combined risk exposure with labeled thresholds and outcomes. The leftmost node shows a decision about regression testing with a Yes/No branch. From Yes, branches lead to Do regression testing? then further branches evaluate P(U0) and L(U0) values: P(U0) = 0.75, L(U0) = 5M, and text labels such as Find critical fault, Don’t find critical fault, P(U0) = 0.25, L(U0) = 0.5M, P(U0) = 0.20, L(U0) = 0.25M indicating probabilities and losses. Right side shows arrows to risk exposure and combined risk exposure with numeric values: $1.875M, $16.625M, $1.5M, $0M, etc. The top-right labels include P( U0 ) values and L(U0) values alongside fractions like 3.75M, 1.50M, and 5.0M. The diagram emphasizes risk exposure aggregation across branches, with stepwise evaluation of critical fault finding outcomes and associated losses to compute total exposure. Text boxes and thresholds are arranged in a decision-tree fashion with probabilities and monetary losses.



[3]
[SECTION]: Planning and Managing the Project > 3.8 Real-Time Example
[CONTENT]: Once the risks were identified, the analysis phase might have included simulations, which probably would have highlighted the problem that eventually caused the rocket's destruction. And prioritization would have identified the risk exposure if the SRI did not work as planned; the high exposure might have prompted the project team to examine the SRI and its workings more carefully before implementation.
Risk control involves risk reduction, management planning, and risk resolution. Even if the risk assessment activities had missed the problems inherent in reusing the SRI from Ariane-4, risk reduction techniques including risk avoidance analysis might have noted that both SRIs could have been shut down for the same underlying cause. Risk avoidance might have involved using SRIs with two different designs, so that the design error would have shut down one but not the other. Or the fact that the SRI calculations were not needed after lift-off might have prompted the designers or implementers  to  shut  down  the  SRI  earlier, before  it  corrupted  the  data  for  the  angle calculations. Similarly, risk  resolution  includes  plans  for  mitigation  and  continual reassessment of risk. Even if the risk of SRI failure had not been caught earlier, a risk reassessment during design or even during unit testing might have revealed the problem in the middle of development.A redesign or development at that stage would have been costly, but not as costly as the complete loss of Ariane-5 on its maiden voyage.


[4]
[SECTION]: Planning and Managing the Project > 3.4 Risk Management > Risk Management Activities
[CONTENT]: Risk  management  involves  several  important  steps, each  of  which  is  illustrated  in Figure 3.15. First, we assess the risks on a project, so that we understand what may occur during the course of development or maintenance. The assessment consists of three activities: identifying the risks, analyzing them, and assigning priorities to each of them. To identify them, we may use many different techniques.
If the system we are building is similar in some way to a system we have built before, we may have a checklist of problems that may occur; we can review the checklist to determine if the new project is likely to be subject to the risks listed. For systems that are new in some way, we may augment the checklist with an analysis of each of the activities in the development cycle; by decomposing the process into small pieces, we may be able to anticipate problems that may arise. For example, we may decide that there is a risk of the chief designer leaving during the design process. Similarly, we may analyze the assumptions or decisions we make about how the project will be done, who will do it, and with what resources. Then, each assumption is assessed to determine the risks involved.
","[
  {
    ""role"": ""paragraph"",
    ""segment"": ""We can quantify the effects of the risks we identify by multiplying the risk impact by the risk probability, to yield the risk exposure . For example, if the likelihood that the requirements will change after design is 0.3, and the cost to redesign to new requirements is $50,000, then the risk exposure is $15,000."",
    ""citations"": [
      {
        ""type"": ""source_text"",
        ""content"": ""We can quantify the effects of the risks we identify by multiplying the risk impact by the risk probability, to yield the risk exposure . For example, if the likelihood that the requirements will change after design is 0.3, and the cost to redesign to new requirements is $50,000, then the risk exposure is $15,000."",
        ""img_id"": null
      }
    ],
    ""type"": null
  }
]","We can quantify the effects of the risks we identify by multiplying the risk impact by the risk probability, to yield the risk exposure . For example, if the likelihood that the requirements will change after design is 0.3, and the cost to redesign to new requirements is $50,000, then the risk exposure is $15,000.",1.56,6.592
What are the three strategies for risk reduction?,"
[0]
[SECTION]: Planning and Managing the Project > 3.4 Risk Management > Risk Management Activities
[CONTENT]: There are three strategies for risk reduction:
 - avoiding the risk, by changing requirements for performance or functionality
 - transferring the risk, by allocating risks to other systems or by buying insurance to cover any financial loss should the risk become a reality
 - assuming the risk, by accepting it and controlling it with the project's resources To aid decision making about risk reduction, we must take into account the cost of reducing the risk. We call risk leverage the difference in risk exposure divided by the cost of reducing the risk. In other words, risk reduction leverage is If the leverage value is not high enough to justify the action, then we can look for other less costly or more effective reduction techniques.
/ 1 cost of risk reduction 2 1 Risk exposure before reduction -risk exposure after reduction 2 In some cases, we can choose a development process to help reduce the risk. For example,we saw in Chapter 2 that prototyping can improve understanding of the requirements and design,so selecting a prototyping process can reduce many project risks.


[1]
[SECTION]: Planning and Managing the Project > 3.4 Risk Management > Risk Management Activities
[CONTENT]: L(UO). For instance, there are three possible consequences of performing regression testing: finding a critical fault if one exists, not finding the critical fault (even though it exists), or deciding (correctly) that there is no critical fault. As the figure illustrates, we have estimated the probability of the first case to be 0.75, of the second to be 0.05, and of the third to be 0.20. The loss associated with an unwanted outcome is estimated to be $500,000 if a critical fault is found, so that the risk exposure is $375,000. Similarly, we calculate the risk exposure for the other branches of this decision tree, and we find that our risk exposure if we perform regression testing is almost $2 million. However, the same kind of analysis shows us that the risk exposure if we do not perform regression testing is almost $17 million. Thus, we say (loosely) that more is at risk if we do not perform regression testing.
Risk exposure helps us to list the risks in priority order, with the risks of most concern given the highest priority. Next, we must take steps to control the risks.The notion of control acknowledges that we may not be able to eliminate all risks. Instead, we may be able to minimize the risk or mitigate it by taking action to handle the unwanted outcome in an acceptable way. Therefore, risk control involves risk reduction, risk planning, and risk resolution.


[2]
[SECTION]: Planning and Managing the Project > 3.8 Real-Time Example
[CONTENT]: Once the risks were identified, the analysis phase might have included simulations, which probably would have highlighted the problem that eventually caused the rocket's destruction. And prioritization would have identified the risk exposure if the SRI did not work as planned; the high exposure might have prompted the project team to examine the SRI and its workings more carefully before implementation.
Risk control involves risk reduction, management planning, and risk resolution. Even if the risk assessment activities had missed the problems inherent in reusing the SRI from Ariane-4, risk reduction techniques including risk avoidance analysis might have noted that both SRIs could have been shut down for the same underlying cause. Risk avoidance might have involved using SRIs with two different designs, so that the design error would have shut down one but not the other. Or the fact that the SRI calculations were not needed after lift-off might have prompted the designers or implementers  to  shut  down  the  SRI  earlier, before  it  corrupted  the  data  for  the  angle calculations. Similarly, risk  resolution  includes  plans  for  mitigation  and  continual reassessment of risk. Even if the risk of SRI failure had not been caught earlier, a risk reassessment during design or even during unit testing might have revealed the problem in the middle of development.A redesign or development at that stage would have been costly, but not as costly as the complete loss of Ariane-5 on its maiden voyage.


[3]
[SECTION]: Planning and Managing the Project > 3.4 Risk Management > SIDEBAR 3.4 BOEHM'S TOP TEN RISK ITEMS
[CONTENT]:  - The degree to which we can change the outcome. For each risk, we must determine what we can do to minimize or avoid the impact of the event. Risk control involves a set of actions taken to reduce or eliminate a risk. For example, if the requirements may change after design, we can minimize the impact of the change by creating a flexible design. If the second machine is not ready when the software is tested, we may be able to identify other models or brands that have the same functionality and performance and can run our new software until the new model is delivered.
We can quantify the effects of the risks we identify by multiplying the risk impact by the risk probability, to yield the risk exposure . For example, if the likelihood that the requirements will change after design is 0.3, and the cost to redesign to new requirements is $50,000, then the risk exposure is $15,000. Clearly, the risk probability can change over time, as can the impact, so part of a project manager's job is to track these values over time and plan for the events accordingly.


[4]
[SECTION]: Planning and Managing the Project > 3.4 Risk Management > Risk Management Activities
[CONTENT]: Risk  management  involves  several  important  steps, each  of  which  is  illustrated  in Figure 3.15. First, we assess the risks on a project, so that we understand what may occur during the course of development or maintenance. The assessment consists of three activities: identifying the risks, analyzing them, and assigning priorities to each of them. To identify them, we may use many different techniques.
If the system we are building is similar in some way to a system we have built before, we may have a checklist of problems that may occur; we can review the checklist to determine if the new project is likely to be subject to the risks listed. For systems that are new in some way, we may augment the checklist with an analysis of each of the activities in the development cycle; by decomposing the process into small pieces, we may be able to anticipate problems that may arise. For example, we may decide that there is a risk of the chief designer leaving during the design process. Similarly, we may analyze the assumptions or decisions we make about how the project will be done, who will do it, and with what resources. Then, each assumption is assessed to determine the risks involved.
","[
    {
        ""role"": ""sentence"",
        ""segment"": ""The three strategies for risk reduction are: avoiding the risk, by changing requirements for performance or functionality; transferring the risk, by allocating risks to other systems or by buying insurance to cover any financial loss should the risk become a reality; and assuming the risk, by accepting it and controlling it with the project's resources."",
        ""citations"": [
            {
                ""type"": ""source_text"",
                ""content"": ""- avoiding the risk, by changing requirements for performance or functionality"",
                ""img_id"": null
            },
            {
                ""type"": ""source_text"",
                ""content"": ""- transferring the risk, by allocating risks to other systems or by buying insurance to cover any financial loss should the risk become a reality"",
                ""img_id"": null
            },
            {
                ""type"": ""source_text"",
                ""content"": ""- assuming the risk, by accepting it and controlling it with the project's resources"",
                ""img_id"": null
            }
        ],
        ""type"": null
    }
]","The three strategies for risk reduction are: avoiding the risk, by changing requirements for performance or functionality; transferring the risk, by allocating risks to other systems or by buying insurance to cover any financial loss should the risk become a reality; and assuming the risk, by accepting it and controlling it with the project's resources.",1.306,8.395
What three milestones common to all software development processes were identified by Boehm?,"
[0]
[SECTION]: Planning and Managing the Project > 3.6 Process Models And Project Management > Anchoring Milestones
[CONTENT]: In  Chapter  2, we  examined  many  process  models  that  described  how  the  technical activities of software development should progress. Then, in this chapter, we looked at several methods to organize projects to perform those activities. The Alpha AXP and F-16 examples have shown us that project management must be tightly integrated with the  development  process, not  just  for  tracking  progress, but, more  importantly, for effective  planning  and  decision  making  to  prevent  major  problems  from  derailing the project. Boehm  (1996)  has  identified  three  milestones  common  to  all  software development processes that can serve as a basis for both technical process and project management:
 - life-cycle objectives
 - life-cycle architecture
 - initial operational capability We can examine each milestone in more detail.


[1]
[SECTION]: Planning and Managing the Project > 3.6 Process Models And Project Management > Anchoring Milestones
[CONTENT]: The life-cycle architecture is coordinated with the life-cycle objectives. The purpose of the life-cycle architecture milestone is defining both the system and the software architectures, the components of which we will study in Chapters 5, 6, and 7. The architectural choices must address the project risks addressed by the risk management plan, focusing on system evolution in the long term as well as system requirements in the short term.
The key elements of the initial operational capability are the readiness of the software itself, the site at which the system will be used, and the selection and training of the team that will use it. Boehm notes that different processes can be used to implement  the  initial  operational  capability, and  different  estimating  techniques  can  be applied at different stages.
To  supplement  these  milestones, Boehm  suggests  using  the  Win-Win  spiral model, illustrated in Figure 3.22 and intended to be an extension of the spiral model we examined in Chapter 2. The model encourages participants to converge on a common understanding of the system's next-level objectives, alternatives, and constraints.
Boehm applied Win-Win, called the Theory W approach, to the U.S. Department of Defense's STARS program, whose focus was developing a set of prototype software 1.  Identify engineering environments. The project was a good candidate for Theory W, because there was a great mismatch between what the government was planning to build and what the potential users needed and wanted. The Win-Win model led to several key compromises,including negotiation of a set of common, open interface specifications to enable tool vendors to reach a larger marketplace at reduced cost, and the inclusion of three demonstration projects to reduce risk. Boehm reports that Air Force costs on the project  were  reduced  from  $140  to  $57  per  delivered  line  of  code  and  that  quality improved  from  3  to  0.035  faults  per  thousand  delivered  lines  of  code. Several  other projects report similar success.TRW developed over half a million lines of code for complex distributed software within budget and schedule using Boehm's milestones with five increments. The first increment included distributed kernel software as part of the lifecycle architecture milestone; the project was required to demonstrate its ability to meet projections that the number of requirements would grow over time (Royce 1990).


[2]
[SECTION]: Modeling the Process and Life Cycle > 2.2 Software Process Models > Spiral Model
[CONTENT]: Boehm (1988) viewed the software development process in light of the risks involved, suggesting that a spiral model could combine development activities with risk management to minimize and control risk. The spiral model, shown in Figure 2.10, is in some sense like the iterative development shown in Figure 2.9. Beginning with the requirements and an initial plan for development (including a budget, constraints, and alternatives for staffing, design, and development environment), the process inserts a step to evaluate risks and prototype alternatives before a 'concept of operations' document is produced to describe at a high level how the system should work. From that document, a set of requirements is specified and scrutinized to ensure that the requirements are as complete and consistent as possible.Thus, the concept of operations is the product of the first iteration, and the requirements are the principal product of the second. In the third iteration, system development produces the design, and the fourth enables testing.


[3]
[SECTION]: Evaluating Products, Processes, and Resources > 12.4 Evaluating Products > Product Quality Models
[CONTENT]: There are several quality models that suggest ways to tie together different quality attributes. Each model helps us to understand how the several facets contribute to the whole. Often, we narrow our focus and think only about faults and failures; these models show us that quality is much broader.When we evaluate the quality of development products, we must see this bigger picture.
Boehm's Model. There are many software quality models, and Boehm and colleagues have constructed one of the best-known, shown in Figure 12.2. It is similar to McCall's in that it presents a hierarchy of characteristics, each of which contributes to overall quality (Boehm et al. 1978). Note that Boehm's notion of successful software includes the needs and expectations of users, as does McCall's; however, Boehm also includes characteristics of hardware performance that are missing in the McCall model. Let us examine Boehm's model in more detail.
Boehm's model begins with the general utility of the software. Thus, Boehm and his colleagues are asserting that first and foremost, a software system must be useful. If it is not, then its development has been a waste of time, money, and effort.We can consider utility in several ways, corresponding to the types of users who remain involved once the system is delivered.


[4]
[SECTION]: Modeling the Process and Life Cycle > 2.2 Software Process Models
[CONTENT]:  - The model should reflect the goals of development, such as building high-quality software, finding faults early in development, and meeting required budget and schedule constraints. As the model is built, the development team evaluates candidate activities for their appropriateness in addressing these goals. For example, the team may include requirements reviews, so that problems with the requirements can be found and fixed before design begins.
 - Every process should be tailored for the special situation in which it will be used. Building a process model helps the development team understand where that tailoring is to occur.
Every  software  development  process  model  includes  system  requirements  as input and a delivered product as output. Many such models have been proposed over the years. Let us look at several of the most popular models to understand their commonalities and differences.
","[
  {
    ""role"": ""sentence"",
    ""segment"": ""The three milestones are life-cycle objectives, life-cycle architecture, and initial operational capability."",
    ""citations"": [
      {
        ""type"": ""source_text"",
        ""content"": ""- life-cycle objectives"",
        ""img_id"": null
      },
      {
        ""type"": ""source_text"",
        ""content"": ""- life-cycle architecture"",
        ""img_id"": null
      },
      {
        ""type"": ""source_text"",
        ""content"": ""- initial operational capability"",
        ""img_id"": null
      }
    ],
    ""type"": null
  }
]","The three milestones are life-cycle objectives, life-cycle architecture, and initial operational capability.",1.409,6.099
What is a functional requirement?,"
[0]
[SECTION]: Capturing the Requirements > 4.3 Types Of Requirements
[CONTENT]: When most people think about requirements, they think about required functionality : What  services  should  be  provided?  What  operations  should  be  performed?  What should be the reaction to certain stimuli? How does required behavior change over time  and  in  response  to  the  history  of  events? A functional  requirement describes required behavior in terms of required activities, such as reactions to inputs, and the state of each entity before and after an activity occurs. For instance, for a payroll system, the functional requirements state how often paychecks are issued, what input is necessary for a paycheck to be printed, under what conditions the amount of pay can be changed, and what causes the removal of an employee from the payroll list.


[1]
[SECTION]: Capturing the Requirements > 4.3 Types Of Requirements
[CONTENT]: Requirements template The functional requirements define the boundaries of the solution space for our problem.The solution space is the set of possible ways that software can be designed to implement the requirements, and initially that set can be very large. However, in practice it is usually not enough for a software product to compute correct outputs; there are other types of requirements that also distinguish between acceptable and unacceptable products. A quality requirement , or nonfunctional requirement , describes some quality  characteristic  that  the  software  solution  must  possess, such  as  fast  response time, ease of use, high reliability, or low maintenance costs. A design constraint is  a design decision, such as choice of platform or interface components, that has already been made and that restricts the set of solutions to our problem.A process constraint is a restriction on the techniques or resources that can be used to build the system. For example, customers may insist that we use agile methods, so that they can use early versions  of  the  system  while  we  continue  to  add  features. Thus, quality  requirements, design constraints, and process constraints further restrict our solution space by differentiating  acceptable, well-liked  solutions  from  unused  products. Table  4.2 gives examples of each kind of requirement.
[FIGURE_DESCRIPTIONS]
[0] Diagram labeled FIGURE 4.2 (Sources of possible requirements) showing an ellipse named 'Eliist requirements' with multiple arrows pointing to it from surrounding elements. Surrounding components include 'Stakeholder wants and needs', 'Domain models', 'Current situation model', 'Existing documents', and 'Current organization and systems'. Additional elements connected include 'Suggested types of requirements', 'Requirements template', and 'Base library', forming a layered structure. The diagram emphasizes a central repository of 'Elitist requirements' (likely a misread of 'Elitist' or 'Elitist requirements') with related inputs: stakeholder needs, domain models, current situation model, existing documents, current organization and systems. The graphical layout features an oval central node with eight peripheral inputs, illustrating relationships among requirements sources, bases, and templates. Text labels are visible, including 'Current situation model', 'Existing documents', 'Domain models', and 'Stakeholder wants and needs'. The image appears to be a page fragment from a systems engineering or software engineering methodology discussing sources of requirements and base libraries for requirements development.



[2]
[SECTION]: Capturing the Requirements > 4.1 The Requirements Process
[CONTENT]: A requirement is  an expression of desired behavior. A requirement deals with objects or entities, the states they can be in, and the functions that are performed to change states or object characteristics. For example, suppose we are building a system to generate paychecks for our customer's company. One requirement may be that the checks are to be issued every two weeks. Another may be that direct deposit of an employee's check is to be allowed for every employee at a certain salary level or higher. The customer may request access to the paycheck system from several different company locations.All of these requirements are specific descriptions of functions or characteristics that address the general purpose of the system: to generate paychecks.Thus, we look for requirements that identify key entities ('an employee is a person who is paid by the company'), limit entities ('an employee may be paid for no more than 40 hours per week'), or define relationships among entities ('employee X is supervised by employee Y if Y can authorize a change to X's salary').


[3]
[SECTION]: Capturing the Requirements > 4.17 Term Project > Functional Requirements
[CONTENT]:  - The loan analyst should be able to request reports in each of three formats: in a file, on the screen, and as a printed report.
 - The loan analyst should be able to request the following information in a report: any attribute of loan, lender, or borrower, and summary statistics of the attributes (mean, standard deviation, scatter diagram, and histogram).The information in a report can be restricted to a subset of the total information, as described by the loan analyst's organizing criteria.
 - The loan analyst must be able to use the Loan Arranger to create bundles that meet the prescribed characteristics of an investment request.The loan analyst can identify these bundles in several ways:
 - By manually identifying a subset of loans that must be included in the bundle, either by naming particular loans or by describing them using attributes or ranges
 - By providing the Loan Arranger with the investment criteria, and allowing the Loan Arranger to run a loan bundle optimization request to select the best set of loans to meet those criteria
 - By using a combination of the above, where a subset of loans is first chosen (manually or automatically), and then optimizing the chosen subset according to the investment criteria


[4]
[SECTION]: Capturing the Requirements > 4.13 Real-Time Example > 4.14 WHAT THIS CHAPTER MEANS FOR YOU
[CONTENT]: In  this  chapter, we  have  shown  the  best  practices  for  developing  quality  software requirements. We have seen that requirements activities should not be performed by the software developer in isolation: definition and specification efforts require working closely with users, customers, testers, designers, and other team members. Still, there are several skills that are important for you to master on your own:
 - It  is  essential  that  the  requirements  definition  and  specification  documents describe the problem, leaving solution selection to the designers. The best way of ensuring that you do not stray into the solution space is to describe requirements and specifications in terms of environmental phenomena.
 - There are a variety of sources and means for eliciting requirements. There are both functional and quality requirements to keep in mind.The functional requirements explain what the system will do, and the quality requirements constrain solutions in terms of safety, reliability, budget, schedule, and so on.
","[
  {
    ""role"": ""paragraph"",
    ""segment"": ""A functional requirement describes required behavior in terms of required activities, such as reactions to inputs, and the state of each entity before and after an activity occurs."",
    ""citations"": [
      {
        ""type"": ""source_text"",
        ""content"": ""A functional requirement describes required behavior in terms of required activities, such as reactions to inputs, and the state of each entity before and after an activity occurs."",
        ""img_id"": null
      }
      ]
    ,
    ""type"": null
  }
]","A functional requirement describes required behavior in terms of required activities, such as reactions to inputs, and the state of each entity before and after an activity occurs.",1.201,4.968
What is a design constraint?,"
[0]
[SECTION]: Capturing the Requirements > 4.3 Types Of Requirements
[CONTENT]: Requirements template The functional requirements define the boundaries of the solution space for our problem.The solution space is the set of possible ways that software can be designed to implement the requirements, and initially that set can be very large. However, in practice it is usually not enough for a software product to compute correct outputs; there are other types of requirements that also distinguish between acceptable and unacceptable products. A quality requirement , or nonfunctional requirement , describes some quality  characteristic  that  the  software  solution  must  possess, such  as  fast  response time, ease of use, high reliability, or low maintenance costs. A design constraint is  a design decision, such as choice of platform or interface components, that has already been made and that restricts the set of solutions to our problem.A process constraint is a restriction on the techniques or resources that can be used to build the system. For example, customers may insist that we use agile methods, so that they can use early versions  of  the  system  while  we  continue  to  add  features. Thus, quality  requirements, design constraints, and process constraints further restrict our solution space by differentiating  acceptable, well-liked  solutions  from  unused  products. Table  4.2 gives examples of each kind of requirement.
[FIGURE_DESCRIPTIONS]
[0] Diagram labeled FIGURE 4.2 (Sources of possible requirements) showing an ellipse named 'Eliist requirements' with multiple arrows pointing to it from surrounding elements. Surrounding components include 'Stakeholder wants and needs', 'Domain models', 'Current situation model', 'Existing documents', and 'Current organization and systems'. Additional elements connected include 'Suggested types of requirements', 'Requirements template', and 'Base library', forming a layered structure. The diagram emphasizes a central repository of 'Elitist requirements' (likely a misread of 'Elitist' or 'Elitist requirements') with related inputs: stakeholder needs, domain models, current situation model, existing documents, current organization and systems. The graphical layout features an oval central node with eight peripheral inputs, illustrating relationships among requirements sources, bases, and templates. Text labels are visible, including 'Current situation model', 'Existing documents', 'Domain models', and 'Stakeholder wants and needs'. The image appears to be a page fragment from a systems engineering or software engineering methodology discussing sources of requirements and base libraries for requirements development.



[1]
[SECTION]: Capturing the Requirements > 4.19 Exercises
[CONTENT]: Classify each of the above as a functional requirement, a quality requirement, a design constraint, or a process constraint. Which of the above might be premature design decisions? Re-express each of these decisions as a requirement that the design decision was meant to achieve.
 - Write a decision table that specifies the rules for the game of checkers.
 - If a decision table has two identical columns, then the requirements specification is redundant. How can we tell if the specification is contradictory? What other characteristics of a decision table warn us of problems with the requirements?
 - Write a Parnas table that describes the output of the algorithm for finding the roots of a quadratic equation using the quadratic formula.
 - Write a state-machine specification to illustrate the requirements of an automatic banking machine (ABM).


[2]
[SECTION]: Capturing the Requirements > 4.5 Modeling Notations > Example: Object Constraint Language (OCL)
[CONTENT]: The Object Constraint Language (OCL) is an attempt to create a constraint language that is both mathematically precise and easy for nonmathematicians, like customers, to read, write, and  understand. The  language  is  specially  designed  for  expressing  constraints on object models (i.e., ER diagrams), and introduces language constructs for navigating from one object to another via association paths, for dealing with collections of objects, and for expressing queries on object type.
A partial Library class model from Figure 4.5 appears in Figure 4.18, in which three classes have been detailed and annotated with OCL constraints. The leftmost constraint is an invariant on the Patron class, and specifies that no patron's fines may have  a  negative  value  (i.e., the  library  always  makes  change  if  a  patron's  payment exceeds his or her fines). The topmost constraint is an invariant on the Publication class, and specifies that call numbers are unique.This constraint introduces Thus, the constraint literally says that for any two publications, p1 and p2 , returned by allinstances, if p1 and p2 are not the same publication, then they have different call numbers.The third constraint, attached to the method borrow() , expresses the operation's pre- and post-conditions. One of the pre-conditions concerns an attribute in the Patron class, which is accessible via the borrow association; the patron object can be referenced either by its role name, borrower , or by the class name written in lowercase letters, if the association's far end has no role name. If the association's multiplicity were greater than 0..1, then  navigating  the  association  would  return  a  collection  of objects, and we would use notation, rather than dot notation, to access the objects' attributes. :


[3]
[SECTION]: Capturing the Requirements > 4.8 Requirements Documentation > SIDEBAR 4.6 LEVEL OF SPECIFICATION
[CONTENT]:  - As part of the problem's context, we describe the environment in which the system will  operate. We  list  any  known  hardware  and  software  components  with which the proposed system will have to interact. To help ensure that the user interface is appropriate, we sketch the general backgrounds and capabilities of the intended users, such as their educational background, experience, and technical expertise. For example, we would devise different user interfaces for knowledgeable users than we would for first-time users. In addition, we list any known constraints on the requirements or the design, such as applicable laws, hardware limitations, audit checks, regulatory policies, and so on.
 - If the customer has a proposal for solving the problem, we outline a description of the  proposal. Remember, though, that  the  purpose  of  the  requirements  documents is to discuss the problem, not the solution. We need to evaluate the proposed solution carefully, to determine if it is a design constraint to be satisfied or if it  is  an  overspecification  that  could  exclude  better  solutions. In  the  end, if  the customer places any constraints on the development or if there are any special assumptions  to  be  made, they  should  be  incorporated  into  the  requirements definition.
","[
  {
    ""role"": ""sentence"",
    ""segment"": ""A design constraint is a design decision, such as choice of platform or interface components, that has already been made and that restricts the set of solutions to our problem."",
    ""citations"": [
      {
        ""type"": ""source_text"",
        ""content"": ""A design constraint is a design decision, such as choice of platform or interface components, that has already been made and that restricts the set of solutions to our problem."",
        ""img_id"": null
      }
    ],
    ""type"": null
  }
]","A design constraint is a design decision, such as choice of platform or interface components, that has already been made and that restricts the set of solutions to our problem.",1.607,4.13
When are two requirements considered inconsistent?,"
[0]
[SECTION]: Capturing the Requirements > 4.4 Characteristics Of Requirements
[CONTENT]: To ensure that the eventual product is successful, it is important that the requirements be of high quality; what is not specified usually is not built.We discuss later in this chapter how to validate and verify requirements. In the meantime, we list below the desirable characteristics for which we should check.
 - Are the requirements correct? Both we and the customer should review the documented requirements, to ensure that they conform to our understanding of the requirements.
 - Are the requirements consistent? That is, are there any conflicting requirements? For example, if one requirement states that a maximum of 10 users can be using the system at one time, and another requirement says that in a certain situation there may be 20 simultaneous users, the two requirements are said to be inconsistent. In general, two requirements are inconsistent if  it  is  impossible  to  satisfy both simultaneously.


[1]
[SECTION]: Capturing the Requirements > 4.2 Requirements Elicitation > SIDEBAR 4.3 USING VIEWPOINTS TO MANAGE INCONSISTENCY
[CONTENT]: A lthough most software engineers strive for consistent requirements, Easterbrook and Nuseibeh (1996) argue that it is often desirable to tolerate and even encourage inconsistency  during  the  requirements  process. They  claim  that  because  the  stakeholders'  understanding of the domain and their needs evolve over time, it is pointless to try to resolve inconsistencies early in the requirements process. Early resolutions are expensive and often unnecessary (and can occur naturally as stakeholders revise their views). They can also be counter-productive if the resolution process focuses attention on how to come to agreement rather than on the underlying causes of the inconsistency (e.g., stakeholders' misunderstanding of the domain).


[2]
[SECTION]: Capturing the Requirements > 4.2 Requirements Elicitation > SIDEBAR 4.3 USING VIEWPOINTS TO MANAGE INCONSISTENCY
[CONTENT]: Instead, Easterbrook and Nuseibeh propose that stakeholders' views be documented and maintained as separate Viewpoints (Nuseibeh et al. 1994) throughout the software development  process. The  requirements  analyst  defines  consistency  rules  that  should  apply between Viewpoints (e.g., how objects, states, or transitions in one Viewpoint correspond to similar entities in another Viewpoint; or how one Viewpoint refines another Viewpoint), and the Viewpoints are analyzed (possibly automatically) to see if they conform to the consistency rules. If the rules are violated, the inconsistencies are recorded as part of the Viewpoints, so that other software developers do not mistakenly implement a view that is being contested. The recorded inconsistencies are rechecked whenever an associated Viewpoint is modified, to see if the Viewpoints are still inconsistent; and the consistency rules are checked periodically, to see if any have been broken by evolving Viewpoints.
The outcome of this approach is a requirements document that accommodates all stakeholders' views at all times. Inconsistencies are highlighted but not addressed until there is sufficient information to make an informed decision. This way, we avoid committing ourselves prematurely to requirements or design decisions.


[3]
[SECTION]: Capturing the Requirements > 4.4 Characteristics Of Requirements
[CONTENT]:  - Are the requirements feasible? That is, does a solution to the customer's needs even exist? For example, suppose the customer wants users to be able to access a main computer that is located several thousand miles away and have the response time for remote users be the same as for local users (whose workstations are connected directly to the main computer). Questions of feasibility often arise when the customer requires two or more quality requirements, such as a request for an inexpensive system that analyzes huge amounts of data and outputs the analysis results within seconds.
 - Is every requirement relevant? Sometimes a requirement restricts the developers unnecessarily, or includes functions that are not directly related to the customer's needs. For  example, a  general  may  decide  that  a  tank's  new  software  system should allow soldiers to send and receive electronic mail, even though the main purpose of the tank is to traverse uneven terrain.We should endeavor to keep this 'feature explosion'under control,and to help keep stakeholders focused on their essential and desirable requirements.


[4]
[SECTION]: Capturing the Requirements > 4.2 Requirements Elicitation > SIDEBAR 4.3 USING VIEWPOINTS TO MANAGE INCONSISTENCY
[CONTENT]: Each stakeholder has a particular view of the system and how it should work, and often these views conflict. One of the many skills of a requirements analyst is the ability to understand each view and capture the requirements in a way that reflects the concerns of each participant. For example, a customer may specify that a system perform a particular task, but the customer is not necessarily the user of the proposed system.The user may want the task to be performed in three modes: a learning mode, a novice mode, and an expert mode; this separation will allow the user to learn and master the system gradually. Some systems are implemented in this way, so that new users can adapt to the new system gradually. However, conflicts can arise when ease of use suggests a slower system than response-time requirements permit.


[5]
[SECTION]: Capturing the Requirements > 4.3 Types Of Requirements > Two Kinds of Requirements Documents
[CONTENT]: In the end, the requirements are used by many different people and for different purposes. Requirements analysts and their clients use requirements to explain their understanding of how the system should behave. Designers treat requirements as constraints on what would be considered an acceptable solution. The test team derives from the requirements a suite of acceptance tests , which will be used to demonstrate to the customer that the system being delivered is indeed what was ordered. The maintenance team uses the requirements to help ensure that system enhancements (repairs and new features) do not interfere with the system's original intent. Sometimes a single document can serve all of these needs, leading to a common understanding among customers, requirements analysts, and developers. But often two documents are needed: a requirements definition that is aimed at a business audience, such as clients, customers, and users, and a requirements specification that is aimed at a technical audience, such as designers, testers, and project managers.
We illustrate  the  distinction  using  a  small  running  example  from  Jackson  and Zave (1995). Consider a software-controlled turnstile situated at the entrance to a zoo.
","[
  {
    ""role"": ""sentence"",
    ""segment"": ""Two requirements are inconsistent when it is impossible to satisfy both simultaneously, as in the example where one requires a maximum of 10 users while another allows 20 simultaneous users."",
    ""citations"": [
      {
        ""type"": ""source_text"",
        ""content"": ""In general, two requirements are inconsistent if  it  is  impossible  to  satisfy both simultaneously."",
        ""img_id"": null
      },
      {
        ""type"": ""source_text"",
        ""content"": ""for example, if one requirement states that a maximum of 10 users can be using the system at one time, and another requirement says that in a certain situation there may be 20 simultaneous users, the two requirements are said to be inconsistent."",
        ""img_id"": null
      }
    ],
    ""type"": null
  }
]","Two requirements are inconsistent when it is impossible to satisfy both simultaneously, as in the example where one requires a maximum of 10 users while another allows 20 simultaneous users.",1.631,6.988
When are requirements considered externally complete?,"
[0]
[SECTION]: Capturing the Requirements > 4.4 Characteristics Of Requirements
[CONTENT]:  - Are the requirements unambiguous? The requirements are ambiguous if multiple readers of the requirements can walk away with different but valid interpretations. Suppose a customer for a satellite control system requires the accuracy to be sufficient to support mission planning. The requirement does not tell us what mission  planning  requires  for  support. The  customer  and  the  developers  may have very different ideas as to what level of accuracy is needed. Further discussion of the meaning of 'mission planning' may result in a more precise requirement:'In identifying the position of the satellite, position error shall be less then 50 feet along orbit, less than 30 feet off orbit.' Given this more detailed requirement,we can test for position error and know exactly whether or not we have met the requirement.
 - Are the requirements complete? The set of requirements is complete if it specifies required behavior and output for all possible inputs in all possible states under all possible constraints. Thus, a payroll system should describe what happens when an employee takes a leave without pay, gets a raise, or needs an advance. We say that the requirements are externally complete if all states, state changes, inputs,
products, and constraints are described by some requirement. A requirements description  is internally  complete if  there  are  no  undefined  terms  among  the requirements.


[1]
[SECTION]: Capturing the Requirements > 4.9 Validation And Verification > Requirements Validation
[CONTENT]: Our criteria for validating the requirements are the characteristics that we listed in Section 4.4:
 - Correct
 - Consistent
 - Unambiguous
 - Complete
 - Relevant
 - Testable
 - Traceable Depending on the definition techniques that we use, some of the above checks (e.g., that the requirements are consistent or are traceable) may be automated.Also,common errors can be recorded in a checklist , which reviewers can use to guide their search for errors. Lutz  (1993a)  reports  on  the  success  of  using  checklists  in  validating  requirements  at NASA's Jet Propulsion Laboratory. However, most validation checks (e.g., that a requirement is correct,relevant,or unambiguous;or that the requirements are complete) are subjective exercises in that they involve comparing the requirements definition against the stakeholders' mental model of what they expect the system to do. For these validation checks, our only recourse is to rely on the stakeholders' assessment of our documents.
Table 4.3 lists some of the techniques that can be used to validate the requirements. Validation can be as simple as reading the document and reporting errors. We can ask the validation team to sign off on the document, thereby declaring that they have reviewed the document and that they approve it. By signing off, the stakeholders accept partial responsibility for errors that are subsequently found in the document. Alternatively, we can hold a walkthrough , in which one of the document's authors presents  the  requirements  to  the  rest  of  the  stakeholders, and  asks  for  feedback. Walkthroughs work best when there are a large number of varied stakeholders, and it is unrealistic to ask them all to examine the document in detail.At the other extreme, validation can be as structured as a formal inspection , in which reviewers take on specific roles  (e.g., presenter, moderator)  and  follow  prescribed  rules  (e.g., rules  on  how  to examine the requirements, when to meet, when to take breaks, whether to schedule a follow-up inspection).


[2]
[SECTION]: Capturing the Requirements > 4.4 Characteristics Of Requirements
[CONTENT]:  - Are  the  requirements  testable? The  requirements  are testable if  they  suggest acceptance tests that would clearly demonstrate whether the eventual product meets the requirements. Consider how we might test the requirement that a system  provide  real-time  response  to  queries. We  do  not  know  what  'real-time response' is. However, if  fit  criteria  were  given, saying  that  the  system  shall respond to queries in not more than 2 seconds, then we know exactly how to test the system's reaction to queries.
 - Are the requirements traceable? Are the requirements organized and uniquely labeled for easy reference? Does every entry in the requirements definition have corresponding entries in the requirements specification, and vice versa?
We can think of these characteristics as the functional and quality requirements for a set of product requirements. These characteristics can help us to decide when we have collected enough information, and when we need to learn more about what a particular requirement means.As such, the degree to which we want to satisfy these characteristics  will  affect  the  type  of  information  that  we  gather  during  requirements elicitation, and how comprehensive we want to be. It will also affect the specification languages we choose to express the requirements and the validation and verification checks that we eventually perform to assess the requirements.


[3]
[SECTION]: Capturing the Requirements > 4.3 Types Of Requirements > Two Kinds of Requirements Documents
[CONTENT]: In the end, the requirements are used by many different people and for different purposes. Requirements analysts and their clients use requirements to explain their understanding of how the system should behave. Designers treat requirements as constraints on what would be considered an acceptable solution. The test team derives from the requirements a suite of acceptance tests , which will be used to demonstrate to the customer that the system being delivered is indeed what was ordered. The maintenance team uses the requirements to help ensure that system enhancements (repairs and new features) do not interfere with the system's original intent. Sometimes a single document can serve all of these needs, leading to a common understanding among customers, requirements analysts, and developers. But often two documents are needed: a requirements definition that is aimed at a business audience, such as clients, customers, and users, and a requirements specification that is aimed at a technical audience, such as designers, testers, and project managers.
We illustrate  the  distinction  using  a  small  running  example  from  Jackson  and Zave (1995). Consider a software-controlled turnstile situated at the entrance to a zoo.


[4]
[SECTION]: Capturing the Requirements > 4.13 Real-Time Example > 4.14 WHAT THIS CHAPTER MEANS FOR YOU
[CONTENT]: correctness, consistency, feasibility, and  more, sometimes  using  techniques  or tools that are associated with the specification methods you have chosen. Finally, you should verify that the specification fulfills the requirements.
","[
    {
        ""role"": ""paragraph"",
        ""segment"": ""We say that the requirements are externally complete if all states, state changes, inputs, products, and constraints are described by some requirement."",
        ""citations"": [
            {
                ""type"": ""source_text"",
                ""content"": ""We say that the requirements are externally complete if all states, state changes, inputs, products, and constraints are described by some requirement."",
                ""img_id"": null
            }
        ],
        ""type"": null
    }
]","We say that the requirements are externally complete if all states, state changes, inputs, products, and constraints are described by some requirement.",1.632,3.688
What does an entity in an entity-relationship diagram represent?,"
[0]
[SECTION]: Capturing the Requirements > 4.5 Modeling Notations > Entity-Relationship Diagrams
[CONTENT]: ER diagrams have three core constructs-entities, attributes, and relations-that are combined to specify a problem's elements and their interrelationships. Figure 4.4 is an ER diagram of the turnstile. An entity , depicted as a rectangle, represents a collection (sometimes called a class) of real-world objects that have common properties and behaviors. For example, the world contains many Coins , but for the purpose of modeling the turnstile problem, we treat all Coins as being equivalent to one another in all aspects (such as size, shape, and weight) except perhaps for their monetary value . A relationship is depicted as an edge between two entities, with a diamond in the middle of  the  edge  specifying  the  type  of  relationship. An attribute is  an  annotation  on  an entity that describes data or properties associated with the entity. For example, in the turnstile problem, we are most interested in the Coins that are inserted into the turnstile's CoinSlot (a relationship), and how their monetary values compare to the price of admission into the zoo (comparison of attribute values).Variant ER notations introduce additional constructs, such as attributes on relationships, one-to-many relationships, many-to-many relationships, special relationships like inheritance, and class-based in addition to individual-entity-based attributes. For example, our turnstile model shows the cardinality (sometimes called the 'arity') of the relationships, asserting  that  the  turnstile  is  to  admit  multiple Visitors . More sophisticated notations have the concept of a mutable entity , whose membership or whose relations to members of other entities may change over time. For example, in an ER diagram depicting a family, family  members  and  their  interrelations  change  as  they  get  married, have children, and die. By convention, the entities and relationships are laid out so that relationships are read from left to right, or from top to bottom.


[1]
[SECTION]: Capturing the Requirements > 4.5 Modeling Notations > Entity-Relationship Diagrams
[CONTENT]: Early in the requirements phase, it is convenient to build a conceptual model of the problem that identifies what objects or entities are involved, what they look like (by defining their attributes), and how they relate to one another. Such a model designates names for the basic elements of the problem. These elements are then reused in other descriptions of the requirements (possibly written in other notations) that specify how the objects, their attributes, and their relationships would change in the course of the proposed system's execution.Thus, the conceptual model helps to tie together multiple views and descriptions of the requirements.
The entity-relationship diagram (ER diagram) (Chen 1976) is a popular graphical notational paradigm for representing conceptual models.As we will see in Chapter 6, it forms the basis of most object-oriented requirements and design notations, where it is used to model the relationships among objects in a problem description or to model the structure of a software application. This notation paradigm is also popular for describing database schema (i.e., describing the logical structure of data stored in a database).


[2]
[SECTION]: Capturing the Requirements > 4.5 Modeling Notations > Entity-Relationship Diagrams
[CONTENT]: ER diagrams are popular because they provide an overview of the problem to be addressed (i.e., they depict all of the parties involved), and because this view is relatively  stable  when  changes  are  made  to  the  problem's  requirements. A  change  in requirements is more likely to be a change in how one or more entities behave than to be a change in the set of participating entities. For these two reasons, an ER diagram is likely to be used to model a problem early in the requirements process.
The simplicity of ER notations is deceptive; in fact, it is quite difficult to use ER modeling notations well in practice. It is not always obvious at what level of detail to model a particular problem, even though there are only three major language constructs. For example, should the barrier and coin slot be modeled as entities, or should they  be  represented  by  a  more  abstract  turnstile  entity? Also, it  can  be  difficult  to decide what data are entities and what data are attributes. For example, should the lock be an entity? There are arguments for and against each of these choices. The primary criteria for making decisions are whether a choice results in a clearer description, and whether a choice unnecessarily constrains design decisions.


[3]
[SECTION]: Capturing the Requirements > 4.5 Modeling Notations > Entity-Relationship Diagrams
[CONTENT]: [FIGURE 4.4 Entity-relationship diagram of turnstile problem.] 
[FIGURE_DESCRIPTIONS]
[0] The diagram presents a sequence flowchart with labeled process blocks and decision diamonds. At the top, a value chain shows a rectangular process labeled Coin and another labeled CoinSalt? The leftmost block appears to be a visitor entering a system, connected by lines to a decision point. A decision diamond labeled enters leads to a rectangular process block titled barrier, and beneath it a nested sub-process showing a blocked or entered state. The upper row shows a flow from a value to a box labeled Coins, then to a box labeled price of admission, connected by arrows indicating the flow of information or value. There are arrows labeled inserted info and a line from a decision to the barrier. The lower branch indicates a path from Visitor to enters, then to Barrier, with a sub-branch showing blocked and enters states. Text elements include value, Coin, Coins, price of admission, inserted info, barrier, blocked, enters. The diagram emphasizes system interactions between Visitor, Coin acquisition, and admission control through a barrier, highlighting flow of coins and insertion information and the gate barrier states.



[4]
[SECTION]: Capturing the Requirements > 4.5 Modeling Notations > Example: UML Class Diagrams
[CONTENT]: An ER notation is often used by more complex approaches. For example, the Unified Modeling Language (UML) (OMG 2003) is a collection of notations used to document software  specifications  and  designs. We  will  use  UML  extensively  in  Chapter  6 to describe object-oriented specifications and designs. Because UML was originally conceived  for  object-oriented  systems, it  represents  systems  in  terms  of  objects  and methods. Objects are akin to entities; they are organized in classes that have an inheritance hierarchy. Each object provides methods that perform actions on the object's variables. As  objects  execute, they  send  messages  to  invoke  each  other's  methods, acknowledge actions, and transmit data.
","[
  {
    ""role"": ""sentence"",
    ""segment"": ""An entity , depicted as a rectangle, represents a collection (sometimes called a class) of real-world objects that have common properties and behaviors."",
    ""citations"": [
      {
        ""type"": ""source_text"",
        ""content"": ""An entity , depicted as a rectangle, represents a collection (sometimes called a class) of real-world objects that have common properties and behaviors."",
        ""img_id"": null
      }
    ],
    ""type"": null
  }
]","An entity , depicted as a rectangle, represents a collection (sometimes called a class) of real-world objects that have common properties and behaviors.",1.6,5.686
What system functionality do UML use cases model?,"
[0]
[SECTION]: Capturing the Requirements > 4.5 Modeling Notations > Example: Use Cases
[CONTENT]: A UML use-case diagram (OMG 2003) is similar to a top-level data-flow diagram that depicts observable, user-initiated functionality in terms of interactions between the system and its environment.A large box represents the system boundary. Stick figures outside the box portray actors, both humans and systems, and each oval inside the box is a use  case  that  represents  some  major  required  functionality  and  its  variants. A  line between an actor and a use case indicates that the actor participates in the use case. Use cases are not meant to model all the tasks that the system should provide. Rather, they are used to specify user views of essential system behavior. As such, they model only system  functionality  that  can  be  initiated  by  some  actor  in  the  environment. For example, in Figure 4.15, key library uses include borrowing a book, returning a borrowed book, and paying a library fine.


[1]
[SECTION]: Capturing the Requirements > 4.6 Requirements And Specification Languages > Unified Modeling Language (UML)
[CONTENT]: The Unified Modeling Language (UML) (OMG 2003) is the language best known for combining  multiple  notation  paradigms. Altogether, the  UML  standard  comprises eight graphical modeling notations, plus the OCL constraint language.The UML notations that are used during requirements definition and specification include Most of these notations were discussed in the preceding section, as examples of different notation paradigms. In Chapter 6, we will see more details about how UML works, by applying it to a real-world problem for both specification and design.
 - Use-case diagram (a high-level DFD): A use-case diagram is used at the start of a new project, to record the essential top-level functions that the to-be-developed product should provide. In the course of detailing the use cases' scenarios, we may identify important entities that play a role in the problem being modeled.


[2]
[SECTION]: Designing the Modules > 6.4 Representing Oo Designs In The Uml > UML in the Process
[CONTENT]: In the rest of this section, we use the UML to generate an OO design for the Royal Service Station system, whose requirements are listed in Sidebar 6.4. The corresponding use case diagram, showing the system's essential functionality and the principal actors that interact with the system, is shown in Figure 6.17.


[3]
[SECTION]: Designing the Modules > 6.4 Representing Oo Designs In The Uml > UML in the Process
[CONTENT]: Because  OO  concepts  apply  to  all  parts  of  development, the  UML  can  be  used throughout the software development process. Figure 6.16 shows how the UML can be used in requirements specification,design,and coding.Notice that the UML makes use of many of the notations introduced in Chapter 4. Each notation makes explicit some aspect of the system, so that, in concert, the representations provide a detailed picture of the problem or its proposed solution. In the requirements process, use case diagrams describe the system to be built by describing the general processes that the system must perform. In addition, the use cases can embody the different scenarios that describe how the system will work and how the users will interact with the system. These diagrams can be supplemented by UML activity diagrams , which are a type of workflow process model for describing the activities that the business will perform, or with a domain model that defines the system's domain in terms of its entities. If the system is large, its software architecture can be modeled using UML component diagrams , to show the runtime components and their interactions, and UML deployment diagrams , to show how components are allocated computing resources.
Modular design begins with the UML class diagram . Classes and their relationships are first  defined  informally, as  each  scenario  is  worked  out  with  the  user, and they become  more  detailed  as  design  progresses. A  set  of  structure  and  object diagrams describes  how  each  class  is  associated  with  others, including  inheritance relationships.


[4]
[SECTION]: Capturing the Requirements > 4.5 Modeling Notations > Example: Use Cases
[CONTENT]: (footnote: 4 In UML, a stereotype is a meta-language facility for extending a modeling notation, allowing the user to augment one of the notation's constructs with a new < <keyword> >.)


[5]
[SECTION]: Designing the Modules > 6.4 Representing Oo Designs In The Uml > UML Class Diagram
[CONTENT]: [FIGURE 6.17 Use case diagram of the Royal Service Station system.] 
 - operating procedures
 - things that are manipulated by the system to be built
[FIGURE_DESCRIPTIONS]
[0] Diagram showing a cross-functional workflow across a centralized process box labeled 'Royal Service Station' with five labeled horizontal lanes connecting to external system icons on the right: a 'Part Ordering System' with a stacked monitor icon, a 'Fuel Ordering System' connected to a monitor icon, a 'Printer System' linked to a printer icon, and a 'Credit Card System' linked to a card reader icon. On the left, three user roles are depicted: 'Customer' (man), 'Manager' (person at desk), and 'Time' (clock). Within the central box, five internal service categories are arranged as labeled ovals: 'Fuel Services', 'Parking Services', 'Maintenance Services', 'Accounting Services', and 'Billing Services', each receiving lines from the roles and distributing to the external systems. Additional internal nodes such as 'Controlling', 'Inventory', and others appear as sub-ovals connected to 'Maintenance', 'Accounting', and 'Billing' respectively. The diagram emphasizes a centralized service station architecture coordinating front-end customer interactions with back-end systems for ordering, billing, and payment, with explicit labels and arrows indicating data flow between actors, services, and external interfaces.



[6]
[SECTION]: Designing the Modules > 6.4 Representing Oo Designs In The Uml > Other UML Diagrams
[CONTENT]: A communication diagram also depicts a sequence of messages between objects, but it is superimposed on an object model and uses the links between objects as implicit communication channels.As with sequence diagrams, the objects are icons, and arrows are used to depict the messages. However, unlike sequence diagrams, the sequence of messages is indicated by a numbering scheme. For example, the communication diagram  in  Figure  6.24 shows  the Parking use  case. First, the parking() message, labeled '1,' is sent from the Customer class to the Service station class.Then, the check_availability() message is sent from Service station to Parking ; it is labeled with a '2.'There are five messages sent within this single use case.


[7]
[SECTION]: Capturing the Requirements > 4.6 Requirements And Specification Languages > Unified Modeling Language (UML)
[CONTENT]:  - OCL properties (logic): OCL expressions are properties about a model's elements (e.g., objects, attributes, events, states, messages). OCL properties can be used in any of the above models, to explicate the model's implicit behavior or to impose constraints on the model's specified behavior.
","[
  {
    ""role"": ""sentence"",
    ""segment"": ""UML use cases model observable, user-initiated functionality—representing interactions between the system and its environment."",
    ""citations"": [
      {
        ""type"": ""source_text"",
        ""content"": ""A UML use-case diagram (OMG 2003) is similar to a top-level data-flow diagram that depicts observable, user-initiated functionality in terms of interactions between the system and its environment."",
        ""img_id"": null
      }
    ],
    ""type"": null
  },
  {
    ""role"": ""sentence"",
    ""segment"": ""They are used to specify user views of essential system behavior and do not aim to model all tasks the system should provide."",
    ""citations"": [
      {
        ""type"": ""source_text"",
        ""content"": ""Use cases are not meant to model all the tasks that the system should provide. Rather, they are used to specify user views of essential system behavior."",
        ""img_id"": null
      }
    ],
    ""type"": null
  },
  {
    ""role"": ""sentence"",
    ""segment"": ""They model only system functionality that can be initiated by some actor in the environment."",
    ""citations"": [
      {
        ""type"": ""source_text"",
        ""content"": ""As such, they model only system  functionality  that  can  be  initiated  by  some  actor  in  the  environment."",
        ""img_id"": null
      }
    ],
    ""type"": null
  }
]","UML use cases model observable, user-initiated functionality—representing interactions between the system and its environment. They are used to specify user views of essential system behavior and do not aim to model all tasks the system should provide. They model only system functionality that can be initiated by some actor in the environment.",1.387,6.452
"In an object model, what does an aggregate association indicate?","
[0]
[SECTION]: Capturing the Requirements > 4.5 Modeling Notations > Example: UML Class Diagrams
[CONTENT]: A line between two classes, called an association , indicates a relationship between the classes' entities. An association may represent interactions or events that involve objects in the associated classes, such as when a Patron borrows a Publication . Alternatively, an association might relate classes in which one class is a property or element of the other class, such as the relationship between a Patron and his Credit Card . Sometimes these latter types of associations are aggregate associations , or ' has-a' relationships, as in our example. An aggregate association is drawn as an association with a white diamond on one end, where the class at the diamond end is the aggregate and it includes or owns instances of the class(es) at the other end(s) of the association.
Composition association is a special type of aggregation, in which instances of the compound class are physically constructed from instances of the component classes (e.g., a bike consists of wheels, gears, pedals, a handlebar); it is represented as an aggregation with a black diamond. In our library model, each Periodical , such as a newspaper or magazine, is composed of Articles .


[1]
[SECTION]: Capturing the Requirements > 4.5 Modeling Notations > Example: UML Class Diagrams
[CONTENT]: Associations can have labels, usually verbs, that describe the relationship between associated entities.An end of an association can also be labeled, to describe the role that entity plays in the association. Such role names are useful for specifying the context of an entity with respect to a particular association. In the library example, we might keep track of which patrons are married, so that we can warn someone whose spouse has overdue books.Association ends can also be annotated with multiplicities , which specify constraints on the number of entities and the number of links between associated entities. Multiplicities can be expressed as specific numbers, ranges of numbers, or unlimited numbers (designated '*'). A multiplicity on one end of an association indicates how many instances of that class can be linked to one instance of the associated class.Thus at any point in time, a Patron may borrow zero or more Publications , but an individual Publication can be borrowed by at most one Patron .
(footnote: 2 In later examples,we model an item's loan state and reserve state as states in a state-machine model (Figure 4.9), and this information is included in the library's detailed class model (Figure 4.18).)


[2]
[SECTION]: Capturing the Requirements > 4.5 Modeling Notations > Example: Object Constraint Language (OCL)
[CONTENT]: The Object Constraint Language (OCL) is an attempt to create a constraint language that is both mathematically precise and easy for nonmathematicians, like customers, to read, write, and  understand. The  language  is  specially  designed  for  expressing  constraints on object models (i.e., ER diagrams), and introduces language constructs for navigating from one object to another via association paths, for dealing with collections of objects, and for expressing queries on object type.
A partial Library class model from Figure 4.5 appears in Figure 4.18, in which three classes have been detailed and annotated with OCL constraints. The leftmost constraint is an invariant on the Patron class, and specifies that no patron's fines may have  a  negative  value  (i.e., the  library  always  makes  change  if  a  patron's  payment exceeds his or her fines). The topmost constraint is an invariant on the Publication class, and specifies that call numbers are unique.This constraint introduces Thus, the constraint literally says that for any two publications, p1 and p2 , returned by allinstances, if p1 and p2 are not the same publication, then they have different call numbers.The third constraint, attached to the method borrow() , expresses the operation's pre- and post-conditions. One of the pre-conditions concerns an attribute in the Patron class, which is accessible via the borrow association; the patron object can be referenced either by its role name, borrower , or by the class name written in lowercase letters, if the association's far end has no role name. If the association's multiplicity were greater than 0..1, then  navigating  the  association  would  return  a  collection  of objects, and we would use notation, rather than dot notation, to access the objects' attributes. :


[3]
[SECTION]: Capturing the Requirements > 4.5 Modeling Notations > Example: UML Class Diagrams
[CONTENT]: The Loan class in the library model is an association class , which relates attributes and operations to an association. Association classes are used to collect information that cannot be attributed solely to one class or another. For example, the Loan attributes are not properties of the borrower or of the item borrowed, but rather of the loan transaction or contract. An association class has exactly one instantiation per link in the association, so our modeling Loan as an association class is correct only if we want to model snapshots of the library inventory (i.e., model only current loans). If we wanted instead to maintain a history of all loan transactions, then (because a patron might borrow an item multiple times), we would model Loan as a full-fledged class.


[4]
[SECTION]: Capturing the Requirements > 4.5 Modeling Notations > Example: UML Class Diagrams
[CONTENT]: An association with a triangle on one end represents a generalization association, also called a sub-type relation or an 'is-a' relation, where the class at the triangle end of the association is the parent class of the classes at the other ends of the association, called subclasses . A subclass inherits all of the parent class's attributes, operations, and associations. Thus, we  do  not  need  to  specify  explicitly  that Patrons may borrow Books , because  this  association  is  inherited  from  the  association  between Patron and Publication . A subclass extends its inherited behavior with additional attributes, operations, and associations. In fact, a good clue as to whether we want to model an entity as a new subclass, as opposed to as an instance of an existing class, is whether we really need new attributes, operations, or associations to model the class variant. In many cases, we can model variants as class instances that have different attribute values. In  our  library  problem, we  represent  whether  an  item  is  on  reserve  or  on loan using Publication attributes 2 rather than by creating Reserved and OnLoan subclasses.
","[
  {
    ""role"": ""sentence"",
    ""segment"": ""An aggregate association is drawn as an association with a white diamond on one end, where the class at the diamond end is the aggregate and it includes or owns instances of the class(es) at the other end(s)."",
    ""citations"": [
      {
        ""type"": ""source_text"",
        ""content"": ""An aggregate association is drawn as an association with a white diamond on one end, where the class at the diamond end is the aggregate and it includes or owns instances of the class(es) at the other end(s)."",
        ""img_id"": null
      }
    ],
    ""type"": null
  }
]","An aggregate association is drawn as an association with a white diamond on one end, where the class at the diamond end is the aggregate and it includes or owns instances of the class(es) at the other end(s).",1.592,3.854
How is a message depicted in a Message Sequence Chart?,"
[0]
[SECTION]: Capturing the Requirements > 4.5 Modeling Notations > Example: Message Sequence Chart
[CONTENT]: Message Sequence Charts (ITU 1996) are an enhanced event-trace notation, with facilities for creating and destroying entities, specifying actions and timers, and composing traces. Figure 4.7 displays an example Message Sequence Chart (MSC) for a loan transaction in our library problem. Each vertical line represents a participating entity , and a message is  depicted as an arrow from the sending entity to the receiving entity; the arrow's label specifies the message name and data parameters, if any.A message arrow may slope downwards (e.g., message recall notice ) to reflect the passage of time between when the message is sent and when it is received. Entities may come and go during the course of a trace; a dashed arrow, optionally annotated with data parameters, represents a create event that spawns a new entity, and a cross at the bottom of an entity line represents the end of that entity's execution. In contrast, a solid rectangle at the end of the line represents the end of an entity's specification without meaning the end of its execution. Actions , such as invoked operations or changes to variable values, are specified as labeled rectangles positioned on an entity's execution line, located at the point in the trace where the action occurs.Thus, in our MSC model of a library loan, loan requests are sent to the Publication to be borrowed, and the Publication entity is responsible for creating a Loan entity that manages loan-specific data, such as the due date . Reserving an item that is out on loan results in a recall of that item. Returning  the  borrowed  item  terminates  the  loan, but  not  before  calculating  the overdue fine , if any, for returning the item after the loan's due date .


[1]
[SECTION]: Designing the Modules > 6.4 Representing Oo Designs In The Uml > Other UML Diagrams
[CONTENT]: A communication diagram also depicts a sequence of messages between objects, but it is superimposed on an object model and uses the links between objects as implicit communication channels.As with sequence diagrams, the objects are icons, and arrows are used to depict the messages. However, unlike sequence diagrams, the sequence of messages is indicated by a numbering scheme. For example, the communication diagram  in  Figure  6.24 shows  the Parking use  case. First, the parking() message, labeled '1,' is sent from the Customer class to the Service station class.Then, the check_availability() message is sent from Service station to Parking ; it is labeled with a '2.'There are five messages sent within this single use case.


[2]
[SECTION]: Capturing the Requirements > 4.12 Information Systems Example
[CONTENT]: [FIGURE 4.30 Message Sequence Chart for a successful request for an advertising campaign (adapted from Robertson and Robertson 1994).] 
As a next step, we can draw event traces, such as the one shown in Figure 4.30, that depict typical scenarios within a use case. For example, the request for a campaign involves Figure 4.30 uses UML-style Message Sequence Charts, in which entities whose names are underlined represent object instances, whereas entities whose names are not underlined represent abstract classes.Thus, the search for available commercial spots is done by first asking the class for the set C * of relevant Commercial Breaks , and then asking each of these Commercial Break instances whether it has available time that is suitable for the campaign. Boxes surround sequences of messages that are repeated for multiple instances: for example, reserving time in multiple Commercial Break instances, or creating multiple Commercial Spots . The resulting campaign of commercial spots and the campaign's price are returned to the requesting Advertising Agency . Similar  traces  can  be  drawn  for  other  possible  responses  to  a  campaign request and for other use cases. In drawing these traces, we start to identify key entities and relationships, which we can record in a UML class diagram, as in Figure 4.31.
[FIGURE_DESCRIPTIONS]
[0] Diagrammatic flowchart illustrating marketing campaign process with labeled sections and arrows. Includes blocks for Advertising Agency, Commercial Break, R: Rate Segment, and Campaign search (start date, end date). Visual elements show parallel and sequential interactions, with horizontal arrows indicating for all C in C* and for all R in C* flows leading to Rate Segment and Commercial Breaks. Key terms visible: campaign, target audience, budget, duration, rates, price, break duration, and commercial slots. The diagram emphasizes relationships between campaign search time, target rating, and price calculation, with vertical alignment of blocks and return paths to initial campaign setup. Text-heavy, small font labels require careful reading to identify specific labels such as ""for all C in C*"", ""Commercial Break"", and ""Rate Segment"" along multi-line connectors.



[3]
[SECTION]: Capturing the Requirements > 4.5 Modeling Notations > Example: Message Sequence Chart
[CONTENT]: There  are  facilities  for  composing  and  refining  Message  Sequence  Charts. For example, important states in an entity's evolution can be specified as conditions , represented as labeled hexagons.We can then specify a small collection of subtraces between conditions, and derive a variety of traces by composing the charts at points where the entities' states are the same. For example there are multiple scenarios between state publication on loan and the end of the loan transition: the patron renews the loan once, the patron renews the loan twice, the patron returns the publication, the patron reports the publication as being lost. Each of these subscenarios could be appended to a prefix trace of a patron successfully borrowing the publication. Such composition and refinement features help to reduce the number of MSCs one would need to write to specify a problem completely. However, these features do not completely address the trace-explosion  problem, so  Message  Sequences  Charts  are  usually  used  only  to describe key scenarios rather than to specify entire problems.
","[
  {
    ""role"": ""sentence"",
    ""segment"": ""A message is depicted as an arrow from the sending entity to the receiving entity; the arrow's label specifies the message name and data parameters, if any."",
    ""citations"": [
      {
        ""type"": ""source_text"",
        ""content"": ""A message is  depicted as an arrow from the sending entity to the receiving entity; the arrow's label specifies the message name and data parameters, if any."",
        ""img_id"": null
      }
      ]
    ,
    ""type"": null
  }
]","A message is depicted as an arrow from the sending entity to the receiving entity; the arrow's label specifies the message name and data parameters, if any.",1.435,3.391
What happens when a transition fires in a Petri net?,"
[0]
[SECTION]: Capturing the Requirements > 4.5 Modeling Notations > Example: Petri Nets
[CONTENT]: UML statechart diagrams nicely modularize a problem's dynamic behavior into the behaviors of individual class objects, with the effect that it may be easier to consider each class's behavior separately than it is to specify the whole problem in one diagram. This modularization makes it harder, though, to see how objects interact with each other. Looking at an individual statechart diagram, we can see when an object sends a message to another object. However, we have to examine the two objects' diagrams simultaneously to see that a message sent by one object can be received by the other. In fact, to be completely sure, we would have to search the possible executions (event traces) of the two machines, to confirm that whenever one object sends a message to the other, the target object is ready to receive and react to the message.
Petri nets (Peterson 1977) are a form of state-transition notation that is used to model concurrent activities and their interactions. Figure 4.12 shows a basic Petri net specifying the behavior of a book loan. The circles in the net are places that represent activities or conditions, and the bars represent transitions . Directed arrows, called arcs , connect a transition with its input places and its output places . The places are populated with tokens , which act as enabling conditions for the transitions.When a transition fires , it removes tokens from each of its input places and inserts tokens into each of its output places. Each arc can be assigned a weight that specifies how many tokens are removed from the arc's input place, or inserted into the arc's output place, when the transition fires. A transition is enabled if each of its input places contains enough tokens to contribute its arc's weight's worth of tokens, should the enabled transition actually fire.Thus, in  Figure  4.12, transitions Return,Withdraw  Return  Request , and Withdraw Loan Request are all enabled; firing transition Return removes a token from each of the places ReturnRequest and OnLoan , and inserts a token into Avail . The net's marking , which is the distribution of tokens among places, changes as transitions fire. In each execution step, the marking determines the set of enabled transitions; one enabled transition is nondeterministically selected to fire; the firing of this transition produces a new marking, which may enable a different set of transitions.We can model concurrent behavior by combining into a single net the activities, transitions, and tokens for several executing entities. Concurrent entities are synchronized whenever their activities, or places, act as input places to the same transition. This synchronization ensures that all of the pre-transition activities occur before the transition fires, but does not constrain the order in which these activities occur.


[1]
[SECTION]: Capturing the Requirements > 4.5 Modeling Notations > Example: Petri Nets
[CONTENT]: Basic Petri nets are fine for modeling how control flows through events or among concurrent entities. But if we want to model control that depends on the value of data (e.g., borrowing a particular book from a collection of books), then we need to use a high-level Petri net notation.A number of extensions to basic Petri nets have been proposed to improve the notation's expressibility, including inhibitor arcs, which enable a transition only if the input place is empty of tokens; priority among transitions; timing constraints; and structured tokens, which have values.
To model our library problem, which tracks information and events for multiple patrons and publications, we need a Petri net notation that supports structured tokens and transition actions (Ghezzi et al. 1991). A transition action constrains which tokens in  the  input  places  can  enable  the  transition  and  specifies  the  values  of  the  output tokens. Figure 4.13 is a high-level Petri net specification for the library problem. Each place stores tokens of a different data type. Avail stores a token for every library item that is not currently out on loan.A token in Fines is an n -tuple (i.e., an ordered set of n elements, sometimes called a tuple for short) that maps a patron to the value of his or her total outstanding library fines.A token in OnLoan is another type of tuple that maps a patron and a library item to a due date . A few of the transition predicates and actions are shown in Figure 4.13, such as the action on Process Payment , where the inputs are a payment and the patron's current fines , and the output is a new Fines tuple. The predicates not shown assert that if the token elements in a transition's input or output tokens have the same name, they must have the same value. So in  transition Borrow , the patron making  the Loan  Request must  match  the patron with no outstanding Fines and match the patron who appears in the generated OnLoan tuple; at the same time, the item being borrowed must match an item in Avail . Otherwise, those tuples do not enable the transition. The net starts with an initial marking of item tuples in Avail and ( patron, 0 ) tuples in Fines . As library users trigger input transitions Pay , Initiate Loan , and Initiate Return , new tokens are introduced to the system, which enable the library transitions, which in turn fire and update the Fines tokens and the Avail and OnLoan tokens, and so on.


[2]
[SECTION]: Capturing the Requirements > 4.5 Modeling Notations > Example: Petri Nets
[CONTENT]: These features of concurrency and synchronization are especially useful for modeling events whose order of occurrence is not important. Consider the emergency room in a hospital. Before a patient can be treated, several events must occur.The triage staff must attempt to find out the name and address of the patient and to determine the patient's blood type. Someone must see if the patient is breathing, and also examine the patient for injuries. The events occur in no particular order, but all must occur before a team of doctors begins a more thorough examination. Once the treatment begins (i.e., once the transition is made from a preliminary examination to a thorough one), the  doctors  start  new  activities. The  orthopedic  doctors  check  for  broken  bones, while the hematologist runs blood tests and the surgeon puts stitches in a bleeding wound.The doctors' activities are independent of one another, but none can occur until the transition from the preliminary examination takes place.A state-machine model of the emergency room might specify only a single order of events, thereby excluding several acceptable behaviors, or it might specify all possible sequences of events, resulting in an overly complex model for a relatively simple problem. A Petri net model of the same emergency room nicely avoids both of these problems.
","[
    {
        ""role"": ""sentence"",
        ""segment"": ""When a transition fires, it removes tokens from each of its input places and inserts tokens into each of its output places."",
        ""citations"": [
            {
                ""type"": ""source_text"",
                ""content"": ""When a transition fires , it removes tokens from each of its input places and inserts tokens into each of its output places."",
                ""img_id"": null
            }
            ,
            {
                ""type"": ""source_text"",
                ""content"": ""The net's marking , which is the distribution of tokens among places, changes as transitions fire."",
                ""img_id"": null
            }
        ],
        ""type"": null
    }
]","When a transition fires, it removes tokens from each of its input places and inserts tokens into each of its output places.",1.351,4.114
What is a descriptive notation?,"
[0]
[SECTION]: Capturing the Requirements > 4.5 Modeling Notations > Logic
[CONTENT]: Instead, global properties and constraints are better expressed using a descriptive notation, such as logic. A descriptive notation is a notation that describes a problem or a proposed solution in terms of its properties or its invariant behaviors. For example, ER diagrams are descriptive, in that they express relationship properties among entities.A logic consists of a language for expressing properties, plus a set of inference rules for deriving new, consequent properties from the stated properties. In mathematics, a logical expression, 5 called a formula , evaluates to either true or false, depending on the values of the variables that appear in the formula. In contrast, when logic is used to express a property of a software problem or system, the property is an assertion about the problem or system that should be true . As such, a property specification represents only those values of the property's variables for which the property's expression evaluates to true .


[1]
[SECTION]: Capturing the Requirements > 4.5 Modeling Notations > Logic
[CONTENT]: With the exception of ER diagrams, the notations we have considered so far have been model-based and are said to be operational.An operational notation is a notation used to describe a problem or a proposed software solution in terms of situational behavior: how a software system should respond to different input events, how a computation should flow from one step to another, and what a system should output under various conditions. The result is a model of case-based behavior that is particularly useful for answering questions about what the desired response should be to a particular situation: for example, what the next state or system output should be, given the current state, input event, process completion, and variable values. Such models also help the reader to visualize global behavior, in the form of paths representing allowable execution traces through the model.


[2]
[SECTION]: Capturing the Requirements > 4.5 Modeling Notations
[CONTENT]: If we look at the literature, we see that there is a seemingly infinite number of specification and design notations and methods, and that new notations are being introduced and marketed all the time. But if we step back and ignore the details, we see that many notations have a similar look and feel. Despite the number of individual notations, there are probably fewer than ten basic paradigms for expressing information about a problem's concepts, behavior, and properties.
This section focuses on seven basic notational paradigms that can be applied in several ways to steps in the development process. We begin our discussion of each by introducing the paradigm and the types of problems and descriptions for which it is particularly apt.Then we describe one or two concrete examples of notations from that paradigm.Once you are familiar with the paradigms, you can easily learn and use a new notation because you will understand how it relates to existing notations.


[3]
[SECTION]: Capturing the Requirements > 4.5 Modeling Notations > Functions and Relations
[CONTENT]: The notational paradigms discussed so far are representational and relational.They use annotated shapes, lines, and arrows to convey the entities, relationships, and characteristics involved in the problem being modeled. In contrast, the remaining three notational paradigms that we discuss are more strongly grounded in mathematics, and we use  them  to  build  mathematical  models  of  the  requirements. Mathematically  based specification and design techniques, called formal methods or approaches , are encouraged by many software engineers who build safety-critical systems-that is, systems whose failure can affect  the  health  and  safety  of  people  who  use  them  or  who  are nearby. For  example, Defence  Standard  00-56, a  draft  British  standard  for  building safety-critical systems, requires that formal specification and design be used to demonstrate required functionality, reliability, and safety. Advocates argue that mathematical models are more precise and less ambiguous than other models, and that mathematical models lend themselves to more systematic and sophisticated analysis and verification.In fact, many formal specifications can be checked automatically for consistency, completeness, nondeterminism, and reachable states, as well as for type correctness.


[4]
[SECTION]: Capturing the Requirements > 4.5 Modeling Notations > Example: UML Class Diagrams
[CONTENT]: An ER notation is often used by more complex approaches. For example, the Unified Modeling Language (UML) (OMG 2003) is a collection of notations used to document software  specifications  and  designs. We  will  use  UML  extensively  in  Chapter  6 to describe object-oriented specifications and designs. Because UML was originally conceived  for  object-oriented  systems, it  represents  systems  in  terms  of  objects  and methods. Objects are akin to entities; they are organized in classes that have an inheritance hierarchy. Each object provides methods that perform actions on the object's variables. As  objects  execute, they  send  messages  to  invoke  each  other's  methods, acknowledge actions, and transmit data.


[5]
[SECTION]: Capturing the Requirements > 4.5 Modeling Notations > Example: Use Cases
[CONTENT]: (footnote: 4 In UML, a stereotype is a meta-language facility for extending a modeling notation, allowing the user to augment one of the notation's constructs with a new < <keyword> >.)


[6]
[SECTION]: Modeling the Process and Life Cycle > 2.3 Tools And Techniques For Process Modeling
[CONTENT]: There are many choices for modeling tools and techniques, once you decide what you want to capture in your process model; we have seen several modeling approaches in our  model  depictions  in  the  preceding  section. The  appropriate  technique  for  you depends on your goals and your preferred work style. In particular, your choice for notation depends on what you want to capture in your model.The notations range from textual ones that express processes as functions, to graphical ones that depict processes as hierarchies of boxes and arrows, to combinations of pictures and text that link the graphical depiction to tables and functions elaborating on the high-level illustration. Many of the modeling notations can also be used for representing requirements and designs; we examine some of them in later chapters.
In this chapter, the notation is secondary to the type of model, and we focus on two major categories, static and dynamic. A static model depicts the process, showing that the inputs are transformed to outputs.A dynamic model enacts the process, so the user can see how intermediate and final products are transformed over time.
","[
    {
        ""role"": ""paragraph"",
        ""segment"": ""A descriptive notation is a notation that describes a problem or a proposed solution in terms of its properties or its invariant behaviors."",
        ""citations"": [
            {
                ""type"": ""source_text"",
                ""content"": ""A descriptive notation is a notation that describes a problem or a proposed solution in terms of its properties or its invariant behaviors."",
                ""img_id"": null
            }
        ],
        ""type"": null
    }
]",A descriptive notation is a notation that describes a problem or a proposed solution in terms of its properties or its invariant behaviors.,1.594,3.208
What do early design decisions regarding a system's architecture explain?,"
[0]
[SECTION]: Designing the Architecture > 5.1 The Design Process
[CONTENT]: At this point in the development process, we have a good understanding of our customer's  problem, and  we  have  a  requirements  specification  that  describes  what  an acceptable software solution would look like. If the specification was done well, it has focused on function, not form; that is, it gives few hints about how to build the proposed system. Design is the creative process of figuring out how to implement all of the customer's requirements; the resulting plan is also called the design .
Early  design  decisions  address  the  system's architecture , explaining  how  to decompose the system into units, how the units relate to one another, and describing any externally visible properties of the units (Bass, Clements, and Kazman 2003). Later design decisions address how to implement the individual units. To see how architecture  relates  to  both  design  and  requirements, consider  again  the  example  in  which Chuck and Betsy Howell want to build a new house.Their requirements include and so on. From the requirements, an architect produces preliminary designs for the Howells to consider.The architect may start by showing the Howells some generic plans based on different styles of houses, such as two-story colonials and bungalows, to get a better feel for what style the Howells would prefer.Within a particular architectural style, the architect may sketch out various design alternatives. For instance, in one design, the kitchen, dining room, and children's play space may share one large open area, whereas another design may locate the play space in a less public part of the house. One design may emphasize large bedrooms,and another may reduce bedroom size to make room for an additional bathroom. How the Howells choose from among the design alternatives will depend on their preferences for a design's distinguishing characteristics, such as the utility and character of the rooms' layouts, or the estimated cost of construction.


[1]
[SECTION]: Designing the Architecture > 5.8 Documenting Software Architectures
[CONTENT]: A system's architecture plays a vital role in its overall development: it is the basis on which most subsequent decisions about design, quality assurance, and project management are made.As such, it is crucial that the system's developers and stakeholders have a consistent understanding of the system's architecture.The SAD serves as a repository for information about the architectural design and helps to communicate this vision to the various members of the development team.
The SAD's contents depend heavily on how it will be used.That is, we try to anticipate what information will be sought by different types of SAD readers.Customers will be looking for a natural-language description of what the system will do. Designers will be looking for precise specifications of the software units to be developed. A performance analyst will want enough information about the software design, the computing platform, and the system's environment to carry out analyses of likely speed and load. Different team members read the SAD,each with a different purpose.For example,coders read the SAD to understand the overall design and make sure that each design feature or function is implemented somewhere in the code. Testers read the SAD to ensure that their tests exercise all aspects of the design.Maintainers use the SAD as a guide,so that architectural integrity is maintained as problems are fixed and new features implemented.


[2]
[SECTION]: Designing the Architecture > 5.5 Achieving Quality Attributes > Usability
[CONTENT]: Usability attributes reflect the ease with which a user is able to operate the system. Most aspects of user-interface design are about how information is presented to and collected from the user.These design decisions tend not to be architectural, so we postpone a detailed discussion of this topic until the next chapter. However, there are a few user-interface decisions that do significantly affect the software's architecture, and they are worth mentioning here.
First and foremost,the user interface should reside in its own software unit,or possibly its own architectural layer.This separation makes it easier to customize the user interface for different audiences, such as users of different nationalities or different abilities.


[3]
[SECTION]: Designing the Architecture > 5.13 What This Chapter Means For You
[CONTENT]: In this chapter, we have investigated what it means to design a system based on carefully expressed requirements. We have seen that design begins with a high-level architecture, where architectural decisions are based not only on system functionality and required constraints but also on desirable attributes and the long-term intended use of the system (including product lines, reuse, and likely modification).You should keep in mind several characteristics of good architecture as you go, including appropriate user interfaces, performance,modularity,security,and fault tolerance.You may want to build a prototype to evaluate several options or to demonstrate possibilities to your customers.
The goal is not to design the ideal software architecture for a system, because such an architecture might not even exist. Rather, the goal is to design an architecture that meets all of the customer's requirements while staying within the cost and schedule constraints that we discussed in Chapter 3.


[4]
[SECTION]: Designing the Architecture > 5.11 Information Systems Example
[CONTENT]: In addition, we need to think about how well our architecture meets any nonfunctional requirements that have been specified. For example, if the specialists in charge of television programming want to use the system to explore how different broadcasting schedules affect predicted ratings and corresponding prices of commercial spots, then our architecture needs to support the ability to undo edits. As another example, security may be a concern. We want to ensure that the competition cannot break into the system and access Piccadilly's business plans or proposed prices.
These  models  and  descriptions  are  clearly  high  level. Architecture  focuses  on design decisions that require consideration of multiple components and their interactions. In Chapter 6, we narrow our focus to the more detailed design of individual components-each of which we are able to consider in isolation.


[5]
[SECTION]: Designing the Architecture > 5.8 Documenting Software Architectures > Documenting Rationale
[CONTENT]:  - Significant time was spent on considering the options and arriving at a decision.
 - The decision is critical to achieving a requirement.
 - The decision is counterintuitive or raises questions.
 - It would be costly to change the decision.
","[
    {
        ""role"": ""paragraph"",
        ""segment"": ""Early design decisions address the system's architecture, explaining how to decompose the system into units, how the units relate to one another, and describing any externally visible properties of the units."",
        ""citations"": [
            {
                ""type"": ""source_text"",
                ""content"": ""Early  design  decisions  address  the  system's architecture , explaining  how  to decompose the system into units, how the units relate to one another, and describing any externally visible properties of the units (Bass, Clements, and Kazman 2003)."",
                ""img_id"": null
            }
        ],
        ""type"": null
    }
]","Early design decisions address the system's architecture, explaining how to decompose the system into units, how the units relate to one another, and describing any externally visible properties of the units.",1.208,4.516
How is system functionality achieved in a pipe-and-filter style architecture?,"
[0]
[SECTION]: Designing the Architecture > 5.4 Architectural Styles And Strategies > Pipe-and-Filter
[CONTENT]: In a pipe-and-filter style, illustrated in Figure 5.6, system functionality is achieved by passing input data through a sequence of data-transforming components, called filters , to produce output data. Pipes are connectors that simply transmit data from one filter to  the  next  without  modifying  the  data. Each  filter  is  an  independent  function  that makes no assumptions about other filters that may be applied to the data.Thus, we can build our system by connecting together different filters to form a variety of configurations. If the format of the data is fixed-that is, if all of the filters and pipes assume a common  representation  of  the  data  being  transmitted-then  we  can  join  filters together in any configuration. Such systems have several important properties (Shaw and Garlan 1996):
 - We can understand the system's transformation of input data to output data as the functional composition of the filters' data transformations.


[1]
[SECTION]: Designing the Architecture > 5.4 Architectural Styles And Strategies > Pipe-and-Filter
[CONTENT]: In some pipe-and-filter style systems, the filters are independent data-transforming functions, but  the  representation  of  data  passed  between  filters  is  not  fixed. For example, old-style compilers had pipe-and-filter architectures in which the output of each filter (e.g., the lexical analyzer or the parser) was fed directly into the next filter. Because the filters in such systems are independent and have precise input and output formats, it is easy to replace and improve filters but hard to introduce or remove filters. For example, to remove a filter, we may need to substitute a stub that converts the output from the previous filter into the input format expected by the next filter.


[2]
[SECTION]: Designing the Architecture > 5.4 Architectural Styles And Strategies > Pipe-and-Filter
[CONTENT]:  - System evolution is relatively easy; we can simply introduce new filters into our system's configuration, or replace or remove existing filters, without having to modify other parts of the system.
 - Because of filter independence, we can perform certain types of analyses, such as throughput analysis.
 - There are performance penalties when using a pipe-and-filter  architecture. To support a fixed data format during data transmission, each filter must parse input data before performing its computation and then convert its results back to the fixed data format for output. This repeated parsing and unparsing of data can hamper system performance. It can also make the construction of the individual filters more complex.


[3]
[SECTION]: Designing the Architecture > 5.4 Architectural Styles And Strategies > Pipe-and-Filter
[CONTENT]: [FIGURE 5.6 Pipes and filters.] 
 - Filters can be reused in any other pipe-and-filter style program that assumes the same  format  for  input  and  output  data. Examples  of  such  filters  and  systems include image-processing systems and Unix shell programs.
[FIGURE_DESCRIPTIONS]
[0] Diagram illustrating a multi-path signal flow with a left-to-right orientation. The main path consists of a series of rectangular blocks connected by arrows, forming a pipeline of processing stages. Three parallel branches diverge from the left, each containing stacked rectangular blocks with arrows indicating data movement between stages. A vertical inset labeled KEY shows two control elements: a horizontal pipe symbol labeled Pipe and a rectangular element labeled Filter, suggesting a schematic of a filtering system. The rightmost portion aggregates outputs from the branching paths into a final combined stream. Readable labels within the blocks are minimal, but the overall topology implies a modular data processing chain with parallel filters feeding into a common endpoint.



[4]
[SECTION]: Designing the Architecture > 5.7 Architecture Evaluation And Refinement > Trade-off Analysis
[CONTENT]: Such  systems  are  used  to  index  text, supporting  rapid  searching  for  keywords. For example, KWIC is used in electronic library catalogues (e.g., find all titles that contain the  name 'Martin Luther King Jr.') and in online help systems (e.g., find all index entries that contain the word 'customize').
Shaw and Garlan (1996) present four different architectural designs to implement KWIC: repository, data abstraction, implicit invocation (a type of publish-subscribe), and pipe-and-filter. The  repository-based  solution, shown  in  Figure  5.13, breaks  the problem into its four primary functions: input, circular shift, alphabetize, and output. Thus, the system's functionality is decomposed and modularized. These four modules are coordinated by a master program that calls them in sequence. Because the data are localized in their own modules, and not replicated or passed among the computational modules, the design is efficient. However, as Parnas points out, this design is difficult to change. Because the computational modules access and manipulate the data directly, via read and write operations, any change to the data and data format will affect all modules.Also, none of the elements in the design are particularly reusable.


[5]
[SECTION]: Designing the Architecture > 5.7 Architecture Evaluation And Refinement > Trade-off Analysis
[CONTENT]: Finally, we compute a score for each design by multiplying the priority of each row by the design's score for that attribute, and summing the results. For example, the pipe-and-filter design score would be calculated as 1 × 5 + 4 × 1 + 3 × 5 + 3 × 5 + 3 × 1 + 5 × 4 = 62.The scores of the other designs are listed on the bottom row of Table 5.3.
In this case, we would choose the implicit-invocation design. However, the priorities and ratings, as well as the choice of attributes, are subjective and depend on the needs of our customers and users, as well as our preferences for building and maintaining systems. Other attributes we might have considered include Including these attributes (in particular, ease of integration) in our analysis might have affected our final decision. Other evaluators are likely to score the designs differently and may reach different conclusions.As we learn more about measuring design attributes, we can remove some of the subjectivity from this rating approach. But design evaluation will always require some degree of subjectivity and expert judgment, since each of us has different perspectives and experiences.
 - modularity
 - testability
 - security
 - ease of use
 - ease of understanding
 - ease of integration
","[
  {
    ""role"": ""paragraph"",
    ""segment"": ""system functionality is achieved by passing input data through a sequence of data-transforming components, called filters, to produce output data. Pipes are connectors that simply transmit data from one filter to the next without modifying the data. Each filter is an independent function that makes no assumptions about other filters that may be applied to the data."",
    ""citations"": [
      {
        ""type"": ""source_text"",
        ""content"": ""In a pipe-and-filter style, illustrated in Figure 5.6, system functionality is achieved by passing input data through a sequence of data-transforming components, called filters , to produce output data. Pipes are connectors that simply transmit data from one filter to  the  next  without  modifying  the  data. Each  filter  is  an  independent  function  that makes no assumptions about other filters that may be applied to the data."",
        ""img_id"": null
      }
    ],
    ""type"": null
  }
]","system functionality is achieved by passing input data through a sequence of data-transforming components, called filters, to produce output data. Pipes are connectors that simply transmit data from one filter to the next without modifying the data. Each filter is an independent function that makes no assumptions about other filters that may be applied to the data.",1.878,7.107
What is a reference model?,"
[0]
[SECTION]: Designing the Architecture > 5.1 The Design Process > Design Is a Creative Process
[CONTENT]: [FIGURE 5.3 Reference model for a compiler (adapted from Shaw and Garlan 1996).] 
[FIGURE_DESCRIPTIONS]
[0] Diagram labeled Symbol table at top center connected to multiple processing blocks: Lexical analyzer, Parser, Semantic analyzer, Optimizer, Code generator arranged horizontally. Each block is linked with solid lines indicating data store and control flow, while dashed lines indicate data fetch/store and control flow. A Key box in upper left defines components and two data flow types: Data store and Data fetch/store with solid and dashed lines respectively. The Symbol table sits above and feeds into all processing blocks via directional arrows, illustrating an information flow from lexical analysis through parsing, semantic analysis, optimization, and finally code generation. Arrows show bidirectional or unidirectional data exchange between blocks, including mutual connections implying cross-component data sharing. The bottom of the diagram shows an Attributed table or entity bar connected to all processing modules, suggesting a centralized attribute or metadata repository. The overall diagram conveys a compiler pipeline with modular stages and shared symbol/attribute resources.



[1]
[SECTION]: Designing the Architecture > 5.1 The Design Process > Design Is a Creative Process
[CONTENT]: Similarly, experienced software developers rarely design new software from first principles. Instead, they borrow ideas from existing solutions and manipulate them into new, but not entirely original, designs. By doing so, developers can usually arrive at a suitable design more quickly, using the properties of the borrowed solutions to assess the properties of the proposed design. Figure 5.2 shows several sources from which developers can draw when looking for guidance in designing a new system.
There  are  many  ways  to  leverage  existing  solutions. One  extreme  is cloning , whereby we borrow a whole design, and perhaps even the code, making minor adjustments to fit our particular problem. For example, a developer might clone an existing system to customize it for a new customer-though,as we will see, there are better ways of producing variations of the same product. Slightly less extreme is to base our design on  a reference  model : a  standard  generic  architecture  for  a  particular  application domain.A reference model suggests only how we decompose our system into its major components and how those components interact with each other. The design of the individual components and the details of their interactions will depend on the specific application being developed.As an example, Figure 5.3 shows the reference model for a compiler; the specifics of the parser, semantic analyzer, optimizations, and data repositories will vary greatly with the compiler's programming language. There are existing or proposed reference models for a variety of application domains, including operating systems, interpreters, database  management  systems, process-control  systems, integrated tool environments, communication networks, and Web services.


[2]
[SECTION]: Modeling the Process and Life Cycle > 2.11 Key References
[CONTENT]: As a result of the Fifth International Software Process Workshop,a working group chaired by Kellner formulated a standard problem, to be used to evaluate and compare some of the more popular process modeling techniques.The problem was designed to be complex enough so that it would test a technique's ability to include each of the following:
 - multiple levels of abstraction
 - control flow, sequencing, and constraints on sequencing


[3]
[SECTION]: Modeling the Process and Life Cycle > 2.11 Key References > TABLE 2.3 ( continued )
[CONTENT]:  - multiple levels of aggregation and parallelism Eighteen different process modeling techniques were applied to the common problem, and varying degrees of satisfaction were found with each one. The results are reported in Kellner and Rombach (1990).
Curtis, Kellner, and Over (1992) present a comprehensive survey of process modeling techniques and tools. The paper also summarizes basic language types and constructs and gives examples of process modeling approaches that use those language types.
Krasner et al. (1992) describe lessons learned when implementing a software process modeling system in a commercial environment.
Several Web sites contain information about process modeling.
 - The U.S. Software Engineering Institute (SEI) continues to investigate process modeling as part of its process improvement efforts.A list of its technical reports and activities can be found at http://www.sei.cmu.edu. The information at http:// www.sei.cmu.edu/collaborating/spins/ describes Software Process Improvement Networks, geographically-based groups of people interested in process improvement who often meet to hear speakers or discuss process-related issues.
 - The European Community has long sponsored research in process modeling and a process model language. Descriptions of current research projects are available at http://cordis.europa.eu/fp7/projects_en.html.


[4]
[SECTION]: Modeling the Process and Life Cycle > 2.7 What This Chapter Means For You
[CONTENT]: In this chapter, we have seen that the software development process involves activities, resources, and products.A process model is useful for guiding your behavior when you are working with a group. Detailed process models tell you how to coordinate and collaborate with your colleagues as you design and build a system.We have also seen that process models include organizational, functional, behavioral, and other perspectives, so you can focus on particular aspects of the development process to enhance your understanding or guide your actions.


[5]
[SECTION]: Modeling the Process and Life Cycle > 2.2 Software Process Models
[CONTENT]: Many process models are described in the software engineering literature. Some are prescriptions for  the  way  software  development  should  progress, and  others  are descriptions of the way software development is done in actuality. In theory, the two kinds of models should be similar or the same, but in practice, they are not. Building a process  model  and  discussing  its  subprocesses  help  the  team  understand  the  gap between what should be and what is.
There are several other reasons for modeling a process:
 - When a group writes down a description of its development process, it forms a common understanding of the activities, resources, and constraints involved in software development.
 - Creating  a  process  model  helps  the  development  team  find  inconsistencies, redundancies, and omissions in the process and in its constituent parts. As these problems  are  noted  and  corrected, the  process  becomes  more  effective  and focused on building the final product.
","[
  {
    ""role"": ""paragraph"",
    ""segment"": ""A reference model suggests only how we decompose our system into its major components and how those components interact with each other. For example, Figure 5.3 shows the reference model for a compiler."",
    ""citations"": [
      {
        ""type"": ""source_text"",
        ""content"": ""A reference model suggests only how we decompose our system into its major components and how those components interact with each other."",
        ""img_id"": null
      },
      {
        ""type"": ""source_text"",
        ""content"": ""Figure 5.3 shows the reference model for a compiler; the specifics of the parser, semantic analyzer, optimizations, and data repositories will vary greatly with the compiler's programming language."",
        ""img_id"": null
      }
    ],
    ""type"": null
  }
]","A reference model suggests only how we decompose our system into its major components and how those components interact with each other. For example, Figure 5.3 shows the reference model for a compiler.",1.576,7.209
What defines a peer-to-peer (P2P) architecture?,"
[0]
[SECTION]: Designing the Architecture > 5.4 Architectural Styles And Strategies > Peer-to-Peer
[CONTENT]: Technically, a peer-to-peer (P2P) architecture is one in which each component executes as its own process and acts as both a client of and a server to other peer components. Each component has an interface that specifies not only the services it provides, but also the services that it requests from other peer components. Peers communicate by requesting  services  from  each  other. In  this  way, P2P  communication  is  like  the request/reply communication found in client-server architecture, but any component can initiate a request to any other peer component.
[FIGURE_DESCRIPTIONS]
[0] Diagram illustrating a client-server architecture with labeled layers and components. The leftmost key box shows the legend: client–server, request/response arrows. The main flow depicts a Web Browser and Desktop Client at the top, both connecting to an Application Server via intermediaries labeled Web Browser, Client Presentation, and Business Logic Information System. Arrows indicate requests and responses between the client-side interfaces and the application server. A Database Server sits below the Application Server, connected by a vertical data flow. The top row includes Web Browser, Desktop Client, and Web Browser repeated, suggesting multiple client entry points. The hierarchy implies a typical three-tier architecture: Client (presentation), Application Server (business logic), and Database Server (data). Labels present: KEY, client, server, request/response, Web Browser, Desktop Client, Client Presentation, Business Logic, Information System, Application Server, Database Server. 



[1]
[SECTION]: Designing the Architecture > 5.4 Architectural Styles And Strategies > Peer-to-Peer
[CONTENT]: [FIGURE 5.7 Three-tiered client-server architecture.] 
The best known P2P architectures are file-sharing networks, such as Napster and Freenet, in which the components provide similar services to each other. What differs among components are the data each component stores locally.Thus, the system's data are distributed among the components; whenever a component needs information not stored locally, it retrieves it from a peer component.
P2P networks are attractive because they scale up well. Although each added component increases demands on the system in the form of additional requests, it also increases the system's capabilities, in the form of new or replicated data and as additional server capacity. P2P networks are also highly tolerant of component and network failures, because data are replicated and distributed over multiple peers. Sidebar 5.4 describes the pros and cons of Napster's P2P architecture.


[2]
[SECTION]: Designing the Architecture > 5.4 Architectural Styles And Strategies > SIDEBAR 5.4 NAPSTER'S P2P ARCHITECTURE
[CONTENT]: N apster, the popular music-sharing system, uses a P2P architecture.Typically, the peers are users' desktop computer systems running general-purpose computing applications, such as electronic mail clients, word processors, Web browsers, and more. Many of these user systems do not have stable Internet protocol (IP) addresses, and they are not always available to the rest of the network. And most users are not sophisticated; they are more interested in content than in the network's configuration and protocols. Moreover, there is great variation in methods for accessing the network, from slow dial-up lines to fast broadband connections.
Napster's sophistication comes instead from its servers, which organize requests and manage content. The actual content is provided by users, in the form of files that are shared from peer to peer, and the sharing goes to other (anonymous) users, not to a centralized file server.


[3]
[SECTION]: Designing the Architecture > 5.4 Architectural Styles And Strategies > SIDEBAR 5.4 NAPSTER'S P2P ARCHITECTURE
[CONTENT]: This type of architecture works well when the files are static (i.e., their content does not change often or at all), when file content or quality do not matter, and when the speed and reliability of sharing are not important. But if the file content changes frequently (e.g., stock prices or evaluations), sharing speed is key (e.g., large files are needed quickly), file quality is critical (e.g., photographs or video), or one peer needs to be able to trust another (e.g., the content is protected or contains valuable corporate information), then a P2P architecture may not be the best choice; a centralized server architecture may be more appropriate.


[4]
[SECTION]: Designing the Architecture > 5.5 Achieving Quality Attributes > Security
[CONTENT]: A full discussion of security architectures is beyond the scope of this book; for a detailed discussion, see Pfleeger and Pfleeger (2006), where the architectural discussions are based on type of application, such as operating system, database, or user interface. No matter the application, some architectural styles, such as layering, are well-suited for any kind of security; they inherently ensure that some objects and processes cannot interact with other objects and processes. Other styles, such as P2P , are much more difficult to secure.
Johnson, McGuire, and Willey (2008) investigated just how insecure a P2P network can be.They point out that this type of architecture is at least 40 years old: the U.S. Department of Defense developed the Arpanet as a P2P system:
TCP/IP, introduced in 1973, cemented the notion of direct host-to-host communication, with the network handling the mechanics of guiding the packets to their destination. Most of the protocols created since then (HTTP , SMTP , DNS, etc.) build on the idea that a host that needs data connects directly to the host that has it, and that it is the network's task to enable this.The techniques used by P2P file-sharing networking systems are simply an evolution of these principles.
Although a P2P network has advantages such as replication and redundancy, the underlying design encourages data sharing even when the data are not intended for open view.


[5]
[SECTION]: Designing the Architecture > 5.4 Architectural Styles And Strategies
[CONTENT]: Researchers are continuously analyzing good software designs, looking for useful architectural styles that can be applied more generally. These styles are then collected in style catalogues that an architect can reference when considering the best architecture for a given set of requirements. A few of these catalogues are listed at the end of this chapter.
In  the  rest  of  this  section, we  examine  six  architectural  styles  commonly  used in software development: pipe-and-filter, client-server, peer-to-peer, publish-subscribe, repositories , and layering . For each style, we describe the software elements comprising the style, the constraints on interactions among elements, and some properties (good and bad) of the resulting system.
","[
    {
        ""role"": ""sentence"",
        ""segment"": ""A peer-to-peer (P2P) architecture is one in which each component executes as its own process and acts as both a client of and a server to other peer components, with interfaces that specify both the services it provides and the services it requests from other peers, and where peers communicate by requesting services from each other (any component can initiate a request to any other peer component)."",
        ""citations"": [
            {
                ""type"": ""source_text"",
                ""content"": ""Technically, a peer-to-peer (P2P) architecture is one in which each component executes as its own process and acts as both a client of and a server to other peer components. Each component has an interface that specifies not only the services it provides, but also the services that it requests from other peer components. Peers communicate by requesting  services  from  each  other. In  this  way, P2P  communication  is  like  the request/reply communication found in client-server architecture, but any component can initiate a request to any other peer component."",
                ""img_id"": null
            }
        ],
        ""type"": null
    }
]","A peer-to-peer (P2P) architecture is one in which each component executes as its own process and acts as both a client of and a server to other peer components, with interfaces that specify both the services it provides and the services it requests from other peers, and where peers communicate by requesting services from each other (any component can initiate a request to any other peer component).",1.426,5.327
How do components interact in a publish-subscribe architecture?,"
[0]
[SECTION]: Designing the Architecture > 5.4 Architectural Styles And Strategies > Publish-Subscribe
[CONTENT]: In a publish-subscribe architecture, components interact by broadcasting and reacting to events. A component expresses interest in an event by subscribing to it. Then, when another component announces ( publishes ) that the event has taken place, the subscribing components are notified.The underlying publish-subscribe infrastructure is responsible both for registering event subscriptions and for delivering published events to the appropriate components. Implicit invocation is  a  common form of publish-subscribe architecture, in which a subscribing component associates one of its procedures with each event of interest (called registering the procedure). In this case, when the event occurs, the publish-subscribe infrastructure invokes all of the event's registered procedures. In contrast to client-server and P2P components, publish-subscribe components know nothing about each other. Instead, the publishing component simply announces events and then waits for interested components to react; each subscribing component simply reacts to event announcements, regardless of how they are published. In models of this kind of architecture, the underlying infrastructure is often represented as an event bus to which all publish-subscribe components are connected.


[1]
[SECTION]: Designing the Architecture > 5.4 Architectural Styles And Strategies > Publish-Subscribe
[CONTENT]:  - Such  systems  provide  strong  support  for  system  evolution  and  customization. Because  all  interactions  are  orchestrated  using  events, any  publish-subscribe
 - component can be added to the system and can register itself without affecting other components.
 - For the same reason, we can easily reuse publish-subscribe components in other event-driven systems.
 - Components can pass data at the time they announce events. But if components need to share persistent data, the system must include a shared repository to support  that  interaction. This  sharing  can  diminish  the  system's  extensibility  and reusability.
 - Publish-subscribe systems are difficult to test, because the behavior of a publishing component will depend on which subscribing components are monitoring its events.Thus, we cannot test the component in isolation and infer its correctness in an integrated system.


[2]
[SECTION]: Designing the Architecture > 5.4 Architectural Styles And Strategies > Combining Architectural Styles
[CONTENT]:  - Our architecture  may  use  a  mixture  of  architectural  styles  to  model  different components or different types of interactions among components, such as the architecture  shown  in  Figure  5.10. In  this  example, several  client  components interact  with  each  other  using  publish-subscribe  communications. These  same components  use  server  components  via  request/reply  protocols; in  turn, the server components interact with a shared data repository. In this example, the architecture integrates different styles into a single model by allowing components to play multiple roles (e.g., client, publisher, and subscriber) and to engage in multiple types of interactions.
 - Integration of different architectural styles is easier if the styles are compatible. For example, all the styles being combined might relate runtime components, or all might relate code units. Alternatively, we may create and maintain different views  of  the  architecture, as  building  architects  do  (e.g., the  electrical  wiring view, the plumbing view, the heating and air conditioning view, and so on). This approach is appropriate if integrating the views would result in an overly complex model,such as when components interact with each other in multiple ways (e.g., if pairs of components interact using both implicit invocation and explicit method calls), or if the mapping between the views' components is messy (i.e., is a manyto-many relationship).


[3]
[SECTION]: Designing the Architecture > 5.4 Architectural Styles And Strategies > Publish-Subscribe
[CONTENT]: This is a common architectural style for integrating tools in a shared environment. For example, Reiss (1990) reports on an environment called Field, where tools such as editors register for events that might occur during a debugger's functioning.To see how, consider that the debugger processes code, one line at a time. When it recognizes that it has reached a set breakpoint, it announces the event 'reached breakpoint'; then, the system forwards the event to all registered tools, including the editor, and the editor reacts to the event by automatically scrolling to the source-code line that corresponds  to  the  breakpoint. Other  events  that  the  debugger  might  announce  include entry and exit points of functions, runtime errors, and comments to clear or reset the program's execution. However, the debugger is not aware of which tools, if any, have registered for the different events, and it has no control over what the other tools will do in response to one of its events. For this reason, a publish-subscribe system will often include  some  explicit  invocations  (e.g., calls  to  access  methods)  when  a  component wants to enforce or confirm a specific reaction to a critical event.
Publish-subscribe  systems  have  several  strengths  and  weaknesses  (Shaw  and Garlan 1996):


[4]
[SECTION]: Designing the Architecture > 5.8 Documenting Software Architectures > Mappings among Views
[CONTENT]: How many and which views to include in the SAD depends on the structure of the system being designed and the quality attributes that we want to measure. At the very least, the SAD should contain a decomposition view showing the design's constituent code units, plus an execution view showing the system's runtime structure. In addition, a deployment view that assigns software units to computing resources is essential if we want to reason about the system's performance.Alternatively, we may include multiple execution  views, each  based  on  a  different  architectural  style, if  each  of  the  styles reflects  useful  ways  of  thinking  about  the  system's  structure  and  interactions. For example, if our design is based on a publish-subscribe style, in which components are triggered by events, we may also include a pipe-and-filter view that depicts the order in which components are to be invoked.


[5]
[SECTION]: Designing the Architecture > 5.4 Architectural Styles And Strategies > Combining Architectural Styles
[CONTENT]: [FIGURE 5.10 Combination of publish-subscribe, client-server, and repository architecture styles.] 
","[
  {
    ""role"": ""paragraph"",
    ""segment"": ""In a publish-subscribe architecture, components interact by broadcasting and reacting to events. A component expresses interest in an event by subscribing to it. Then, when another component announces ( publishes ) that the event has taken place, the subscribing components are notified. In implicit invocation, a subscribing component associates one of its procedures with each event of interest (called registering the procedure). In this case, when the event occurs, the publish-subscribe infrastructure invokes all of the event's registered procedures. The underlying publish-subscribe infrastructure is often represented as an event bus to which all publish-subscribe components are connected. In this style, components know nothing about each other; the publishing component simply announces events and then waits for interested components to react."",
    ""citations"": [
      {
        ""type"": ""source_text"",
        ""content"": ""In a publish-subscribe architecture, components interact by broadcasting and reacting to events."",
        ""img_id"": null
      },
      {
        ""type"": ""source_text"",
        ""content"": ""A component expresses interest in an event by subscribing to it."",
        ""img_id"": null
      },
      {
        ""type"": ""source_text"",
        ""content"": ""Then, when another component announces ( publishes ) that the event has taken place, the subscribing components are notified."",
        ""img_id"": null
      },
      {
        ""type"": ""source_text"",
        ""content"": ""In implicit invocation, a subscribing component associates one of its procedures with each event of interest (called registering the procedure)."",
        ""img_id"": null
      },
      {
        ""type"": ""source_text"",
        ""content"": ""the publish-subscribe infrastructure invokes all of the event's registered procedures."",
        ""img_id"": null
      },
      {
        ""type"": ""source_text"",
        ""content"": ""The underlying publish-subscribe infrastructure is often represented as an event bus to which all publish-subscribe components are connected."",
        ""img_id"": null
      },
      {
        ""type"": ""source_text"",
        ""content"": ""the publishing component simply announces events and then waits for interested components to react; each subscribing component simply reacts to event announcements, regardless of how they are published."",
        ""img_id"": null
      }
    ],
    ""type"": null
  }
]","In a publish-subscribe architecture, components interact by broadcasting and reacting to events. A component expresses interest in an event by subscribing to it. Then, when another component announces ( publishes ) that the event has taken place, the subscribing components are notified. In implicit invocation, a subscribing component associates one of its procedures with each event of interest (called registering the procedure). In this case, when the event occurs, the publish-subscribe infrastructure invokes all of the event's registered procedures. The underlying publish-subscribe infrastructure is often represented as an event bus to which all publish-subscribe components are connected. In this style, components know nothing about each other; the publishing component simply announces events and then waits for interested components to react.",1.43,6.838
What information is mapped in a deployment view of an architecture?,"
[0]
[SECTION]: Designing the Architecture > 5.3 Decomposition And Views > Architectural Views
[CONTENT]:  - Implementation view: This view maps code units, such as modules, objects, and procedures, to the source file that contains their implementation. This view helps programmers find the implementation of a software unit within a maze of sourcecode files.
 - Deployment view: This view maps runtime entities, such as components and connectors, onto computer resources, such as processors, data stores, and communication networks. It helps the architect analyze the quality attributes of a design, such as performance, reliability, and security.
 - Work-assignment  view: This  view  decomposes  the  system's  design  into  work tasks that can be assigned to project teams. It helps project managers plan and allocate project resources, as well as track each team's progress.


[1]
[SECTION]: Designing the Architecture > 5.8 Documenting Software Architectures > Mappings among Views
[CONTENT]: How many and which views to include in the SAD depends on the structure of the system being designed and the quality attributes that we want to measure. At the very least, the SAD should contain a decomposition view showing the design's constituent code units, plus an execution view showing the system's runtime structure. In addition, a deployment view that assigns software units to computing resources is essential if we want to reason about the system's performance.Alternatively, we may include multiple execution  views, each  based  on  a  different  architectural  style, if  each  of  the  styles reflects  useful  ways  of  thinking  about  the  system's  structure  and  interactions. For example, if our design is based on a publish-subscribe style, in which components are triggered by events, we may also include a pipe-and-filter view that depicts the order in which components are to be invoked.


[2]
[SECTION]: Designing the Architecture > 5.8 Documenting Software Architectures > Mappings among Views
[CONTENT]: Because our design is documented as a collection of views, we should show how the views relate to one another. If one view details an element that is a software unit in a more abstract view, then this relationship is straightforward. However, if two views show different aspects of the same part of the design, and if there is no obvious correspondence between the elements in the two views, then mapping this correspondence is essential. For example, it is useful to record how runtime components and connectors in an execution view map to code-level units in a decomposition view. Such a mapping documents how the components and connectors will be implemented. Similarly, it is useful to record how elements in one decomposition view (e.g., a module view) map to elements in another decomposition view (e.g., a layer view). Such a mapping reveals all of the units needed to implement each layer.


[3]
[SECTION]: Designing the Architecture > 5.8 Documenting Software Architectures > Mappings among Views
[CONTENT]: Clements et al. (2003) describe how to document a mapping between two views as a table, indexed by the elements in one of the views. For each element in the first view, the table lists the corresponding element(s) in the second view and describes the nature of  the  correspondence. For  example, the  indexed  element implements the  other  element(s), or is a generalization of the other element(s). Because it is possible that parts of elements in one view map to parts of elements in the other view, we should also indicate whether the correspondence is partial or complete.


[4]
[SECTION]: Designing the Architecture > 5.3 Decomposition And Views > Architectural Views
[CONTENT]: We want to decompose the system's design into its constituent programmable units, such as modules, objects, or procedures. However, this set of elements may not be the only decomposition we consider. If the proposed system is to be distributed over several computers, we may want a view of the design that shows the distribution of the system's  components as well as how those components communicate with each other. Alternatively, we may want a view of the design that shows the various services that the system is to offer and how the services operate together, regardless of how the services are mapped to code modules.
Common types of architectural views include the following:
 - Decomposition view: This traditional view of a system's decomposition portrays the system as programmable units.As depicted in Figure 5.5, this view is likely to be
 - hierarchical and may be represented by multiple models. For example, a software unit in one model may be expanded in another model to show its constituent units.


[5]
[SECTION]: Designing the Architecture > 5.3 Decomposition And Views > Architectural Views
[CONTENT]: Each view is a model of some aspect of the system's structure, such as code structure, runtime structure, file structure, or project team structure. A system's architecture represents  the  system's  overall  design  structure; thus, it  is  the  full  collection  of  these views. Normally, we do not attempt to combine views into a single integrated design, because such a description-comprising multiple overlays of different decompositionswould be too difficult to read and keep up-to-date. Later in this chapter, we discuss how to document a system's architecture as a collection of views.The documentation includes mappings among views so that we can understand the big picture.


[6]
[SECTION]: Designing the Architecture > 5.8 Documenting Software Architectures
[CONTENT]: Given these uses, a SAD should include the following information:
 - System overview: This section provides an introductory description of the system, in terms of its key functions and usages.
 - Views: Each view conveys information about the system's overall design structure, as seen from a particular perspective. In addition to the views, we document also how the views relate to one another. Because the views are likely to be read by all SAD readers,each section is prefaced with a summary of the view and its main elements and interactions; technical details are addressed in separate subsections.
 - Software units: We include a complete catalogue of the software units to be developed, including precise specifications of their interfaces. For each software unit, we indicate all of the views in which the unit appears as an element.
 - Analysis data and results: This section contains enough details about the system's architecture, computing resources, and execution environment so that a design analyst can measure the design's quality attributes.The results of the analyses are also recorded.
 - Design  rationale: Design  decisions  must  be  explained  and  defended, and  the rationale for the chosen design is recorded to ensure that project managers and future architects have no need to revisit design alternatives that were originally dismissed for good reason.
","[
    {
        ""role"": ""sentence"",
        ""segment"": ""The deployment view maps runtime entities, such as components and connectors, onto computer resources, such as processors, data stores, and communication networks, to help analyze the design's quality attributes like performance, reliability, and security."",
        ""citations"": [
            {
                ""type"": ""source_text"",
                ""content"": ""Deployment view: This view maps runtime entities, such as components and connectors, onto computer resources, such as processors, data stores, and communication networks. It helps the architect analyze the quality attributes of a design, such as performance, reliability, and security."",
                ""img_id"": null
            }
        ],
        ""type"": null
    }
]","The deployment view maps runtime entities, such as components and connectors, onto computer resources, such as processors, data stores, and communication networks, to help analyze the design's quality attributes like performance, reliability, and security.",1.054,5.65
How do layered systems organize software units?,"
[0]
[SECTION]: Designing the Architecture > 5.4 Architectural Styles And Strategies > Layering
[CONTENT]: Layered systems organize the system's software units into layers, each of which provides services to the layer above it and acts as a client to the layer below. In a 'pure' layered system, a software unit in a given layer can access only the other units in the same layer and services offered by the interface to the layer immediately below it. To improve performance, this constraint may be relaxed in some cases, allowing a layer to access the services of layers below its lower neighbor; this is called layer bridging . However, if a design includes a lot of layer bridging, then it loses some of the portability and maintainability that the layering style offers. Under no circumstances does a layer access the services offered by a higher-level layer; the resulting architecture would no longer be called layered.


[1]
[SECTION]: Designing the Architecture > 5.4 Architectural Styles And Strategies > Layering
[CONTENT]: [FIGURE 5.9 Layered architecture of OSI model for network communications.] 
On the other hand, it is not always easy to structure a system into distinct layers of increasingly powerful services, especially when software units are seemingly interdependent. Also, it may appear that layers introduce a performance cost from the set of calls  and  data  transfers  between  system  layers. Fortunately, sophisticated  compilers, linkers, and loaders can reduce this overhead (Clements et al. 2003).


[2]
[SECTION]: Designing the Modules > 6.2 Design Principles > Abstraction
[CONTENT]: As we saw in Chapter 5, there may not be a single decomposition of the system. Rather, we  may  create  several  decompositions  that  show  different  structures. For instance, one view may show the system's different runtime processes and their interconnections, and another view may show the system's decomposition into code units. Each of these views is an abstraction that highlights one aspect of the system's structural  design  (e.g., runtime  processes)  and  ignores  other  structural  information  (e.g., code units) and nonstructural details.
A fourth type of abstraction is the virtual machine , such as that in a layered architecture. Each layer i in the architecture uses the services provided by the layer i -1 below it, to create more powerful and reliable services, which it then offers to the layer i + 1 above it. Recall that in a true layered architecture, a layer can access only those services offered by the layer directly below it, and cannot access the services of lowerlevel layers (and certainly not the services of the higher-level layers).As such, layer i is a virtual machine that abstracts away the details of the lower-level layers and presents only its services to the next layer; the guiding design principle is that layer i 's services are improvements over the lower-layers' services and thus supersede them.


[3]
[SECTION]: Designing the Modules > 6.2 Design Principles > SIDEBAR 6.2 INFORMATION HIDING IN OO DESIGNS
[CONTENT]: Because each software unit hides exactly one design decision, all the units have high cohesion. Even with procedural cohesion, other software units hide the designs of the individual tasks.The resulting large number of modules may seem unwieldy, but we have ways to deal with this trade-off between number of modules and information hiding. Later in this chapter, we see how to use dependency graphs and abstraction to manage large collections of modules.
A big advantage of information hiding is that the resulting software units are loosely  coupled. The  interface  to  each  unit  lists  the  set  of  access  functions  that  the unit offers, plus the set of other units' access functions that it uses. This feature makes the software units easier to understand and maintain, because each unit is relatively self-contained. And  if  we  are  correct  in  predicting  which  aspects  of  the  design  will change over time, then our software will be easier to maintain later on, because changes will be localized to particular software units.


[4]
[SECTION]: Why Software Engineering? > 1.5 A Systems Approach > Interrelated Systems
[CONTENT]: The complexity of the entire water-monitoring system is much greater than the complexity of the communications system, so our treatment of separate, smaller pieces makes our job much simpler. If the boundary definitions are detailed and correct, building the larger system from the smaller ones is relatively easy. We can describe the building process by considering the larger system in layers, as illustrated in Figure 1.10 for our watermonitoring example.A layer is a system by itself, but each layer and those it contains also form a system.The circles of the figure represent the boundaries of the respective systems, and the entire set of circles incorporates the entire water-monitoring system.
[FIGURE_DESCRIPTIONS]
[0] Concentric circle diagram illustrating layered data flow components. Center contains a small circle labeled “Remote data collection system.” Surrounding rings progressively describe higher-level systems: innermost ring “Calculation system for remote data,” next ring “Communication system from remote sites to central,” followed by “Data management system for collected data,” then “Reporting system for data.” Outermost ring encompasses all, indicating a broad framework for data processes. Text labels are arranged along each ring with evenly spaced phrases, implying hierarchical architecture and data provisioning from remote collection to final reporting. The diagram emphasizes relationships between remote data collection, calculation, communication, data management, and reporting systems in a layered, radial structure.



[5]
[SECTION]: Designing the Architecture > 5.10 Software Product Lines
[CONTENT]: Throughout this chapter, we have focused on the design and development of a single software system. But many software companies build and sell multiple products, often working with different kinds of customers. Some successful companies build their reputations and their set of clients by specializing in particular application domains, such as business support software or computer games.That is, they become known not only for providing quality software but also for their understanding of the special needs of a particular market. Many of these companies succeed by reusing their expertise and software assets across families of related products, thereby spreading the cost of development across products and reducing the time to market for each one.
","[
  {
    ""role"": ""paragraph"",
    ""segment"": ""Layered systems organize the system's software units into layers, each of which provides services to the layer above it and acts as a client to the layer below."",
    ""citations"": [
      {
        ""type"": ""source_text"",
        ""content"": ""Layered systems organize the system's software units into layers, each of which provides services to the layer above it and acts as a client to the layer below."",
        ""img_id"": null
      }
    ],
    ""type"": null
  }
]","Layered systems organize the system's software units into layers, each of which provides services to the layer above it and acts as a client to the layer below.",1.149,4.21
What is layer bridging?,"
[0]
[SECTION]: Designing the Architecture > 5.4 Architectural Styles And Strategies > Layering
[CONTENT]: Layered systems organize the system's software units into layers, each of which provides services to the layer above it and acts as a client to the layer below. In a 'pure' layered system, a software unit in a given layer can access only the other units in the same layer and services offered by the interface to the layer immediately below it. To improve performance, this constraint may be relaxed in some cases, allowing a layer to access the services of layers below its lower neighbor; this is called layer bridging . However, if a design includes a lot of layer bridging, then it loses some of the portability and maintainability that the layering style offers. Under no circumstances does a layer access the services offered by a higher-level layer; the resulting architecture would no longer be called layered.


[1]
[SECTION]: Preface > BRIDGING THE GAP BETWEEN RESEARCH AND PRACTICE
[CONTENT]: It is in this spirit that we have enhanced our book, building an underlying framework for this questioning and improvement. In particular, this fourth edition contains extensive material about how to abstract and model a problem, and how to use models, design principles, design patterns, and design strategies to create appropriate solutions. Software engineers are more than programmers following instructions, much as chefs are more than cooks following recipes.There is an art to building good software, and the art is embodied in understanding how to abstract and model the essential elements of a problem and then use those abstractions to design a solution.We often hear good developers talk about 'elegant' solutions, meaning that the solution addresses the heart of the problem, such that not only does the software solve the problem in its current form but it can also be modified as the problem evolves over time. In this way, students learn to blend research with practice and art with science, to build solid software.


[2]
[SECTION]: Preface > BRIDGING THE GAP BETWEEN RESEARCH AND PRACTICE
[CONTENT]: The science is always grounded in reality. Designed for an undergraduate software engineering curriculum, this book paints a pragmatic picture of software engineering research and practices so that students can apply what they learn directly to the real-world problems they are trying to solve. Examples speak to a student's limited experience  but  illustrate  clearly  how  large  software  development  projects  progress from need to idea to reality. The examples represent the many situations that readers are likely to experience: large projects and small,'agile' methods and highly structured ones, object-oriented and procedural approaches, real-time and transaction processing, development and maintenance situations.
The book is also suitable for a graduate course offering an introduction to software engineering concepts and practices, or for practitioners wishing to expand their knowledge  of  the  subject. In  particular, Chapters  12, 13, and  14  present  thoughtprovoking material designed to interest graduate students in current research topics.


[3]
[SECTION]: Designing the Architecture > 5.4 Architectural Styles And Strategies > Layering
[CONTENT]: In the OSI example, each layer raises the level of abstraction of the communication services that are available to the next layer, and hides all of the details about how those services are implemented. In general, the layering style is useful whenever we can decompose our system's functionality into steps, each of which builds on previous steps. The resulting design is easier to port to other platforms, if the lowest level encapsulates the software's interactions with the platform. Moreover, because a layer can interact only  with  its  neighboring  layers, layer  modification  is  relatively  easy; such  changes should affect at most only the two adjacent layers.
[FIGURE_DESCRIPTIONS]
[0] Diagram illustrating data flow and protocol layers in a client-server model with labeled vertical data paths and a large central flowchart. Leftmost block labeled KEY shows a legend for layer names: layer, procedure call, physical cable. A thick gray column on the left acts as a data conduit boundary. In the main flow, a sequence of rounded-edge process boxes are stacked vertically and connected by arrows, representing steps from Application, send (my data), send (data), Session, transport, and network down to Physical, then reverse flow on the receiving side to Application, Presentation, and so forth. The central column includes text such as send(my file), send(data), receive(file), receive(data), and terms like close session. An arrow on the right points upward indicating data reassembly or response direction. The diagram emphasizes end-to-end data flow across protocol layers and the boundary between send and receive operations.



[4]
[SECTION]: Designing the Architecture > 5.4 Architectural Styles And Strategies > Layering
[CONTENT]: To see how this type of system works, consider Figure 5.9, which depicts the Open Systems Interconnection (OSI) reference model for network communications (International  Telecommunication  Union  1994). The  bottom  layer  provides  facilities  for transferring data bits over a physical link, like a cable-possibly unsuccessfully. The next layer, the Data Link Layer, provides more complex facilities: it transmits fixedsized data frames, routes data frames to local addressable machines, and recovers from simple transmission errors.The Data Link Layer uses the bottom Physical Layer's facilities to perform the actual transmission of bits between physically connected machines. The Network Layer adds the ability to transmit variable-sized data packets, by breaking packets into fixed-sized data frames which are then sent using the Data Link facilities; the Network Layer also expands the routing of data packets to nonlocal machines. The Transport Layer adds reliability, by recovering from routing errors, such as when data frames are lost or reordered as they are routed (along possibly different paths) through the network.The Session Layer uses the Transport Layer's reliable data-transfer services  to  provide  long-term  communication  connections, over  which  lengthy  data exchanges can take place.The Presentation Layer provides translation among different data representations, to support data exchanges among components that use different data formats. The Application Layer provides application-specific services, such as file transfers if the application is a file-transfer program.
","[
  {
    ""role"": ""paragraph"",
    ""segment"": ""To improve performance, this constraint may be relaxed in some cases, allowing a layer to access the services of layers below its lower neighbor; this is called layer bridging."",
    ""citations"": [
      {
        ""type"": ""source_text"",
        ""content"": ""To improve performance, this constraint may be relaxed in some cases, allowing a layer to access the services of layers below its lower neighbor; this is called layer bridging."",
        ""img_id"": null
      }
    ],
    ""type"": null
  }
]","To improve performance, this constraint may be relaxed in some cases, allowing a layer to access the services of layers below its lower neighbor; this is called layer bridging.",1.132,4.332
"In a fault tree, when is a parent node drawn as an and-gate?","
[0]
[SECTION]: Designing the Architecture > 5.7 Architecture Evaluation And Refinement > Safety Analysis
[CONTENT]: Next, we build an upside-down tree whose root node is some failure that we want to analyze, and whose other nodes are events or faults that realize or lead to the root node's failure. The edges of the graph indicate the relationships among nodes. Parent nodes are drawn as logic gate operators: an and -gate if both of the child nodes' events must occur for the parent node's event to occur; an orgate if one child's event is sufficient to cause the parent's event. Sometimes, an edge is labeled n_of_m if the system includes m redundant components, where n faulty components lead to the designated failure. Each node represents an independent event; otherwise, the analysis results may be invalid, especially with respect to compound faults.


[1]
[SECTION]: Designing the Architecture > 5.7 Architecture Evaluation And Refinement > Safety Analysis
[CONTENT]: Once  the  fault  tree  is  constructed, we  can  search  for  design  weaknesses. For example, we can derive another tree, called a cut-set tree , that reveals which event combinations can cause the failure. A cut-set tree is especially useful when the fault tree is complex and difficult to analyze by eye. The rules for forming the cut-set tree are as follows:
 - Assign the top node of the cut-set tree to match the logic gate at the top of the fault tree.
 - Working from the top down, expand the cut-set tree as follows:
 - Expand an or -gate node to have two children, one for each or -gate child.
 - Expand an and -gate node to have a child composition node listing both of the and -gate children.
 - Expand  a  composition  node  by  propagating  the  node  to  its  children, but expanding one of the gates listed in the node.
 - Continue until all leaf nodes are basic events or composition nodes of basic events.


[2]
[SECTION]: Designing the Architecture > 5.7 Architecture Evaluation And Refinement > Safety Analysis
[CONTENT]: The cut-set is the set of leaf nodes in the cut-set tree. For example, consider the fault tree on the left side of Figure 5.12. G1 is the top logic gate in the fault tree, and its or condition leads us to expand its corresponding node in the cut-set tree to have two child nodes, G2 and G3. In turn, G2 in the fault tree is composed of both G4 and G5,so G2 in the cut-set tree is expanded to have a composition child node with label {G4, G5}. Continuing in this manner, we end up with the cut-set {A1,A3}, {A1,A4}, {A2,A3}, {A2, A4}, {A4,A5}.The cut-set represents the set of minimal event combinations that could lead to the failure listed at the top of the cut-set tree.Thus, if any member of the cut-set is a singleton event set, {A i }, then the top failure could be caused by a single event, A i . Similarly, the  cut-set  element  {A i , A j }  means  that  the  top  failure  can  occur  if  both events A i and A j occur, and cut-set element {A i , A j , . . ., A n }  means that failure can occur only if all of the composite events occur.Thus, we have reasoned from a failure to all possible causes of it.


[3]
[SECTION]: Designing the Architecture > 5.7 Architecture Evaluation And Refinement > Safety Analysis
[CONTENT]: [FIGURE 5.12 Cut-set tree generated from a fault tree.] 
Once we know the points of failure in our design, we can redesign to reduce the vulnerabilities.We have several choices when we find a fault in a design:
 - Correct the fault.
 - Add components or conditions to prevent the conditions that cause the fault.
[FIGURE_DESCRIPTIONS]
[0] The image presents two side-by-side diagrams: a fault tree on the left and a cut-set tree on the right. At the top, G1 branches to G2 and G3; G2 further splits into G4 and G5, while G3 splits into A1, A2, A3, A4, and A5 depending on subnodes. The fault tree uses labeled circles for events (G1, G2, G3, G4, G5, A1, A2, A3, A4, A5) with hierarchical connections via lines. The cut-set tree on the right mirrors the G1 node and shows combinations {A1, A3}, {A1, A4}, {A2, A5}, {A2, A4}, etc., under G2 and G3 branches, illustrating minimal cut-sets. Visible text includes node labels such as G1, G2, G3, G4, G5, A1, A2, A3, A4, A5, and set descriptions like {A1, A3}, {A1, A4}, {A2, A5}, {A2, A4}. The diagram emphasizes logical structure and relationship between fault events and their resulting cut-sets, typical of reliability analysis and hazard modeling.



[4]
[SECTION]: Testing the Programs > 8.8 When To Stop Testing > Identifying Fault-Prone Code
[CONTENT]: The tree is used to help us decide which components in our current system are likely  to  have  a  large  number  of  faults. According  to  the  tree, if  a  component  has between 100 and 300 lines of code and has at least 15 decisions, then it may be faultprone. Or if the component has over 300 lines of code, has not had a design review, and has been changed at least five times, then it, too, may be fault-prone. We can use this type of analysis to help us target our testing when testing resources are limited. Or we can schedule inspections for such components, to help catch problems before testing begins.


[5]
[SECTION]: Designing the Architecture > 5.7 Architecture Evaluation And Refinement > Safety Analysis
[CONTENT]: [FIGURE 5.11 Fault tree for a security breach.] 
[FIGURE_DESCRIPTIONS]
[0] A flowchart diagram illustrating security breach events and containment logic. At the top, a box labeled Security breach receives a Failure input from the left. The breach leads to an OR gate that splits into two branches labeled Either event leads to failure and Previous logout not recognized. The OR gate feeds into a box labeled Illegal access granted, which connects downward to an AND gate. The AND gate receives two inputs: Both events must occur to cause failure. From the AND gate, two ovals labeled Password exposed and Password not changed emerge, connected by lines to the AND, representing the two prerequisites. There is a note-like element on the right side stating Basic events. Overall, the diagram emphasizes conditional access failure due to password-related events and the requirement of multiple events to trigger a security breach, with visible text including Failure, Security breach, OR, AND, Illegal access granted, Password exposed, Password not changed, Basic events, Previous logout not recognized, Either event leads to failure, and dashed connectors.

","[
  {
    ""role"": ""sentence"",
    ""segment"": ""A parent node is drawn as an and-gate when both of the child nodes' events must occur for the parent node's event to occur."",
    ""citations"": [
      {
        ""type"": ""source_text"",
        ""content"": ""Parent nodes are drawn as logic gate operators: an and -gate if both of the child nodes' events must occur for the parent node's event to occur; an orgate if one child's event is sufficient to cause the parent's event."",
        ""img_id"": null
      }
    ],
    ""type"": null
  }
]",A parent node is drawn as an and-gate when both of the child nodes' events must occur for the parent node's event to occur.,1.896,4.218
How is the return on investment (ROI) of a design change calculated?,"
[0]
[SECTION]: Designing the Architecture > 5.7 Architecture Evaluation And Refinement > Cost-Benefit Analysis
[CONTENT]: Computing Return on Investment (ROI). The return on investment of making one of these design changes is the ratio of the benefits gained from making the change to the cost of its implementation:
[FORMULA]
ROI = Benefits/Cost These costs are estimated using the techniques described in Chapter 3. The estimated costs of the proposed design changes in our example are shown in Table 5.4. In general,
an ROI of 1 or greater means that the design's benefits outweigh its costs. The higher the ROI value, the more effective the design.
Another useful measure is the payback period : the length of time before accumulated benefits recover the costs of implementation. In our example, the payback period for restructuring the sorted-index module (design 2) is $300,000/$280,000 = 1.07 of a year = approximately 13 months We return to calculations such as these in Chapter 12, where we investigate the best techniques for evaluating the return on investing in software reuse.


[1]
[SECTION]: Why Software Engineering? > 1.3 What Is Good Software? > Quality in the Context of the Business Environment
[CONTENT]: However, Brodman and Johnson (1995) found that the U.S. government and U.S. industry interpret ROI in very different ways, each different from the other, and both different from the standard business school approaches.The government views ROI in terms of dollars,looking at reducing operating costs,predicting dollar savings,and calculating the cost of employing new technologies. Government investments are also expressed in dollars, such as the cost of introducing new technologies or process improvement initiatives.
On the other hand, industry viewed investment in terms of effort, rather than cost or dollars. That is, companies were interested in saving time or using fewer people, and their  definition  of  return  on  investment  reflected  this  focus  on  decreasing  effort. Among the companies surveyed, return on investment included such items as The cost issues included in the definition involve meeting cost predictions, improving cost performance, and staying within budget, rather than reducing operating costs or streamlining  the  project  or  organization. Figure  1.6 summarizes the frequency with which many organizations included an investment item in their definition of ROI. For example, about 5 percent of those interviewed included a quality group's effort in the ROI effort calculation, and approximately 35 percent included software costs when considering number of dollars invested.


[2]
[SECTION]: Evaluating Products, Processes, and Resources > 12.6 Evaluating Resources > Return on Investment
[CONTENT]: NPV expresses economic value in terms of total project life, regardless of scale or time frame. Since investment planning involves spending money in the future, we can think of the present value of an investment as the value today of a predicted future cash flow. The NPV calculation uses a discount rate or opportunity cost , corresponding to


[3]
[SECTION]: Designing the Architecture > 5.7 Architecture Evaluation And Refinement > Cost-Benefit Analysis
[CONTENT]: Trade-off analysis gives us a means for evaluating design alternatives, but it focuses only on the technical merits of designs, in terms of how well the designs achieve desired quality attributes.At least as important are the business merits of a design:Will the benefits of a system based on a particular design outweigh the costs of its implementation? If there are competing designs, which one will give us the highest return on investment?
Suppose that  we  are  responsible  for  maintaining  the  catalogue  for  a  national online video rental company. Customers use the catalogue to search for and request video rentals, to identify actors in videos, and to access video reviews. KWIC is used to index catalogue entries for fast lookup by keywords in video titles, actors' names, and so  on. The  number  of  users, as  well  as  the  size  of  the  catalogue, has  been  growing steadily, and  the  response  time  for  querying  the  catalogue  has  gotten  noticeably longer-to the point that users have started to complain. We have some ideas about how to improve the system's response time. Figure 5.17 shows the part of the system architecture  that  is  affected  by  our  proposed  changes, including  the  impacts  of  our three ideas:
 - We could eliminate entries in the KWIC index that start with noise words, such as articles ('a, the') and prepositions. This change reduces the number of indices to


[4]
[SECTION]: Why Software Engineering? > 1.3 What Is Good Software? > Quality in the Context of the Business Environment
[CONTENT]: Even though the different ROI calculations can be justified for each organization, it is worrying that software technology return on investment is not the same as financial ROI. At some point, program success must be reported to higher levels of management, many of which are related not to software but to the main company business, such as telecommunications or banking. Much confusion will result from the use of the same terminology to mean vastly different things.Thus, our success criteria must make sense not only for software projects and processes, but also for the more general business practices they support.We will examine this issue in more detail in Chapter 12 and look at using several common measures of business value to choose among technology options.


[5]
[SECTION]: Evaluating Products, Processes, and Resources > 12.6 Evaluating Resources > SIDEBAR 12.8 RETURN ON INVESTMENT AT CHASE MANHATTAN
[CONTENT]: The acceptance rule for NPV is simple: invest in a project if its NPV is greater than zero. To see how NPV works, consider the following situation. A company can create a new product line in two ways:
 - Base  it  on  commercial  off-the-shelf  software  (COTS). This  choice  involves  a large initial procurement cost, with subsequent high returns (based on avoided work), but the COTS product will be outdated and must be replaced after three years.
 - Build the product with a reusable design. The reuse requires considerable upfront costs for design and documentation, but the long-term costs are less than normal.
The net present value calculation may resemble Table 12.14. The COTS alternative has a slightly higher NPV and is therefore preferred.
","[
    {
        ""role"": ""sentence"",
        ""segment"": ""ROI = Benefits/Cost."",
        ""citations"": [
            {
                ""type"": ""source_text"",
                ""content"": ""ROI = Benefits/Cost"",
                ""img_id"": null
            }
        ],
        ""type"": null
    }
]",The chatbot can't answer this question. Please try again with another question.,1.578,5.876
How is the payback period defined?,"
[0]
[SECTION]: Designing the Architecture > 5.7 Architecture Evaluation And Refinement > Cost-Benefit Analysis
[CONTENT]: Computing Return on Investment (ROI). The return on investment of making one of these design changes is the ratio of the benefits gained from making the change to the cost of its implementation:
[FORMULA]
ROI = Benefits/Cost These costs are estimated using the techniques described in Chapter 3. The estimated costs of the proposed design changes in our example are shown in Table 5.4. In general,
an ROI of 1 or greater means that the design's benefits outweigh its costs. The higher the ROI value, the more effective the design.
Another useful measure is the payback period : the length of time before accumulated benefits recover the costs of implementation. In our example, the payback period for restructuring the sorted-index module (design 2) is $300,000/$280,000 = 1.07 of a year = approximately 13 months We return to calculations such as these in Chapter 12, where we investigate the best techniques for evaluating the return on investing in software reuse.


[1]
[SECTION]: Why Software Engineering? > 1.3 What Is Good Software? > Quality in the Context of the Business Environment
[CONTENT]: There have been several attempts to relate technical value and business value in a quantitative and meaningful way. For example, Humphrey, Snyder, and Willis (1991) note  that  by  improving  its  development  process  according  to  the  CMM 'maturity' scale (to be discussed in Chapter 12), Hughes Aircraft improved its productivity by 4 to 1 and saved millions of dollars. Similarly, Dion (1993) reported that Raytheon's twofold increase in productivity was accompanied by a $7.70 return on every dollar invested in process improvement. And personnel at Tinker Air Force Base in Oklahoma noted a productivity improvement of 6.35 to 1 (Lipke and Butler 1992).
However,Brodman and Johnson (1995) took a closer look at the business value of process improvement.They surveyed 33 companies that performed some kind of process improvement activities, and examined several key issues.Among other things, Brodman and Johnson asked companies how they defined return on investment (ROI), a concept that is clearly defined in the business community.They note that the textbook definition of return on investment , derived from the financial community, describes the investment in terms of what is given up for other purposes. That is, the 'investment must not only return the original capital but enough more to at least equal what the funds would have earned elsewhere, plus an allowance for risk' (Putnam and Myers 1992). Usually, the business  community  uses  one  of  three  models  to  assess  ROI: a  payback  model, an accounting rate-of-return model, and a discounted cash flow model.


[2]
[SECTION]: Why Software Engineering? > 1.14 Term Project
[CONTENT]: For  instance, suppose  the  bank  tells  you  that  your  monthly  payment  is  to  be $536.82. The first month's interest is (1/12) × (.05) × ($100,000), or $416.67. The rest of the payment ($536.82 -416.67) pays for reducing the principal: $120.15. For the second month, you now owe $100,000 minus the $120.15, so the interest is reduced to (1/12) × (.05) × ($100,000 -120.15), or $416.17. Thus, during the second month, only $416.17 of the monthly payment is interest, and the remainder, $120.65, is applied to the remaining principal. Over time, you pay less interest and more toward reducing the remaining balance of principal, until you have paid off the entire principal and own your property free and clear of any encumbrance by the bank.
First National Bank may sell your loan to FCO some time during the period when you are making payments. First National negotiates a price with FCO. In turn, FCO may sell your loan to ABC Investment Corporation.You still make your mortgage payments each month, but your payment goes to ABC, not First National. Usually, FCO sells its loans in 'bundles,' not individual loans, so that an investor buys a collection of loans based on risk, principal involved, and expected rate of return. In other words, an investor  such  as ABC  can  contact  FCO  and  specify  how  much  money  it  wishes  to invest, for how long, how much risk it is willing to take (based on the history of the people or organizations paying back the loan), and how much profit is expected.


[3]
[SECTION]: Evaluating Products, Processes, and Resources > 12.6 Evaluating Resources > Return on Investment
[CONTENT]: However, there are many different ways to capture economic value. We must decide which investment analysis approach is most appropriate for software-related investment  decision  making  based  on  economic  value. Investment  analysis  is  concerned only with the best way to allocate capital and human resources. Thus, it is distinctly different from cost estimation or metrics; it weighs several alternatives, including the possibility of using capital markets to provide an expected annual rate of return. In other words, from a high-level corporate perspective, management must decide how a proposed technology investment compares with simply letting the money earn interest in the bank!
Not all investment analysis reflects this reality. Taking the perspective of a financial  analyst, Favaro  and  Pfleeger  (1998)  look  critically  at  the  most  commonly  used approaches: net present value, payback, average return on book value, internal rate of return, and profitability index.They show that net present value (NPV) makes the most sense for evaluating software-related investments.


[4]
[SECTION]: Capturing the Requirements > 4.5 Modeling Notations > Example: Parnas Tables
[CONTENT]: A functional specification expressed using Parnas tables is best decomposed into a single function per output variable. For every input event and for every condition on entities or other variables, each function specifies the value of its corresponding output variable. The advantage of this model structure over a state-machine model is that the definition of each output variable is localized in a distinct table, rather than spread throughout the model as actions on state transitions.
|    |                 | event { borrow, renew }.publication.ln State   | event { borrow, renew }.publication.ln State   | event = recall.                          |
|---:|:----------------|:-----------------------------------------------|:-----------------------------------------------|:-----------------------------------------|
|  0 | patron.fine = 0 | publication.reserve loan period                | publication.loan period                        | Min(due date, publication.recall period) |
|  1 | patron.fine > 0 | X                                              | X                                              | X                                        |
","[
  {
    ""role"": ""paragraph"",
    ""segment"": ""Another useful measure is the payback period : the length of time before accumulated benefits recover the costs of implementation."",
    ""citations"": [
      {
        ""type"": ""source_text"",
        ""content"": ""Another useful measure is the payback period : the length of time before accumulated benefits recover the costs of implementation."",
        ""img_id"": null
      }
    ],
    ""type"": null
  }
]",Another useful measure is the payback period : the length of time before accumulated benefits recover the costs of implementation.,1.458,4.168
"When is the term ""software unit"" used by developers?","
[0]
[SECTION]: Designing the Modules > 6.2 Design Principles > Incremental Development
[CONTENT]: Given a design consisting of software units and their interfaces, we can use the information about the units' dependencies to devise an incremental schedule of development. We start by mapping out the units' uses relation (Parnas 1978b), which relates each software unit to the other software units on which it depends. Recall from our discussion about coupling that two software units, A and B, need not invoke each other in order to depend on each other; for example, unit A may depend on unit B to populate a data structure, stored in a separate unit C, that unit A subsequently queries. In general, we say that a software unit A 'uses' a software unit B if A 'requires the presence of a correct version of B' in order for A to complete its task, as specified in its interface (Parnas 1978b).Thus,a unit A uses a unit B if A does not work correctly unless B works. The above discussion assumes that we can determine a system's uses relation from its units' interface specifications. If the interface specifications do not completely describe the units' dependencies, then we will need to know enough about each unit's planned implementations to know which other units it will use.


[1]
[SECTION]: Designing the Architecture > 5.3 Decomposition And Views
[CONTENT]: No matter which design approach we use, the resulting design is likely to refer to several  types  of  software  units, such  as component, subsystem, runtime  process, module, class, package, library , or procedure . The different terms describe different aspects of a design. For example, we use the term module to refer to a structural unit of the software's code; a module could be an atomic unit, like a Java class, or it could be an aggregation of other modules. We use the term component to refer to an identifiable runtime element (e.g., the parser is a component in a compiler)-although this term sometimes has a specific meaning, as explained in Sidebar 5.2. Some of the above terms designate software units at different levels of abstraction. For example, a system may be made up of subsystems, which may be made up of packages, which are in turn made up of classes. In other cases, the terms may overlap and present different views of the same entity (e.g., a parser might be both a component and a high-level module). We use the term software unit when we want to talk about a system's composite parts without being precise about what type of part.


[2]
[SECTION]: Designing the Modules > 6.2 Design Principles > Generality
[CONTENT]: Recall from Chapter 1 that one of Wasserman's principles of software engineering is reusability : creating software units that may be used again in future software products. The  goal  is  to  amortize  the  cost  of  developing  the  unit  by  using  it  multiple  times. ( Amortization means that we consider the cost of a software unit in terms of its cost per use  rather  than  associate  the  full  cost  with  the  project  that  developed  the  unit.) Generality is the design principle that makes a software unit as universally applicable as possible, to increase the chance that it will be useful in some future system.We make


[3]
[SECTION]: Why Software Engineering? > 1.6 An Engineering Approach > Building a System
[CONTENT]: When the programs have been written, they are tested as individual pieces of code before they can be linked together. This first phase of testing is called module or unit  testing. Once  we  are  convinced  that  the  pieces  work  as  desired, we  put  them together and make sure that they work properly when joined with others. This second testing  phase  is  often  referred  to  as  integration  testing, as  we  build  our  system  by adding one piece to the next until the entire system is operational. The final testing phase, called system testing, involves a test of the whole system to make sure that the functions and interactions specified initially have been implemented properly. In this phase, the  system  is  compared  with  the  specified  requirements; the  developer, customer, and users check that the system serves its intended purpose.
At last, the final product is delivered.As it is used, discrepancies and problems are uncovered. If ours is a turnkey system, the customer assumes responsibility for the system after delivery. Many systems are not turnkey systems, though, and the developer or other  organization  provides  maintenance  if  anything  goes  wrong  or  if  needs  and requirements change.
Thus, development of software includes the following activities:
 - requirements analysis and definition
 - system design
 - program design
 - writing the programs (program implementation)


[4]
[SECTION]: Why Software Engineering? > 1.7 Members Of The Development Team
[CONTENT]: After the code is generated, it must be tested. Often, the first testing is done by the programmers  themselves; sometimes, additional testers are  also  used  to  help  catch faults that the programmers overlook.When units of code are integrated into functioning groups, a team of testers works with the implementation team to verify that as the system is built up by combining pieces, it works properly and according to specification.
When the development team is comfortable with the functionality and quality of the system, attention turns to the customer . The test team and customer work together to verify that the complete system is what the customer wants; they do this by comparing how the system works with the initial set of requirements.Then, trainers show users how to use the system.
For many software systems, acceptance by the customer does not mean the end of the  developer's  job. If  faults  are  discovered  after  the  system  has  been  accepted, a maintenance team fixes them. Moreover, the customer's requirements may change as time passes, and corresponding changes to the system must be made.Thus,maintenance can involve analysts who determine what requirements are added or changed, designers to determine where in the system design the change should be made, programmers to implement the changes, testers to make sure that the changed system still runs properly, and  trainers  to  explain  to  users  how  the  change  affects  the  use  of  the  system. Figure 1.11 illustrates how the roles of the development team correspond to the steps of development.
","[
  {
    ""role"": ""sentence"",
    ""segment"": ""We use the term software unit when we want to talk about a system's composite parts without being precise about what type of part."",
    ""citations"": [
      {
        ""type"": ""source_text"",
        ""content"": ""We use the term software unit when we want to talk about a system's composite parts without being precise about what type of part."",
        ""img_id"": null
      }
    ],
    ""type"": null
  }
]",We use the term software unit when we want to talk about a system's composite parts without being precise about what type of part.,1.624,3.869
"According to McCall's quality model, what are the specific internal product quality criteria (on the right-hand side) that map to the external quality factors (on the left-hand side)?","
[0]
[SECTION]: Evaluating Products, Processes, and Resources > 12.4 Evaluating Products > Product Quality Models
[CONTENT]: The standard recommends measuring the right-hand characteristics directly, but it does not give details about how the measurement is to be done.
One major difference between the ISO model and those of McCall and Boehm is that the ISO hierarchy is strict: each right-hand characteristic is related only to exactly one left-hand attribute. Moreover, the right-hand characteristics are related to the user view of the software, rather than to an internal, developer view.
These models, and many others, are helpful in articulating just what it is that we value in the software we build and use. But none of the models includes a rationale for why some characteristics are included and others left out, and for where in the hierarchy a particular attribute appears. For example, why do none of the models include safety? And why is portability a top-level characteristic in the ISO 9126 model, rather than a subcharacteristic? In addition, there is no guidance about how to compose lower-level characteristics into higher-level ones, to produce an overall assessment of quality.These problems make it difficult for us to determine if a given model is complete or consistent.


[1]
[SECTION]: Why Software Engineering? > 1.3 What Is Good Software? > The Quality of the Product
[CONTENT]: The software must also be judged by those who are designing and writing the code and by those who must maintain the programs after they are written.These practitioners tend to look at internal characteristics of the products, sometimes even before the product is delivered to the user. In particular, practitioners often look at numbers and types of faults for evidence of a product's quality (or lack of it). For example, developers track the number of faults found in requirements, design, and code inspections and use them as indicators of the likely quality of the final product.
For this reason, we often build models to relate the user's external view to the developer's internal view of the software. Figure 1.5 is an example of an early quality model built by McCall and his colleagues to show how external quality factors (on the left-hand side) relate to product quality criteria (on the right-hand side). McCall associated each right-hand criterion with a measurement to indicate the degree to which an element of quality was addressed (McCall, Richards, and Walters 1977).We will examine several product quality models in Chapter 12.


[2]
[SECTION]: Evaluating Products, Processes, and Resources > 12.4 Evaluating Products > Product Quality Models
[CONTENT]: There are several quality models that suggest ways to tie together different quality attributes. Each model helps us to understand how the several facets contribute to the whole. Often, we narrow our focus and think only about faults and failures; these models show us that quality is much broader.When we evaluate the quality of development products, we must see this bigger picture.
Boehm's Model. There are many software quality models, and Boehm and colleagues have constructed one of the best-known, shown in Figure 12.2. It is similar to McCall's in that it presents a hierarchy of characteristics, each of which contributes to overall quality (Boehm et al. 1978). Note that Boehm's notion of successful software includes the needs and expectations of users, as does McCall's; however, Boehm also includes characteristics of hardware performance that are missing in the McCall model. Let us examine Boehm's model in more detail.
Boehm's model begins with the general utility of the software. Thus, Boehm and his colleagues are asserting that first and foremost, a software system must be useful. If it is not, then its development has been a waste of time, money, and effort.We can consider utility in several ways, corresponding to the types of users who remain involved once the system is delivered.


[3]
[SECTION]: Why Software Engineering? > 1.3 What Is Good Software? > The Quality of the Product
[CONTENT]: [FIGURE 1.5 McCall's quality model.] 
[FIGURE_DESCRIPTIONS]
[0] A diagram featuring multiple left-aligned labeled rectangular blocks connected by rightward arrows to corresponding right-aligned blocks, illustrating cross-link relationships. Left side lists discrete quality attributes such as Correctness, Reliability, Efficiency, Integrity, Usability, Maintainability, Testability, Flexibility, Portability, Reusability, and Interoperability. Each left label is connected through a network of arrows to one or more right-side terms, indicating mapping or traceability between conceptual properties and actionable or measurable characteristics. The right column contains terms like Fluency, Compliance, Consistency, Accuracy, Error Tolerance, Training, Accessibility, Simplicity, Generality, Modularity, and various system attributes, suggesting a taxonomy or crosswalk between theory and practice. The diagram emphasizes traceability, measurement criteria, and the interdependence of software engineering quality dimensions. The visual is monochrome with clear rectangular nodes and directional connectors, suitable for highlighting methodological mappings in software quality analysis.



[4]
[SECTION]: Evaluating Products, Processes, and Resources > 12.4 Evaluating Products
[CONTENT]: We have seen that software development produces a large number of artifacts: requirements, designs, code components, test cases, test scripts, user guides, cross-references, and more.In each case, we can examine a product to determine if it has desirable attributes.That is, we can ask whether a document, file, or system has certain properties, such as completeness, consistency, reliability, or maintainability. And we can use the notions of quality, such as the McCall model introduced in Chapter 1, to provide a framework for our questions.


[5]
[SECTION]: Evaluating Products, Processes, and Resources > 12.4 Evaluating Products > Product Quality Models
[CONTENT]: [FIGURE 12.3 ISO 9126 quality model.] 
[FIGURE_DESCRIPTIONS]
[0] Diagram showing a hierarchical flow from six left-side feature boxes to right-side attribute clusters. Left column contains labeled blocks: Functionality, Reliability, Usability, Efficiency, Maintainability, Portability. Each left label connects via arrows to multiple right-side attributes organized in vertical stacked groups. Right-side groups include attributes such as Suitability, Accuracy, Interoperability, Security, Maturity, Fault tolerance, Reliability, Understandability, Learnability, Operability, Time behavior, Resource behavior, Analyzability, Configurability, Standby, Adaptability, Instability, Conformance, Replaceability, and others. The arrows indicate mapping from core quality characteristics to sub-attributes. The layout resembles a quality model diagram with horizontal arrows from left to right, and a dense cluster of small text blocks on the right. The image emphasizes relationships between higher-level quality characteristics and measurable or observable properties, useful for eliciting or assessing software quality attributes.

","[
  {
    ""role"": ""bullet_intro"",
    ""segment"": ""Internal product quality criteria on the right-hand side of McCall's model include:"",
    ""citations"": [
      {
        ""type"": ""img"",
        ""content"": null,
        ""img_id"": ""img0_se_theory_practice.pdf__chunk_188_188_73""
      }
      ]
    ,
    ""type"": null
  },
  {
    ""role"": ""bullet"",
    ""segment"": ""Correctness"",
    ""citations"": [
      {
        ""type"": ""img"",
        ""content"": null,
        ""img_id"": ""img0_se_theory_practice.pdf__chunk_188_188_73""
      }
    ],
    ""type"": null
  },
  {
    ""role"": ""bullet"",
    ""segment"": ""Reliability"",
    ""citations"": [
      {
        ""type"": ""img"",
        ""content"": null,
        ""img_id"": ""img0_se_theory_practice.pdf__chunk_188_188_73""
      }
    ],
    ""type"": null
  },
  {
    ""role"": ""bullet"",
    ""segment"": ""Efficiency"",
    ""citations"": [
      {
        ""type"": ""img"",
        ""content"": null,
        ""img_id"": ""img0_se_theory_practice.pdf__chunk_188_188_73""
      }
    ],
    ""type"": null
  },
  {
    ""role"": ""bullet"",
    ""segment"": ""Integrity"",
    ""citations"": [
      {
        ""type"": ""img"",
        ""content"": null,
        ""img_id"": ""img0_se_theory_practice.pdf__chunk_188_188_73""
      }
    ],
    ""type"": null
  },
  {
    ""role"": ""bullet"",
    ""segment"": ""Usability"",
    ""citations"": [
      {
        ""type"": ""img"",
        ""content"": null,
        ""img_id"": ""img0_se_theory_practice.pdf__chunk_188_188_73""
      }
    ],
    ""type"": null
  },
  {
    ""role"": ""bullet"",
    ""segment"": ""Maintainability"",
    ""citations"": [
      {
        ""type"": ""img"",
        ""content"": null,
        ""img_id"": ""img0_se_theory_practice.pdf__chunk_188_188_73""
      }
    ],
    ""type"": null
  },
  {
    ""role"": ""bullet"",
    ""segment"": ""Testability"",
    ""citations"": [
      {
        ""type"": ""img"",
        ""content"": null,
        ""img_id"": ""img0_se_theory_practice.pdf__chunk_188_188_73""
      }
    ],
    ""type"": null
  },
  {
    ""role"": ""bullet"",
    ""segment"": ""Flexibility"",
    ""citations"": [
      {
        ""type"": ""img"",
        ""content"": null,
        ""img_id"": ""img0_se_theory_practice.pdf__chunk_188_188_73""
      }
    ],
    ""type"": null
  },
  {
    ""role"": ""bullet"",
    ""segment"": ""Portability"",
    ""citations"": [
      {
        ""type"": ""img"",
        ""content"": null,
        ""img_id"": ""img0_se_theory_practice.pdf__chunk_188_188_73""
      }
    ],
    ""type"": null
  },
  {
    ""role"": ""bullet"",
    ""segment"": ""Reusability"",
    ""citations"": [
      {
        ""type"": ""img"",
        ""content"": null,
        ""img_id"": ""img0_se_theory_practice.pdf__chunk_188_188_73""
      }
    ],
    ""type"": null
  },
  {
    ""role"": ""bullet"",
    ""segment"": ""Interoperability"",
    ""citations"": [
      {
        ""type"": ""img"",
        ""content"": null,
        ""img_id"": ""img0_se_theory_practice.pdf__chunk_188_188_73""
      }
    ],
    ""type"": null
  }
]","Internal product quality criteria on the right-hand side of McCall's model include:
- Correctness
- Reliability
- Efficiency
- Integrity
- Usability
- Maintainability
- Testability
- Flexibility
- Portability
- Reusability
- Interoperability",1.605,16.284
"Which specific personnel roles (e.g., analyst, designer, programmer, tester, trainer) are actively involved during the System Testing phase of the software development lifecycle?","
[0]
[SECTION]: Testing the System > 9.1 Principles Of System Testing > Test Team
[CONTENT]: As we will see, the developers have primary responsibility for function and performance testing, but the customer plays a large role in acceptance and installation tests. However,the test teams for all tests are drawn from both staffs. Often, no programmers from the project are involved in system testing; they are too familiar with the implementation's structure and intention, and they may have difficulty recognizing the differences between implementation and required function or performance.
Thus,the test team is often independent of the implementation staff. Ideally, some test  team  members  are  already  experienced  as  testers. Usually, these 'professional testers' are former analysts, programmers, and designers who now devote all their time to testing systems. The testers are familiar not only with the system specification, but also with testing methods and tools.
Professional testers organize and run the tests.They are involved from the beginning, designing  test  plans  and  test  cases  as  the  project  progresses. The  professional testers work with the configuration management team to provide documentation and other mechanisms for tying tests to the requirements, design components, and code.
The  professional  testers  focus  on  test  development, methods, and  procedures. Because the testers may not be as well-versed in the particulars of the requirements as those who wrote them, the test team includes additional people who are familiar with the requirements. Analysts who were involved in the original requirements definition and specification are useful in testing because they understand the problem as defined by  the  customer. Much  of  system  testing  compares  the  new  system  to  its  original requirements, and the analysts have a good feeling for the customer's needs and goals. Since they have worked with the designers to fashion a solution, analysts have some idea of how the system should work to solve the problem.


[1]
[SECTION]: Planning and Managing the Project > 3.2 Project Personnel > Staff Roles and Characteristics
[CONTENT]:  - requirements analysis
 - system design
 - program design
 - program implementation
 - testing
 - training
 - maintenance
 - quality assurance For similar reasons, it is useful for program designers to be different from system designers. Program designers become deeply involved with the details of the code, and they sometimes neglect the larger picture of how the system should work.We will see in later chapters that techniques such as walkthroughs, inspections, and reviews can bring the two types of designers together to double-check the design before it goes on to be coded, as well as to provide continuity in the development process.
We saw in Chapter 1 that there are many other roles for personnel on the development or maintenance team. As we study each of the major tasks of development in subsequent chapters, we will describe the project team members who perform those tasks.
Once we have decided on the roles of project team members, we must decide which kinds of people we need in each role. Project personnel may differ in many ways, and it is not enough to say that a project needs an analyst, two designers, and five programmers, for example.Two people with the same job title may differ in at least one of the following ways:
 - ability to perform the work
 - interest in the work
 - experience with similar applications
 - experience with similar tools or languages


[2]
[SECTION]: Planning and Managing the Project > 3.2 Project Personnel > Staff Roles and Characteristics
[CONTENT]: In Chapter 2, we examined several software process models, each depicting the way in which the several activities of software development are related. No matter the model, there  are  certain  activities  necessary  to  any  software  project. For  example, every project requires people to interact with the customers to determine what they want and by when they want it. Other project personnel design the system, and still others write or test the programs. Key project activities are likely to include However, not every task is performed by the same person or group; the assignment of staff to tasks depends on project size, staff expertise, and staff experience.There is great advantage in assigning  different  responsibilities  to  different  sets  of  people, offering 'checks and balances' that can identify faults early in the development process. For example, suppose the test team is separate from those who design and code the system. Testing new or modified software involves a system test, where the developers demonstrate to the customer that the system works as specified.The test team must define and document the way in which this test will be conducted and the criteria for linking the demonstrated functionality and performance characteristics to the requirements specified by the customer. The test team can generate its test plan from the requirements documents without knowing how the internal pieces of the system are put together. Because the test team has no preconceptions about how the hardware and software will work, it can concentrate on system functionality. This approach makes it easier for the test team to catch errors and omissions made by the designers or programmers. It is in part for this reason that the cleanroom method is organized to use an independent test team, as we will see in later chapters (Mills, Dyer, and Linger 1987).


[3]
[SECTION]: Testing the System > 9.1 Principles Of System Testing > Test Team
[CONTENT]: System designers add the perspective of intent to the test team. The designers understand what we proposed as a solution, as well as the solution's constraints. They also know how the system is divided into functional or data-related subsystems, and how the system is supposed to work.When designing test cases and ensuring test coverage, the test team calls on the designers for help in listing all possibilities.
Because  tests  and  test  cases  are  tied  directly  to  requirements  and  design, a configuration management representative is  on  the  test  team. As  failures  occur  and changes  are  requested, the  configuration  management  specialist  arranges  for  the changes  to  be  reflected  in  the  documentation, requirements, design, code, or  other development artifact. In fact, changes to correct a fault may result in modifications to other test cases or to a large part of the test plan. The configuration management specialist implements these changes and coordinates the revision of tests.


[4]
[SECTION]: Testing the Programs > 8.2 Testing Issues
[CONTENT]: Many types of tests are done before we can release the system to the customer with confidence that it will work properly. Some tests depend on what is being tested: components,groups of components,subsystems,or the whole system.Other tests depend on what we want to know: Is the system working according to the design? The requirements? The customer's expectations? Let us consider some of these issues.
","[
  {
    ""role"": ""bullet"",
    ""segment"": ""Professional testers organize and run the tests and are involved from the beginning, designing test plans and test cases as the project progresses."",
    ""citations"": [
      {
        ""type"": ""source_text"",
        ""content"": ""Professional testers organize and run the tests.They are involved from the beginning, designing  test  plans  and  test  cases  as  the  project  progresses."",
        ""img_id"": null
      }
    ],
    ""type"": null
  },
  {
    ""role"": ""bullet"",
    ""segment"": ""Analysts who were involved in the original requirements definition and specification are useful in testing because they understand the problem as defined by the customer."",
    ""citations"": [
      {
        ""type"": ""source_text"",
        ""content"": ""Analysts who were involved in the original requirements definition and specification are useful in testing because they understand the problem as defined by  the  customer."",
        ""img_id"": null
      }
    ],
    ""type"": null
  },
  {
    ""role"": ""bullet"",
    ""segment"": ""A configuration management representative is on the test team to coordinate changes and ensure test documentation and other artifacts are updated."",
    ""citations"": [
      {
        ""type"": ""source_text"",
        ""content"": ""Because  tests  and  test  cases  are  tied  directly  to  requirements  and  design, a configuration management representative is  on  the  test  team."",
        ""img_id"": null
      },
      {
        ""type"": ""source_text"",
        ""content"": ""The configuration  management  specialist  implements these changes and coordinates the revision of tests."",
        ""img_id"": null
      }
    ],
    ""type"": null
  },
  {
    ""role"": ""bullet"",
    ""segment"": ""System designers add the perspective of intent to the test team, helping design test cases and ensure coverage by clarifying how the solution should work."",
    ""citations"": [
      {
        ""type"": ""source_text"",
        ""content"": ""System designers add the perspective of intent to the test team. The designers understand what we proposed as a solution, as well as the solution's constraints. They also know how the system is divided into functional or data-related subsystems, and how the system is supposed to work.When designing test cases and ensuring test coverage, the test team calls on the designers for help in listing all possibilities."",
        ""img_id"": null
      }
    ],
    ""type"": null
  }
]","- Professional testers organize and run the tests and are involved from the beginning, designing test plans and test cases as the project progresses.
- Analysts who were involved in the original requirements definition and specification are useful in testing because they understand the problem as defined by the customer.
- A configuration management representative is on the test team to coordinate changes and ensure test documentation and other artifacts are updated.
- System designers add the perspective of intent to the test team, helping design test cases and ensure coverage by clarifying how the solution should work.",1.563,10.105
"Based on the work styles framework charting communication against decision-making, what are the two primary defining traits of a Rational Introvert?","
[0]
[SECTION]: Planning and Managing the Project > 3.2 Project Personnel > Work Styles
[CONTENT]: We can describe the variety of work styles by considering the graph of Figure 3.10, where communication style forms the horizontal axis and decision style the vertical one.The more extroverted you are, the farther to the right your work style falls on the graph. Similarly, the more emotions play a part in your decisions, the higher up you go. Thus, we can define four basic work styles, corresponding to the four quadrants of the graph. The rational extroverts tend to assert their ideas and not let 'gut feeling' affect their decision making.They tell their colleagues what they want them to know, but they rarely ask for more information before doing so.When reasoning,they rely on logic, not emotion.The rational introverts also avoid emotional decisions, but they are willing to take time to consider all possible courses of action. Rational introverts are information gatherers; they do not feel comfortable making a decision unless they are convinced that all the facts are at hand.
In  contrast, intuitive  extroverts base  many  decisions  on  emotional  reactions, tending to want to tell others about them rather than ask for input.They use their intuition to be creative, and they often suggest unusual approaches to solving a problem. The intuitive introvert is creative, too, but applies creativity only after having gathered INTUITIVE sufficient information on which to base a decision. Winston Churchill was an intuitive introvert; when he wanted to learn about an issue, he read every bit of material available that addressed it. He often made his decisions based on how he felt about what he had learned (Manchester 1983).


[1]
[SECTION]: Planning and Managing the Project > 3.2 Project Personnel > Work Styles
[CONTENT]: Clearly, not everyone fits neatly into one of the four categories. Different people have different tendencies, and we can use the framework of Figure 3.10 to describe those tendencies and preferences.
Communication is critical to project success, and work style determines communication style. For example, if you are responsible for a part of the project that is behind schedule, Kai and David are likely to tell you when your work must be ready. David may offer several ideas to get the work back on track, and Kai will give you a new schedule to follow. However, Marcel and Ying will probably ask when the results will be ready. Marcel, in analyzing his options, will want to know why it is not ready; Ying will ask if there is anything she can do to help.
Understanding work styles can help you to be flexible in your approach to other project team members and to customers and users. In particular, work styles give you information about the priorities of others. If a colleague's priorities and interests are different from yours, you can present information to her in terms of what she deems important. For example, suppose Claude is your customer and you are preparing a presentation for him on the status of the project. If Claude is an introvert, you know that he prefers gathering information to giving it.Thus, you may organize your presentation so that it tells him a great deal about how the project is structured and how it is progressing. However, if Claude is an extrovert, you can include questions to allow him to tell you what he wants or needs. Similarly, if Claude is intuitive, you can take advantage of his creativity by soliciting new ideas from him; if he is rational, your presentation can include facts or figures rather than judgments or feelings. Thus, work styles affect interactions among customers, developers, and users.


[2]
[SECTION]: Planning and Managing the Project > 3.2 Project Personnel > Work Styles
[CONTENT]: To see how work styles affect interactions on a project, consider several typical staff profiles. Kai, a rational extrovert, judges her colleagues by the results they produce. When making a decision, her top priority is efficiency. Thus, she wants to know only the bottom line. She examines her options and their probable effects, but she does not need to see documents or hear explanations supporting each option. If her time is wasted or her efficiency is hampered in some way, she asserts her authority to regain control of the situation.Thus, Kai is good at making sound decisions quickly.
Marcel, a rational introvert, is very different from his colleague Kai. He judges his peers by how busy they are, and he has little tolerance for those who appear not to be working hard all the time. He is a good worker, admired for the energy he devotes to his work. His reputation as a good worker is very important to him, and he prides himself on being accurate and thorough. He does not like to make decisions without complete information. When asked to make a presentation, Marcel does so only after gathering all relevant information on the subject.


[3]
[SECTION]: Planning and Managing the Project > 3.2 Project Personnel > Work Styles
[CONTENT]: Different people have different preferred styles for interacting with others on the job and for understanding problems that arise in the course of their work. For example, you may prefer to do a detailed analysis of all possible information before making a decision, whereas your colleague may rely on 'gut feeling' for most of his important decisions. You can think of your preferred work style in terms of two components: the way in which your thoughts are communicated and ideas gathered, and the degree to which your emotions affect decision making. When communicating ideas, some people tell others their thoughts, and some people ask for suggestions from others before forming an opinion. Jung (1959) calls the former extroverts and the latter introverts . Clearly, your communication style affects the way you interact with others on a project. Similarly, intuitive people base their decisions on feelings about and emotional reactions to a problem. Others are rational , deciding primarily by examining the facts and carefully considering all options.


[4]
[SECTION]: Planning and Managing the Project > 3.2 Project Personnel > Project Organization
[CONTENT]: Clearly, the chief programmer must be good at making decisions quickly, so the chief is likely to be an extrovert. However, if most of the team members are introverts, the chief programmer team may not be the best structure for the project. An alternative is based on the idea of 'egoless' programming, as described by Weinberg (1971). Instead of a single point of responsibility, an egoless approach holds everyone equally responsible. Moreover, the process is separated from the individuals; criticism is made of  the  product  or  the  result, not  the  people  involved. The  egoless  team  structure  is democratic, and all team members vote on a decision, whether it concerns design considerations or testing techniques.
","[
  {
    ""role"": ""sentence"",
    ""segment"": ""The two primary defining traits of a Rational Introvert are that they avoid emotional decisions and are information gatherers who require all the facts before deciding."",
    ""citations"": [
      {
        ""type"": ""source_text"",
        ""content"": ""The rational introverts also avoid emotional decisions, but they are willing to take time to consider all possible courses of action."",
        ""img_id"": null
      },
      {
        ""type"": ""source_text"",
        ""content"": ""Rational introverts are information gatherers; they do not feel comfortable making a decision unless they are convinced that all the facts are at hand."",
        ""img_id"": null
      }
    ],
    ""type"": null
  }
]",The two primary defining traits of a Rational Introvert are that they avoid emotional decisions and are information gatherers who require all the facts before deciding.,2.144,5.223
"In the decision tree calculating risk exposure for regression testing, what is the exact combined risk exposure value in dollars if the development team chooses not to perform regression testing?","
[0]
[SECTION]: Planning and Managing the Project > 3.4 Risk Management > Risk Management Activities
[CONTENT]: L(UO). For instance, there are three possible consequences of performing regression testing: finding a critical fault if one exists, not finding the critical fault (even though it exists), or deciding (correctly) that there is no critical fault. As the figure illustrates, we have estimated the probability of the first case to be 0.75, of the second to be 0.05, and of the third to be 0.20. The loss associated with an unwanted outcome is estimated to be $500,000 if a critical fault is found, so that the risk exposure is $375,000. Similarly, we calculate the risk exposure for the other branches of this decision tree, and we find that our risk exposure if we perform regression testing is almost $2 million. However, the same kind of analysis shows us that the risk exposure if we do not perform regression testing is almost $17 million. Thus, we say (loosely) that more is at risk if we do not perform regression testing.
Risk exposure helps us to list the risks in priority order, with the risks of most concern given the highest priority. Next, we must take steps to control the risks.The notion of control acknowledges that we may not be able to eliminate all risks. Instead, we may be able to minimize the risk or mitigate it by taking action to handle the unwanted outcome in an acceptable way. Therefore, risk control involves risk reduction, risk planning, and risk resolution.


[1]
[SECTION]: Planning and Managing the Project > 3.4 Risk Management > Risk Management Activities
[CONTENT]: Finally, we  analyze  the  risks  we  have  identified, so  that  we  can  understand  as much as possible about when, why, and where they might occur. There are many techniques we can use to enhance our understanding, including system dynamics models, cost models, performance models, network analysis, and more.
Once we have itemized all the risks, we use our understanding to assign priorities them. A priority scheme enables us to devote our limited resources only to the most threatening risks. Usually, priorities are based on the risk exposure, which takes into account not only likely impact, but also the probability of occurrence.
The risk exposure is computed from the risk impact and the risk probability, so we must estimate each of these risk aspects. To see how the quantification is done, consider the analysis depicted in Figure 3.16. Suppose we have analyzed the system development process and we know we are working under tight deadlines for delivery.We have decided to build the system in a series of releases, where each release has more functionality than the one that preceded it. Because the system is designed so that functions are relatively independent, we consider testing only the new functions for a release, and we assume that the existing functions still work as they did before. However, we may worry that there are risks associated with not performing regression testing : the assurance that existing functionality still works correctly.


[2]
[SECTION]: Planning and Managing the Project > 3.4 Risk Management > Risk Management Activities
[CONTENT]: For  each  possible  outcome, we  estimate  two  quantities: the  probability  of  an unwanted  outcome, P(UO), and  the  loss  associated  with  the  unwanted  outcome,
[FIGURE 3.16 Example of risk exposure calculation.] 
[FIGURE_DESCRIPTIONS]
[0] Diagram depicting a fault-tinding decision tree for risk exposure and combined risk exposure with labeled thresholds and outcomes. The leftmost node shows a decision about regression testing with a Yes/No branch. From Yes, branches lead to Do regression testing? then further branches evaluate P(U0) and L(U0) values: P(U0) = 0.75, L(U0) = 5M, and text labels such as Find critical fault, Don’t find critical fault, P(U0) = 0.25, L(U0) = 0.5M, P(U0) = 0.20, L(U0) = 0.25M indicating probabilities and losses. Right side shows arrows to risk exposure and combined risk exposure with numeric values: $1.875M, $16.625M, $1.5M, $0M, etc. The top-right labels include P( U0 ) values and L(U0) values alongside fractions like 3.75M, 1.50M, and 5.0M. The diagram emphasizes risk exposure aggregation across branches, with stepwise evaluation of critical fault finding outcomes and associated losses to compute total exposure. Text boxes and thresholds are arranged in a decision-tree fashion with probabilities and monetary losses.



[3]
[SECTION]: Planning and Managing the Project > 3.8 Real-Time Example
[CONTENT]: Once the risks were identified, the analysis phase might have included simulations, which probably would have highlighted the problem that eventually caused the rocket's destruction. And prioritization would have identified the risk exposure if the SRI did not work as planned; the high exposure might have prompted the project team to examine the SRI and its workings more carefully before implementation.
Risk control involves risk reduction, management planning, and risk resolution. Even if the risk assessment activities had missed the problems inherent in reusing the SRI from Ariane-4, risk reduction techniques including risk avoidance analysis might have noted that both SRIs could have been shut down for the same underlying cause. Risk avoidance might have involved using SRIs with two different designs, so that the design error would have shut down one but not the other. Or the fact that the SRI calculations were not needed after lift-off might have prompted the designers or implementers  to  shut  down  the  SRI  earlier, before  it  corrupted  the  data  for  the  angle calculations. Similarly, risk  resolution  includes  plans  for  mitigation  and  continual reassessment of risk. Even if the risk of SRI failure had not been caught earlier, a risk reassessment during design or even during unit testing might have revealed the problem in the middle of development.A redesign or development at that stage would have been costly, but not as costly as the complete loss of Ariane-5 on its maiden voyage.


[4]
[SECTION]: Planning and Managing the Project > 3.3 Effort Estimation > Machine-Learning Methods
[CONTENT]: In  general, this 'learning' approach has been tried in different ways by other researchers. Srinivasan and Fisher (1995) used Kemerer's data (Kemerer 1989) with a statistical technique called a regression tree; they produced predictions more accurate than  those  of  the  original  COCOMO  model  and  SLIM, a  proprietary  commercial model. However, their results were not as good as those produced by a neural network or a model based on function points. Briand, Basili, and Thomas (1992) obtained better results  from  using  a  tree  induction  technique, using  the  Kemerer  and  COCOMO datasets. Porter and Selby (1990) also used a tree-based approach; they constructed a decision tree that identifies which project, process, and product characteristics may be useful in predicting likely effort.They also used the technique to predict which modules are likely to be fault-prone.
","[
  {
    ""role"": ""sentence"",
    ""segment"": ""The combined risk exposure when not performing regression testing is $16.625M."",
    ""citations"": [
      {
        ""type"": ""img"",
        ""content"": null,
        ""img_id"": ""image_0_1""
      }
    ],
    ""type"": null
  }
]",The chatbot can't answer this question. Please try again with another question.,1.764,6.422
"When visually mapping requirements versus specifications, what domain sits exactly at the intersection where the Environment domain overlaps with the System domain?","
[0]
[SECTION]: Capturing the Requirements > 4.3 Types Of Requirements > Two Kinds of Requirements Documents
[CONTENT]: The requirements specification restates the requirements as a specification of how the proposed system shall behave. The specification also is written entirely in terms of the environment, except that it refers solely to environmental entities that are accessible to the system via its interface. That is, the system boundary makes explicit those environmental entities that can be monitored or controlled by the system.This distinction is depicted in Figure 4.3, with requirements defined anywhere within the environment's domain, including, possibly, the system's interface, and with the specification restricted only to the intersection between the environment and system domains. To see the distinction, consider the requirement that no one should enter the zoo without paying an entrance fee. If the turnstile has a coin slot and is able to detect when a valid coin is inserted, then it can determine when an entrance fee has been paid. In contrast, the concept of an entry event may be outside the scope of the system.Thus, the requirement must be rewritten to realize entry events using only events and states that the turnstile can detect and control, such as whether the turnstile is unlocked and whether it detects a visitor pushing the turnstile:
When a visitor applies a certain amount of force on an unlocked turnstile, the turnstile will automatically rotate a one-half turn, ending in a locked position.


[1]
[SECTION]: Capturing the Requirements > 4.8 Requirements Documentation > SIDEBAR 4.7 HIDDEN ASSUMPTIONS
[CONTENT]: Z ave and Jackson (1997) have looked carefully at problems in software requirements and specification, including undocumented assumptions about how the real world behaves.
There are actually two types of environmental behavior of interest: desired behavior to be  realized  by  the  proposed  system  (i.e., the  requirements)  and  existing  behavior  that  is unchanged by the proposed system.The latter type of behavior is often called assumptions or domain knowledge . Most requirements writers consider assumptions to be simply the conditions under which the system is guaranteed to operate correctly.While necessary, these conditions are not the only assumptions. We also make assumptions about how the environment will behave in response to the system's outputs.


[2]
[SECTION]: Capturing the Requirements > 4.8 Requirements Documentation > Requirements Specification
[CONTENT]: The requirements specification covers exactly the same ground as the requirements definition, but from the perspective of the developers. Where the requirements definition  is  written  in  terms  of  the  customer's  vocabulary, referring  to  objects, states, events, and activities in the customer's world, the requirements specification is written in terms of the system's interface.We accomplish this by rewriting the requirements so that they refer only to those real-world objects (states, events, actions) that are sensed or actuated by the proposed system:
 - In  documenting  the  system's  interface, we  describe  all  inputs  and  outputs  in detail, including  the  sources  of  inputs, the  destinations  of  outputs, the  value ranges and data formats of input and output data, protocols governing the order in  which  certain  inputs  and  outputs  must  be  exchanged, window  formats  and organization, and any timing constraints. Note that the user interface is rarely the only system interface; the system may interact with other software components (e.g., a database), special-purpose hardware, the Internet, and so on.


[3]
[SECTION]: Capturing the Requirements > 4.9 Validation And Verification
[CONTENT]: In verification, we want to check that our requirements-specification document corresponds to our requirements-definition document.This verification makes sure that if we implement a system that meets the specification, then that system will satisfy the customer's requirements. Most often, this is simply a check of traceability, where we ensure that each requirement in the definition document is traceable to the specification.
However, for critical systems, we may want to do more, and actually demonstrate that  the  specification  fulfills  the  requirements. This  is  a  more  substantial  effort, in which we prove that the specification realizes every function, event, activity, and constraint in the requirements. The specification by itself is rarely enough to make this kind of argument, because the specification is written in terms of actions performed at the system's interface, such as force applied to an unlocked turnstile, and we may want  to  prove  something  about  the  environment  away  from  the  interface, such  as about the number of entries into the zoo. To bridge this gap, we need to make use of our assumptions  about  how  the  environment  behaves-assumptions  about  what inputs the  system  will  receive, or  about  how  the  environment  will  react  to  outputs (e.g., that if an unlocked turnstile is pushed with sufficient force, it will rotate a halfturn, nudging  the  pusher  into  the  zoo). Mathematically, the  specification  (S)  plus our environmental assumptions (A) must be sufficient to prove that the requirements (R) hold:


[4]
[SECTION]: Capturing the Requirements > 4.3 Types Of Requirements > Two Kinds of Requirements Documents
[CONTENT]: [FIGURE 4.3 Requirements vs. Specification.] 
[FIGURE_DESCRIPTIONS]
[0] The diagram presents a layered relationship between requirements, specifications, environment, shared interface, and system. Two overlapping ovals form a Venn-like structure: a larger light grey oval labeled Environment at the bottom left, a second overlapping oval labeled Shared Interface spanning the center, and a grey shaded ellipse on the right labeled System. Within the left portion, a smaller curved boundary outlines a region titled Requirements, while a separate central curved region labeled Specifications overlaps with both the Requirements region and the Shared Interface region. The diagram emphasizes how requirements map to specifications with partial overlap and how shared interfaces intersect with system boundaries. Text visible includes: Requirements, Specifications, Environment, Shared Interface, System. The overall figure suggests a conceptual relationship between environmental constraints, system components, and their interfaces, possibly in software or systems engineering contexts.



[5]
[SECTION]: Capturing the Requirements > 4.8 Requirements Documentation > Requirements Specification
[CONTENT]:  - Next, we restate the required functionality in terms of the interfaces' inputs and outputs. We may use a functional notation or data-flow diagrams to map inputs to outputs, or use logic to document functions' pre-conditions and post-conditions.We may use state machines or event traces to illustrate exact sequences of operations
","[
  {
    ""role"": ""sentence"",
    ""segment"": ""Shared Interface."",
    ""citations"": [
      {
        ""type"": ""source_text"",
        ""content"": ""the intersection between the environment and system domains"",
        ""img_id"": null
      },
      {
        ""type"": ""img"",
        ""content"": null,
        ""img_id"": ""image_0_1""
      }
    ],
    ""type"": null
  }
]",Shared Interface.,1.569,8.737
"In the reference architecture model for a compiler, which specific component bridges the gap between the Semantic analyzer and the Code generator?","
[0]
[SECTION]: Designing the Architecture > 5.1 The Design Process > Design Is a Creative Process
[CONTENT]: [FIGURE 5.3 Reference model for a compiler (adapted from Shaw and Garlan 1996).] 
[FIGURE_DESCRIPTIONS]
[0] Diagram labeled Symbol table at top center connected to multiple processing blocks: Lexical analyzer, Parser, Semantic analyzer, Optimizer, Code generator arranged horizontally. Each block is linked with solid lines indicating data store and control flow, while dashed lines indicate data fetch/store and control flow. A Key box in upper left defines components and two data flow types: Data store and Data fetch/store with solid and dashed lines respectively. The Symbol table sits above and feeds into all processing blocks via directional arrows, illustrating an information flow from lexical analysis through parsing, semantic analysis, optimization, and finally code generation. Arrows show bidirectional or unidirectional data exchange between blocks, including mutual connections implying cross-component data sharing. The bottom of the diagram shows an Attributed table or entity bar connected to all processing modules, suggesting a centralized attribute or metadata repository. The overall diagram conveys a compiler pipeline with modular stages and shared symbol/attribute resources.



[1]
[SECTION]: Designing the Architecture > 5.1 The Design Process > Design Is a Creative Process
[CONTENT]: Similarly, experienced software developers rarely design new software from first principles. Instead, they borrow ideas from existing solutions and manipulate them into new, but not entirely original, designs. By doing so, developers can usually arrive at a suitable design more quickly, using the properties of the borrowed solutions to assess the properties of the proposed design. Figure 5.2 shows several sources from which developers can draw when looking for guidance in designing a new system.
There  are  many  ways  to  leverage  existing  solutions. One  extreme  is cloning , whereby we borrow a whole design, and perhaps even the code, making minor adjustments to fit our particular problem. For example, a developer might clone an existing system to customize it for a new customer-though,as we will see, there are better ways of producing variations of the same product. Slightly less extreme is to base our design on  a reference  model : a  standard  generic  architecture  for  a  particular  application domain.A reference model suggests only how we decompose our system into its major components and how those components interact with each other. The design of the individual components and the details of their interactions will depend on the specific application being developed.As an example, Figure 5.3 shows the reference model for a compiler; the specifics of the parser, semantic analyzer, optimizations, and data repositories will vary greatly with the compiler's programming language. There are existing or proposed reference models for a variety of application domains, including operating systems, interpreters, database  management  systems, process-control  systems, integrated tool environments, communication networks, and Web services.


[2]
[SECTION]: Designing the Architecture > 5.3 Decomposition And Views
[CONTENT]: No matter which design approach we use, the resulting design is likely to refer to several  types  of  software  units, such  as component, subsystem, runtime  process, module, class, package, library , or procedure . The different terms describe different aspects of a design. For example, we use the term module to refer to a structural unit of the software's code; a module could be an atomic unit, like a Java class, or it could be an aggregation of other modules. We use the term component to refer to an identifiable runtime element (e.g., the parser is a component in a compiler)-although this term sometimes has a specific meaning, as explained in Sidebar 5.2. Some of the above terms designate software units at different levels of abstraction. For example, a system may be made up of subsystems, which may be made up of packages, which are in turn made up of classes. In other cases, the terms may overlap and present different views of the same entity (e.g., a parser might be both a component and a high-level module). We use the term software unit when we want to talk about a system's composite parts without being precise about what type of part.


[3]
[SECTION]: Testing the Programs > 8.7 Automated Testing Tools > Code Analysis Tools
[CONTENT]: For example, a code analyzer can generate a symbol table to record where a variable is first defined and when it is used, supporting test strategies such as definition-use testing. Similarly, a structure checker can read a program and determine the location of all loops, mark statements that are never executed, note the presence of branches from the middle of a loop, and so on.A data analyzer can notify us when a denominator may be set to zero; it can also check to see whether subroutine arguments are passed properly.
The input and output components of a system may be submitted to a sequence checker to determine if the events are coded in the proper sequence. For example, a sequence checker can ensure that all files are opened before they are modified.


[4]
[SECTION]: Testing the Programs > 8.7 Automated Testing Tools > Code Analysis Tools
[CONTENT]: There are two categories of code analysis tools. Static analysis is performed when the program is not actually executing; dynamic analysis is done when the program is running. Each type of tool reports back information about the code itself or the test case that is being run.
Static Analysis. Several  tools  can  analyze  a  source  program  before  it  is  run. Tools that investigate the correctness of a program or set of components can be grouped into four types:
 - Code analyzer: The components are evaluated automatically for proper syntax. Statements can be highlighted if the syntax is wrong, if a construction is faultprone, or if an item has not been defined.
 - Structure checker: This tool generates a graph from the components submitted as input.The graph depicts the logic flow, and the tool checks for structural flaws.
 - Data analyzer: The tool reviews the data structures, data declarations, and component interfaces, and then notes improper linkage among components, conflicting data definitions, and illegal data usage.
 - Sequence checker: The tool checks sequences of events; if coded in the wrong sequence, the events are highlighted.
","[
    {
        ""role"": ""sentence"",
        ""segment"": ""The Optimizer bridges the gap between the Semantic analyzer and the Code generator."",
        ""citations"": [
            {
                ""type"": ""source_text"",
                ""content"": ""Semantic analyzer"",
                ""img_id"": ""img0_se_theory_practice.pdf__chunk_1916_1916_628""
            },
            {
                ""type"": ""source_text"",
                ""content"": ""Optimizer"",
                ""img_id"": ""img0_se_theory_practice.pdf__chunk_1916_1916_628""
            },
            {
                ""type"": ""source_text"",
                ""content"": ""Code generator"",
                ""img_id"": ""img0_se_theory_practice.pdf__chunk_1916_1916_628""
            }
        ],
        ""type"": null
    }
]",The Optimizer bridges the gap between the Semantic analyzer and the Code generator.,1.627,12.029
"In the messy UML statechart diagram for the Publication class, what specific input event triggers the transition directly from the onloan state to the recall state?","
[0]
[SECTION]: Capturing the Requirements > 4.5 Modeling Notations > Example: UML Statechart Diagrams
[CONTENT]: [FIGURE 4.10 Messy UML statechart diagram for Publication class.] 
The UML statechart diagram for the Loan association class in Figure 4.11 illustrates how states can be annotated with local variables (e.g., variable num renews ), actions, and activities. Variables that are local to a state are declared and initialized in the center section of the state.The state's lower section lists actions and activities on the state's  local  variables  as  well  as  on  the  object's  attributes. The  distinction  between actions and activities is subtle: an action is a computation that takes relatively no time to complete and that is uninterruptible, such as assigning an expression to a variable or sending a message. An action can be triggered by a transition entering or exiting the state, in which case it is designated by keyword entry or exit followed by arbitrarily many actions and generated events; or it  can  be  triggered  by  the  occurrence  of  an event, in which case it is designated by the event name followed by arbitrarily many actions and generated events. In our Loan statechart, variable num renews is incremented every time state item  on  loan is  entered, that is, every time the loan is renewed; and  a recallNotify event  is  sent  to  the Patron whenever a recall event is received in that state. In contrast to actions, an activity is a more complex computation that executes over a period of time and that may be interruptible, such as executing an operation. Activities are initiated on entry to the state. When a transition, including a looping transition like the one triggered by renew , executes, the order in which actions are applied is as follows: first, the exit actions of the transition's source state are applied, followed by the transition's own actions, followed by the entry actions and activities of the new state.


[1]
[SECTION]: Capturing the Requirements > 4.5 Modeling Notations > Example: UML Statechart Diagrams
[CONTENT]: (footnote: 3 The messy statechart also has a recall state that covers the case where a publication that is being put on reserve is on loan and needs to be recalled; this behavior cannot be modeled as a transition from onloan to reserveloan , because state reserveloan has a transition cancel (used to disallow a loan request if the Patron has outstanding fines) that would be inappropriate in this situation.This special case is modeled in Figure 4.9 by testing on entry (keyword entry is explained below) to state reserve whether the concurrent submachine is In state onloan and issuing a recall event if it is.)
[FIGURE_DESCRIPTIONS]
[0] Diagram labeled Publication presents a complex directed graph with multiple states and transitions among nodes including borrow(pattern), lose, reserve, recall, cancel, create, and self-referential actions. Central bottom node labeled by a circle acts as a join point for various transitions. Arrows indicate actions such as borrow, lose, reserve, recall, and cancel between top and bottom layers. Top-left and top-right clusters show parallel paths to and from the central node, with a thick curved boundary surrounding the entire flow labeled Publication. Labels along arrows include terms like borrowpatron, losepatron, reserve, recall, createpatron, self, and cancel, suggesting a library or publishing workflow with patron interactions. The diagram includes rounded rectangular process boxes with verbs and small text, and curved arrows denoting state changes, losses, and reversals. Overall, it illustrates state transitions and relationships among entities involved in publication lifecycle management.



[2]
[SECTION]: Capturing the Requirements > 4.5 Modeling Notations > Example: UML Statechart Diagrams
[CONTENT]: A superstate can actually comprise multiple concurrent submachines, separated by dashed lines.The UML statechart for Publication includes two submachines:one that indicates  whether  or  not  the  publication  is  out  on  loan, and  another  that  indicates whether  or  not  the  publication  is  on  reserve. The  submachines  are  said  to  operate concurrently , in that a Publication instance could at any time receive and respond to events of interest to either or both submachines. In general, concurrent submachines are used  to  model  separate, unrelated  subbehaviors, making  it  easier  to  understand  and consider each subbehavior. An equivalent statechart for Publication in Figure 4.10 that does not make use of state hierarchy or concurrency is comparatively messy and repetitive. Note  that  this  messy  statechart  has  a  state  for  each  combination  of  states from Figure 4.9 ( stacks = Publication is in library and not on reserve, onloan = Publication is on loan and not on reserve, etc.). 3 State transitions are labeled with their enabling events and conditions and with their side effects.Transition labels have syntax where  the  triggering event is  a  message  that  may  carry  parameters. The  enabling condition , delimited by square brackets, is a predicate on the object's attribute values. If the transition is taken, its actions , each prefaced with a slash (/), specify assignments made to the object's attributes; the asterisk indicates that a transition may have arbitrarily  many  actions. If  the  transition  is  taken, it  may  generate  arbitrarily  many output events , /^Object.event , each prefaced with a caret an output event may carry parameters and is either designated for a target Object or is broadcast to all objects. For example, in the messy Publication statechart (Figure 4.10), the transition to state recall is enabled if the publication is in state onloan when a request to put the item on reserve is received.When the transition is taken, it sends an event to the Loan object, which in turn will notify the borrower that the item must be returned to the library sooner than the loan's due date. Each of the transition-label elements is optional. For example, a transition need not be enabled by an input event; it could be enabled  only  by  a  condition  or  by  nothing, in  which  case  the  transition  is  always enabled. 1 ¿ 2 ; ' '*''
","[
  {
    ""role"": ""sentence"",
    ""segment"": ""The transition to state recall is enabled if the publication is in state onloan when a request to put the item on reserve is received."",
    ""citations"": [
      {
        ""type"": ""source_text"",
        ""content"": ""the transition to state recall is enabled if the publication is in state onloan when a request to put the item on reserve is received."",
        ""img_id"": null
      }
    ]
  }
]",The transition to state recall is enabled if the publication is in state onloan when a request to put the item on reserve is received.,1.528,7.321
"In the Petri net model of the library problem, what specific variables or tuples are shown being passed as inputs into the Process Payment transition?","
[0]
[SECTION]: Capturing the Requirements > 4.5 Modeling Notations > Example: Petri Nets
[CONTENT]: Basic Petri nets are fine for modeling how control flows through events or among concurrent entities. But if we want to model control that depends on the value of data (e.g., borrowing a particular book from a collection of books), then we need to use a high-level Petri net notation.A number of extensions to basic Petri nets have been proposed to improve the notation's expressibility, including inhibitor arcs, which enable a transition only if the input place is empty of tokens; priority among transitions; timing constraints; and structured tokens, which have values.
To model our library problem, which tracks information and events for multiple patrons and publications, we need a Petri net notation that supports structured tokens and transition actions (Ghezzi et al. 1991). A transition action constrains which tokens in  the  input  places  can  enable  the  transition  and  specifies  the  values  of  the  output tokens. Figure 4.13 is a high-level Petri net specification for the library problem. Each place stores tokens of a different data type. Avail stores a token for every library item that is not currently out on loan.A token in Fines is an n -tuple (i.e., an ordered set of n elements, sometimes called a tuple for short) that maps a patron to the value of his or her total outstanding library fines.A token in OnLoan is another type of tuple that maps a patron and a library item to a due date . A few of the transition predicates and actions are shown in Figure 4.13, such as the action on Process Payment , where the inputs are a payment and the patron's current fines , and the output is a new Fines tuple. The predicates not shown assert that if the token elements in a transition's input or output tokens have the same name, they must have the same value. So in  transition Borrow , the patron making  the Loan  Request must  match  the patron with no outstanding Fines and match the patron who appears in the generated OnLoan tuple; at the same time, the item being borrowed must match an item in Avail . Otherwise, those tuples do not enable the transition. The net starts with an initial marking of item tuples in Avail and ( patron, 0 ) tuples in Fines . As library users trigger input transitions Pay , Initiate Loan , and Initiate Return , new tokens are introduced to the system, which enable the library transitions, which in turn fire and update the Fines tokens and the Avail and OnLoan tokens, and so on.


[1]
[SECTION]: Capturing the Requirements > 4.5 Modeling Notations > Example: Petri Nets
[CONTENT]: [FIGURE 4.13 Petri net of the library problem.] 
[FIGURE_DESCRIPTIONS]
[0] Diagram depicting a sequence of financial processes in a transaction system, featuring nodes labeled as Pay, Payment, Fines, Overdue fines, Return, OnLoan, Withdraw/Loan Request, and Initiate Return. The flow shows arrows with text such as (patron, payment), (patron, fines - payment), (patron, fines - item), (item, due date), and (item) relationships, indicating an object-oriented or state-machine approach to library loan management. Central item appears to be an item or loan object that transitions through states like Avail, OnLoan, and Return, with branching for Initiate Loan and Withdraw Return Request. The diagram also includes circular nodes representing events or actions and labeled edges that describe interactions between patrons, items, loans, and fines, illustrating the lifecycle from loan initiation to return and possible fines evaluation.



[2]
[SECTION]: Capturing the Requirements > 4.5 Modeling Notations > Example: Petri Nets
[CONTENT]: UML statechart diagrams nicely modularize a problem's dynamic behavior into the behaviors of individual class objects, with the effect that it may be easier to consider each class's behavior separately than it is to specify the whole problem in one diagram. This modularization makes it harder, though, to see how objects interact with each other. Looking at an individual statechart diagram, we can see when an object sends a message to another object. However, we have to examine the two objects' diagrams simultaneously to see that a message sent by one object can be received by the other. In fact, to be completely sure, we would have to search the possible executions (event traces) of the two machines, to confirm that whenever one object sends a message to the other, the target object is ready to receive and react to the message.
Petri nets (Peterson 1977) are a form of state-transition notation that is used to model concurrent activities and their interactions. Figure 4.12 shows a basic Petri net specifying the behavior of a book loan. The circles in the net are places that represent activities or conditions, and the bars represent transitions . Directed arrows, called arcs , connect a transition with its input places and its output places . The places are populated with tokens , which act as enabling conditions for the transitions.When a transition fires , it removes tokens from each of its input places and inserts tokens into each of its output places. Each arc can be assigned a weight that specifies how many tokens are removed from the arc's input place, or inserted into the arc's output place, when the transition fires. A transition is enabled if each of its input places contains enough tokens to contribute its arc's weight's worth of tokens, should the enabled transition actually fire.Thus, in  Figure  4.12, transitions Return,Withdraw  Return  Request , and Withdraw Loan Request are all enabled; firing transition Return removes a token from each of the places ReturnRequest and OnLoan , and inserts a token into Avail . The net's marking , which is the distribution of tokens among places, changes as transitions fire. In each execution step, the marking determines the set of enabled transitions; one enabled transition is nondeterministically selected to fire; the firing of this transition produces a new marking, which may enable a different set of transitions.We can model concurrent behavior by combining into a single net the activities, transitions, and tokens for several executing entities. Concurrent entities are synchronized whenever their activities, or places, act as input places to the same transition. This synchronization ensures that all of the pre-transition activities occur before the transition fires, but does not constrain the order in which these activities occur.
","[
  {
    ""role"": ""paragraph"",
    ""segment"": ""a payment and the patron's current fines"",
    ""citations"": [
      {
        ""type"": ""source_text"",
        ""content"": ""the action on Process Payment , where the inputs are a payment and the patron's current fines , and the output is a new Fines tuple."",
        ""img_id"": null
      }
    ],
    ""type"": null
  }
]",a payment and the patron's current fines,1.723,4.289
"In the use-case diagram for the library system, which two specific use cases are connected to the reserve item use case via an <<extend>> relationship?","
[0]
[SECTION]: Capturing the Requirements > 4.5 Modeling Notations > Example: Use Cases
[CONTENT]: Each use case encompasses several possible scenarios, some successful and some not, but all related to some usage of the system. External to the use-case diagram, the use cases and their variants are detailed as textual event traces. Each use case identifies pre-conditions and alternative behavior if the pre-conditions are not met, such as looking for a lost book; post-conditions, which summarize the effects of the use case; and a normal, error-free scenario comprising a sequence of steps performed by actors or by the system.A completely detailed use case specifies all possible variations of each step in the normal scenario, including both valid behaviors and errors. It also describes the possible scenarios that stem from the valid variations and from recoverable failures. If there is a sequence of steps common to several use cases, the sequence can be extracted out to form a subcase that can be called by a base use case like a procedure call. In the use-case diagram, we draw a dashed arrow from a base case to each of its subcases and annotate  these  arrows  with  stereotype <<include>> . 4 A  use  case  can  also  be appended with an extension subcase that adds functionality to the end of the use case. In the use-case diagram, we draw a dashed arrow from the extension subcase to the base  use  case  and  annotate  the  arrow  with  stereotype <<extend>> . Examples  of stereotypes are included in Figure 4.15.


[1]
[SECTION]: Capturing the Requirements > 4.5 Modeling Notations > Example: Use Cases
[CONTENT]: A UML use-case diagram (OMG 2003) is similar to a top-level data-flow diagram that depicts observable, user-initiated functionality in terms of interactions between the system and its environment.A large box represents the system boundary. Stick figures outside the box portray actors, both humans and systems, and each oval inside the box is a use  case  that  represents  some  major  required  functionality  and  its  variants. A  line between an actor and a use case indicates that the actor participates in the use case. Use cases are not meant to model all the tasks that the system should provide. Rather, they are used to specify user views of essential system behavior. As such, they model only system  functionality  that  can  be  initiated  by  some  actor  in  the  environment. For example, in Figure 4.15, key library uses include borrowing a book, returning a borrowed book, and paying a library fine.


[2]
[SECTION]: Capturing the Requirements > 4.5 Modeling Notations > Example: Use Cases
[CONTENT]: [FIGURE 4.15 Library use cases.] 
[FIGURE_DESCRIPTIONS]
[0] System diagram illustrating an interaction between a Patron and a Library Inventory within a bounded system. The left boundary contains two actors labeled Patron and Librarian, each connected to a large central process box that encompasses items such as pay fines, find item, return item, reserve item, overdue item, unreserve item, and recall item. The Patron connects to actions like pay fines (with an include relation to check fines) and find item (extend to borrow item) with dashed or solid lines indicating use-case relationships. The Library Inventory is shown on the right side, linked to the process box via a straight line, suggesting data flow or inventory access. Visual cues show a sequence of actions: pay fines, find item, borrow item, and return item, with include/extend relationships annotated as (include) or (extend). Text labels present inside ovals indicate these use-case names, while the left side shows the actor icons and names. The diagram emphasizes use-case relationships, system boundary, and the interaction between patrons/librarians and library inventory.



[3]
[SECTION]: Capturing the Requirements > 4.5 Modeling Notations > Example: UML Class Diagrams
[CONTENT]: UML also allows the specifier to designate attributes and operations as being associated  with  the  class  rather  than  with  instances  of  the  class. A class-scope  attribute , represented as an underlined attribute,is a data value that is shared by all instances of the class. In the library class diagram, the attributes reserve loan period and reserve fine rate are values that apply to all publications on reserve. Thus in this model, the librarian can set and modify the loan duration for classes of items (e.g., books, periodicals, items on reserve) but not for individual items. Similarly, a class-scope operation , written  as  an  underlined  operation, is  an  operation  performed  by  the  abstract  class, rather than by class instances, on a new instance or on the whole collection of instances; create() , search() , and delete() are common class-scope operations.


[4]
[SECTION]: Capturing the Requirements > 4.5 Modeling Notations
[CONTENT]: Throughout this section, we illustrate notations by using them to model aspects of the turnstile problem introduced earlier (Jackson and Zave 1995) and a library problem.The library needs to track its texts and other materials, its loan records, and information about its patrons. Popular items are placed on reserve , meaning that their loan periods are shorter than those of other books and materials, and that the penalty for returning them late is higher than the late penalty for returning unreserved items.


[5]
[SECTION]: Capturing the Requirements > 4.5 Modeling Notations > Example: UML Statechart Diagrams
[CONTENT]: (footnote: 3 The messy statechart also has a recall state that covers the case where a publication that is being put on reserve is on loan and needs to be recalled; this behavior cannot be modeled as a transition from onloan to reserveloan , because state reserveloan has a transition cancel (used to disallow a loan request if the Patron has outstanding fines) that would be inappropriate in this situation.This special case is modeled in Figure 4.9 by testing on entry (keyword entry is explained below) to state reserve whether the concurrent submachine is In state onloan and issuing a recall event if it is.)
[FIGURE_DESCRIPTIONS]
[0] Diagram labeled Publication presents a complex directed graph with multiple states and transitions among nodes including borrow(pattern), lose, reserve, recall, cancel, create, and self-referential actions. Central bottom node labeled by a circle acts as a join point for various transitions. Arrows indicate actions such as borrow, lose, reserve, recall, and cancel between top and bottom layers. Top-left and top-right clusters show parallel paths to and from the central node, with a thick curved boundary surrounding the entire flow labeled Publication. Labels along arrows include terms like borrowpatron, losepatron, reserve, recall, createpatron, self, and cancel, suggesting a library or publishing workflow with patron interactions. The diagram includes rounded rectangular process boxes with verbs and small text, and curved arrows denoting state changes, losses, and reversals. Overall, it illustrates state transitions and relationships among entities involved in publication lifecycle management.

","[
  {
    ""role"": ""sentence"",
    ""segment"": ""The extend relationships from the reserve item use case connect to recall item and unreserve item."",
    ""citations"": [
      {
        ""type"": ""source_text"",
        ""content"": ""recall item"",
        ""img_id"": null
      },
      {
        ""type"": ""source_text"",
        ""content"": ""unreserve item"",
        ""img_id"": null
      },
      {
        ""type"": ""img"",
        ""content"": null,
        ""img_id"": ""image_0_1""
      }
    ],
    ""type"": null
  }
]",The extend relationships from the reserve item use case connect to recall item and unreserve item.,1.755,9.853
"In the fault tree analyzing a security breach, what are the two specific basic events that must both occur (linked by an AND-gate) for an Illegal access granted condition to be met?","
[0]
[SECTION]: Designing the Architecture > 5.7 Architecture Evaluation And Refinement > Safety Analysis
[CONTENT]: For example, consider the fault tree presented in Figure 5.11.The tree shows that a security breach could occur either if a previous logout is not recognized (leaving the previous user logged in) or an unauthorized user gains access to the system. For the latter to happen, both of two basic events must happen: a valid user's password is exposed, and the password is not changed between the time of the exposure and the time an unauthorized user attempts to use it.
The concepts we have described can be applied to any system's hardware or software. The  challenge  is  to  identify  key  possible  failures, and  then  trace  backwards through the design, looking for data and computations that could contribute to the failure. Data-flow and control-flow graphs can help us trace through a design.As we saw in Chapter 4, a data-flow graph depicts the transfer of data from one process to another. The same ideas can be applied to an architectural design, to show what kinds of data flow among the design's software units. In this way, if one of the failures we are analyzing is data related, we can trace backwards through the data-flow graph to find the software  units  that  could  affect  the  data  and  thereby  cause  the  fault. Similarly, a control-flow graph depicts possible transfers of control among software units. When applied to a design, a control-flow graph can show how a control thread progresses from one unit to the next during execution. If we are analyzing a failure that is related to computation or to a quality attribute, we can trace backwards through the controlflow graph to find the software units involved in that computation.


[1]
[SECTION]: Designing the Architecture > 5.7 Architecture Evaluation And Refinement > Safety Analysis
[CONTENT]: Next, we build an upside-down tree whose root node is some failure that we want to analyze, and whose other nodes are events or faults that realize or lead to the root node's failure. The edges of the graph indicate the relationships among nodes. Parent nodes are drawn as logic gate operators: an and -gate if both of the child nodes' events must occur for the parent node's event to occur; an orgate if one child's event is sufficient to cause the parent's event. Sometimes, an edge is labeled n_of_m if the system includes m redundant components, where n faulty components lead to the designated failure. Each node represents an independent event; otherwise, the analysis results may be invalid, especially with respect to compound faults.


[2]
[SECTION]: Designing the Architecture > 5.7 Architecture Evaluation And Refinement > Safety Analysis
[CONTENT]: [FIGURE 5.11 Fault tree for a security breach.] 
[FIGURE_DESCRIPTIONS]
[0] A flowchart diagram illustrating security breach events and containment logic. At the top, a box labeled Security breach receives a Failure input from the left. The breach leads to an OR gate that splits into two branches labeled Either event leads to failure and Previous logout not recognized. The OR gate feeds into a box labeled Illegal access granted, which connects downward to an AND gate. The AND gate receives two inputs: Both events must occur to cause failure. From the AND gate, two ovals labeled Password exposed and Password not changed emerge, connected by lines to the AND, representing the two prerequisites. There is a note-like element on the right side stating Basic events. Overall, the diagram emphasizes conditional access failure due to password-related events and the requirement of multiple events to trigger a security breach, with visible text including Failure, Security breach, OR, AND, Illegal access granted, Password exposed, Password not changed, Basic events, Previous logout not recognized, Either event leads to failure, and dashed connectors.



[3]
[SECTION]: Designing the Architecture > 5.7 Architecture Evaluation And Refinement > Safety Analysis
[CONTENT]: Once  the  fault  tree  is  constructed, we  can  search  for  design  weaknesses. For example, we can derive another tree, called a cut-set tree , that reveals which event combinations can cause the failure. A cut-set tree is especially useful when the fault tree is complex and difficult to analyze by eye. The rules for forming the cut-set tree are as follows:
 - Assign the top node of the cut-set tree to match the logic gate at the top of the fault tree.
 - Working from the top down, expand the cut-set tree as follows:
 - Expand an or -gate node to have two children, one for each or -gate child.
 - Expand an and -gate node to have a child composition node listing both of the and -gate children.
 - Expand  a  composition  node  by  propagating  the  node  to  its  children, but expanding one of the gates listed in the node.
 - Continue until all leaf nodes are basic events or composition nodes of basic events.


[4]
[SECTION]: Designing the Architecture > 5.7 Architecture Evaluation And Refinement > Safety Analysis
[CONTENT]: The cut-set is the set of leaf nodes in the cut-set tree. For example, consider the fault tree on the left side of Figure 5.12. G1 is the top logic gate in the fault tree, and its or condition leads us to expand its corresponding node in the cut-set tree to have two child nodes, G2 and G3. In turn, G2 in the fault tree is composed of both G4 and G5,so G2 in the cut-set tree is expanded to have a composition child node with label {G4, G5}. Continuing in this manner, we end up with the cut-set {A1,A3}, {A1,A4}, {A2,A3}, {A2, A4}, {A4,A5}.The cut-set represents the set of minimal event combinations that could lead to the failure listed at the top of the cut-set tree.Thus, if any member of the cut-set is a singleton event set, {A i }, then the top failure could be caused by a single event, A i . Similarly, the  cut-set  element  {A i , A j }  means  that  the  top  failure  can  occur  if  both events A i and A j occur, and cut-set element {A i , A j , . . ., A n }  means that failure can occur only if all of the composite events occur.Thus, we have reasoned from a failure to all possible causes of it.


[5]
[SECTION]: Testing the Programs > 8.1 Software Faults And Failures
[CONTENT]:  - The specification may be wrong or have a missing requirement. The specification may not state exactly what the customer wants or needs. In our example, the customer may actually want to have several categories of authorization, with each category having a different kind of access, but has never stated that need explicitly.
 - The specification  may  contain  a  requirement  that  is  impossible  to  implement, given the prescribed hardware and software.
 - The system design may contain a fault. Perhaps the database and query-language designs make it impossible to authorize users.
 - The program design may contain a fault. The component descriptions may contain an access control algorithm that does not handle this case correctly.
 - The program code may be wrong. It may implement the algorithm improperly or incompletely.
Thus, the failure is the result of one or more faults in some aspect of the system.
","[
  {
    ""role"": ""sentence"",
    ""segment"": ""The two basic events are: a valid user's password is exposed, and the password is not changed between the time of the exposure and the time an unauthorized user attempts to use it."",
    ""citations"": [
      {
        ""type"": ""source_text"",
        ""content"": ""a valid user's password is exposed"",
        ""img_id"": null
      },
      {
        ""type"": ""source_text"",
        ""content"": ""the password is not changed between the time of the exposure and the time an unauthorized user attempts to use it"",
        ""img_id"": null
      }
    ],
    ""type"": null
  }
]","The two basic events are: a valid user's password is exposed, and the password is not changed between the time of the exposure and the time an unauthorized user attempts to use it.",1.465,6.253
"In the diagram illustrating the relationship between computer science and software engineering, what specific component directly connects SOFTWARE ENGINEERING to the Problem?","
[0]
[SECTION]: Why Software Engineering? > 1.1 What Is Software Engineering?
[CONTENT]: As software engineers, we use our knowledge of computers and computing to help solve problems. Often the problem with which we are dealing is related to a computer or an existing computer system, but sometimes the difficulties underlying the problem have nothing to do with computers.Therefore, it is essential that we first understand the nature of the problem. In particular, we must be very careful not to impose computing machinery or techniques on every problem that comes our way. We must solve the problem first. Then, if need be, we can use technology as a tool to implement our solution. For the remainder of this book, we assume that our analysis has shown that some kind of computer system is necessary or desirable to solve a particular problem at hand.


[1]
[SECTION]: Why Software Engineering? > 1.1 What Is Software Engineering? > Where Does the Software Engineer Fit In?
[CONTENT]: [FIGURE 1.3 The relationship between computer science and software engineering.] 
[FIGURE_DESCRIPTIONS]
[0] Flow diagram showing the relationship between theoretical computer science, customer problems, and software engineering. Top left box labeled 'COMPUTER SCIENCE' with downward arrow to hexagonal node 'Theories'. Top middle box labeled 'COMPUTER FUNCTIONS' with downward arrow to hexagonal node. Top right box labeled 'CUSTOMER' with downward arrow to hexagonal node 'Problem'. From each hexagonal node arrows converge downward to a central rectangular box labeled 'SOFTWARE ENGINEERING', which then points downward to a final hexagonal node labeled 'Tools and Techniques to Solve Problem'. Visual elements include boxed labels, hexagonal nodes for concepts, and arrows indicating flow and dependencies among theory, functions, and customer problems leading to engineering practices and applied tools.



[2]
[SECTION]: The Future of Software Engineering > 14.4 The Professionalization Of Software Engineering: Licensing, Certification, And Ethics > Software Engineering Education
[CONTENT]: As Table 14.6 shows, a software engineering program borrows from both computer science and engineering curricula. Computer science courses provide the technical  knowledge  and  expertise  needed  to  create  and  manipulate  software  artifacts: programming  principles; data  structures; algorithm  paradigms; programming  languages; grammars, parsing, and translation; concurrency and control structures; and the theoretical limits of computing. In addition, computer science and computer engineering courses cover key system components (e.g., computer architecture, operating system, middleware, networks)  and  key  software  components  (e.g., databases, user interfaces), and how the design and implementation of these components can affect the performance, usability, and quality of our software.


[3]
[SECTION]: Preface > xvi Preface
[CONTENT]: Wasserman's key factors that help define software engineering: abstraction, analysis and design methods and notations, modularity and architecture, software life cycle and process, reuse, measurement, tools and integrated environments, and user interface and prototyping. We discuss the difference between computer science and software engineering, explaining some of the major types of problems that can be encountered, and laying the groundwork for the rest of the book.We also explore the need to take a systems approach to building software, and we introduce the two common examples that will  be  used  in  every  chapter. It  is  here  that  we  introduce  the  context  for  the  term project.


[4]
[SECTION]: The Future of Software Engineering > 14.4 The Professionalization Of Software Engineering: Licensing, Certification, And Ethics > Software Engineering Education
[CONTENT]: As such, software engineering is more general, is more applied, and has a broader scope than computer science. At its core, computer science focuses on data, data transformation, and algorithms; advanced courses present designs and programming techniques for specific  application  domains. In  contrast, software  engineering  focuses  on building software products. It looks at all the activities involved in developing a software system from initial idea to final product. Moreover, software engineering design concepts tend  to  focus  on  general-purpose  design  principles, patterns, and  criteria; advanced courses present design and analysis techniques that scale to large software systems.
Although it is tempting to try to classify software engineering as just another branch of engineering, this 'natural' mapping has a fatal flaw: whereas most engineers produce physical artifacts that are deployed in the real world and obey physical laws, software engineers produce software artifacts that are deployed on computers (which are artificial  worlds)  and  obey  the  laws  and  limits  of  computing. Most  noticeably, a physical artifact has continuous behavior, which means that we can test the product in one situation and extrapolate how it will behave in related situations. Software artifacts cannot  exhibit  continuous  behavior, which  means  that  similar  inputs  may  result  in wildly  different  output  values. Also, software  is  implemented  using  discrete-valued variables, and  the  imprecision  introduced  by  such  variables  can  accumulate  in  long computations.'Off by one' errors in other engineering disciplines are inconsequential, but such errors in software are disastrous. Thus, many of the traditional modeling and evaluation techniques in the engineer's standard toolkit are inappropriate for software. Software's flexibility and malleability belie its complexity; even small changes can have large effects, so design and testing are often far more difficult than in other engineering domains.


[5]
[SECTION]: Why Software Engineering? > 1.1 What Is Software Engineering? > Solving Problems
[CONTENT]: Most problems are large and sometimes tricky to handle, especially if they represent something new that has never been solved before. So we must begin investigating a problem by analyzing it, that is, by breaking it into pieces that we can understand and try to deal with. We can thus describe the larger problem as a collection of small problems and their interrelationships. Figure 1.1 illustrates how analysis works. It is important  to  remember  that  the  relationships  (the  arrows  in  the  figure, and  the  relative positions of the subproblems) are as essential as the subproblems themselves. Sometimes, it is the relationships that hold the clue to how to solve the larger problem, rather than simply the nature of the subproblems.
","[
  {
    ""role"": ""sentence"",
    ""segment"": ""Tools and Techniques to Solve Problem."",
    ""citations"": [
      {
        ""type"": ""img"",
        ""content"": null,
        ""img_id"": ""img0_se_theory_practice.pdf__chunk_144_144_54""
      }
    ],
    ""type"": null
  }
]",Tools and Techniques to Solve Problem.,1.506,8.466
"In the structure of software development model by Abdel-Hamid, what specific components fall under the HUMAN RESOURCE MANAGEMENT category?","
[0]
[SECTION]: Modeling the Process and Life Cycle > 2.3 Tools And Techniques For Process Modeling > Dynamic Modeling: System Dynamics
[CONTENT]: [FIGURE 2.14 Structure of software development (Abdel-Hamid 1996).] 
[FIGURE_DESCRIPTIONS]
[0] Diagrammatic representation of a theory-practice interface in software production and human resource management. The image is divided into four labeled regions: SOFTWARE PRODUCTION, HUMAN RESOURCE MANAGEMENT, PLANNING, and CONTROL, with dashed boundary ellipses connecting areas. In SOFTWARE PRODUCTION, elements include Process issues, Error detection and tracing, Quality assurance effort, Software development, Actual productivity, Potential productivity, and Learning; arrows indicate relationships between these factors. In HUMAN RESOURCE MANAGEMENT, elements show Hire rate, Turnover rate, Workforce experience mix, and Workforce; arrows depict how these factors interact to affect perceived productivity and staffing dynamics. In PLANNING, components include Schedule pressure, Workload level perceived, Schedule completion date, Adjustments to workforce and schedule, Forecasted completion date, and Learning loops; arrows illustrate feedback affecting planning accuracy and adaptability. In CONTROL, terms such as Perceived productivity, Project tasks perceived completion, Effort perceived still needed, and Perceived project status are connected, highlighting the monitoring and feedback loops between planning, production, and HR. The diagram uses dashed ellipses to group concepts with intersecting flows across domains, emphasizing the interplay between technical processes and human factors in software project management.



[1]
[SECTION]: Modeling the Process and Life Cycle > 2.3 Tools And Techniques For Process Modeling > Dynamic Modeling: System Dynamics
[CONTENT]: A system dynamics model can be extensive and complex. For example, AbdelHamid's software development model contains more than 100 causal links; Figure 2.14 shows an overview of the relationships he defined. He defined four major areas that affect productivity: software production, human resource management, planning, and control. Production  includes  issues  of  quality  assurance, learning, and  development rate. Human  resources  address  hiring, turnover, and  experience. Planning  concerns schedules and the pressures they cause, and control addresses progress measurement and the effort required to finish the project.
Because the number of links can be quite large, system dynamics models are supported by software that captures both the links and their quantitative descriptions and then simulates the overall process or some subprocess.
The power of system dynamics is impressive, but this method should be used with caution. The simulated results depend on the quantified relationships, which are often heuristic or vague, not clearly based on empirical research. However, as we will see in later  chapters, a  historical  database  of  measurement  information  about  the  various aspects of development can help us gain confidence in our understanding of relationships, and thus in the results of dynamic models.


[2]
[SECTION]: Improving Predictions, Products, Processes, and Resources > 13.4 Improving Resources > SIDEBAR 13.5 VIEWING USERS AS A RESOURCE
[CONTENT]: Abdel-Hamid (1990) uses systems dynamics models to investigate the effects of schedule compression. He notes that project scheduling is a continuous process; the project manager revises the schedule as more is known about a project. Thus, the final cost and completion time depend on an initial estimate and how realistic it is, and also on how resources are adjusted to address the initial estimate.
Abdel-Hamid (1990) applied his models to data from NASA Goddard Space Flight Center, looking at the effects of management's policies on project cost and on completion time.For example,Figure 13.11 shows the effect of two different hypothetical policies on the number of person-days to finish the project.The first policy, represented by circles, assumes that management will always adjust the workforce to the level necessary to keep the project on schedule.The second policy, represented by squares, eliminates  the  pressure  of  a  maximum  tolerable  completion  date. That  is, schedule difficulties are addressed by extending the schedule, not by adjusting the workforce level. The trade-off behaviors are significantly different, and Abdel-Hamid's models help managers decide which policies to implement.


[3]
[SECTION]: Annotated Bibliography
[CONTENT]:  - Abdel-Ghaly,A.A., P.Y. Chan, and B. Littlewood (1986).'Evaluation of competing software reliability predictions.' IEEE Transactions on Software Engineering , SE 12(9): 950-967.
Analyzes several reliability models. Introduces the notions of u -plots, prequential likeli-
 - hood, noise.
 - Abdel-Hamid, Tarek  (1989). 'The  dynamics  of  software  project  staffing: A  system  dynamics based simulated approach.' IEEE Transactions on Software Engineering , 15(2) (February): 109-119.
Uses system dynamics models to simulate the effects of different staffing levels on a software development project.
 - --- (1990).'Investigating the cost/schedule trade-off in software development.' IEEE Software , 7(1): 97-105, January.
 - --- (1996). 'The slippery path to productivity improvement.' IEEE Software , 13(4) (July): 43-52.
Suggests the use of systems dynamics to optimize resource use in software development projects.
 - Abdel-Hamid, Tarek, and  Stuart  Madnick  (1991). Software  Project  Dynamics: An  Integrated Approach . Englewood Cliffs, NJ: Prentice Hall.
Contains extensive system dynamics models of the software development process.
 - Ackerman, F., L.S. Buchwald, and F.H. Lewski (1986).'Software inspections:An effective verification process.' IEEE Software , 6(3) (May): 31-36.


[4]
[SECTION]: Modeling the Process and Life Cycle > 2.3 Tools And Techniques For Process Modeling > Dynamic Modeling: System Dynamics
[CONTENT]: To see how system dynamics works, consider how the software development process affects productivity. We can build a descriptive model of the various activities that involve developers' time and then look at how changes in the model increase or decrease the time it takes to design, write, and test the code. First, we must determine which factors affect  overall  productivity. Figure  2.13 depicts Abdel-Hamid's understanding of these factors. The arrows indicate how changes in one factor affect changes in another. For example,if the fraction of experienced staff increases from one-quarter to one-half of the people assigned to the project, then we would expect the average potential productivity to increase, too. Similarly, the larger the staff (reflected in staff size), the more time is devoted to communication among project members (communication overhead).
","[
  {
    ""role"": ""sentence"",
    ""segment"": ""Under Human Resource Management: hiring, turnover, and experience."",
    ""citations"": [
      {
        ""type"": ""source_text"",
        ""content"": ""Human resources address hiring, turnover, and experience."",
        ""img_id"": ""img0_se_theory_practice.pdf__chunk_658_658_228""
      }
      ,
      {
        ""type"": ""img"",
        ""content"": null,
        ""img_id"": ""img0_se_theory_practice.pdf__chunk_658_658_228""
      }
    ],
    ""type"": null
  }
]","Under Human Resource Management: hiring, turnover, and experience.",1.682,10.447
"In the three-tiered client-server architecture diagram, what specific software components are contained within the Client Presentation tier?","
[0]
[SECTION]: Designing the Architecture > 5.4 Architectural Styles And Strategies > Peer-to-Peer
[CONTENT]: [FIGURE 5.7 Three-tiered client-server architecture.] 
The best known P2P architectures are file-sharing networks, such as Napster and Freenet, in which the components provide similar services to each other. What differs among components are the data each component stores locally.Thus, the system's data are distributed among the components; whenever a component needs information not stored locally, it retrieves it from a peer component.
P2P networks are attractive because they scale up well. Although each added component increases demands on the system in the form of additional requests, it also increases the system's capabilities, in the form of new or replicated data and as additional server capacity. P2P networks are also highly tolerant of component and network failures, because data are replicated and distributed over multiple peers. Sidebar 5.4 describes the pros and cons of Napster's P2P architecture.


[1]
[SECTION]: Designing the Architecture > 5.4 Architectural Styles And Strategies > SIDEBAR 5.3 THE WORLD CUP CLIENT-SERVER SYSTEM
[CONTENT]: know nothing about which, or even how many, clients they serve. Clients initiate communications by issuing a request , such as a message or a remote-procedure call, and servers respond by fulfilling the request and replying with a result. Normally, servers are passive components that simply react to clients' requests, but in some cases, a server may initiate actions on behalf of its clients. For example, a client may send the server an executable function, called a callback , which the server subsequently calls under specific circumstances. Sidebar 5.3 describes a system implemented using the client-server style.
Because this architectural style separates client code and server code into different components, it is possible to improve system performance by shuffling the components among computer processes. For example, client code might execute locally on a user's personal computer or might execute remotely on a more powerful server computer. In a multitier system, like the example shown in Figure 5.7, servers are structured hierarchically into application-specific servers (the middle tiers) that in turn use servers offering more generic services (the bottom tier) (Clements et al. 2003). This architecture improves the system's modularity and gives designers more flexibility in assigning activities to processes. Moreover, the client-server style supports reuse, in that servers providing common services may be useful in multiple applications.


[2]
[SECTION]: Designing the Architecture > 5.4 Architectural Styles And Strategies > Client-Server
[CONTENT]: In  a  client-server  architecture, the  design  is  divided  into  two  types  of  components: clients and servers. Server components offer services, and clients access them using a request/reply protocol . The components execute concurrently and are usually distributed across several computers. There may be one centralized server, several replicated servers distributed over several machines, or several distinct servers each offering a different set of services.The relationship between clients and servers is asymmetric: Clients know the identities  of  the  servers  from  which  they  request  information, but  servers


[3]
[SECTION]: Designing the Architecture > 5.11 Information Systems Example
[CONTENT]: So, what might be a suitable software architecture for the Piccadilly system? Certainly a key component would be the repository of information that needs to be maintained about television programs, program scheduling, commercial spots, agreements, and so on.In addition, the system should be able to process multiple heterogeneous queries on this information, in parallel, so that the information can be kept up-to-date and can be used to make important decisions about future commercial campaigns.
A typical reference architecture for an information or business-processing system is an n-tiered client-server architecture (Morgan 2002). Such an architecture for our Piccadilly system is depicted in Figure 5.19. The bottom layer is a data server that simply maintains all the information that Piccadilly must track for its own business as well as information about its competitors.The application programming interface (API) for this layer is likely to consist of basic queries and updates on these data.The middle layer consists of application services that provide richer, more application-specific queries and updates on the lower-level data.An example of an application-specific query might be to find all television programs that air at the same time as some Piccadilly program.The top layer of the architecture consists of the user interfaces through which Piccadilly's managers, accountants, television-programming specialists, and sales force use the information system.


[4]
[SECTION]: Designing the Modules > 6.9 Information Systems Example
[CONTENT]: We saw in Chapter 5 how to structure the architecture of the Piccadilly system as a client-server system. But that design considered only the initial decomposition of the system into its major components. Now we need more detail about the individual components, so that programmers can implement the elements of the architecture as code. For example, the design needs more information about how to handle situations in which programs are on at similar but not identical times. For instance, a Piccadilly program that is televised from 9 PM to 10:30 PM may overlap with programs that air from 8 PM to 10 PM and from 10 PM to 11 PM. We must also decide how to handle faults; in this case, the Opposition schedule may contain an invalid date, such as February 31, or an invalid time, such as 2900 hours. Our lowest level of detail should include module interface specifications, so that programmers can be assigned to code and test individual modules. Nevertheless, this example shows that we must consider and combine a variety of complementary design techniques to formulate a solution that meets all of the customer's needs.


[5]
[SECTION]: Designing the Architecture > 5.11 Information Systems Example
[CONTENT]: In addition to the high-level architecture of the system, we also need to provide some details about each of the components. For example, we need to describe the data and relationships that the data server is to maintain, the application services that the application layer is to maintain, and the user interfaces that the presentation layer is to provide. The domain model that we created in Chapter 4, as part of our elaboration of the system's requirements, can form the basis of the data model for the data server.The model is reproduced in Figure 5.20. We augment this model with additional concepts and relationships that arise as we work out the details of the application services. For example, a high-level description of the query to find the television programs that are aired at the same time as Piccadilly programs might look like the following:
","[
    {
        ""role"": ""sentence"",
        ""segment"": ""The top layer of the architecture consists of the user interfaces through which Piccadilly's managers, accountants, television-programming specialists, and sales force use the information system."",
        ""citations"": [
            {
                ""type"": ""source_text"",
                ""content"": ""The top layer of the architecture consists of the user interfaces through which Piccadilly's managers, accountants, television-programming specialists, and sales force use the information system."",
                ""img_id"": null
            }
        ],
        ""type"": null
    }
]","The top layer of the architecture consists of the user interfaces through which Piccadilly's managers, accountants, television-programming specialists, and sales force use the information system.",1.327,9.151
"In the Enrollment Management model used during Digital's Alpha AXP program, what are the four specific sub-elements or factors listed under the COMMITMENT DELEGATION quadrant?","
[0]
[SECTION]: Planning and Managing the Project > 3.6 Process Models And Project Management > Enrollment Management
[CONTENT]: Digital Equipment Corporation spent many years developing its Alpha AXP system, a new system architecture and associated products that formed the largest project in Digital's history. The software portion of the effort involved four operating systems and 22 software engineering groups, whose roles included designing migration tools, network systems, compilers, databases, integration frameworks, and applications. Unlike many other development projects, the major problems with Alpha involved reaching milestones too early! Thus, it is instructive to look at how the project was managed and what effects the management process had on the final product.
During the course of development, the project managers developed a model that incorporated four tenets, called the Enrollment Management model:
 - establishing an appropriately large shared vision
 - delegating completely and eliciting specific commitments from participants
 - inspecting vigorously and providing supportive feedback
 - acknowledging every advance and learning as the program progressed (Conklin 1996)


[1]
[SECTION]: Planning and Managing the Project > 3.6 Process Models And Project Management > Enrollment Management
[CONTENT]:  - critical path events in the past month
 - activities along the critical path in the next month
 - issues and dependencies resolved
 - issues and dependencies not resolved (with ownership and due dates)
An important aspect of Alpha's success was the managers' realization that engineers  are  usually  motivated  more  by  recognition  than  by  financial  gain. Instead  of rewarding participants with money, they focused on announcing progress and on making sure that the public knew how much the managers appreciated the engineers' work.
The result of Alpha's flexible and focused management was a program that met its  schedule to the month, despite setbacks along the way. Enrollment management enabled small groups to recognize their potential problems early and take steps to handle them while the problems were small and localized. Constancy of purpose was combined with continual learning to produce an exceptional product. Alpha met its performance goals, and its quality was reported to be very high.


[2]
[SECTION]: Planning and Managing the Project > 3.6 Process Models And Project Management
[CONTENT]: We have seen how different aspects of a project can affect the effort, cost, and schedule required, as well as the risks involved. Managers most successful at building quality products on time and within budget are those who tailor the project management techniques to the particular characteristics of the resources needed, the chosen process, and the people assigned.
To understand what to do on your next project, it is useful to examine project management techniques used by successful projects from the recent past. In this section, we look at two projects: Digital's Alpha AXP program and the F-16 aircraft software.We also investigate the merging of process and project management.


[3]
[SECTION]: Planning and Managing the Project > 3.6 Process Models And Project Management > Enrollment Management
[CONTENT]: The simplicity of the model and organization does not mean that managing the Alpha program was simple. Several cusps threatened the project and were dealt with in a variety of ways. For example, management was unable to produce an overall plan, and project managers had difficulty coping.At the same time, technical leaders were generating unacceptably large design documents that were difficult to understand. To gain control, the Alpha program managers needed a programwide work plan that illustrated the order in which each contributing task was to be done and how it coordinated with the other tasks.They created a master plan based only on the critical program componentsthose things that were critical to business success.The plan was restricted to a single page, so that the participants could see the 'big picture,'without complexity or detail.Similarly, one-page descriptions of designs, schedules, and other key items enabled project participants to have a global picture of what to do, and when and how to do it.
Another cusp occurred when a critical task was announced to be several months behind schedule.The management addressed this problem by instituting regular operational  inspections  of  progress  so  there  would  be  no  more  surprises. The  inspection involved presentation of a one-page report, itemizing key points about the project:
 - schedule
 - milestones


[4]
[SECTION]: Planning and Managing the Project > 3.6 Process Models And Project Management > Enrollment Management
[CONTENT]: Figure  3.17 illustrates  the  model. Vision  was  used  to 'enroll' the  related  programs, so they all shared common goals. Each group or subgroup of the project defined its own objectives in terms of the global ones stated for the project, including the company's  business  goals. Next, as  managers  developed  plans, they  delegated  tasks  to groups, soliciting comments and commitments about the content of each task and the schedule constraints imposed. Each required result was measurable and identified with a particular owner who was held accountable for delivery. The owner may not have been the person doing the actual work; rather, he or she was the person responsible for getting the work done.
Managers continually inspected the project to make sure that delivery would be on time. Project team members were asked to identify risks, and when a risk threatened to  keep  the  team  from  meeting  its  commitments, the  project  manager  declared  the project to be a 'cusp': a critical event. Such a declaration meant that team members were ready to make substantial changes to help move the project forward. For each project step, the managers acknowledged progress both personally and publicly. They recorded what had been learned and they asked team members how things could be improved the next time.


[5]
[SECTION]: Planning and Managing the Project > 3.6 Process Models And Project Management > Anchoring Milestones
[CONTENT]: In  Chapter  2, we  examined  many  process  models  that  described  how  the  technical activities of software development should progress. Then, in this chapter, we looked at several methods to organize projects to perform those activities. The Alpha AXP and F-16 examples have shown us that project management must be tightly integrated with the  development  process, not  just  for  tracking  progress, but, more  importantly, for effective  planning  and  decision  making  to  prevent  major  problems  from  derailing the project. Boehm  (1996)  has  identified  three  milestones  common  to  all  software development processes that can serve as a basis for both technical process and project management:
 - life-cycle objectives
 - life-cycle architecture
 - initial operational capability We can examine each milestone in more detail.
","[
    {
        ""role"": ""sentence"",
        ""segment"": ""The four sub-elements are: - establishing an appropriately large shared vision - delegating completely and eliciting specific commitments from participants - inspecting vigorously and providing supportive feedback - acknowledging every advance and learning as the program progressed (Conklin 1996)"",
        ""citations"": [
            {
                ""type"": ""source_text"",
                ""content"": "" - establishing an appropriately large shared vision\n - delegating completely and eliciting specific commitments from participants\n - inspecting vigorously and providing supportive feedback\n - acknowledging every advance and learning as the program progressed (Conklin 1996)"",
                ""img_id"": null
            }
        ],
        ""type"": null
    }
]",The four sub-elements are: - establishing an appropriately large shared vision - delegating completely and eliciting specific commitments from participants - inspecting vigorously and providing supportive feedback - acknowledging every advance and learning as the program progressed (Conklin 1996),1.165,8.254
"According to the decision table for library functions, if the input conditions are that the event is reserve and the item is out on loan, what are the exact three actions that must be performed?","
[0]
[SECTION]: Capturing the Requirements > 4.5 Modeling Notations > Example: Decision Tables
[CONTENT]: A decision table (Hurley 1983) is a tabular representation of a functional specification that maps events and conditions to appropriate responses or actions. We say that the specification  is informal because  the  inputs  (events  and  conditions)  and  outputs (actions) may be expressed in natural language, as mathematical expressions, or both.
Figure 4.16 shows a decision table for the library functions borrow , return , reserve , and unreserve . All of the possible input events (i.e., function invocations), conditions, and actions are listed along the left side of the table, with the input events and conditions listed above the horizontal line and the actions listed below the line. Each  column  represents  a  rule  that  maps  a  set  of  conditions  to  its  corresponding result(s). An entry of 'T' in a cell means that the row's input condition is true, 'F' means that the input condition is false, and a dash indicates that the value of the condition does not matter. An entry of 'X' at the bottom of the table means that the row's action should be performed whenever its corresponding input conditions hold. Thus, column 1 represents the situation where a library patron wants to borrow a book, the book is not already out on loan, and the patron has no outstanding fine; in this situation, the loan is approved and a due date is calculated. Similarly, column 7 illustrates the case where there is a request to put a book on reserve but the book is currently out on loan; in this case, the book is recalled and the due date is recalculated to reflect the recall.


[1]
[SECTION]: Capturing the Requirements > 4.5 Modeling Notations > Example: UML Statechart Diagrams
[CONTENT]: A superstate can actually comprise multiple concurrent submachines, separated by dashed lines.The UML statechart for Publication includes two submachines:one that indicates  whether  or  not  the  publication  is  out  on  loan, and  another  that  indicates whether  or  not  the  publication  is  on  reserve. The  submachines  are  said  to  operate concurrently , in that a Publication instance could at any time receive and respond to events of interest to either or both submachines. In general, concurrent submachines are used  to  model  separate, unrelated  subbehaviors, making  it  easier  to  understand  and consider each subbehavior. An equivalent statechart for Publication in Figure 4.10 that does not make use of state hierarchy or concurrency is comparatively messy and repetitive. Note  that  this  messy  statechart  has  a  state  for  each  combination  of  states from Figure 4.9 ( stacks = Publication is in library and not on reserve, onloan = Publication is on loan and not on reserve, etc.). 3 State transitions are labeled with their enabling events and conditions and with their side effects.Transition labels have syntax where  the  triggering event is  a  message  that  may  carry  parameters. The  enabling condition , delimited by square brackets, is a predicate on the object's attribute values. If the transition is taken, its actions , each prefaced with a slash (/), specify assignments made to the object's attributes; the asterisk indicates that a transition may have arbitrarily  many  actions. If  the  transition  is  taken, it  may  generate  arbitrarily  many output events , /^Object.event , each prefaced with a caret an output event may carry parameters and is either designated for a target Object or is broadcast to all objects. For example, in the messy Publication statechart (Figure 4.10), the transition to state recall is enabled if the publication is in state onloan when a request to put the item on reserve is received.When the transition is taken, it sends an event to the Loan object, which in turn will notify the borrower that the item must be returned to the library sooner than the loan's due date. Each of the transition-label elements is optional. For example, a transition need not be enabled by an input event; it could be enabled  only  by  a  condition  or  by  nothing, in  which  case  the  transition  is  always enabled. 1 ¿ 2 ; ' '*''


[2]
[SECTION]: Capturing the Requirements > 4.5 Modeling Notations > SIDEBAR 4.5 GROUND REQUIREMENTS IN THE REAL WORLD
[CONTENT]: The top section of an operation schema indicates whether the operation modifies ( D ) or simply queries ( X ) the system state, and identifies the inputs (?) and outputs (!) of the operation. The bottom section of an operation schema specifies the operation's pre-conditions  and  post-conditions. In  operations  that  modify  the  system  state, unprimed variables represent variable values before the operation is performed, and primed variables represent values following the operation. For example, the input to operation Buy is a new library Item , and the pre-condition specifies that the Item not already be in the library Catalogue . The post-conditions update the Catalogue to include the new Item , and specify that the other library variables do not change value (e.g., the updated value Fine equals the old value Fine ). Operation Return is more complicated. It takes as input the library Item being returned, the Patron who borrowed the Item , and the Date of the return. The post-conditions remove the returned item from variables Borrowers and DueDates ; these updates use Z symbol y , 'domain subtraction,' to return a submapping of their pre-operation values, excluding any element whose domain value is the Item being returned.The next two post-conditions are updates to variable Fines , conditioned on whether the Patron incurs an overdue fine for returning the Item later than the loan's due date.These updates use symbol å , which 'maps' a domain value 'to' a range value, and symbol ± which 'overrides' a function mapping, usually with a new 'maps-to' element. Thus, if today's date is later than the returned Item's DueDate , then the Patron's Fine is overridden with a new value that reflects the old fine value plus the new overdue fine. The last two post-conditions specify that the values of variables Catalogue and OnReserve do not change. ¿


[3]
[SECTION]: Capturing the Requirements > 4.5 Modeling Notations > SIDEBAR 4.5 GROUND REQUIREMENTS IN THE REAL WORLD
[CONTENT]: declared  as  powersets  ( P )  of Items ; these  declarations  mean  that  the  values  of Catalogue and OnReserve can change during execution to be any subset of Items . The  schema  also  declares  partial  mappings  ( ß )  that  record  the Borrowers and DueDates for the subset of Items that are out on loan, and record Fines for the subset of Patrons who have outstanding fines.The domain ( dom ) of a partial mapping is the subset of entities currently being mapped; hence, we assert that the subset of items out  on  loan  should  be  exactly  the  subset  of  items  that  have  due  dates. The InitLibrary scheme initializes all of the variables to be empty sets and functions.All of the remaining schemas correspond to library operations.
","[
  {
    ""role"": ""paragraph"",
    ""segment"": ""The chatbot can't answer this question. Please try again with another question."",
    ""citations"": [],
    ""type"": ""abstained""
  }
]",The chatbot can't answer this question. Please try again with another question.,1.581,97.738
"In the data-module solution architecture for KWIC, what are the four specific data access operations (represented as an annotated arrow) used by the Master control module to interact with the Index module?","
[0]
[SECTION]: Designing the Architecture > 5.7 Architecture Evaluation And Refinement > Trade-off Analysis
[CONTENT]: [FIGURE 5.14 Data-module solution for KWIC (Shaw and Garlan 1996).] 
Instead, Garlan, Kaiser, and  Notkin  (1992)  propose  a  third  design, shown  in Figure 5.15, in which the data are stored in ADTs that manage generic data types, such as  lines  of  text  and  sets  of  indices, rather  than  in  KWIC-based  data  abstractions. Because ADTs are generic, they are even more reusable than data abstractions. Moreover, the data and operations on data are encapsulated in the ADT modules, so changes to data representation are confined to these modules. This design resembles the first design, in that the system's functionality is decomposed and modularized into computational modules. However, in this design, many of the computational modules are triggered by the occurrence of events rather than by explicit procedure invocation. For example, the circular-shift module is activated whenever a new line of text is input.The design can be easily extended, via new computational modules whose methods are triggered by system events; existing modules do not need to be modified to integrate the new modules into the system.
[FIGURE_DESCRIPTIONS]
[0] Diagram illustrating a master control architecture with labeled blocks and connecting arrows. At top, a central node labeled Master control routes signals to Input, Output, and an Alphabetized index/advisor section. Left side shows an Input medium feeding into a vertical stack of components with labels such as Text, Index, and other indexed blocks; right side shows an Output block receiving from the master control. A legend in the upper left corner defines two line styles: solid arrows for Subprogram call and dashed lines for System I/O. The bottom area displays a sequence of smaller boxed modules connected by arrows, each box containing tiny labels that appear to indicate subcomponents like Input, Text, Index, and Alphabetized index. Arrows indicate data flow from master control to subsystems and back, forming a feedback loop. The overall layout resembles a schematic for a retrieval or indexing system with distinct Input, Alphabetized Index, and Output modules.



[1]
[SECTION]: Designing the Architecture > 5.7 Architecture Evaluation And Refinement > Trade-off Analysis
[CONTENT]: Such  systems  are  used  to  index  text, supporting  rapid  searching  for  keywords. For example, KWIC is used in electronic library catalogues (e.g., find all titles that contain the  name 'Martin Luther King Jr.') and in online help systems (e.g., find all index entries that contain the word 'customize').
Shaw and Garlan (1996) present four different architectural designs to implement KWIC: repository, data abstraction, implicit invocation (a type of publish-subscribe), and pipe-and-filter. The  repository-based  solution, shown  in  Figure  5.13, breaks  the problem into its four primary functions: input, circular shift, alphabetize, and output. Thus, the system's functionality is decomposed and modularized. These four modules are coordinated by a master program that calls them in sequence. Because the data are localized in their own modules, and not replicated or passed among the computational modules, the design is efficient. However, as Parnas points out, this design is difficult to change. Because the computational modules access and manipulate the data directly, via read and write operations, any change to the data and data format will affect all modules.Also, none of the elements in the design are particularly reusable.


[2]
[SECTION]: Designing the Architecture > 5.7 Architecture Evaluation And Refinement > Trade-off Analysis
[CONTENT]: [FIGURE 5.13 Shared-data solution for KWIC (Shaw and Garlan 1996).] 
[FIGURE_DESCRIPTIONS]
[0] Diagram shows a high-level architecture with blocks and labeled arrows. Top row contains Master control, Input, Circular shift, Alphabetizer, and Output blocks connected by bidirectional and directional arrows, indicating control and data flow. A key in the upper left defines symbols: Direct memory access, Subprogram call, and System I/O. Text labels within interconnected flow include Text, Index, Alphabetized index, and Input medium beneath Input, as well as Output medium under Output. The components appear to form a data processing pipeline where input is processed through circular shift and alphabetization stages, producing an indexed alphabetized output. Arrows indicate control signals and data movement between blocks; some arrows are solid, others dashed to denote different types of operation per the key. The diagram emphasizes flow control, data transformation, and indexing in a text processing context.



[3]
[SECTION]: Designing the Architecture > 5.7 Architecture Evaluation And Refinement > Trade-off Analysis
[CONTENT]: [FIGURE 5.15 ADT solution for KWIC (Shaw and Garlan 1996).] 
[FIGURE_DESCRIPTIONS]
[0] Technical diagram illustrating a sequential processing system with labeled blocks and flow arrows. Central components include an Input medium feeding into a multi-stage pipeline consisting of Circular shift, Alphabetizer, and Output modules. The diagram shows a Master control at the top coordinating control signals, and a feedback path indicated by solid and dashed lines. Key visual elements include a grid of vertical lines representing lines and a set of labeled stacks on the left and right side of the Alphabetizer, each with text such as 'Input', 'Output', 'Lines', and 'Index'. A legend in the upper left defines line styles for 'Implicit invocation', 'Subprogram call', and 'System I/O'. Readable text includes 'Input', 'Circular shift', 'Alphabetizer', 'Output', 'Master control', and 'Line' markers. The diagram conveys data flow and control flow between modules, with arrows indicating the direction of processing and a modular architecture suitable for illustrating a theory-practice relationship in computation or programming systems.

","[
  {
    ""role"": ""paragraph"",
    ""segment"": ""The chatbot can't answer this question. Please try again with another question."",
    ""citations"": [],
    ""type"": ""abstained""
  }
]",The chatbot can't answer this question. Please try again with another question.,1.246,14.552
"How does the chronological relationship between errors, faults, and failures described in Chapter 1 fundamentally differ from the analytical direction used when constructing a fault-tree analysis as described in Chapter 5? -Required source types: both -Brief reasoning type label: comparison","
[0]
[SECTION]: Why Software Engineering? > 1.2 How Successful Have We Been?
[CONTENT]: There is an enormous difference between an error in a class project and one in a large software system. In fact, software faults and the difficulty in producing fault-free software are frequently discussed in the literature  and  in  the  hallways. Some  faults are merely annoying; others cost a great deal of time and money. Still others are lifethreatening. Sidebar 1.1 explains the relationships among faults, errors, and failures. Let us look at a few examples of failures to see what is going wrong and why.


[1]
[SECTION]: Designing the Architecture > 5.7 Architecture Evaluation And Refinement > Safety Analysis
[CONTENT]: We learned earlier about the importance of fault identification, correction, and tolerance in creating reliable and robust designs.There are several techniques that can be used during design to identify possible faults or their likely locations. Fault-tree analysis , a method originally  developed  for  the  U.S. Minuteman  missile  program, helps  us  to  examine  a design and look for faults that might lead to failure.We build fault trees that trace backwards through a design, along the logical path from effect to cause. The trees are then used to help us decide which faults to correct or avoid, and which faults to tolerate.
We begin our analysis by identifying possible failures.Although our identification takes place during design, we consider failures that might be affected by design, operation, or even maintenance. We can use a set of guidewords to help us understand how the system might deviate from its intended behavior. Table 5.1 illustrates some of the guidewords  that  might  be  used; you  can  select  your  own  guidewords  or  checklists, based on your system's application domain.


[2]
[SECTION]: Designing the Architecture > 5.7 Architecture Evaluation And Refinement > Safety Analysis
[CONTENT]: For example, consider the fault tree presented in Figure 5.11.The tree shows that a security breach could occur either if a previous logout is not recognized (leaving the previous user logged in) or an unauthorized user gains access to the system. For the latter to happen, both of two basic events must happen: a valid user's password is exposed, and the password is not changed between the time of the exposure and the time an unauthorized user attempts to use it.
The concepts we have described can be applied to any system's hardware or software. The  challenge  is  to  identify  key  possible  failures, and  then  trace  backwards through the design, looking for data and computations that could contribute to the failure. Data-flow and control-flow graphs can help us trace through a design.As we saw in Chapter 4, a data-flow graph depicts the transfer of data from one process to another. The same ideas can be applied to an architectural design, to show what kinds of data flow among the design's software units. In this way, if one of the failures we are analyzing is data related, we can trace backwards through the data-flow graph to find the software  units  that  could  affect  the  data  and  thereby  cause  the  fault. Similarly, a control-flow graph depicts possible transfers of control among software units. When applied to a design, a control-flow graph can show how a control thread progresses from one unit to the next during execution. If we are analyzing a failure that is related to computation or to a quality attribute, we can trace backwards through the controlflow graph to find the software units involved in that computation.


[3]
[SECTION]: Testing the Programs > 8.1 Software Faults And Failures > Types of Faults
[CONTENT]: After coding the program components, we usually examine the code to spot faults and eliminate them right away. When no obvious faults exist, we then test our program to see if we can isolate more faults by creating conditions where the code does not react as planned.Thus, it is important to know what kind of faults we are seeking.
An algorithmic fault occurs when a component's algorithm or logic does not produce the proper output for a given input because something is wrong with the processing steps. These faults are sometimes easy to spot just by reading through the program (called desk checking ) or by submitting input data from each of the different classes of data that we expect the program to receive during its regular working.Typical algorithmic faults include When checking for algorithmic faults, we may also look for syntax faults . Here, we want to be sure that we have properly used the constructs of the programming language. Sometimes, the  presence  of  a  seemingly  trivial  fault  can  lead  to  disastrous results. For example, Myers (1976) points out that the first U.S. space mission to Venus failed because of a missing comma in a Fortran do loop. Fortunately, compilers catch many of our syntax faults for us.
 - branching too soon
 - branching too late
 - testing for the wrong condition
 - forgetting to initialize variables or set loop invariants


[4]
[SECTION]: Testing the Programs > 8.1 Software Faults And Failures > Orthogonal Defect Classification
[CONTENT]: It is useful to categorize and track the types of faults we find, not just in code, but anywhere in a software system. Historical information can help us predict what types of faults our code is likely to have (which helps direct our testing efforts), and clusters of certain types of faults can warn us that it may be time to rethink our designs or even our requirements. Many organizations perform statistical fault modeling and causal analysis, both of which depend on understanding the number and distribution of types of faults. For example, IBM's Defect Prevention Process (Mays et al. 1990) seeks and documents the root cause of every problem that occurs; the information is used to help suggest what types of faults testers should look for, and it has reduced the number of faults injected in the software.


[5]
[SECTION]: Testing the Programs > 8.1 Software Faults And Failures > SIDEBAR 8.1 HEWLETT-PACKARD'S FAULT CLASSIFICATION
[CONTENT]: G rady  (1997)  describes  Hewlett-Packard's  approach  to  fault  classification. In  1986, Hewlett-Packard's Software Metrics Council identified several categories in which to track faults. The scheme grew to be the one depicted in Figure 8.1. The developers use this model by selecting three descriptors for each fault found: the origin of the fault (i.e., where the fault was injected in a product), the type of fault, and the mode (i.e., whether information was missing, unclear, wrong, changed, or could be done a better way).
Each Hewlett-Packard division tracks its faults separately, and summary statistics are reported on pie charts like the one in Figure 8.2. Different divisions often have very different fault profiles, and the nature of the profile helps the developers devise requirements, design, code, and test activities that address the particular kinds of faults the division usually sees. The overall effect has been to reduce the number of faults over time.
","[
  {
    ""role"": ""paragraph"",
    ""segment"": ""Chapter 1 discusses the relationships among faults, errors, and failures, i.e., how these concepts are related to each other. In contrast, Chapter 5 describes fault-tree analysis as an backward-looking analytical method that starts from a failure and traces backward through a design to identify potential faults."",
    ""citations"": [
      {
        ""type"": ""source_text"",
        ""content"": ""Sidebar 1.1 explains the relationships among faults, errors, and failures."",
        ""img_id"": null
      },
      {
        ""type"": ""source_text"",
        ""content"": ""Fault-tree analysis , a method originally  developed  for  the  U.S. Minuteman  missile  program, helps  us  to  examine  a design and look for faults that might lead to failure."",
        ""img_id"": null
      },
      {
        ""type"": ""source_text"",
        ""content"": ""The trees are then used to help us decide which faults to correct or avoid, and which faults to tolerate."",
        ""img_id"": null
      },
      {
        ""type"": ""source_text"",
        ""content"": ""We begin our analysis by identifying possible failures.Although our identification takes place during design, we consider failures that might be affected by design, operation, or even maintenance. Data-flow and control-flow graphs can help us trace through a design."",
        ""img_id"": null
      }
    ],
    ""type"": null
  }
]","Chapter 1 discusses the relationships among faults, errors, and failures, i.e., how these concepts are related to each other. In contrast, Chapter 5 describes fault-tree analysis as an backward-looking analytical method that starts from a failure and traces backward through a design to identify potential faults.",1.448,14.761
Contrast how the traditional Waterfall process model and the Extreme Programming (XP) agile method handle the documentation of requirements and the adaptation to changing requirements late in the development cycle. -Required source types: text -Brief reasoning type label: comparison,"
[0]
[SECTION]: Capturing the Requirements > 4.2 Requirements Elicitation > SIDEBAR 4.2 AGILE REQUIREMENTS MODELING
[CONTENT]: However, for problems where the requirements are uncertain, it can be cumbersome to employ a heavy process and have to update the models with every change to the requirements.As an alternative approach, agile methods gather and implement the requirements in increments.The initial release implements the most essential requirements, as defined by the stakeholders' business goals.As new requirements emerge with use of the system or with better understanding of the problem, they are implemented in subsequent releases of the system. This incremental development allows for 'early and continuous delivery of valuable software' (Beck et al. 2004) and accommodates emergent and late-breaking requirements.
Extreme programming (XP) takes agile requirements processes to the extreme, in that the system is built to the requirements that happen to be defined at the time, with no planning or designing for possible future requirements. Moreover, XP forgoes traditional requirements documentation, and instead encodes the requirements as test cases that the eventual implementation must pass.Berry (2002a) points out that the trade-off for agile methods' flexibility is the difficulty of making changes to the system as requirements are added, deleted, or changed. But there can be additional problems: XP uses test cases to specify requirements, so a poorly written test case can lead to the kinds of misunderstandings described in this chapter.


[1]
[SECTION]: Modeling the Process and Life Cycle > 2.2 Software Process Models > SIDEBAR 2.2 WHEN IS EXTREME TOO EXTREME?
[CONTENT]: A s with most software development approaches, agile methods are not without their critics. For example, Stephens and Rosenberg (2003) point out that many of extreme programming's practices are interdependent, a vulnerability if one of them is modified. To see why, suppose some people are uncomfortable with pair programming. More coordination and documentation may be required to address the shared vision that is missing when people work on their own. Similarly, many developers prefer to do some design before they write code. Scrum addresses this preference by organizing around monthly sprints. Elssamadissy and Schalliol (2002) note that, in extreme programming, requirements are expressed as a set of test cases that must be passed by the software.This approach may cause customer representatives to focus on the test cases instead of the requirements. Because the test cases are a detailed expression of the requirements and may be solution oriented, the emphasis on test cases can distract the representatives from the project's underlying goals and can lead to a situation where the system passes all the tests but is not what the customers thought they were paying for.As we will see in Chapter 5, refactoring may be the Achilles heel of agile methods; it is difficult to rework a software system without degrading its architecture.


[2]
[SECTION]: Modeling the Process and Life Cycle > 2.2 Software Process Models > Agile Methods
[CONTENT]:  - They concentrate on responding to change rather than on creating a plan and then  following  it, because  they  believe  that  it  is  impossible  to  anticipate  all requirements at the beginning of development.
The overall goal of agile development is to satisfy the customer by 'early and continuous delivery  of  valuable  software' (Agile Alliance  2001). Many  customers  have  business needs that change over time,reflecting not only newly discovered needs but also the need to respond to changes in the marketplace. For example, as software is being designed and constructed, a competitor may release a new product that requires a change in the software's  planned  functionality. Similarly, a  government  agency  or  standards  body  may impose a regulation or standard that affects the software's design or requirements. It is thought  that  by  building  flexibility  into  the  development  process, agile  methods  can enable customers to add or change requirements late in the development cycle.
There are  many  examples  of  agile  processes  in  the  current  literature. Each  is based on a set of principles that implement the tenets of the agile manifesto. Examples include the following.
 - Extreme programming (XP), described in detail below, is a set of techniques for leveraging the creativity of developers and minimizing the amount of administrative overhead.


[3]
[SECTION]: Modeling the Process and Life Cycle > 2.2 Software Process Models > Agile Methods
[CONTENT]:  - Refactoring: As  the  system  is  built, it  is  likely  that  requirements  will  change. Because  a  major  characteristic  of  XP  philosophy  is  to  design  only  to  current requirements, it is often the case that new requirements force the developers to reconsider their existing design. Refactoring refers to revisiting the requirements and  design, reformulating  them  to  match  new  and  existing  needs. Sometimes refactoring addresses ways to restructure design and code without perturbing the system's external behavior. The refactoring is done in small steps, supported by unit tests and pair programming, with simplicity guiding the effort.We will discuss the difficulties of refactoring in Chapter 5.


[4]
[SECTION]: Modeling the Process and Life Cycle > 2.2 Software Process Models > Agile Methods
[CONTENT]:  - Sustainable pace: XP's emphasis on people includes acknowledging that fatigue can produce errors. So proponents of XP suggest a goal of 40 hours for each work week; pushing developers to devote heroic amounts of time to meeting deadlines is  a  signal  that  the  deadlines  are  unreasonable  or  that  there  are  insufficient resources for meeting them.
 - On-site customer: Ideally, a customer should be present on-site, working with the developers to determine requirements and providing feedback about how to test them.
 - Coding standards: Many observers think of XP and other agile methods as providing an unconstrained environment where anything goes. But in fact XP advocates clear definition of coding standards, to encourage teams to be able to understand and change each other's work. These standards support other practices, such as testing and refactoring. The result should be a body of code that appears to have been written by one person, and is consistent in its approach and expression.
Extreme programming and agile methods are relatively new.The body of evidence for its effectiveness is small but growing. We will revisit many agile methods and concepts, and their empirical evaluation, in later chapters, as we discuss their related activities.
","[
  {
    ""role"": ""paragraph"",
    ""segment"": ""The chatbot can't answer this question. Please try again with another question."",
    ""citations"": [],
    ""type"": ""abstained""
  }
]",The chatbot can't answer this question. Please try again with another question.,1.42,4.227
"Based on the Application Point approach in COCOMO II Stage 1, how do the number of data tables and views determine the complexity weight of a screen, and how is that weight ultimately combined with CASE maturity and developer experience to calculate an initial effort estimate? -Required source types: both -Brief reasoning type label: process reasoning","
[0]
[SECTION]: Planning and Managing the Project > 3.7 Information Systems Example
[CONTENT]: The first COCOMO II model, application composition, is designed to be used in the  earliest  stages  of  development. Here, we  compute  application  points  to  help  us determine the likely size of the project.The application point count is determined from three calculations: the number of server data tables used with a screen or report, the number of client data tables used with a screen or report, and the percentage of screens, reports, and modules reused from previous applications. Let us assume that we are not reusing any code in building the Piccadilly system. Then we must begin our estimation process by predicting how many screens and reports we will be using in this application. Suppose our initial estimate is that we need three screens and one report:
 - a booking screen to record a new advertising sales booking
 - a ratecard screen showing the advertising rates for each day and hour
 - an availability screen showing which time slots are available
 - a sales report showing total sales for the month and year, and comparing them with previous months and years For each screen or report, we use the guidance in Table 3.10 and an estimate of the number of data tables needed to produce a description of the screen or report. For example,the booking screen may require the use of three data tables:a table of available time slots, a table of past usage by this customer, and a table of the contact information for this customer (such as name, address, tax number, and sales representative handling the sale).Thus, the number of data tables is fewer than four, so we must decide whether we need more than eight views. Since we are likely to need fewer than eight views, we rate the booking screen as 'simple' according to the application point table. Similarly, we may rate the ratecard screen as 'simple,'the availability screen as 'medium,'and the sales report as 'medium.' Next, we use Table 3.11 to assign a complexity rate of 1 to simple screens, 2 to medium screens, and 5 to medium reports; a summary of our ratings is shown in Table 3.15.


[1]
[SECTION]: Planning and Managing the Project > 3.3 Effort Estimation > Algorithmic Methods
[CONTENT]: By  stage  3, the  postarchitecture  stage, development  has  begun, and  far  more information is known. In this stage, sizing can be done in terms of function points or lines of code, and many cost factors can be estimated with some degree of comfort.
COCOMO II also includes models of reuse, takes into account maintenance and breakage (i.e., the change in requirements over time), and more. As with the original COCOMO,the model includes cost factors to adjust the initial effort estimate.A research group at the University of Southern California is assessing and improving its accuracy.
Let us look at COCOMO II in more detail.The basic model is of the form where the initial size-based estimate, is adjusted by the vector of cost driver information, m ( ). Table 3.9 describes the cost drivers at each stage, as well as the use of other models to modify the estimate. bS c , E = bS c m 1 X 2 At stage 1, application points supply the size measure. This size measure is an extension of the object-point approach suggested by Kauffman and Kumar (1993) and productivity data reported by Banker, Kauffman, and Kumar (1992).To compute application points, you first count the number of screens, reports, and third-generation language components that will be involved in the application. It is assumed that these elements are defined in a standard way as part of an integrated computer-aided software engineering environment. Next, you classify each application element as simple, medium,or difficult. Table 3.10 contains guidelines for this classification.


[2]
[SECTION]: Planning and Managing the Project > 3.3 Effort Estimation > Algorithmic Methods
[CONTENT]: The COCOMO II estimation process reflects three major stages of any development project. Whereas the original COCOMO model used delivered source lines of code as its key input, the new model acknowledges that lines of code are impossible to know early in the development cycle. At stage 1, projects usually build prototypes to resolve high-risk issues involving user interfaces, software and system interaction, performance, or technological maturity. Here, little is known about the likely size of the final product under consideration, so COCOMO II estimates size in what its creators call application points. As we shall see, this technique captures size in terms of highlevel effort generators, such as the number of screens and reports, and the number of third-generation language components.
At stage 2, the early design stage, a decision has been made to move forward with development, but the designers must explore alternative architectures and concepts of operation. Again, there is not enough information to support fine-grained effort and duration estimation, but far more is known than at stage 1. For stage 2, COCOMO II employs function points as a size measure. Function points, a technique explored in depth  in  IFPUG  (1994a  and  b), estimate  the  functionality  captured  in  the  requirements, so they offer a richer system description than application points.


[3]
[SECTION]: Planning and Managing the Project > 3.3 Effort Estimation > Algorithmic Methods
[CONTENT]: The number to be used for simple, medium, or difficult application points is a complexity weight found in Table 3.11. The weights reflect the relative effort required to implement a report or screen of that complexity level.
Then, you sum the weighted reports and screens to obtain a single applicationpoint number.If r percent of the objects will be reused from previous projects, the number of new application points is calculated to be To use this number for effort estimation, you use an adjustment factor, called a productivity rate, based on developer experience and capability, coupled with CASE maturity and capability. For example, if the developer experience and capability are rated low, and the CASE maturity and capability are rated low, then Table 3.12 tells us that the productivity factor is 7, so the number of person-months required is the number of new application points divided by 7. When the developers' experience is low but CASE maturity is high, the productivity estimate is the mean of the two values: 16. Likewise, when a team of developers has experience levels that vary, the productivity estimate can use the mean of the experience and capability weights.
[FORMULA]
New application points = 1 application points 2 * 1 100 -r 2> 100


[4]
[SECTION]: Planning and Managing the Project > 3.3 Effort Estimation > Algorithmic Methods
[CONTENT]: The various components of the COCOMO model are intended to be tailored to fit  the  characteristics  of  your  own  organization. Tools  are  available  that  implement COCOMO II and compute the estimates from the project characteristics that you supply. Later in this chapter, we will apply COCOMO to our information system example.
","[
  {
    ""role"": ""paragraph"",
    ""segment"": ""During Stage 1, you determine size with application points by counting the screens and reports and the data tables they use, then classifying each screen or report as simple, medium, or difficult. The number of data tables used and whether the screen has multiple views influence the complexity rating: for example, a booking screen may be rated as simple, a ratecard screen as simple, an availability screen as medium, and a sales report as medium, and the complexity weights are 1 for simple, 2 for medium, and 5 for medium reports, which are then summed to obtain a single applicationpoint number."",
    ""citations"": [
      {
        ""type"": ""source_text"",
        ""content"": ""To compute application points, you first count the number of screens, reports, and third-generation language components that will be involved in the application. It is assumed that these elements are defined in a standard way as part of an integrated computer-aided software engineering environment. Next, you classify each application element as simple, medium,or difficult. Table 3.10 contains guidelines for this classification."",
        ""img_id"": null
      },
      {
        ""type"": ""source_text"",
        ""content"": ""For example, the booking screen may require the use of three data tables:a table of available time slots, a table of past usage by this customer, and a table of the contact information for this customer (such as name, address, tax number, and sales representative handling the sale).Thus, the number of data tables is fewer than four, so we must decide whether we need more than eight views. Since we are likely to need fewer than eight views, we rate the booking screen as 'simple' according to the application point table. Similarly, we may rate the ratecard screen as 'simple,'the availability screen as 'medium,'and the sales report as 'medium.' Next, we use Table 3.11 to assign a complexity rate of 1 to simple screens, 2 to medium screens, and 5 to medium reports; a summary of our ratings is shown in Table 3.15."",
        ""img_id"": null
      },
      {
        ""type"": ""source_text"",
        ""content"": ""The number to be used for simple, medium, or difficult application points is a complexity weight found in Table 3.11. The weights reflect the relative effort required to implement a report or screen of that complexity level."",
        ""img_id"": null
      }
    ]
  },
  {
    ""role"": ""paragraph"",
    ""segment"": ""After obtaining the weighted application points, you adjust for reuse and then convert to an initial effort estimate using a productivity rate. The formula shown is: New application points = 1 application points 2 * 1 100 -r 2> 100. Then you apply a productivity rate, which is an adjustment factor based on developer experience and capability, coupled with CASE maturity and capability; for example, if the developer experience and capability are rated low, and the CASE maturity and capability are rated low, then Table 3.12 tells us that the productivity factor is 7, so the number of person-months required is the number of new application points divided by 7."",
    ""citations"": [
      {
        ""type"": ""source_text"",
        ""content"": ""Then, you sum the weighted reports and screens to obtain a single applicationpoint number.If r percent of the objects will be reused from previous projects, the number of new application points is calculated to be To use this number for effort estimation, you use an adjustment factor, called a productivity rate, based on developer experience and capability, coupled with CASE maturity and capability. For example, if the developer experience and capability are rated low, and the CASE maturity and capability are rated low, then Table 3.12 tells us that the productivity factor is 7, so the number of person-months required is the number of new application points divided by 7."",
        ""img_id"": null
      },
      {
        ""type"": ""source_text"",
        ""content"": ""New application points = 1 application points 2 * 1 100 -r 2> 100"",
        ""img_id"": null
      }
    ]
  }
]","During Stage 1, you determine size with application points by counting the screens and reports and the data tables they use, then classifying each screen or report as simple, medium, or difficult. The number of data tables used and whether the screen has multiple views influence the complexity rating: for example, a booking screen may be rated as simple, a ratecard screen as simple, an availability screen as medium, and a sales report as medium, and the complexity weights are 1 for simple, 2 for medium, and 5 for medium reports, which are then summed to obtain a single applicationpoint number.

After obtaining the weighted application points, you adjust for reuse and then convert to an initial effort estimate using a productivity rate. The formula shown is: New application points = 1 application points 2 * 1 100 -r 2> 100. Then you apply a productivity rate, which is an adjustment factor based on developer experience and capability, coupled with CASE maturity and capability; for example, if the developer experience and capability are rated low, and the CASE maturity and capability are rated low, then Table 3.12 tells us that the productivity factor is 7, so the number of person-months required is the number of new application points divided by 7.",1.785,11.323
"In software architecture, how does the method of passing and storing data between computational units in a Pipe-and-Filter architecture differ from the interactions in a Blackboard repository architecture? -Required source types: both -Brief reasoning type label: structure interpretation","
[0]
[SECTION]: Designing the Architecture > 5.4 Architectural Styles And Strategies > Pipe-and-Filter
[CONTENT]: In some pipe-and-filter style systems, the filters are independent data-transforming functions, but  the  representation  of  data  passed  between  filters  is  not  fixed. For example, old-style compilers had pipe-and-filter architectures in which the output of each filter (e.g., the lexical analyzer or the parser) was fed directly into the next filter. Because the filters in such systems are independent and have precise input and output formats, it is easy to replace and improve filters but hard to introduce or remove filters. For example, to remove a filter, we may need to substitute a stub that converts the output from the previous filter into the input format expected by the next filter.


[1]
[SECTION]: Designing the Architecture > 5.4 Architectural Styles And Strategies > Pipe-and-Filter
[CONTENT]: In a pipe-and-filter style, illustrated in Figure 5.6, system functionality is achieved by passing input data through a sequence of data-transforming components, called filters , to produce output data. Pipes are connectors that simply transmit data from one filter to  the  next  without  modifying  the  data. Each  filter  is  an  independent  function  that makes no assumptions about other filters that may be applied to the data.Thus, we can build our system by connecting together different filters to form a variety of configurations. If the format of the data is fixed-that is, if all of the filters and pipes assume a common  representation  of  the  data  being  transmitted-then  we  can  join  filters together in any configuration. Such systems have several important properties (Shaw and Garlan 1996):
 - We can understand the system's transformation of input data to output data as the functional composition of the filters' data transformations.


[2]
[SECTION]: Designing the Architecture > 5.7 Architecture Evaluation And Refinement > Trade-off Analysis
[CONTENT]: One complication with an implicit-invocation design is that multiple computational methods may be triggered by the same event. If that happens, all the triggered methods will execute, but in what order? If we do not impose an order, then the triggered methods may execute in any arbitrary order, which may not be desired (e.g., a method that expands macros in new lines of text should execute before a method that inserts a new line into the ADT). However, to control execution order, we must devise some generic strategy that applies to both current and future sets of methods triggered by the same event, and we cannot always predict what methods may be added to the system in the future.
This complication leads us to a fourth design, based on a pipe-and-filter architecture (Figure 5.16), where the sequence of processing is controlled by the sequence of the filter modules.This design is easily extended to include new features, in that we can simply insert additional filters into the sequence. Also, each filter is an independent entity that can be changed without affecting other filters. The design supports the reuse of filters in other pipe-and-filter applications, as long as a filter's input data is in the form that it expects (Shaw and Garlan 1996).The filters may execute in parallel, processing inputs as they are received (although the Alphabetizer cannot output its results until it has received and sorted all of the input lines); this concurrent processing can enhance performance. Unlike the other designs, a data item is no longer stored in any location, but rather flows from one filter to another, being transformed along the way. As such, the design is not conducive to changes that would require the storage of persistent data,


[3]
[SECTION]: Designing the Architecture > 5.4 Architectural Styles And Strategies > Pipe-and-Filter
[CONTENT]:  - System evolution is relatively easy; we can simply introduce new filters into our system's configuration, or replace or remove existing filters, without having to modify other parts of the system.
 - Because of filter independence, we can perform certain types of analyses, such as throughput analysis.
 - There are performance penalties when using a pipe-and-filter  architecture. To support a fixed data format during data transmission, each filter must parse input data before performing its computation and then convert its results back to the fixed data format for output. This repeated parsing and unparsing of data can hamper system performance. It can also make the construction of the individual filters more complex.


[4]
[SECTION]: Designing the Architecture > 5.4 Architectural Styles And Strategies > Pipe-and-Filter
[CONTENT]: [FIGURE 5.6 Pipes and filters.] 
 - Filters can be reused in any other pipe-and-filter style program that assumes the same  format  for  input  and  output  data. Examples  of  such  filters  and  systems include image-processing systems and Unix shell programs.
[FIGURE_DESCRIPTIONS]
[0] Diagram illustrating a multi-path signal flow with a left-to-right orientation. The main path consists of a series of rectangular blocks connected by arrows, forming a pipeline of processing stages. Three parallel branches diverge from the left, each containing stacked rectangular blocks with arrows indicating data movement between stages. A vertical inset labeled KEY shows two control elements: a horizontal pipe symbol labeled Pipe and a rectangular element labeled Filter, suggesting a schematic of a filtering system. The rightmost portion aggregates outputs from the branching paths into a final combined stream. Readable labels within the blocks are minimal, but the overall topology implies a modular data processing chain with parallel filters feeding into a common endpoint.



[5]
[SECTION]: Designing the Architecture > 5.4 Architectural Styles And Strategies > Repositories
[CONTENT]: A repository style of architecture consists of two types of components: a central data store and associated data-accessing components. Shared data are stockpiled in the data store, and the data accessors are computational units that store, retrieve, and update the information. It is challenging to design such a system, because we must decide how the two types of components will interact. In a traditional database , the data store acts like a server component, and the data-accessing clients request information from the data store, perform calculations, and request that results be written back to the data store. In such a system, the data-accessing components are active , in that they initiate the system's computations.
","[
    {
        ""role"": ""bullet_intro"",
        ""segment"": ""Pipe-and-Filter passing and storage characteristics"",
        ""citations"": []
    },
    {
        ""role"": ""bullet"",
        ""segment"": ""In a pipe-and-filter style, system functionality is achieved by passing input data through a sequence of data-transforming components, and pipes are connectors that simply transmit data from one filter to the next without modifying the data; a data item is no longer stored in any location, but rather flows from one filter to another, being transformed along the way."",
        ""citations"": [
            {
                ""type"": ""source_text"",
                ""content"": ""In a pipe-and-filter style, illustrated in Figure 5.6, system functionality is achieved by passing input data through a sequence of data-transforming components, called filters , to produce output data. Pipes are connectors that simply transmit data from one filter to  the  next  without  modifying  the  data. Each  filter  is  an  independent  function  that makes no assumptions about other filters that may be applied to the data."",
                ""img_id"": null
            },
            {
                ""type"": ""source_text"",
                ""content"": ""As such, the design is not conducive to changes that would require the storage of persistent data,"",
                ""img_id"": null
            },
            {
                ""type"": ""source_text"",
                ""content"": ""a data item is no longer stored in any location, but rather flows from one filter to another, being transformed along the way."",
                ""img_id"": null
            }
        ]
    },
    {
        ""role"": ""bullet_intro"",
        ""segment"": ""Repository/Blackboard passing and storage characteristics"",
        ""citations"": []
    },
    {
        ""role"": ""bullet"",
        ""segment"": ""A repository style consists of two types of components: a central data store and associated data-accessing components; shared data are stockpiled in the data store, and the data-accessing clients request information from the data store, perform calculations, and request that results be written back to the data store."",
        ""citations"": [
            {
                ""type"": ""source_text"",
                ""content"": ""A repository style of architecture consists of two types of components: a central data store and associated data-accessing components. Shared data are stockpiled in the data store, and the data accessors are computational units that store, retrieve, and update the information."",
                ""img_id"": null
            },
            {
                ""type"": ""source_text"",
                ""content"": ""In such a system, the data-accessing components are active , in that they initiate the system's computations."",
                ""img_id"": null
            },
            {
                ""type"": ""source_text"",
                ""content"": ""In such a system, the data-accessing clients request information from the data store, perform calculations, and request that results be written back to the data store."",
                ""img_id"": null
            }
        ]
    }
]","Pipe-and-Filter passing and storage characteristics
- In a pipe-and-filter style, system functionality is achieved by passing input data through a sequence of data-transforming components, and pipes are connectors that simply transmit data from one filter to the next without modifying the data; a data item is no longer stored in any location, but rather flows from one filter to another, being transformed along the way.
Repository/Blackboard passing and storage characteristics
- A repository style consists of two types of components: a central data store and associated data-accessing components; shared data are stockpiled in the data store, and the data-accessing clients request information from the data store, perform calculations, and request that results be written back to the data store.",1.627,10.917
"According to the V-model of software development, how do the specific objectives of validation and verification map to the different testing phases on the right side of the ""V"" relative to the analysis and design phases on the left? -Required source types: both -Brief reasoning type label: synthesis","
[0]
[SECTION]: Modeling the Process and Life Cycle > 2.2 Software Process Models > V Model
[CONTENT]: The model's linkage of the left side with the right side of the V implies that if problems are found during verification and validation, then the left side of the V can be reexecuted to fix and improve the requirements, design, and code before the testing steps on the right side are reenacted. In other words, the V model makes more explicit some of the iteration and rework that are hidden in the waterfall depiction. Whereas the focus of the waterfall is often documents and artifacts, the focus of the V model is activity and correctness.
[FIGURE_DESCRIPTIONS]
[0] Diagram illustrating the V-model software development lifecycle with bidirectional and iterative flows. Primary left column shows requirements analysis feeding system design, which drives program design and ultimately coding. The right column features operation & maintenance and acceptance testing connected to system testing and unit & integration testing, forming a series of verification and validation steps. Arrows indicate validation of requirements to operation & maintenance and verification of design to system testing; dashed lines labeled Validate requirements and Verify design imply feedback loops. Central consolidation occurs at coding, supported by system testing, unit & integration testing, and acceptance testing. Text labels include REQUIREMENTS ANALYSIS, SYSTEM DESIGN, PROGRAM DESIGN, CODING, SYSTEM TESTING, UNIT & INTEGRATION TESTING, ACCEPTANCE TESTING, OPERATION & MAINTENANCE, and dashed arrows with descriptions. The figure is titled FIGURE 2.4 The V-model.



[1]
[SECTION]: Modeling the Process and Life Cycle > 2.2 Software Process Models > V Model
[CONTENT]: The V model is a variation of the waterfall model that demonstrates how the testing activities are related to analysis and design (German Ministry of Defense 1992). As shown in Figure 2.4, coding forms the point of the V, with analysis and design on the left, testing and maintenance on the right. Unit and integration testing addresses the correctness of programs, as we shall see in later chapters. The V model suggests that unit and integration testing can also be used to verify the program design. That is, during unit and integration testing, the coders and test team members should ensure that all aspects of the program design have been implemented correctly in the code. Similarly, system testing should verify the system design, making sure that all system design aspects are correctly implemented. Acceptance testing, which is conducted by the customer rather than the developer, validates the requirements by associating a testing step with each element of the specification; this type of testing checks to see that all requirements have been fully implemented before the system is accepted and paid for.


[2]
[SECTION]: Modeling the Process and Life Cycle > 2.2 Software Process Models > SIDEBAR 2.1 DRAWBACKS OF THE WATERFALL MODEL
[CONTENT]: Often, the user interface is built and tested as a prototype, so that the users can understand what the new system will be like, and the designers get a better sense of how the  users  like  to  interact  with  the  system. Thus, major  kinks  in  the  requirements  are addressed and fixed well before the requirements are officially validated during system testing; validation ensures  that  the  system  has  implemented  all  of  the  requirements, so that  each  system  function  can  be  traced  back  to  a  particular  requirement  in  the specification. System testing also verifies the requirements; verification ensures that each function works correctly.That is, validation makes sure that the developer is building the right product (according to the specification), and verification checks the quality of the implementation. Prototyping is useful for verification and validation, but these activities can occur during other parts of the development process, as we will see in later chapters.


[3]
[SECTION]: Capturing the Requirements > 4.9 Validation And Verification > Requirements Validation
[CONTENT]:  - If any risk is involved in the development or in the actual functioning of the system, we can assess and document this risk, discuss and compare alternatives, and come to some agreement on the approaches to be used.
 - We can talk about testing the system: how the requirements will be revalidated as the requirements grow and change; who will provide test data to the test team; which requirements will be tested in which phases, if the system is to be developed in phases.
Whenever a problem is identified, the problem is documented, its cause is determined, and the requirements analysts are charged with the task of fixing the problem. For example, validation may reveal that there is a great misunderstanding about the way in which a certain function will produce results.The customers may require data to be reported in miles, whereas the users want the data in kilometers.The customers may set a reliability or availability goal that developers deem impossible to meet.These conflicts need to be resolved before design can begin. To resolve a conflict, the developers may need to construct simulations or prototypes to explore feasibility constraints and then work with the customer to agree on an acceptable requirement. Sidebar 4.8 discusses the nature and number of requirements-related problems you are likely to find.


[4]
[SECTION]: Capturing the Requirements > 4.9 Validation And Verification > Requirements Validation
[CONTENT]: More often, the requirements are validated in a requirements review . In a review, representatives from our staff and the customer's staff examine the requirements document individually and then meet to discuss identified problems. The customer's representatives include those who will be operating the system, those who will prepare the system's inputs, and those who will use the system's outputs; managers of these employees may also attend. We provide members of the design team, the test team, and the process team. By meeting as a group, we can do more than check that the requirements definition satisfies the validation criteria:
 - We review the stated goals and objectives of the system.
 - We compare the requirements with the goals and objectives, to make certain that all requirements are necessary.
 - We review the environment in which the system is  to  operate, examining  the interfaces between our proposed system and all other systems and checking that their descriptions are complete and correct.
 - The customer's representatives review the information flow and the proposed functions, to confirm that they accurately reflect the customer's needs and intentions. Our representatives review the proposed functions and constraints, to confirm that they are realistic and within our development abilities.All requirements are checked again for omissions, incompleteness, and inconsistency.
","[
    {
        ""role"": ""paragraph"",
        ""segment"": ""Verification maps to testing activities on the right that verify correctness and implementation of design and code, specifically unit and integration testing address the correctness of programs and can be used to verify the program design."",
        ""citations"": [
            {
                ""type"": ""source_text"",
                ""content"": ""Unit and integration testing addresses the correctness of programs, as we shall see in later chapters."",
                ""img_id"": null
            }
        ],
        ""type"": null
        ,
        ""segment_extra"": """"
    },
    {
        ""role"": ""paragraph"",
        ""segment"": ""System testing on the right verifies the system design, ensuring all system design aspects are correctly implemented."",
        ""citations"": [
            {
                ""type"": ""source_text"",
                ""content"": ""Similarly, system testing should verify the system design, making sure that all system design aspects are correctly implemented."",
                ""img_id"": null
            }
        ],
        ""type"": null
    },
    {
        ""role"": ""paragraph"",
        ""segment"": ""Validation maps to acceptance testing on the right, which validates the requirements by associating a testing step with each element of the specification and checks that all requirements have been fully implemented before the system is accepted and paid for."",
        ""citations"": [
            {
                ""type"": ""source_text"",
                ""content"": ""Acceptance testing, which is conducted by the customer rather than the developer, validates the requirements by associating a testing step with each element of the specification; this type of testing checks to see that all requirements have been fully implemented before the system is accepted and paid for."",
                ""img_id"": null
            }
        ],
        ""type"": null
    }
]","Verification maps to testing activities on the right that verify correctness and implementation of design and code, specifically unit and integration testing address the correctness of programs and can be used to verify the program design.

System testing on the right verifies the system design, ensuring all system design aspects are correctly implemented.

Validation maps to acceptance testing on the right, which validates the requirements by associating a testing step with each element of the specification and checks that all requirements have been fully implemented before the system is accepted and paid for.",1.726,9.352
"Why might a Chief Programmer team be a poor organizational choice if the majority of the team members are categorized as ""Rational Introverts"" in Jung's work styles framework, and what alternative team structure is recommended for highly uncertain projects? -Required source types: both -Brief reasoning type label: causal reasoning","
[0]
[SECTION]: Planning and Managing the Project > 3.2 Project Personnel > Project Organization
[CONTENT]: Clearly, the chief programmer must be good at making decisions quickly, so the chief is likely to be an extrovert. However, if most of the team members are introverts, the chief programmer team may not be the best structure for the project. An alternative is based on the idea of 'egoless' programming, as described by Weinberg (1971). Instead of a single point of responsibility, an egoless approach holds everyone equally responsible. Moreover, the process is separated from the individuals; criticism is made of  the  product  or  the  result, not  the  people  involved. The  egoless  team  structure  is democratic, and all team members vote on a decision, whether it concerns design considerations or testing techniques.


[1]
[SECTION]: Planning and Managing the Project > 3.2 Project Personnel > Project Organization
[CONTENT]: The organization of the chief programmer team is illustrated in Figure 3.11. By placing all responsibility for all decisions with the chief programmer, the team structure minimizes the amount of communication needed during the project.Each team member must communicate often with the chief, but not necessarily with other team members. Thus, if the team consists of programmers plus the chief, the team can establish only paths of communication (one path for each team member's interaction with the chief) out of a potential paths. For example, rather than working out a problem themselves, the programmers can simply approach the chief for an answer. Similarly, the chief reviews all design and code, removing the need for peer reviews. n 1 n -1 2> 2 n -1 n -1 Although a chief programmer team is a hierarchy, groups of workers may be formed to accomplish a specialized task. For instance, one or more team members may form an administrative group to provide a status report on the project's current cost and schedule.


[2]
[SECTION]: Planning and Managing the Project > 3.2 Project Personnel > Project Organization
[CONTENT]: Software development and maintenance project teams do not consist of people working independently or without coordination. Instead, team members are organized in ways that  enhance the swift completion of quality products. The choice of an appropriate structure for your project depends on several things:
 - the backgrounds and work styles of the team members
 - the number of people on the team
 - the management styles of the customers and developers Good project managers are aware of these issues, and they seek team members who are flexible enough to interact with all players, regardless of work style.
One popular organizational structure is the chief programmer team, first used at IBM (Baker 1972).On a chief programmer team , one person is totally responsible for a system's design and development. All other team members report to the chief programmer, who has the final say on every decision.The chief programmer supervises all others, designs all programs, and assigns the code development to the other team members. Assisting the chief is an understudy, whose principal job is substituting for the chief programmer when necessary. A librarian assists the team, responsible for maintaining all project documentation. The librarian also compiles and links the code, and performs preliminary testing of all modules submitted to the library. This division of labor allows the programmers to focus on what they do best: programming.


[3]
[SECTION]: Planning and Managing the Project > 3.2 Project Personnel > Project Organization
[CONTENT]: Of course, there are many other ways to organize a development or maintenance project, and the two described above represent extremes.Which structure is preferable? The more people on the project, the more need there is for a formal structure. Certainly, a development team with only three or four members does not always need an elaborate organizational structure. However, a team of several dozen workers must have a welldefined organization.In fact, your company or your customer may impose a structure on the development team, based on past success, on the need to track progress in a certain way, or on the desire to minimize points of contact. For example, your customer may insist that the test team be totally independent of program design and development.
Researchers continue to investigate how project team structure affects the resulting product and how to choose the most appropriate organization in a given situation. A National Science Foundation (1983) investigation found that projects with a high degree  of  certainty, stability, uniformity, and  repetition  can  be  accomplished  more effectively  by  a  hierarchical  organizational  structure  such  as  the  chief  programmer team.These projects require little communication among project members, so they are well-suited to an organization that stresses rules, specialization, formality, and a clear definition of organizational hierarchy.


[4]
[SECTION]: Planning and Managing the Project > 3.2 Project Personnel > Work Styles
[CONTENT]: To see how work styles affect interactions on a project, consider several typical staff profiles. Kai, a rational extrovert, judges her colleagues by the results they produce. When making a decision, her top priority is efficiency. Thus, she wants to know only the bottom line. She examines her options and their probable effects, but she does not need to see documents or hear explanations supporting each option. If her time is wasted or her efficiency is hampered in some way, she asserts her authority to regain control of the situation.Thus, Kai is good at making sound decisions quickly.
Marcel, a rational introvert, is very different from his colleague Kai. He judges his peers by how busy they are, and he has little tolerance for those who appear not to be working hard all the time. He is a good worker, admired for the energy he devotes to his work. His reputation as a good worker is very important to him, and he prides himself on being accurate and thorough. He does not like to make decisions without complete information. When asked to make a presentation, Marcel does so only after gathering all relevant information on the subject.


[5]
[SECTION]: Planning and Managing the Project > 3.2 Project Personnel > Project Organization
[CONTENT]: Table 3.5 summarizes the characteristics of projects and the suggested organizational structure to address them.A large project with high certainty and repetition probably needs a highly structured organization, whereas a small project with new techniques and a high degree of certainty needs a looser structure. Sidebar 3.2 describes the need to balance structure with creativity.


[6]
[SECTION]: Planning and Managing the Project > 3.2 Project Personnel > Work Styles
[CONTENT]: Work styles can also involve choice of worker for a given task.For instance,intuitive employees may prefer design and development (requiring new ideas) to maintenance programming and design (requiring attention to detail and analysis of complex results).
","[
  {
    ""role"": ""paragraph"",
    ""segment"": ""The organization of the chief programmer team is illustrated in Figure 3.11. By placing all responsibility for all decisions with the chief programmer, the team structure minimizes the amount of communication needed during the project."",
    ""citations"": [
      {
        ""type"": ""source_text"",
        ""content"": ""The organization of the chief programmer team is illustrated in Figure 3.11. By placing all responsibility for all decisions with the chief programmer, the team structure minimizes the amount of communication needed during the project."",
        ""img_id"": null
      }
    ],
    ""type"": null
  },
  {
    ""role"": ""paragraph"",
    ""segment"": ""However, if most of the team members are introverts, the chief programmer team may not be the best structure for the project."",
    ""citations"": [
      {
        ""type"": ""source_text"",
        ""content"": ""However, if most of the team members are introverts, the chief programmer team may not be the best structure for the project."",
        ""img_id"": null
      }
    ],
    ""type"": null
  },
  {
    ""role"": ""paragraph"",
    ""segment"": ""An egoless programming approach offers an alternative: everyone is equally responsible, the process is separated from individuals, and the egoless team structure is democratic with all members voting on decisions."",
    ""citations"": [
      {
        ""type"": ""source_text"",
        ""content"": ""An alternative is based on the idea of 'egoless' programming, as described by Weinberg (1971). Instead of a single point of responsibility, an egoless approach holds everyone equally responsible. Moreover, the process is separated from the individuals; criticism is made of  the  product  or  the  result, not  the  people  involved. The  egoless  team  structure  is democratic, and all team members vote on a decision, whether it concerns design considerations or testing techniques."",
        ""img_id"": null
      }
    ],
    ""type"": null
  },
  {
    ""role"": ""paragraph"",
    ""segment"": ""For highly uncertain projects, Sidebar 3.2 describes the need to balance structure with creativity."",
    ""citations"": [
      {
        ""type"": ""source_text"",
        ""content"": ""Sidebar 3.2 describes the need to balance structure with creativity."",
        ""img_id"": null
      }
    ],
    ""type"": null
  }
]","The organization of the chief programmer team is illustrated in Figure 3.11. By placing all responsibility for all decisions with the chief programmer, the team structure minimizes the amount of communication needed during the project.

However, if most of the team members are introverts, the chief programmer team may not be the best structure for the project.

An egoless programming approach offers an alternative: everyone is equally responsible, the process is separated from individuals, and the egoless team structure is democratic with all members voting on decisions.

For highly uncertain projects, Sidebar 3.2 describes the need to balance structure with creativity.",1.614,16.619
"How does the Object Constraint Language (OCL) supplement a standard UML class diagram to enforce that no two publications can share the same call number, and what specific OCL navigational constructs are used to express this invariant? -Required source types: both -Brief reasoning type label: structure interpretation","
[0]
[SECTION]: Capturing the Requirements > 4.5 Modeling Notations > Example: Object Constraint Language (OCL)
[CONTENT]: The Object Constraint Language (OCL) is an attempt to create a constraint language that is both mathematically precise and easy for nonmathematicians, like customers, to read, write, and  understand. The  language  is  specially  designed  for  expressing  constraints on object models (i.e., ER diagrams), and introduces language constructs for navigating from one object to another via association paths, for dealing with collections of objects, and for expressing queries on object type.
A partial Library class model from Figure 4.5 appears in Figure 4.18, in which three classes have been detailed and annotated with OCL constraints. The leftmost constraint is an invariant on the Patron class, and specifies that no patron's fines may have  a  negative  value  (i.e., the  library  always  makes  change  if  a  patron's  payment exceeds his or her fines). The topmost constraint is an invariant on the Publication class, and specifies that call numbers are unique.This constraint introduces Thus, the constraint literally says that for any two publications, p1 and p2 , returned by allinstances, if p1 and p2 are not the same publication, then they have different call numbers.The third constraint, attached to the method borrow() , expresses the operation's pre- and post-conditions. One of the pre-conditions concerns an attribute in the Patron class, which is accessible via the borrow association; the patron object can be referenced either by its role name, borrower , or by the class name written in lowercase letters, if the association's far end has no role name. If the association's multiplicity were greater than 0..1, then  navigating  the  association  would  return  a  collection  of objects, and we would use notation, rather than dot notation, to access the objects' attributes. :


[1]
[SECTION]: Capturing the Requirements > 4.5 Modeling Notations > Example: Object Constraint Language (OCL)
[CONTENT]:  - Constructs forall, and, and implies, which correspond to the first-order connectives described above Although not originally designed as part of UML, OCL is now tightly coupled with UML and is part of the UML standard.OCL can augment many of UML's models. For example, it can be used to express invariants, preconditions, and post-conditions in class diagrams, or invariants and transition conditions in statechart diagrams. It can also express conditions on events in Message Sequence Charts (Warmer and Kleppe 1999). OCL annotations of UML require a relatively  detailed  class  model, complete  with attribute types, operation signatures, role names, multiplicities, and state enumerations of the class's statechart diagram. OCL expressions can appear in UML diagrams as UML notes,or they can be listed in a supporting document.


[2]
[SECTION]: Designing the Modules > 6.4 Representing Oo Designs In The Uml
[CONTENT]: The UML is a suite of design notations that is popular for describing OO solutions. It can be tailored to fit different development situations and software life cycles. In fact, organizations such as the Object Management Group have adopted the UML as the OO notational standard. In this section, we review the UML constructs introduced in Chapter 4 and apply them to an example problem. For a more complete introduction to the UML,see Larman (1998).
The UML can be used to visualize, specify, or document a software design. It is especially useful for describing different design alternatives, and eventually for documenting design artifacts. UML diagrams include the dynamic view of the system, the static view, restrictions, and formalization.The dynamic view is depicted with use cases, lists  of  activities, interaction  diagrams  showing  sequences  and  communication, and state machines to illustrate states and their changes. The static view is depicted with class  diagrams, showing  relationships  (association, generalization, dependency, and realization) and extensibility (constraints, tagged values, and stereotypes). In addition, the  static  view  shows  packages  and  deployment. Restrictions  and  formalization  are expressed with the Object Constraint Language (OCL).


[3]
[SECTION]: Capturing the Requirements > 4.6 Requirements And Specification Languages > Unified Modeling Language (UML)
[CONTENT]: The Unified Modeling Language (UML) (OMG 2003) is the language best known for combining  multiple  notation  paradigms. Altogether, the  UML  standard  comprises eight graphical modeling notations, plus the OCL constraint language.The UML notations that are used during requirements definition and specification include Most of these notations were discussed in the preceding section, as examples of different notation paradigms. In Chapter 6, we will see more details about how UML works, by applying it to a real-world problem for both specification and design.
 - Use-case diagram (a high-level DFD): A use-case diagram is used at the start of a new project, to record the essential top-level functions that the to-be-developed product should provide. In the course of detailing the use cases' scenarios, we may identify important entities that play a role in the problem being modeled.


[4]
[SECTION]: Capturing the Requirements > 4.5 Modeling Notations > Example: Object Constraint Language (OCL)
[CONTENT]: [FIGURE 4.18 Library classes annotated with OCL properties.] 
 - Construct allinstances, which returns all instances of the Publication class
 - Symbol which applies the attribute or operation of its right operand to all of the objects in its left operand : ,
[FIGURE_DESCRIPTIONS]
[0] System diagram showing object-oriented interplay between Patron, Publication, and Loan classes. The Patron block lists attributes: id, name, address, fines, and methods such as lends, check_fins, calculateFine and payFine. The Publication block contains title, author, isbn, publisher, and media type with fields for status (available/loaned), dueDate, and realDueDate; includes methods: borrow, return, and reserve. The Loan block connects Patron and Publication via attributes: dueDate, date, and methods for applyFine, checkOverdue, renew, and completeLoan. An inheritance-like relation appears where certain fields are shared across Publication types (book, journal, media). Visibility arrows imply associations: a Patron borrows a Publication; a Publication can be borrowed or reserved. Text labels include constraints such as fines ≥ 0 and a trigger for overdue fine calculation. A small UI-like table at bottom left shows a numeric fines counter initialized to 0. Overall, diagram emphasizes relationships, lifecycle events (borrow/return/renew), and state flags (available/loaned).

","[
  {
    ""role"": ""paragraph"",
    ""segment"": ""OCL augments UML by allowing constraints to be attached to models, such as invariants on a class, to enforce rules like uniqueness of call numbers for publications. In the example, an invariant on the Publication class specifies that call numbers are unique, expressed by quantifying over all Publication instances and comparing their call numbers. Specifically, the invariant states that for any two publications, p1 and p2, returned by allinstances, if p1 and p2 are not the same publication, then they have different call numbers."",
    ""citations"": [
      {
        ""type"": ""source_text"",
        ""content"": ""- The topmost constraint is an invariant on the Publication class, and specifies that call numbers are unique."",
        ""img_id"": null
      },
      {
        ""type"": ""source_text"",
        ""content"": ""- Construct allinstances, which returns all instances of the Publication class"",
        ""img_id"": null
      },
      {
        ""type"": ""source_text"",
        ""content"": ""- the constraint literally says that for any two publications, p1 and p2 , returned by allinstances, if p1 and p2 are not the same publication, then they have different call numbers."",
        ""img_id"": null
      }
    ],
    ""type"": null
  }
]","OCL augments UML by allowing constraints to be attached to models, such as invariants on a class, to enforce rules like uniqueness of call numbers for publications. In the example, an invariant on the Publication class specifies that call numbers are unique, expressed by quantifying over all Publication instances and comparing their call numbers. Specifically, the invariant states that for any two publications, p1 and p2, returned by allinstances, if p1 and p2 are not the same publication, then they have different call numbers.",1.734,10.56
"Why does the textbook argue that high-level Petri nets are better suited than state-machine models for representing processes like an emergency room triage, where multiple preliminary events must occur before a transition to treatment begins? -Required source types: text -Brief reasoning type label: comparison","
[0]
[SECTION]: Capturing the Requirements > 4.5 Modeling Notations > Example: Petri Nets
[CONTENT]: These features of concurrency and synchronization are especially useful for modeling events whose order of occurrence is not important. Consider the emergency room in a hospital. Before a patient can be treated, several events must occur.The triage staff must attempt to find out the name and address of the patient and to determine the patient's blood type. Someone must see if the patient is breathing, and also examine the patient for injuries. The events occur in no particular order, but all must occur before a team of doctors begins a more thorough examination. Once the treatment begins (i.e., once the transition is made from a preliminary examination to a thorough one), the  doctors  start  new  activities. The  orthopedic  doctors  check  for  broken  bones, while the hematologist runs blood tests and the surgeon puts stitches in a bleeding wound.The doctors' activities are independent of one another, but none can occur until the transition from the preliminary examination takes place.A state-machine model of the emergency room might specify only a single order of events, thereby excluding several acceptable behaviors, or it might specify all possible sequences of events, resulting in an overly complex model for a relatively simple problem. A Petri net model of the same emergency room nicely avoids both of these problems.


[1]
[SECTION]: Capturing the Requirements > 4.5 Modeling Notations > Example: Petri Nets
[CONTENT]: Basic Petri nets are fine for modeling how control flows through events or among concurrent entities. But if we want to model control that depends on the value of data (e.g., borrowing a particular book from a collection of books), then we need to use a high-level Petri net notation.A number of extensions to basic Petri nets have been proposed to improve the notation's expressibility, including inhibitor arcs, which enable a transition only if the input place is empty of tokens; priority among transitions; timing constraints; and structured tokens, which have values.
To model our library problem, which tracks information and events for multiple patrons and publications, we need a Petri net notation that supports structured tokens and transition actions (Ghezzi et al. 1991). A transition action constrains which tokens in  the  input  places  can  enable  the  transition  and  specifies  the  values  of  the  output tokens. Figure 4.13 is a high-level Petri net specification for the library problem. Each place stores tokens of a different data type. Avail stores a token for every library item that is not currently out on loan.A token in Fines is an n -tuple (i.e., an ordered set of n elements, sometimes called a tuple for short) that maps a patron to the value of his or her total outstanding library fines.A token in OnLoan is another type of tuple that maps a patron and a library item to a due date . A few of the transition predicates and actions are shown in Figure 4.13, such as the action on Process Payment , where the inputs are a payment and the patron's current fines , and the output is a new Fines tuple. The predicates not shown assert that if the token elements in a transition's input or output tokens have the same name, they must have the same value. So in  transition Borrow , the patron making  the Loan  Request must  match  the patron with no outstanding Fines and match the patron who appears in the generated OnLoan tuple; at the same time, the item being borrowed must match an item in Avail . Otherwise, those tuples do not enable the transition. The net starts with an initial marking of item tuples in Avail and ( patron, 0 ) tuples in Fines . As library users trigger input transitions Pay , Initiate Loan , and Initiate Return , new tokens are introduced to the system, which enable the library transitions, which in turn fire and update the Fines tokens and the Avail and OnLoan tokens, and so on.


[2]
[SECTION]: Capturing the Requirements > 4.5 Modeling Notations > Example: Petri Nets
[CONTENT]: UML statechart diagrams nicely modularize a problem's dynamic behavior into the behaviors of individual class objects, with the effect that it may be easier to consider each class's behavior separately than it is to specify the whole problem in one diagram. This modularization makes it harder, though, to see how objects interact with each other. Looking at an individual statechart diagram, we can see when an object sends a message to another object. However, we have to examine the two objects' diagrams simultaneously to see that a message sent by one object can be received by the other. In fact, to be completely sure, we would have to search the possible executions (event traces) of the two machines, to confirm that whenever one object sends a message to the other, the target object is ready to receive and react to the message.
Petri nets (Peterson 1977) are a form of state-transition notation that is used to model concurrent activities and their interactions. Figure 4.12 shows a basic Petri net specifying the behavior of a book loan. The circles in the net are places that represent activities or conditions, and the bars represent transitions . Directed arrows, called arcs , connect a transition with its input places and its output places . The places are populated with tokens , which act as enabling conditions for the transitions.When a transition fires , it removes tokens from each of its input places and inserts tokens into each of its output places. Each arc can be assigned a weight that specifies how many tokens are removed from the arc's input place, or inserted into the arc's output place, when the transition fires. A transition is enabled if each of its input places contains enough tokens to contribute its arc's weight's worth of tokens, should the enabled transition actually fire.Thus, in  Figure  4.12, transitions Return,Withdraw  Return  Request , and Withdraw Loan Request are all enabled; firing transition Return removes a token from each of the places ReturnRequest and OnLoan , and inserts a token into Avail . The net's marking , which is the distribution of tokens among places, changes as transitions fire. In each execution step, the marking determines the set of enabled transitions; one enabled transition is nondeterministically selected to fire; the firing of this transition produces a new marking, which may enable a different set of transitions.We can model concurrent behavior by combining into a single net the activities, transitions, and tokens for several executing entities. Concurrent entities are synchronized whenever their activities, or places, act as input places to the same transition. This synchronization ensures that all of the pre-transition activities occur before the transition fires, but does not constrain the order in which these activities occur.
","[
  {
    ""role"": ""paragraph"",
    ""segment"": ""The textbook argues that high-level Petri nets are better for representing processes like emergency room triage because they model concurrency and synchronization, allowing multiple preliminary events to occur in parallel and only then enable the transition to treatment, without enforcing a single, fixed order of events."",
    ""citations"": []
  },
  {
    ""role"": ""bullet_intro"",
    ""segment"": """",
    ""citations"": []
  }
]","The textbook argues that high-level Petri nets are better for representing processes like emergency room triage because they model concurrency and synchronization, allowing multiple preliminary events to occur in parallel and only then enable the transition to treatment, without enforcing a single, fixed order of events.",1.932,6.836
"Using the Critical Path Method (CPM), how does a delay in an activity that has zero slack time logically affect the projected staff-days on a resource histogram, and what is the specific term for the path that contains these zero-slack activities? -Required source types: both -Brief reasoning type label: causal reasoning","
[0]
[SECTION]: Planning and Managing the Project > 3.1 Tracking Progress > Slack time = latest start time -earliest start time
[CONTENT]: Since the critical path has no slack, there is no margin for error when performing the activities along its route.
Notice what happens when an activity on the critical path begins late (i.e., later than its earliest start time). The late start pushes all subsequent critical path activities forward, forcing them to be late, too, if there is no slack. And for activities not on the critical path, the subsequent activities may also lose slack time. Thus, the activity graph helps us to understand the impact of any schedule slippage.
Consider what happens if the activity graph has several loops in it. Loops may occur when an activity must be repeated. For instance, in our house-building example, the building inspector may require the plumbing to be redone.In software development, a design inspection may require design or requirements to be respecified. The appearance of these loops may change the critical path as the loop activities are exercised more than once. In this case, the effects on the schedule are far less easy to evaluate.


[1]
[SECTION]: Planning and Managing the Project > 3.1 Tracking Progress > Slack time = latest start time -earliest start time
[CONTENT]: assign a probable duration according to some probability distribution, so that each activity has associated with it an expected value and a variance. In other words, instead of knowing an exact duration, we estimate a window or interval in which the actual time is likely to fall. The expected value is a point within the interval, and the variance describes the width of the interval. You may be familiar with a standard probability distribution called a normal distribution, whose graph is a bell-shaped curve.The Program Evaluation and Review Technique (PERT) is a popular critical path analysis technique that assumes a  normal distribution. (See Hillier and Lieberman [2001] for more information about PERT.) PERT determines the probability that the earliest start time for an activity is close to the scheduled time for that activity. Using information such as probability distribution, latest and earliest start times, and the activity graph, a PERT program can calculate the critical path and identify those activities most likely to be bottlenecks. Many project managers use the CPM or PERT method to examine their projects. However, these methods are valuable only for stable projects in which several activities take place concurrently. If the project's activities are mostly sequential, then almost all activities are on the critical path and are candidates for bottlenecks. Moreover, if the project requires redesign or rework,the activity graph and critical path are likely to change during development.


[2]
[SECTION]: Planning and Managing the Project > 3.1 Tracking Progress > Slack time = latest start time -earliest start time
[CONTENT]: 54 days are available to complete the activities leading to milestones 2.3, 2.4, 2.5, 2.6, and 2.8, but only 42 days are needed to complete these. Thus, this portion of the graph has 12 days of slack. Similarly, the portion of the graph for activities 2.3 through 2.7 requires only 39 days, so we have 15 days of slack along this route. By working forward through the graph in this way, we can compute the earliest start time and slack for each of the activities.Then, we compute the latest start time for each activity by moving from the finish back through each node to the start. Table 3.4 shows the results: the slack time for each activity in Figure 3.3. (At milestone 2.6, the path can branch to 2.7 or 2.8. The latest start times in Table 3.4 are calculated by using the route from 2.6 to 2.8, rather than from 2.6 to 2.7.)
The longest path has a slack of zero for each of its nodes, because it is the path that determines whether or not the project is on schedule. For this reason, it is called the critical path. Thus, the critical path is  the  one for which the slack at every node is zero. As you can see from our example, there may be more than one critical path.


[3]
[SECTION]: Planning and Managing the Project > 3.1 Tracking Progress > Slack time = latest start time -earliest start time
[CONTENT]: Figure 3.4 is a bar chart that shows some software development project activities, including information about the early and late start dates; this chart is typical of those produced by automated project management tools. The horizontal bars represent the duration of each activity; those bars composed of asterisks indicate the critical path. Activities depicted by dashes and Fs are not on the critical path, and an F represents float or slack time.
Critical path analysis of a project schedule tells us who must wait for what as the project is being developed. It also tells us which activities must be completed on schedule to avoid delay. This kind of analysis can be enhanced in many ways. For instance, our house-building example supposes that we know exactly how long each activity will take. Often, this is not the case. Instead, we have only an estimated duration for an activity, based on our knowledge of similar projects and events. Thus, to each activity, we can ***********************


[4]
[SECTION]: Planning and Managing the Project > 3.1 Tracking Progress > Estimating Completion
[CONTENT]: To see how CPM works, consider again our house-building example. First, we notice that the activities leading to milestones 1.1 (surveying) and 1.2 (requesting permits) can occur concurrently. Since excavation (the activity culminating in milestone 1.3) cannot begin until day 16, surveying has 15 days in which to be completed, even though it is only 3 days in duration. Thus, surveying has 15 days of available time, but requires only 3 days of real time. In the same way, for each activity in our graph, we can compute a pair of times: real time and available time.The real time or actual time for an activity is the estimated amount of time required for the activity to be completed, and the available time is the amount of time available in the schedule for the activity's completion. Slack time or float for an activity is the difference between the available time and the real time for that activity:
Slack time = available time -real time 1.1 FINISH Another way of looking at slack time is to compare the earliest time an activity may begin  with  the  latest  time  the  activity  may  begin  without  delaying  the  project. For example, surveying may begin on day 1, so the earliest start time is day 1. However, because it will take 15 days to request and receive permits, surveying can begin as late as day 13 and still not hold up the project schedule.Therefore,
","[
  {
    ""role"": ""paragraph"",
    ""segment"": ""A delay in an activity with zero slack on the critical path pushes all subsequent critical-path activities forward, forcing them to be late, too, if there is no slack."",
    ""citations"": [
      {
        ""type"": ""source_text"",
        ""content"": ""The late start pushes all subsequent critical path activities forward, forcing them to be late, too, if there is no slack."",
        ""img_id"": null
      }
    ],
    ""type"": null
  },
  {
    ""role"": ""paragraph"",
    ""segment"": ""The path that contains these zero-slack activities is called the critical path."",
    ""citations"": [
      {
        ""type"": ""source_text"",
        ""content"": ""The longest path has a slack of zero for each of its nodes, because it is the path that determines whether or not the project is on schedule. For this reason, it is called the critical path."",
        ""img_id"": null
      }
    ],
    ""type"": null
  }
]","A delay in an activity with zero slack on the critical path pushes all subsequent critical-path activities forward, forcing them to be late, too, if there is no slack.

The path that contains these zero-slack activities is called the critical path.",1.704,12.108
"How does the U.S. government's definition of Return on Investment (ROI) differ from industry's definition, and how is the ""payback period"" mathematically calculated when a company performs a cost-benefit analysis on a new software architecture design? -Required source types: text -Brief reasoning type label: comparison","
[0]
[SECTION]: Why Software Engineering? > 1.3 What Is Good Software? > Quality in the Context of the Business Environment
[CONTENT]: However, Brodman and Johnson (1995) found that the U.S. government and U.S. industry interpret ROI in very different ways, each different from the other, and both different from the standard business school approaches.The government views ROI in terms of dollars,looking at reducing operating costs,predicting dollar savings,and calculating the cost of employing new technologies. Government investments are also expressed in dollars, such as the cost of introducing new technologies or process improvement initiatives.
On the other hand, industry viewed investment in terms of effort, rather than cost or dollars. That is, companies were interested in saving time or using fewer people, and their  definition  of  return  on  investment  reflected  this  focus  on  decreasing  effort. Among the companies surveyed, return on investment included such items as The cost issues included in the definition involve meeting cost predictions, improving cost performance, and staying within budget, rather than reducing operating costs or streamlining  the  project  or  organization. Figure  1.6 summarizes the frequency with which many organizations included an investment item in their definition of ROI. For example, about 5 percent of those interviewed included a quality group's effort in the ROI effort calculation, and approximately 35 percent included software costs when considering number of dollars invested.


[1]
[SECTION]: Designing the Architecture > 5.7 Architecture Evaluation And Refinement > Cost-Benefit Analysis
[CONTENT]: Computing Return on Investment (ROI). The return on investment of making one of these design changes is the ratio of the benefits gained from making the change to the cost of its implementation:
[FORMULA]
ROI = Benefits/Cost These costs are estimated using the techniques described in Chapter 3. The estimated costs of the proposed design changes in our example are shown in Table 5.4. In general,
an ROI of 1 or greater means that the design's benefits outweigh its costs. The higher the ROI value, the more effective the design.
Another useful measure is the payback period : the length of time before accumulated benefits recover the costs of implementation. In our example, the payback period for restructuring the sorted-index module (design 2) is $300,000/$280,000 = 1.07 of a year = approximately 13 months We return to calculations such as these in Chapter 12, where we investigate the best techniques for evaluating the return on investing in software reuse.


[2]
[SECTION]: Why Software Engineering? > 1.3 What Is Good Software? > Quality in the Context of the Business Environment
[CONTENT]:  - training
 - schedule
 - risk
 - quality
 - productivity
 - process
 - customer
 - costs
 - business The difference in views is disturbing, because it means that calculations of ROI cannot be compared across organizations. But there are good reasons for these differing views. Dollar savings from reduced schedule, higher quality, and increased productivity are returned to the government rather than the contractor. On the other hand, contractors are usually looking for a competitive edge and increased work capacity as well as greater profit; thus, the contractor's ROI is more effort- than cost-based. In particular, more accurate cost and schedule estimation can mean customer satisfaction and repeat business.And decreased time to market as well as improved product quality are perceived as offering business value, too.


[3]
[SECTION]: Why Software Engineering? > 1.3 What Is Good Software? > Quality in the Context of the Business Environment
[CONTENT]: There have been several attempts to relate technical value and business value in a quantitative and meaningful way. For example, Humphrey, Snyder, and Willis (1991) note  that  by  improving  its  development  process  according  to  the  CMM 'maturity' scale (to be discussed in Chapter 12), Hughes Aircraft improved its productivity by 4 to 1 and saved millions of dollars. Similarly, Dion (1993) reported that Raytheon's twofold increase in productivity was accompanied by a $7.70 return on every dollar invested in process improvement. And personnel at Tinker Air Force Base in Oklahoma noted a productivity improvement of 6.35 to 1 (Lipke and Butler 1992).
However,Brodman and Johnson (1995) took a closer look at the business value of process improvement.They surveyed 33 companies that performed some kind of process improvement activities, and examined several key issues.Among other things, Brodman and Johnson asked companies how they defined return on investment (ROI), a concept that is clearly defined in the business community.They note that the textbook definition of return on investment , derived from the financial community, describes the investment in terms of what is given up for other purposes. That is, the 'investment must not only return the original capital but enough more to at least equal what the funds would have earned elsewhere, plus an allowance for risk' (Putnam and Myers 1992). Usually, the business  community  uses  one  of  three  models  to  assess  ROI: a  payback  model, an accounting rate-of-return model, and a discounted cash flow model.


[4]
[SECTION]: Why Software Engineering? > 1.3 What Is Good Software? > Quality in the Context of the Business Environment
[CONTENT]: [FIGURE 1.6 Terms included in industry definition of return on investment.] 
[FIGURE_DESCRIPTIONS]
[0] Bar chart titled of interviewees distribution across categories with the y-axis listing labels such as Facilities, Software costs, Hardware costs, Materials, General, Assessments, SCE costs, Internal R&D, Process, Documentation, Quality group, Software process group, General. The x-axis labeled Percent of interviewees ranges from 0% to 70% in increments of 10%. The bars vary in length, indicating relative emphasis per category. Some categories show small values (e.g., Materials, Process) while others reach near 60–70% (e.g., General). A horizontal orientation emphasizes comparison across factors; the bars are monochrome with consistent fill, and major gridlines assist in reading percentage values. The image likely represents a qualitative survey or interview analysis, mapping concerns or costs to their frequency among participants. Readable text includes category names and axis labels. 



[5]
[SECTION]: Evaluating Products, Processes, and Resources > 12.6 Evaluating Resources > Return on Investment
[CONTENT]: NPV expresses economic value in terms of total project life, regardless of scale or time frame. Since investment planning involves spending money in the future, we can think of the present value of an investment as the value today of a predicted future cash flow. The NPV calculation uses a discount rate or opportunity cost , corresponding to
","[
  {
    ""role"": ""paragraph"",
    ""segment"": ""The U.S. government defines ROI in terms of dollars, looking at reducing operating costs, predicting dollar savings, and calculating the cost of employing new technologies, whereas industry views ROI in terms of effort (time saved or fewer people used) rather than purely dollars."",
    ""citations"": [
      {
        ""type"": ""source_text"",
        ""content"": ""The government views ROI in terms of dollars,looking at reducing operating costs,predicting dollar savings,and calculating the cost of employing new technologies."",
        ""img_id"": null
      },
      {
        ""type"": ""source_text"",
        ""content"": ""On the other hand, industry viewed investment in terms of effort, rather than cost or dollars."",
        ""img_id"": null
      }
    ],
    ""type"": null
  },
  {
    ""role"": ""paragraph"",
    ""segment"": ""The payback period is the length of time before accumulated benefits recover the costs of implementation, and is calculated as Payback period = Cost / Benefits (for example, $300,000 / $280,000 = 1.07 years, approximately 13 months)."",
    ""citations"": [
      {
        ""type"": ""source_text"",
        ""content"": ""the length of time before accumulated benefits recover the costs of implementation."",
        ""img_id"": null
      },
      {
        ""type"": ""source_text"",
        ""content"": ""In our example, the payback period for restructuring the sorted-index module (design 2) is $300,000/$280,000 = 1.07 of a year = approximately 13 months"",
        ""img_id"": null
      }
    ],
    ""type"": null
  }
]","The U.S. government defines ROI in terms of dollars, looking at reducing operating costs, predicting dollar savings, and calculating the cost of employing new technologies, whereas industry views ROI in terms of effort (time saved or fewer people used) rather than purely dollars.

The payback period is the length of time before accumulated benefits recover the costs of implementation, and is calculated as Payback period = Cost / Benefits (for example, $300,000 / $280,000 = 1.07 years, approximately 13 months).",1.938,10.729
Contrast the primary development goal of building a throwaway rapid prototype during the requirements elicitation phase versus building one during the software architecture design phase. -Required source types: text -Brief reasoning type label: comparison,"
[0]
[SECTION]: Capturing the Requirements > 4.7 Prototyping Requirements
[CONTENT]: Both techniques are sometimes called rapid prototyping , because they involve building  software  in  order  to  answer  questions  about  the requirements . The  term 'rapid'distinguishes software prototyping from that in other engineering disciplines, in which a prototype is typically a complete solution, like a prototype car or plane that is built manually according to an already approved design. The purpose of such a prototype is to test the design and product before automating or optimizing the manufacturing step for mass production. In contrast, a rapid prototype is a partial solution that is built to help us understand the requirements or to evaluate design alternatives.
Questions about the requirements can be explored via either modeling or prototyping. Whether one approach is better than the other depends on what our questions are, how well they can be expressed in models or in software, and how quickly the models or prototype software can be built.As we saw above, questions about user interfaces may be easier to answer using prototypes. A prototype that implements a number of proposed features would more effectively help users to prioritize these features, and possibly to identify some features that are unnecessary. On the other hand, questions about constraints on the order in which events should occur, or about the synchronization of activities, can be answered more quickly using models. In the end, we need to produce final requirements documentation for the testing and maintenance teams, and possibly for regulatory bodies, as well as final software to be delivered. So, whether it is better to model or to prototype depends on whether it is faster and easier to model, and to develop the software from the refined models, or faster and easier to prototype, and to develop documentation from the refined prototype.


[1]
[SECTION]: Capturing the Requirements > 4.7 Prototyping Requirements
[CONTENT]: There are two approaches to prototyping: throwaway and evolutionary. A throwaway prototype is software that is developed to learn more about a problem or about a proposed solution, and that is never intended to be part of the delivered software. This approach allows us to write 'quick-and-dirty' software that is poorly structured, inefficient, with no error checking-that, in fact, may be a facade that does not implement any of the desired functionality-but that gets quickly to the heart of questions we have about the problem or about a proposed solution. Once our questions are answered, we throw away the prototype software and start engineering the software that will be delivered. In contrast, an evolutionary prototype is software that is developed not only to help us answer questions but also to be incorporated into the final product. As such, we have to be much more careful in its development, because this software has to eventually exhibit the quality requirements (e.g., response rate, modularity) of the final product, and these qualities cannot be retrofitted.


[2]
[SECTION]: Designing the Architecture > 5.7 Architecture Evaluation And Refinement > Prototyping
[CONTENT]: An extreme version of this approach is called rapid prototyping , in which we progressively refine the prototype until it becomes the final system. We start with a prototype of the requirements, in the form of a preliminary user interface that simulates the system's responses to user input. In successive iterations of the prototype, we flesh out the system's design and implementation, providing the functionality promised by the initial user interface. In many ways, rapid prototyping resembles an agile development process, in that the system's development is iterative and there is continual feedback from the customer. The difference is that the initial prototype is a user-interface shell rather than the core of the operational system.


[3]
[SECTION]: Designing the Architecture > 5.7 Architecture Evaluation And Refinement > Prototyping
[CONTENT]: If a prototype is intended only to explore design issues, we may not give its development the same careful attention that we would give to a real system. For this reason, we frequently discard the prototype and build the actual system from scratch, rather than try to salvage parts from the prototype. In these cases, the throw-away prototype is meant to be discarded; its development is intended only to assess the feasibility or particular characteristics in a proposed design. In fact, Brooks (1995) recommends building a system, throwing it away, and building it again.The second version of the system benefits from the learning and the mistakes made in the process of building the first system.
Alternatively, we may attempt to reuse parts of the prototype in the actual system. By taking care in the design and development of the prototype's components, we can produce a prototype that answers questions about the design and at the same time provides building blocks for the final system.The challenge is to ensure that this style of prototyping is still fast. If the prototype cannot be built more quickly than the actual system, then it loses its value. Moreover, if too much effort is invested in developing a quality prototype, we may become too attached to the design decisions and other assets embedded in the prototype,and we may be less open to considering design alternatives.


[4]
[SECTION]: Designing the Architecture > 5.7 Architecture Evaluation And Refinement > Prototyping
[CONTENT]: Boehm, Gray, and Seewaldt (1984) studied projects that were developed using rapid prototyping, and they report that such projects performed about as well as those developed using traditional design techniques. In addition, 45 percent less effort was expended and 40 percent fewer lines of code were generated by the developers who used prototypes. Also, the speed and efficiency of the systems developed with prototypes were almost the same as those of the traditionally developed systems. However, there are some risks in using rapid prototyping.The biggest risk is that by showing customers an operational prototype, we may mislead them into believing that the system is close to being finished. A related risk is that customers may expect the final system to exhibit the same performance characteristics as the prototype, which could be unrealistically fast due to omitted functionality, smaller scale, and communication delays.Also, because of the lack of documentation, prototyping as a development process is best suited for smaller projects involving smaller development teams.
","[
    {
        ""role"": ""paragraph"",
        ""segment"": ""During requirements elicitation, a throwaway rapid prototype is built to learn more about a problem or proposed solution and is never intended to be part of the delivered software; once questions are answered, the prototype is discarded and the real software is built. During architecture design, a throwaway prototype may be used to explore design issues and feasibility, with the understanding that it is often discarded and the actual system is built from scratch or reengineered, as its development is intended only to assess certain design characteristics."",
        ""citations"": [
            {
                ""type"": ""source_text"",
                ""content"": ""A throwaway prototype is software that is developed to learn more about a problem or about a proposed solution, and that is never intended to be part of the delivered software."",
                ""img_id"": null
            },
            {
                ""type"": ""source_text"",
                ""content"": ""Once our questions are answered, we throw away the prototype software and start engineering the software that will be delivered."",
                ""img_id"": null
            },
            {
                ""type"": ""source_text"",
                ""content"": ""If a prototype is intended only to explore design issues, we may not give its development the same careful attention that we would give to a real system. For this reason, we frequently discard the prototype and build the actual system from scratch, rather than try to salvage parts from the prototype."",
                ""img_id"": null
            },
            {
                ""type"": ""source_text"",
                ""content"": ""the throw-away prototype is meant to be discarded; its development is intended only to assess the feasibility or particular characteristics in a proposed design."",
                ""img_id"": null
            }
        ],
        ""type"": null
    }
]","During requirements elicitation, a throwaway rapid prototype is built to learn more about a problem or proposed solution and is never intended to be part of the delivered software; once questions are answered, the prototype is discarded and the real software is built. During architecture design, a throwaway prototype may be used to explore design issues and feasibility, with the understanding that it is often discarded and the actual system is built from scratch or reengineered, as its development is intended only to assess certain design characteristics.",1.909,10.169
"How does the representation of conditions and states in a Parnas Table for calculating a library due date differ structurally from the representation of pre-conditions and post-conditions in a formal Z specification schema for a ""Return"" operation? -Required source types: both -Brief reasoning type label: structure interpretation","
[0]
[SECTION]: Capturing the Requirements > 4.5 Modeling Notations > Example: Parnas Tables
[CONTENT]: Parnas tables (Parnas 1992) are tabular representations of mathematical functions or relations. Like decision tables, Parnas tables use rows and columns to separate a function's definition into its different cases. Each table entry either specifies an input condition that partially identifies some case, or it specifies the output value for some case. Unlike decision tables, the inputs and outputs of a Parnas table are purely mathematical expressions.
To  see  how  Parnas  tables  work, consider  Figure  4.17. The  rows  and  columns define Calc due date , an operation in our library example.The information is represented as a Normal Table, which is a type of Parnas table.The column and row headers are predicates used to specify cases, and the internal table entries store the possible function results. Thus, each internal table entry represents a distinct case in the function's definition. For example, if the event is to renew a loan (column header), and the publication being borrowed is on reserve (column header), and the patron making the request has no outstanding fines (row header), then the due date is calculated to be publication.reserve loan period days from Today . A table entry of 'X' indicates that the operation is invalid under the specified conditions; in other specifications, an entry of 'X' could mean that the combination of conditions is infeasible. Notice how the column and row headers are structured to cover all possible combinations of conditions that can affect the calculation of a loaned item's due date. (The symbol ¬ means 'not', so ¬publication.InState(reserve) means that the publication is not on reserve.)


[1]
[SECTION]: Capturing the Requirements > 4.5 Modeling Notations > Example: Decision Tables
[CONTENT]: A decision table (Hurley 1983) is a tabular representation of a functional specification that maps events and conditions to appropriate responses or actions. We say that the specification  is informal because  the  inputs  (events  and  conditions)  and  outputs (actions) may be expressed in natural language, as mathematical expressions, or both.
Figure 4.16 shows a decision table for the library functions borrow , return , reserve , and unreserve . All of the possible input events (i.e., function invocations), conditions, and actions are listed along the left side of the table, with the input events and conditions listed above the horizontal line and the actions listed below the line. Each  column  represents  a  rule  that  maps  a  set  of  conditions  to  its  corresponding result(s). An entry of 'T' in a cell means that the row's input condition is true, 'F' means that the input condition is false, and a dash indicates that the value of the condition does not matter. An entry of 'X' at the bottom of the table means that the row's action should be performed whenever its corresponding input conditions hold. Thus, column 1 represents the situation where a library patron wants to borrow a book, the book is not already out on loan, and the patron has no outstanding fine; in this situation, the loan is approved and a due date is calculated. Similarly, column 7 illustrates the case where there is a request to put a book on reserve but the book is currently out on loan; in this case, the book is recalled and the due date is recalculated to reflect the recall.


[2]
[SECTION]: Capturing the Requirements > 4.5 Modeling Notations > SIDEBAR 4.5 GROUND REQUIREMENTS IN THE REAL WORLD
[CONTENT]: The top section of an operation schema indicates whether the operation modifies ( D ) or simply queries ( X ) the system state, and identifies the inputs (?) and outputs (!) of the operation. The bottom section of an operation schema specifies the operation's pre-conditions  and  post-conditions. In  operations  that  modify  the  system  state, unprimed variables represent variable values before the operation is performed, and primed variables represent values following the operation. For example, the input to operation Buy is a new library Item , and the pre-condition specifies that the Item not already be in the library Catalogue . The post-conditions update the Catalogue to include the new Item , and specify that the other library variables do not change value (e.g., the updated value Fine equals the old value Fine ). Operation Return is more complicated. It takes as input the library Item being returned, the Patron who borrowed the Item , and the Date of the return. The post-conditions remove the returned item from variables Borrowers and DueDates ; these updates use Z symbol y , 'domain subtraction,' to return a submapping of their pre-operation values, excluding any element whose domain value is the Item being returned.The next two post-conditions are updates to variable Fines , conditioned on whether the Patron incurs an overdue fine for returning the Item later than the loan's due date.These updates use symbol å , which 'maps' a domain value 'to' a range value, and symbol ± which 'overrides' a function mapping, usually with a new 'maps-to' element. Thus, if today's date is later than the returned Item's DueDate , then the Patron's Fine is overridden with a new value that reflects the old fine value plus the new overdue fine. The last two post-conditions specify that the values of variables Catalogue and OnReserve do not change. ¿


[3]
[SECTION]: Capturing the Requirements > 4.5 Modeling Notations > Example: Parnas Tables
[CONTENT]: A functional specification expressed using Parnas tables is best decomposed into a single function per output variable. For every input event and for every condition on entities or other variables, each function specifies the value of its corresponding output variable. The advantage of this model structure over a state-machine model is that the definition of each output variable is localized in a distinct table, rather than spread throughout the model as actions on state transitions.
|    |                 | event { borrow, renew }.publication.ln State   | event { borrow, renew }.publication.ln State   | event = recall.                          |
|---:|:----------------|:-----------------------------------------------|:-----------------------------------------------|:-----------------------------------------|
|  0 | patron.fine = 0 | publication.reserve loan period                | publication.loan period                        | Min(due date, publication.recall period) |
|  1 | patron.fine > 0 | X                                              | X                                              | X                                        |
","[
    {
        ""role"": ""paragraph"",
        ""segment"": ""Parnas tables express conditions and states with column and row headers that are predicates used to specify cases, and the internal table entries store the possible function results; each internal table entry represents a distinct case in the function's definition. A functional specification expressed using Parnas tables is best decomposed into a single function per output variable. In contrast, a Z operation schema separates the concerns into a top section that indicates modification or query and identifies inputs and outputs, and a bottom section that specifies the pre-conditions and post-conditions; unprimed variables represent pre-state values and primed variables represent post-state values, with post-conditions describing how variables are updated."",
        ""citations"": [
            {
                ""type"": ""source_text"",
                ""content"": ""The column and row headers are predicates used to specify cases, and the internal table entries store the possible function results. Thus, each internal table entry represents a distinct case in the function's definition."",
                ""img_id"": null
            },
            {
                ""type"": ""source_text"",
                ""content"": ""A functional specification expressed using Parnas tables is best decomposed into a single function per output variable."",
                ""img_id"": null
            },
            {
                ""type"": ""source_text"",
                ""content"": ""The top section of an operation schema indicates whether the operation modifies ( D ) or simply queries ( X ) the system state, and identifies the inputs (?) and outputs (!) of the operation."",
                ""img_id"": null
            },
            {
                ""type"": ""source_text"",
                ""content"": ""The bottom section of an operation schema specifies the operation's pre-conditions and post-conditions. In operations that modify the system state, unprimed variables represent variable values before the operation is performed, and primed variables represent values following the operation."",
                ""img_id"": null
            }
        ],
        ""type"": null
    }
]","Parnas tables express conditions and states with column and row headers that are predicates used to specify cases, and the internal table entries store the possible function results; each internal table entry represents a distinct case in the function's definition. A functional specification expressed using Parnas tables is best decomposed into a single function per output variable. In contrast, a Z operation schema separates the concerns into a top section that indicates modification or query and identifies inputs and outputs, and a bottom section that specifies the pre-conditions and post-conditions; unprimed variables represent pre-state values and primed variables represent post-state values, with post-conditions describing how variables are updated.",1.759,10.483
"Why did the ""hot standby"" redundancy fault-recovery tactic fail during the Ariane-5 maiden flight, and how does the textbook explain this failure using the inherent difference between hardware failures and software failures? -Required source types: text -Brief reasoning type label: causal reasoning","
[0]
[SECTION]: Designing the Architecture > 5.12 Real-Time Example
[CONTENT]: One of the findings of the inquiry board that was set up to investigate the Ariane-5 accident was that the Ariane program in general had a 'culture...of only addressing random hardware failures' (Lions et  al. 1996)  and  of  assuming  that  seemingly  correct software was in fact correct. The board came to this conclusion partly because of the way the Ariane-5's fault-recovery system was designed. The Ariane-5 included a number of redundant components in which both the hardware equipment and the associated software were identical. In most cases, one of the components was supposed to be active; the other was to stay in 'hot standby' mode, ready to become the active component if the current active component failed. But this architecture is not a good choice for this kind of system, because hardware failures are very different from software failures. Hardware failures are independent: if one unit fails, the standby unit is usually unaffected and can take over as the active unit. By contrast, software faults tend to be logical errors, so all copies of a software component have the same set of faults. Moreover, even if the software is not the underlying cause of a failure, replicated software components are likely to exhibit the same bad behavior in response to bad input. For these reasons, the hot standby redundancy in Ariane-5 is likely to recover only from hardware failures.


[1]
[SECTION]: Planning and Managing the Project > 3.8 Real-Time Example
[CONTENT]: The board investigating the Ariane-5 failure examined the software, the documentation, and the data captured before and during flight to determine what caused the failure  (Lions  et  al. 1996). Its  report  notes  that  the  launcher  began  to  disintegrate  39 seconds after  takeoff  because  the  angle  of  attack  exceeded  20  degrees, causing  the boosters to separate from the main stage of the rocket; this separation triggered the launcher's self-destruction. The angle of attack was determined by software in the onboard computer on the basis of data transmitted by the active inertial reference system, SRI2.As the report notes, SRI2 was supposed to contain valid flight data, but instead it contained a diagnostic bit pattern that was interpreted erroneously as flight data. The erroneous data had been declared a failure, and the SRI2 had been shut off. Normally, the on-board computer would have switched to the other inertial reference system, SRI1, but that, too, had been shut down for the same reason.


[2]
[SECTION]: Why Software Engineering? > 1.10 Real-Time Example
[CONTENT]: Our real-time example is based on the embedded software in the Ariane-5, a space rocket  belonging  to  the  European  Space  Agency  (ESA). On  June  4, 1996, on  its maiden flight, the Ariane-5 was launched and performed perfectly for approximately 40 seconds. Then, it began to veer off course. At the direction of an Ariane ground controller, the rocket was destroyed by remote control. The destruction of the uninsured rocket was a loss not only of the rocket itself, but also of the four satellites it contained; the total cost of the disaster was $500 million (Lions et al. 1996; Newsbytes home page 1996).
Software is involved in almost all aspects of the system, from the guidance of the rocket to the internal workings of its component parts.The failure of the rocket and its subsequent destruction raise many questions about software quality. As we will see in later chapters, the inquiry board that investigated the cause of the problem focused on software quality and its assurance. In this chapter, we look at quality in terms of the business value of the rocket.


[3]
[SECTION]: Testing the System > 9.11 Real-Time Example
[CONTENT]: We have seen in  earlier  chapters  that  problems  with  requirements  and  inadequate reviews contributed to the failure of Ariane-5's inertial reference software, SRI. The committee evaluating the failure also considered the preventative role that simulation might have played. They noted that it would have been impossible to isolate and test the  SRI  during  flight, but  software  or  hardware  simulations  could  have  generated signals related to predicted flight parameters while a turntable provided angular movements. Had this approach been taken during acceptance testing, the investigators think the failure conditions would have been revealed.
In addition, testing and simulation were being carried out at a Functional Simulation Facility, with the intention of qualifying At  this  facility, engineers  ran  closed-loop  simulations  of  the  complete  flight, including  ground operations, telemetry flow, and launcher dynamics. They hoped to verify that the nominal trajectory was correct, as well as trajectories degraded using internal launcher parameters, atmospheric parameters, and equipment failures. During these tests, the actual SRIs were not used; instead, the SRIs were simulated using specially developed software. Only some open-loop tests were performed with the actual SRI, and just for electrical integration and communication compliance.
 - the guidance, navigation, and control systems


[4]
[SECTION]: Planning and Managing the Project > 3.8 Real-Time Example
[CONTENT]: The error occurred in a software module that computed meaningful results only before lift-off.As soon as the launcher lifted off, the function performed by this module served no useful purpose, so it was no longer needed by the rest of the system. However, the module continued its computations for approximately 40 seconds of flight based on a requirement for the Ariane-4 that was not needed for Ariane-5.
The internal events that led to the failure were reproduced by simulation calculations supported by memory readouts and examination of the software itself. Thus, the Ariane-5 destruction might have been prevented had the project managers developed a risk management plan, reviewed it, and developed risk avoidance or mitigation plans for each identified risk. To see how, consider again the steps of Figure 3.15. The first stage of risk assessment is risk identification. The possible problem with reuse of the Ariane-4 software might have been identified by a decomposition of the functions; someone  might  have  recognized  early  on  that  the  requirements  for Ariane-5  were different  from  Ariane-4. Or  an  assumption  analysis  might  have  revealed  that  the assumptions for the SRI in Ariane-4 were different from those for Ariane-5.
[FORMULA]
1.01 + 0.01 1 12 2
","[
    {
        ""role"": ""paragraph"",
        ""segment"": ""But this architecture is not a good choice for this kind of system, because hardware failures are very different from software failures. Hardware failures are independent: if one unit fails, the standby unit is usually unaffected and can take over as the active unit. By contrast, software faults tend to be logical errors, so all copies of a software component have the same set of faults. Moreover, even if the software is not the underlying cause of a failure, replicated software components are likely to exhibit the same bad behavior in response to bad input. For these reasons, the hot standby redundancy in Ariane-5 is likely to recover only from hardware failures."",
        ""citations"": [
            {
                ""type"": ""source_text"",
                ""content"": ""But this architecture is not a good choice for this kind of system, because hardware failures are very different from software failures."",
                ""img_id"": null
            },
            {
                ""type"": ""source_text"",
                ""content"": ""Hardware failures are independent: if one unit fails, the standby unit is usually unaffected and can take over as the active unit."",
                ""img_id"": null
            },
            {
                ""type"": ""source_text"",
                ""content"": ""By contrast, software faults tend to be logical errors, so all copies of a software component have the same set of faults."",
                ""img_id"": null
            },
            {
                ""type"": ""source_text"",
                ""content"": ""Moreover, even if the software is not the underlying cause of a failure, replicated software components are likely to exhibit the same bad behavior in response to bad input."",
                ""img_id"": null
            },
            {
                ""type"": ""source_text"",
                ""content"": ""For these reasons, the hot standby redundancy in Ariane-5 is likely to recover only from hardware failures."",
                ""img_id"": null
            }
        ],
        ""type"": null
    }
]","But this architecture is not a good choice for this kind of system, because hardware failures are very different from software failures. Hardware failures are independent: if one unit fails, the standby unit is usually unaffected and can take over as the active unit. By contrast, software faults tend to be logical errors, so all copies of a software component have the same set of faults. Moreover, even if the software is not the underlying cause of a failure, replicated software components are likely to exhibit the same bad behavior in response to bad input. For these reasons, the hot standby redundancy in Ariane-5 is likely to recover only from hardware failures.",1.318,28.076
"How does a ""pure"" layered architecture (such as the OSI model) utilize the tactics of reducing coupling and using explicit interfaces to minimize the impact on indirectly affected software units when a layer is modified? -Required source types: both -Brief reasoning type label: synthesis","
[0]
[SECTION]: Designing the Architecture > 5.5 Achieving Quality Attributes > Modifiability
[CONTENT]: By  contrast, tactics  for  minimizing  the  impact  on  indirectly  affected  software units focus on reducing dependencies among software units. The goal is to reduce the degree to which a change to a directly affected unit also affects the system's other units:
 - Coupling: As we discuss in detail in Chapter 6,the level of coupling among software units is the degree to which the units depend on each other. By lowering coupling, we reduce the likelihood that a change to one unit will ripple to other units.
 - Interfaces: A  software  unit's  interface  reveals  the  unit's  public  requisites  and responsibilities, and hides the unit's private design decisions. If a unit interacts with other units only through their interfaces (e.g., calling public access methods), then changes to one unit will not spread beyond the unit's boundary unless its interface changes (e.g., if method signatures, preconditions, or postconditions change).
 - Multiple interfaces: A unit modified to provide new data or services can offer them using a new interface to the unit without changing any of the unit's existing interfaces.This way, dependencies on the existing interfaces are unaffected by the change.


[1]
[SECTION]: Designing the Architecture > 5.4 Architectural Styles And Strategies > Layering
[CONTENT]: Layered systems organize the system's software units into layers, each of which provides services to the layer above it and acts as a client to the layer below. In a 'pure' layered system, a software unit in a given layer can access only the other units in the same layer and services offered by the interface to the layer immediately below it. To improve performance, this constraint may be relaxed in some cases, allowing a layer to access the services of layers below its lower neighbor; this is called layer bridging . However, if a design includes a lot of layer bridging, then it loses some of the portability and maintainability that the layering style offers. Under no circumstances does a layer access the services offered by a higher-level layer; the resulting architecture would no longer be called layered.


[2]
[SECTION]: Designing the Architecture > 5.4 Architectural Styles And Strategies > Layering
[CONTENT]: [FIGURE 5.9 Layered architecture of OSI model for network communications.] 
On the other hand, it is not always easy to structure a system into distinct layers of increasingly powerful services, especially when software units are seemingly interdependent. Also, it may appear that layers introduce a performance cost from the set of calls  and  data  transfers  between  system  layers. Fortunately, sophisticated  compilers, linkers, and loaders can reduce this overhead (Clements et al. 2003).


[3]
[SECTION]: Designing the Architecture > 5.4 Architectural Styles And Strategies > Layering
[CONTENT]: To see how this type of system works, consider Figure 5.9, which depicts the Open Systems Interconnection (OSI) reference model for network communications (International  Telecommunication  Union  1994). The  bottom  layer  provides  facilities  for transferring data bits over a physical link, like a cable-possibly unsuccessfully. The next layer, the Data Link Layer, provides more complex facilities: it transmits fixedsized data frames, routes data frames to local addressable machines, and recovers from simple transmission errors.The Data Link Layer uses the bottom Physical Layer's facilities to perform the actual transmission of bits between physically connected machines. The Network Layer adds the ability to transmit variable-sized data packets, by breaking packets into fixed-sized data frames which are then sent using the Data Link facilities; the Network Layer also expands the routing of data packets to nonlocal machines. The Transport Layer adds reliability, by recovering from routing errors, such as when data frames are lost or reordered as they are routed (along possibly different paths) through the network.The Session Layer uses the Transport Layer's reliable data-transfer services  to  provide  long-term  communication  connections, over  which  lengthy  data exchanges can take place.The Presentation Layer provides translation among different data representations, to support data exchanges among components that use different data formats. The Application Layer provides application-specific services, such as file transfers if the application is a file-transfer program.


[4]
[SECTION]: Designing the Architecture > 5.4 Architectural Styles And Strategies > Layering
[CONTENT]: In the OSI example, each layer raises the level of abstraction of the communication services that are available to the next layer, and hides all of the details about how those services are implemented. In general, the layering style is useful whenever we can decompose our system's functionality into steps, each of which builds on previous steps. The resulting design is easier to port to other platforms, if the lowest level encapsulates the software's interactions with the platform. Moreover, because a layer can interact only  with  its  neighboring  layers, layer  modification  is  relatively  easy; such  changes should affect at most only the two adjacent layers.
[FIGURE_DESCRIPTIONS]
[0] Diagram illustrating data flow and protocol layers in a client-server model with labeled vertical data paths and a large central flowchart. Leftmost block labeled KEY shows a legend for layer names: layer, procedure call, physical cable. A thick gray column on the left acts as a data conduit boundary. In the main flow, a sequence of rounded-edge process boxes are stacked vertically and connected by arrows, representing steps from Application, send (my data), send (data), Session, transport, and network down to Physical, then reverse flow on the receiving side to Application, Presentation, and so forth. The central column includes text such as send(my file), send(data), receive(file), receive(data), and terms like close session. An arrow on the right points upward indicating data reassembly or response direction. The diagram emphasizes end-to-end data flow across protocol layers and the boundary between send and receive operations.



[5]
[SECTION]: Designing the Modules > 6.2 Design Principles > Interfaces
[CONTENT]: A software unit's interface can also suggest the nature of coupling. If an interface restricts all access to the software unit to a collection of access functions that can be invoked, then there is no content coupling. If some of the access functions have complex data parameters, then there may be stamp coupling. To promote low coupling, we want to keep a unit's interface as small and simple as possible. We also want to minimize the assumptions and requirements that the software unit makes of its environment, to reduce the chance that changes to other parts of the system will violate those assumptions.
","[
  {
    ""role"": ""paragraph"",
    ""segment"": ""A pure layered architecture constrains each layer to interact only with its own layer and the interface of the layer immediately below it, thereby limiting the paths through which changes can ripple upward or downward when a layer is modified."",
    ""citations"": [
      {
        ""type"": ""source_text"",
        ""content"": ""In a 'pure' layered system, a software unit in a given layer can access only the other units in the same layer and services offered by the interface to the layer immediately below it."",
        ""img_id"": null
      }
    ]
  },
  {
    ""role"": ""paragraph"",
    ""segment"": ""Moreover, a layered design promotes low coupling by exposing only the necessary surface via a small, simple interface, so changes in other parts of the system are less likely to violate assumptions made by a layer."",
    ""citations"": [
      {
        ""type"": ""source_text"",
        ""content"": ""To promote low coupling, we want to keep a unit's interface as small and simple as possible."",
        ""img_id"": null
      }
    ]
  },
  {
    ""role"": ""paragraph"",
    ""segment"": ""As a boundary rule, layers do not access services from higher-level layers, which helps prevent ripple effects across multiple layers when a single layer is modified."",
    ""citations"": [
      {
        ""type"": ""source_text"",
        ""content"": ""Under no circumstances does a layer access the services offered by a higher-level layer; the resulting architecture would no longer be called layered."",
        ""img_id"": null
      }
    ]
  }
]","A pure layered architecture constrains each layer to interact only with its own layer and the interface of the layer immediately below it, thereby limiting the paths through which changes can ripple upward or downward when a layer is modified.

Moreover, a layered design promotes low coupling by exposing only the necessary surface via a small, simple interface, so changes in other parts of the system are less likely to violate assumptions made by a layer.

As a boundary rule, layers do not access services from higher-level layers, which helps prevent ripple effects across multiple layers when a single layer is modified.",1.403,7.222
How does the transition from Stage 1 (Application Composition) to Stage 3 (Postarchitecture) in the COCOMO II model change the metrics used to measure system size and the types of cost drivers that are applied to the effort estimate? -Required source types: both -Brief reasoning type label: process reasoning,"
[0]
[SECTION]: Planning and Managing the Project > 3.3 Effort Estimation > Algorithmic Methods
[CONTENT]: By  stage  3, the  postarchitecture  stage, development  has  begun, and  far  more information is known. In this stage, sizing can be done in terms of function points or lines of code, and many cost factors can be estimated with some degree of comfort.
COCOMO II also includes models of reuse, takes into account maintenance and breakage (i.e., the change in requirements over time), and more. As with the original COCOMO,the model includes cost factors to adjust the initial effort estimate.A research group at the University of Southern California is assessing and improving its accuracy.
Let us look at COCOMO II in more detail.The basic model is of the form where the initial size-based estimate, is adjusted by the vector of cost driver information, m ( ). Table 3.9 describes the cost drivers at each stage, as well as the use of other models to modify the estimate. bS c , E = bS c m 1 X 2 At stage 1, application points supply the size measure. This size measure is an extension of the object-point approach suggested by Kauffman and Kumar (1993) and productivity data reported by Banker, Kauffman, and Kumar (1992).To compute application points, you first count the number of screens, reports, and third-generation language components that will be involved in the application. It is assumed that these elements are defined in a standard way as part of an integrated computer-aided software engineering environment. Next, you classify each application element as simple, medium,or difficult. Table 3.10 contains guidelines for this classification.


[1]
[SECTION]: Planning and Managing the Project > 3.3 Effort Estimation > Algorithmic Methods
[CONTENT]: The COCOMO II estimation process reflects three major stages of any development project. Whereas the original COCOMO model used delivered source lines of code as its key input, the new model acknowledges that lines of code are impossible to know early in the development cycle. At stage 1, projects usually build prototypes to resolve high-risk issues involving user interfaces, software and system interaction, performance, or technological maturity. Here, little is known about the likely size of the final product under consideration, so COCOMO II estimates size in what its creators call application points. As we shall see, this technique captures size in terms of highlevel effort generators, such as the number of screens and reports, and the number of third-generation language components.
At stage 2, the early design stage, a decision has been made to move forward with development, but the designers must explore alternative architectures and concepts of operation. Again, there is not enough information to support fine-grained effort and duration estimation, but far more is known than at stage 1. For stage 2, COCOMO II employs function points as a size measure. Function points, a technique explored in depth  in  IFPUG  (1994a  and  b), estimate  the  functionality  captured  in  the  requirements, so they offer a richer system description than application points.


[2]
[SECTION]: Planning and Managing the Project > 3.7 Information Systems Example
[CONTENT]: The first COCOMO II model, application composition, is designed to be used in the  earliest  stages  of  development. Here, we  compute  application  points  to  help  us determine the likely size of the project.The application point count is determined from three calculations: the number of server data tables used with a screen or report, the number of client data tables used with a screen or report, and the percentage of screens, reports, and modules reused from previous applications. Let us assume that we are not reusing any code in building the Piccadilly system. Then we must begin our estimation process by predicting how many screens and reports we will be using in this application. Suppose our initial estimate is that we need three screens and one report:
 - a booking screen to record a new advertising sales booking
 - a ratecard screen showing the advertising rates for each day and hour
 - an availability screen showing which time slots are available
 - a sales report showing total sales for the month and year, and comparing them with previous months and years For each screen or report, we use the guidance in Table 3.10 and an estimate of the number of data tables needed to produce a description of the screen or report. For example,the booking screen may require the use of three data tables:a table of available time slots, a table of past usage by this customer, and a table of the contact information for this customer (such as name, address, tax number, and sales representative handling the sale).Thus, the number of data tables is fewer than four, so we must decide whether we need more than eight views. Since we are likely to need fewer than eight views, we rate the booking screen as 'simple' according to the application point table. Similarly, we may rate the ratecard screen as 'simple,'the availability screen as 'medium,'and the sales report as 'medium.' Next, we use Table 3.11 to assign a complexity rate of 1 to simple screens, 2 to medium screens, and 5 to medium reports; a summary of our ratings is shown in Table 3.15.


[3]
[SECTION]: Planning and Managing the Project > 3.3 Effort Estimation > Algorithmic Methods
[CONTENT]:  - extra high if it has at least 4 years of experience
|    | 0          | 1                                                                                          |
|---:|:-----------|:-------------------------------------------------------------------------------------------|
|  0 | TABLE 3.13 | Tool Use Categories                                                                        |
|  1 | Category   | Meaning                                                                                    |
|  2 | Very low   | Edit, code,debug                                                                           |
|  3 | Low        | Simple front-end, back-end CASE,little integration                                         |
|  4 | Nominal    | Basic life-cycle tools, moderately integrated                                              |
|  5 | High       | Strong,mature life-cycle tools, moderately integrated                                      |
|  6 | Very high  | Strong, mature, proactive life-cycle tools, well-integrated with processes, methods, reuse |
Notice that stage 2 of COCOMO II is intended for use during the early stages of design.The set of cost drivers in this stage is smaller than the set used in stage 3, reflecting lesser understanding of the project's parameters at stage 2.
","[
    {
        ""role"": ""paragraph"",
        ""segment"": ""Stage 1 uses application points to supply the size measure, whereas Stage 3 uses function points or lines of code for sizing."",
        ""citations"": [
            {
                ""type"": ""source_text"",
                ""content"": ""At stage 1, application points supply the size measure."",
                ""img_id"": null
            },
            {
                ""type"": ""source_text"",
                ""content"": ""size can be done in terms of function points or lines of code"",
                ""img_id"": null
            }
        ],
        ""type"": null
    },
    {
        ""role"": ""paragraph"",
        ""segment"": ""Across both stages, the initial size-based estimate is adjusted by a vector of cost driver information; i.e., the basic model is of the form where the initial size-based estimate is adjusted by the vector of cost driver information, m."",
        ""citations"": [
            {
                ""type"": ""source_text"",
                ""content"": ""The basic model is of the form where the initial size-based estimate, is adjusted by the vector of cost driver information, m ( )."",
                ""img_id"": null
            }
        ],
        ""type"": null
    },
    {
        ""role"": ""paragraph"",
        ""segment"": ""Additionally, the set of cost drivers varies by stage: Stage 3 (Postarchitecture) describes cost drivers at each stage, and Stage 2 has a smaller set of cost drivers than Stage 3, reflecting lesser understanding of the project's parameters at Stage 2."",
        ""citations"": [
            {
                ""type"": ""source_text"",
                ""content"": ""Table 3.9 describes the cost drivers at each stage, as well as the use of other models to modify the estimate."",
                ""img_id"": null
            },
            {
                ""type"": ""source_text"",
                ""content"": ""Notice that stage 2 of COCOMO II is intended for use during the early stages of design.The set of cost drivers in this stage is smaller than the set used in stage 3,"",
                ""img_id"": null
            }
        ],
        ""type"": null
    }
]","Stage 1 uses application points to supply the size measure, whereas Stage 3 uses function points or lines of code for sizing.

Across both stages, the initial size-based estimate is adjusted by a vector of cost driver information; i.e., the basic model is of the form where the initial size-based estimate is adjusted by the vector of cost driver information, m.

Additionally, the set of cost drivers varies by stage: Stage 3 (Postarchitecture) describes cost drivers at each stage, and Stage 2 has a smaller set of cost drivers than Stage 3, reflecting lesser understanding of the project's parameters at Stage 2.",1.693,9.738
"If a risk has an estimated probability of 0.25 and a potential loss impact of $500,000, what is the initial risk exposure, and what mathematical steps must a project manager take next to determine the ""risk reduction leverage"" if a proposed mitigation strategy costs $50,000? -Required source types: both -Brief reasoning type label: process reasoning","
[0]
[SECTION]: Planning and Managing the Project > 3.4 Risk Management > Risk Management Activities
[CONTENT]: L(UO). For instance, there are three possible consequences of performing regression testing: finding a critical fault if one exists, not finding the critical fault (even though it exists), or deciding (correctly) that there is no critical fault. As the figure illustrates, we have estimated the probability of the first case to be 0.75, of the second to be 0.05, and of the third to be 0.20. The loss associated with an unwanted outcome is estimated to be $500,000 if a critical fault is found, so that the risk exposure is $375,000. Similarly, we calculate the risk exposure for the other branches of this decision tree, and we find that our risk exposure if we perform regression testing is almost $2 million. However, the same kind of analysis shows us that the risk exposure if we do not perform regression testing is almost $17 million. Thus, we say (loosely) that more is at risk if we do not perform regression testing.
Risk exposure helps us to list the risks in priority order, with the risks of most concern given the highest priority. Next, we must take steps to control the risks.The notion of control acknowledges that we may not be able to eliminate all risks. Instead, we may be able to minimize the risk or mitigate it by taking action to handle the unwanted outcome in an acceptable way. Therefore, risk control involves risk reduction, risk planning, and risk resolution.


[1]
[SECTION]: Planning and Managing the Project > 3.4 Risk Management > Risk Management Activities
[CONTENT]: For  each  possible  outcome, we  estimate  two  quantities: the  probability  of  an unwanted  outcome, P(UO), and  the  loss  associated  with  the  unwanted  outcome,
[FIGURE 3.16 Example of risk exposure calculation.] 
[FIGURE_DESCRIPTIONS]
[0] Diagram depicting a fault-tinding decision tree for risk exposure and combined risk exposure with labeled thresholds and outcomes. The leftmost node shows a decision about regression testing with a Yes/No branch. From Yes, branches lead to Do regression testing? then further branches evaluate P(U0) and L(U0) values: P(U0) = 0.75, L(U0) = 5M, and text labels such as Find critical fault, Don’t find critical fault, P(U0) = 0.25, L(U0) = 0.5M, P(U0) = 0.20, L(U0) = 0.25M indicating probabilities and losses. Right side shows arrows to risk exposure and combined risk exposure with numeric values: $1.875M, $16.625M, $1.5M, $0M, etc. The top-right labels include P( U0 ) values and L(U0) values alongside fractions like 3.75M, 1.50M, and 5.0M. The diagram emphasizes risk exposure aggregation across branches, with stepwise evaluation of critical fault finding outcomes and associated losses to compute total exposure. Text boxes and thresholds are arranged in a decision-tree fashion with probabilities and monetary losses.



[2]
[SECTION]: Planning and Managing the Project > 3.4 Risk Management > SIDEBAR 3.4 BOEHM'S TOP TEN RISK ITEMS
[CONTENT]: the design is done, then the project can suffer from loss of control and understanding if  the  new  requirements are for functions or features with which the design team is unfamiliar.And a radical change in requirements is likely to lead to losses  of  time  and  money  if  the  design  is  not  flexible  enough  to  be  changed quickly and easily.The loss associated with a risk is called the risk impact .
 - The likelihood that the event will occur. We must have some idea of the probability that the event will occur. For example, suppose a project is being developed on one machine and will be ported to another when the system is fully tested. If the second machine is a new model to be delivered by the vendor, we must estimate the likelihood that it will not be ready on time. The likelihood of the risk, measured from 0 (impossible) to 1 (certainty) is called the risk probability . When the risk probability is 1, then the risk is called a problem , since it is certain to happen.


[3]
[SECTION]: Planning and Managing the Project > 3.4 Risk Management > SIDEBAR 3.4 BOEHM'S TOP TEN RISK ITEMS
[CONTENT]:  - The degree to which we can change the outcome. For each risk, we must determine what we can do to minimize or avoid the impact of the event. Risk control involves a set of actions taken to reduce or eliminate a risk. For example, if the requirements may change after design, we can minimize the impact of the change by creating a flexible design. If the second machine is not ready when the software is tested, we may be able to identify other models or brands that have the same functionality and performance and can run our new software until the new model is delivered.
We can quantify the effects of the risks we identify by multiplying the risk impact by the risk probability, to yield the risk exposure . For example, if the likelihood that the requirements will change after design is 0.3, and the cost to redesign to new requirements is $50,000, then the risk exposure is $15,000. Clearly, the risk probability can change over time, as can the impact, so part of a project manager's job is to track these values over time and plan for the events accordingly.


[4]
[SECTION]: Planning and Managing the Project > 3.8 Real-Time Example
[CONTENT]: Once the risks were identified, the analysis phase might have included simulations, which probably would have highlighted the problem that eventually caused the rocket's destruction. And prioritization would have identified the risk exposure if the SRI did not work as planned; the high exposure might have prompted the project team to examine the SRI and its workings more carefully before implementation.
Risk control involves risk reduction, management planning, and risk resolution. Even if the risk assessment activities had missed the problems inherent in reusing the SRI from Ariane-4, risk reduction techniques including risk avoidance analysis might have noted that both SRIs could have been shut down for the same underlying cause. Risk avoidance might have involved using SRIs with two different designs, so that the design error would have shut down one but not the other. Or the fact that the SRI calculations were not needed after lift-off might have prompted the designers or implementers  to  shut  down  the  SRI  earlier, before  it  corrupted  the  data  for  the  angle calculations. Similarly, risk  resolution  includes  plans  for  mitigation  and  continual reassessment of risk. Even if the risk of SRI failure had not been caught earlier, a risk reassessment during design or even during unit testing might have revealed the problem in the middle of development.A redesign or development at that stage would have been costly, but not as costly as the complete loss of Ariane-5 on its maiden voyage.
","[
  {
    ""role"": ""paragraph"",
    ""segment"": ""Initial risk exposure is calculated by multiplying the risk impact (loss) by the probability of the unwanted outcome: 0.25 × $500,000 = $125,000. Then, to determine the risk reduction leverage for a mitigation that costs $50,000, the project manager would compare the reduction in risk exposure achieved by the mitigation to the mitigation cost. Specifically, after estimating the new risk exposure (based on how the mitigation changes probability and/or loss), the risk reduction equals the initial exposure minus the new exposure, and the risk reduction leverage is that reduction divided by the mitigation cost."",
    ""citations"": [
      {
        ""type"": ""source_text"",
        ""content"": ""We can quantify the effects of the risks we identify by multiplying the risk impact by the risk probability, to yield the risk exposure"",
        ""img_id"": null
      },
      {
        ""type"": ""source_text"",
        ""content"": ""for example, if the likelihood that the requirements will change after design is 0.3, and the cost to redesign to new requirements is $50,000, then the risk exposure is $15,000"",
        ""img_id"": null
      }
    ],
    ""type"": null
  }
]","Initial risk exposure is calculated by multiplying the risk impact (loss) by the probability of the unwanted outcome: 0.25 × $500,000 = $125,000. Then, to determine the risk reduction leverage for a mitigation that costs $50,000, the project manager would compare the reduction in risk exposure achieved by the mitigation to the mitigation cost. Specifically, after estimating the new risk exposure (based on how the mitigation changes probability and/or loss), the risk reduction equals the initial exposure minus the new exposure, and the risk reduction leverage is that reduction divided by the mitigation cost.",1.702,9.43
How does a Message Sequence Chart visually depict the passage of time and the creation of new entities differently from how a UML Statechart diagram depicts the local variables and internal activities of a single entity? -Required source types: both -Brief reasoning type label: structure interpretation,"
[0]
[SECTION]: Capturing the Requirements > 4.5 Modeling Notations > Example: Message Sequence Chart
[CONTENT]: Message Sequence Charts (ITU 1996) are an enhanced event-trace notation, with facilities for creating and destroying entities, specifying actions and timers, and composing traces. Figure 4.7 displays an example Message Sequence Chart (MSC) for a loan transaction in our library problem. Each vertical line represents a participating entity , and a message is  depicted as an arrow from the sending entity to the receiving entity; the arrow's label specifies the message name and data parameters, if any.A message arrow may slope downwards (e.g., message recall notice ) to reflect the passage of time between when the message is sent and when it is received. Entities may come and go during the course of a trace; a dashed arrow, optionally annotated with data parameters, represents a create event that spawns a new entity, and a cross at the bottom of an entity line represents the end of that entity's execution. In contrast, a solid rectangle at the end of the line represents the end of an entity's specification without meaning the end of its execution. Actions , such as invoked operations or changes to variable values, are specified as labeled rectangles positioned on an entity's execution line, located at the point in the trace where the action occurs.Thus, in our MSC model of a library loan, loan requests are sent to the Publication to be borrowed, and the Publication entity is responsible for creating a Loan entity that manages loan-specific data, such as the due date . Reserving an item that is out on loan results in a recall of that item. Returning  the  borrowed  item  terminates  the  loan, but  not  before  calculating  the overdue fine , if any, for returning the item after the loan's due date .


[1]
[SECTION]: Capturing the Requirements > 4.5 Modeling Notations > Example: UML Statechart Diagrams
[CONTENT]: A UML statechart diagram depicts the dynamic behavior of the objects in a UML class. A UML class diagram gives a static, big-picture view of a problem, in terms of the entities involved and their relationships; it says nothing about how the entities behave, or how their behaviors change in response to input events.A statechart diagram shows how a class's instances should change state and how their attributes should change value as the  objects  interact  with  each  other. Statechart  diagrams  are  a  nice  counterpart  to Message Sequence Charts (MSC).An MSC shows the events that pass between entities without saying much about each entity's behavior, whereas a statechart diagram shows how a single entity reacts to input events and generates output events.
A UML model is a collection  of  concurrently  executing  statecharts-one  per instantiated  object-that  communicate  with  each  other  via  message  passing  (OMG 2003). Every class in a UML class diagram has an associated statechart diagram that specifies the dynamic behavior of the objects of that class. Figure 4.9 shows the UML statechart diagram for the Publication class from our Library class model.


[2]
[SECTION]: Designing the Modules > 6.4 Representing Oo Designs In The Uml > Other UML Diagrams
[CONTENT]: A communication diagram also depicts a sequence of messages between objects, but it is superimposed on an object model and uses the links between objects as implicit communication channels.As with sequence diagrams, the objects are icons, and arrows are used to depict the messages. However, unlike sequence diagrams, the sequence of messages is indicated by a numbering scheme. For example, the communication diagram  in  Figure  6.24 shows  the Parking use  case. First, the parking() message, labeled '1,' is sent from the Customer class to the Service station class.Then, the check_availability() message is sent from Service station to Parking ; it is labeled with a '2.'There are five messages sent within this single use case.


[3]
[SECTION]: Capturing the Requirements > 4.12 Information Systems Example
[CONTENT]: [FIGURE 4.30 Message Sequence Chart for a successful request for an advertising campaign (adapted from Robertson and Robertson 1994).] 
As a next step, we can draw event traces, such as the one shown in Figure 4.30, that depict typical scenarios within a use case. For example, the request for a campaign involves Figure 4.30 uses UML-style Message Sequence Charts, in which entities whose names are underlined represent object instances, whereas entities whose names are not underlined represent abstract classes.Thus, the search for available commercial spots is done by first asking the class for the set C * of relevant Commercial Breaks , and then asking each of these Commercial Break instances whether it has available time that is suitable for the campaign. Boxes surround sequences of messages that are repeated for multiple instances: for example, reserving time in multiple Commercial Break instances, or creating multiple Commercial Spots . The resulting campaign of commercial spots and the campaign's price are returned to the requesting Advertising Agency . Similar  traces  can  be  drawn  for  other  possible  responses  to  a  campaign request and for other use cases. In drawing these traces, we start to identify key entities and relationships, which we can record in a UML class diagram, as in Figure 4.31.
[FIGURE_DESCRIPTIONS]
[0] Diagrammatic flowchart illustrating marketing campaign process with labeled sections and arrows. Includes blocks for Advertising Agency, Commercial Break, R: Rate Segment, and Campaign search (start date, end date). Visual elements show parallel and sequential interactions, with horizontal arrows indicating for all C in C* and for all R in C* flows leading to Rate Segment and Commercial Breaks. Key terms visible: campaign, target audience, budget, duration, rates, price, break duration, and commercial slots. The diagram emphasizes relationships between campaign search time, target rating, and price calculation, with vertical alignment of blocks and return paths to initial campaign setup. Text-heavy, small font labels require careful reading to identify specific labels such as ""for all C in C*"", ""Commercial Break"", and ""Rate Segment"" along multi-line connectors.

","[
  {
    ""role"": ""paragraph"",
    ""segment"": ""An MSC visually depicts the passage of time and the creation of new entities by using a downward-sloping message arrow to reflect time between sending and receiving, and a dashed arrow to represent a create event that spawns a new entity; MSCs focus on the events between entities rather than internal behaviors. In contrast, a UML statechart diagram shows how a class's instances should change state and how their attributes should change value as the objects interact with each other, i.e., it focuses on the dynamic behavior and internal activities of a single entity rather than inter-entity messaging."",
    ""citations"": [
      {
        ""type"": ""source_text"",
        ""content"": ""A message arrow may slope downwards (e.g., message recall notice ) to reflect the passage of time between when the message is sent and when it is received."",
        ""img_id"": null
      },
      {
        ""type"": ""source_text"",
        ""content"": ""a dashed arrow, optionally annotated with data parameters, represents a create event that spawns a new entity"",
        ""img_id"": null
      },
      {
        ""type"": ""source_text"",
        ""content"": ""A UML statechart diagram shows how a class's instances should change state and how their attributes should change value as the  objects  interact  with  each  other."",
        ""img_id"": null
      },
      {
        ""type"": ""source_text"",
        ""content"": ""A MSC shows the events that pass between entities without saying much about each entity's behavior, whereas a statechart diagram shows how a single entity reacts to input events and generates output events."",
        ""img_id"": null
      }
    ]
  }
]","An MSC visually depicts the passage of time and the creation of new entities by using a downward-sloping message arrow to reflect time between sending and receiving, and a dashed arrow to represent a create event that spawns a new entity; MSCs focus on the events between entities rather than internal behaviors. In contrast, a UML statechart diagram shows how a class's instances should change state and how their attributes should change value as the objects interact with each other, i.e., it focuses on the dynamic behavior and internal activities of a single entity rather than inter-entity messaging.",1.619,9.088
"According to Abdel-Hamid's system dynamics model of software development, how does increasing the staff size to alleviate schedule pressure inadvertently impact the average nominal potential productivity and communication overhead? -Required source types: both -Brief reasoning type label: causal reasoning","
[0]
[SECTION]: Modeling the Process and Life Cycle > 2.3 Tools And Techniques For Process Modeling > Dynamic Modeling: System Dynamics
[CONTENT]: To see how system dynamics works, consider how the software development process affects productivity. We can build a descriptive model of the various activities that involve developers' time and then look at how changes in the model increase or decrease the time it takes to design, write, and test the code. First, we must determine which factors affect  overall  productivity. Figure  2.13 depicts Abdel-Hamid's understanding of these factors. The arrows indicate how changes in one factor affect changes in another. For example,if the fraction of experienced staff increases from one-quarter to one-half of the people assigned to the project, then we would expect the average potential productivity to increase, too. Similarly, the larger the staff (reflected in staff size), the more time is devoted to communication among project members (communication overhead).


[1]
[SECTION]: Improving Predictions, Products, Processes, and Resources > 13.4 Improving Resources > SIDEBAR 13.5 VIEWING USERS AS A RESOURCE
[CONTENT]: Abdel-Hamid (1990) uses systems dynamics models to investigate the effects of schedule compression. He notes that project scheduling is a continuous process; the project manager revises the schedule as more is known about a project. Thus, the final cost and completion time depend on an initial estimate and how realistic it is, and also on how resources are adjusted to address the initial estimate.
Abdel-Hamid (1990) applied his models to data from NASA Goddard Space Flight Center, looking at the effects of management's policies on project cost and on completion time.For example,Figure 13.11 shows the effect of two different hypothetical policies on the number of person-days to finish the project.The first policy, represented by circles, assumes that management will always adjust the workforce to the level necessary to keep the project on schedule.The second policy, represented by squares, eliminates  the  pressure  of  a  maximum  tolerable  completion  date. That  is, schedule difficulties are addressed by extending the schedule, not by adjusting the workforce level. The trade-off behaviors are significantly different, and Abdel-Hamid's models help managers decide which policies to implement.


[2]
[SECTION]: Annotated Bibliography
[CONTENT]:  - Abdel-Ghaly,A.A., P.Y. Chan, and B. Littlewood (1986).'Evaluation of competing software reliability predictions.' IEEE Transactions on Software Engineering , SE 12(9): 950-967.
Analyzes several reliability models. Introduces the notions of u -plots, prequential likeli-
 - hood, noise.
 - Abdel-Hamid, Tarek  (1989). 'The  dynamics  of  software  project  staffing: A  system  dynamics based simulated approach.' IEEE Transactions on Software Engineering , 15(2) (February): 109-119.
Uses system dynamics models to simulate the effects of different staffing levels on a software development project.
 - --- (1990).'Investigating the cost/schedule trade-off in software development.' IEEE Software , 7(1): 97-105, January.
 - --- (1996). 'The slippery path to productivity improvement.' IEEE Software , 13(4) (July): 43-52.
Suggests the use of systems dynamics to optimize resource use in software development projects.
 - Abdel-Hamid, Tarek, and  Stuart  Madnick  (1991). Software  Project  Dynamics: An  Integrated Approach . Englewood Cliffs, NJ: Prentice Hall.
Contains extensive system dynamics models of the software development process.
 - Ackerman, F., L.S. Buchwald, and F.H. Lewski (1986).'Software inspections:An effective verification process.' IEEE Software , 6(3) (May): 31-36.


[3]
[SECTION]: Modeling the Process and Life Cycle > 2.3 Tools And Techniques For Process Modeling > Dynamic Modeling: System Dynamics
[CONTENT]: The figure shows us that average nominal potential productivity is affected by three things: the productivity of the experienced staff, the fraction of experienced staff, and the productivity of the new staff. At the same time, new staff must learn about the project; as more of the project is completed, the more the new staff must learn before they can become productive members of the team.
Other issues affect the overall development productivity. First, we must consider the fraction of each day that each developer can devote to the project. Schedule pressures  affect  this  fraction, as  do  the  developers'  tolerances  for  workload. Staff  size affects productivity, too, but the more staff, the more likely it is that time will be needed just to communicate information among team members.Communication and motivation, combined with the potential productivity represented in the upper half of Figure 2.13, suggest a general software development productivity relationship.


[4]
[SECTION]: Modeling the Process and Life Cycle > 2.3 Tools And Techniques For Process Modeling > Dynamic Modeling: System Dynamics
[CONTENT]: A system dynamics model can be extensive and complex. For example, AbdelHamid's software development model contains more than 100 causal links; Figure 2.14 shows an overview of the relationships he defined. He defined four major areas that affect productivity: software production, human resource management, planning, and control. Production  includes  issues  of  quality  assurance, learning, and  development rate. Human  resources  address  hiring, turnover, and  experience. Planning  concerns schedules and the pressures they cause, and control addresses progress measurement and the effort required to finish the project.
Because the number of links can be quite large, system dynamics models are supported by software that captures both the links and their quantitative descriptions and then simulates the overall process or some subprocess.
The power of system dynamics is impressive, but this method should be used with caution. The simulated results depend on the quantified relationships, which are often heuristic or vague, not clearly based on empirical research. However, as we will see in later  chapters, a  historical  database  of  measurement  information  about  the  various aspects of development can help us gain confidence in our understanding of relationships, and thus in the results of dynamic models.


[5]
[SECTION]: Planning and Managing the Project > 3.14 Exercises
[CONTENT]:  - Many project managers plan their schedules based on programmer productivity on past projects.This productivity is often measured in terms of a unit of size per unit of time. For example, an  organization  may  produce  300  lines  of  code  per  day  or  1200  application points per month. Is it appropriate to measure productivity in this way? Discuss the measurement of productivity in terms of the following issues:
 - Different languages can produce different numbers of lines of code for implementation of the same design.
 - Productivity in lines of code cannot be measured until implementation begins.
 - Programmers may structure code to meet productivity goals.
4
","[
  {
    ""role"": ""paragraph"",
    ""segment"": ""Increasing staff size to alleviate schedule pressure affects the average nominal potential productivity indirectly: productivity is determined by the productivity of the experienced staff, the fraction of experienced staff, and the productivity of the new staff, which can be influenced by scaling the team; at the same time, larger staff leads to more time devoted to communication among project members, i.e., higher communication overhead."",
    ""citations"": [
      {
        ""type"": ""source_text"",
        ""content"": ""The figure shows us that average nominal potential productivity is affected by three things: the productivity of the experienced staff, the fraction of experienced staff, and the productivity of the new staff."",
        ""img_id"": null
      },
      {
        ""type"": ""source_text"",
        ""content"": ""the more staff, the more likely it is that time will be needed just to communicate information among team members."",
        ""img_id"": null
      }
    ],
    ""type"": null
  }
]","Increasing staff size to alleviate schedule pressure affects the average nominal potential productivity indirectly: productivity is determined by the productivity of the experienced staff, the fraction of experienced staff, and the productivity of the new staff, which can be influenced by scaling the team; at the same time, larger staff leads to more time devoted to communication among project members, i.e., higher communication overhead.",1.751,7.176
"How does a company mathematically and strategically justify the initial higher development costs of creating a core asset base for a software product line, and how does the ""scoping"" of product commonality affect the eventual return on investment for derived products? -Required source types: text -Brief reasoning type label: causal reasoning","
[0]
[SECTION]: Designing the Architecture > 5.10 Software Product Lines
[CONTENT]: A distinguishing feature of building a product line is the treatment of the derived products as  a product family . Their  simultaneous  development is  planned  from  the beginning. The family's commonalities are described as a collection of reusable assets (including requirements, designs, code, and test cases), all stored in a core asset base . When developing products in the family, we retrieve assets from the base as needed.As a  result, development  resembles  an  assembly  line: many  of  the  components  can  be adapted from components in the core asset base and then plugged together, rather than developing each from scratch. The design of the core asset base is planned carefully, and it evolves as the product family grows to include new products.
Because  the  products  in  the  product  family  are  related, the  opportunities for reuse  abound  and  extend  well  beyond  the  reuse  of  code  units. Clements  and Northrop (2002) describe why a number of candidate elements may belong in the core asset base:
 - Requirements: Related  products  often  have  common  functional  requirements and quality attributes.


[1]
[SECTION]: Designing the Architecture > 5.10 Software Product Lines > SIDEBAR 5.8 PRODUCT-LINE PRODUCTIVITY
[CONTENT]: In the end, a product line's success depends on both its inherent variability and the degree of overlap between its core asset base and the derived products. To obtain desired productivity-improvement numbers, each derived product's architecture must start with the product-line architecture, incorporating a significant fraction of its software units from the product line's core asset base. Then the product design adds easily accommodated changes, such as component replacements or extensions and retractions of the architecture. The less the final derived product has in common with the product line, the more the derived product's development will resemble a completely new (i.e., nonderived) product.


[2]
[SECTION]: Designing the Architecture > 5.10 Software Product Lines > SIDEBAR 5.8 PRODUCT-LINE PRODUCTIVITY
[CONTENT]: Development of the product line and the first system were initiated at the same time; development of the second system started six months later.The two systems plus the product line were completed using roughly the same amount of time and staff that was needed previously for a single product. Subsequent products had shorter development timelines. On average, 70-80 percent of the seven systems' software units were product-line units (re)used as is.
more than offset by the savings we expect to accrue from deriving family members from the product line.
Product-line scoping is a challenging problem. If we strive for some notion of optimal commonality among the products (e.g.,by insisting on reusing 80 percent of the code), we may exclude some interesting and profitable products that lie outside of the scope. On the other hand, if we try to include any product that looks related, we reduce the degree of commonality among the derived products, and consequently the amount of savings that can be achieved.A successful product line lies somewhere in the middle of these two extremes, with a core architecture that strongly supports the more promising products that we want to build.


[3]
[SECTION]: Designing the Architecture > 5.5 Achieving Quality Attributes > Business Goals
[CONTENT]:  - Initial  development  vs. maintenance  costs: Many of the  architectural  styles  and tactics  that  promote  modifiability  also  increase  a  design's  complexity, and  thus increase the system's cost. Because more than half of a system's total development costs are incurred after the first version is released, we can save money by making our system more modifiable.However,increased complexity may delay the system's initial release. During this delay, we collect no payment for our product, we risk losing market share to our competitors, and we risk our reputation as a reliable
 - software supplier.Thus, for each system that we build, we must evaluate the tradeoff between early delivery and easier maintenance.
 - New vs. known technologies: New technologies, architectural styles, and components  may  require  new  expertise. Past  examples  of  such  technological  breakthroughs  include  object-oriented  programming, middleware  technologies, and open-systems standards; a more recent example is the prevalence of cheap multiprocessors. Acquiring expertise costs money and delays product release, as we either learn how to use the new technology or hire new personnel who already have that knowledge. Eventually, we must develop the expertise ourselves. But for a given project, we must decide when and how to pay the costs and reap the benefits of applying new technology.


[4]
[SECTION]: Designing the Architecture > 5.10 Software Product Lines
[CONTENT]: The corporate strategy for designing and developing the related products is based on the reuse of elements of a common product line . The company plans upfront to manufacture and market several related products. Part of the planning process involves deciding how those products will share assets and resources. The products may appear to be quite different from one another, varying in size, quality, features, or price. But they have enough in common to allow the company to take advantage of economies of scope by sharing technologies (e.g., architecture, common parts, test suites, or environments), assembly facilities (e.g., workers, assembly plants), business plans (e.g., budgets, release  schedules), marketing  strategies  and  distribution  channels, and  so  on. As  a result, the cost and effort to develop the family of products is far less than the sum of the costs to develop the products individually.The product-line notion is not particular to software; it has been used for years in all types of manufacturing. For example, an automobile company offers multiple models of cars, each with its own specifications of passenger and cargo space, power, and fuel economy. Individual brands have their own distinct  appearance, dashboard  interfaces, feature  packages, and  luxury  options; the brand is targeted at a particular market and sold at prices within a particular range. But many of the models are built on the same chassis, use common parts from the same suppliers, use common software, are assembled at the same manufacturing plant, and are sold at the same dealerships as other models.
","[
  {
    ""role"": ""paragraph"",
    ""segment"": ""The corporate strategy for designing and developing the related products is based on the reuse of elements of a common product line, and the cost and effort to develop the family of products is far less than the sum of the costs to develop the products individually."",
    ""citations"": [
      {
        ""type"": ""source_text"",
        ""content"": ""The corporate strategy for designing and developing the related products is based on the reuse of elements of a common product line . The company plans upfront to manufacture and market several related products. Part of the planning process involves deciding how those products will share assets and resources. The products may appear to be quite different from one another, varying in size, quality, features, or price. But they have enough in common to allow the company to take advantage of economies of scope by sharing technologies (e.g., architecture, common parts, test suites, or environments), assembly facilities (e.g., workers, assembly plants), business plans (e.g., budgets, release  schedules), marketing  strategies  and  distribution  channels, and  so  on. As  a result, the cost and effort to develop the family of products is far less than the sum of the costs to develop the products individually."",
        ""img_id"": null
      }
    ],
    ""type"": null
  },
  {
    ""role"": ""paragraph"",
    ""segment"": ""The less the final derived product has in common with the product line, the more the derived product's development will resemble a completely new (i.e., nonderived) product."",
    ""citations"": [
      {
        ""type"": ""source_text"",
        ""content"": ""The less the final derived product has in common with the product line, the more the derived product's development will resemble a completely new (i.e., nonderived) product."",
        ""img_id"": null
      }
    ],
    ""type"": null
  },
  {
    ""role"": ""paragraph"",
    ""segment"": ""On average, 70-80 percent of the seven systems' software units were product-line units (re)used as is, illustrating substantial reuse and contributing to return on investment via economies of reuse."",
    ""citations"": [
      {
        ""type"": ""source_text"",
        ""content"": ""On average, 70-80 percent of the seven systems' software units were product-line units (re)used as is."",
        ""img_id"": null
      }
    ],
    ""type"": null
  },
  {
    ""role"": ""paragraph"",
    ""segment"": ""Product-line scoping is a challenging problem. If we strive for some notion of optimal commonality among the products (e.g.,by insisting on reusing 80 percent of the code), we may exclude some interesting and profitable products that lie outside of the scope. On the other hand, if we try to include any product that looks related, we reduce the degree of commonality among the derived products, and consequently the amount of savings that can be achieved."",
    ""citations"": [
      {
        ""type"": ""source_text"",
        ""content"": ""Product-line scoping is a challenging problem. If we strive for some notion of optimal commonality among the products (e.g.,by insisting on reusing 80 percent of the code), we may exclude some interesting and profitable products that lie outside of the scope. On the other hand, if we try to include any product that looks related, we reduce the degree of commonality among the derived products, and consequently the amount of savings that can be achieved."",
        ""img_id"": null
      }
    ],
    ""type"": null
  }
]","The corporate strategy for designing and developing the related products is based on the reuse of elements of a common product line, and the cost and effort to develop the family of products is far less than the sum of the costs to develop the products individually.

The less the final derived product has in common with the product line, the more the derived product's development will resemble a completely new (i.e., nonderived) product.

On average, 70-80 percent of the seven systems' software units were product-line units (re)used as is, illustrating substantial reuse and contributing to return on investment via economies of reuse.

Product-line scoping is a challenging problem. If we strive for some notion of optimal commonality among the products (e.g.,by insisting on reusing 80 percent of the code), we may exclude some interesting and profitable products that lie outside of the scope. On the other hand, if we try to include any product that looks related, we reduce the degree of commonality among the derived products, and consequently the amount of savings that can be achieved.",1.663,9.529
"How does the role of the ""Transformed Specification"" in the operational specification process model conceptually differ from the transition between a throwaway prototype and an evolutionary prototype during the requirements engineering phase? -Required source types: both -Brief reasoning type label: comparison","
[0]
[SECTION]: Modeling the Process and Life Cycle > 2.2 Software Process Models > Transformational Model
[CONTENT]: Balzer's transformational model tries to reduce the opportunity for error by eliminating several major development steps. Using automated support, the transformational process applies a series of transformations to change a specification into a deliverable system (Balzer 1981a).
[FIGURE 2.6 The operational specification model.] 
[FIGURE_DESCRIPTIONS]
[0] Flow diagram illustrating the software engineering process from requirements to delivery. Nodes include OPERATIONAL SPECIFICATION (problem-oriented) with arrows from SYSTEM REQUIREMENTS (sometimes informal or incomplete) to that box, and from there to TRANSFORMED SPECIFICATION (implementation-oriented). An arrow continues to TESTS, followed by DELIVERED SYSTEM. Above, a process box labeled Execute and Revise points back to OBSERVABLE workflow, implying iterative refinement. Text labels precisely: “OPERATIONAL SPECIFICATION (problem-oriented)”, “TRANSFORMED SPECIFICATION (implementation-oriented)”, “SYSTEM REQUIREMENTS (sometimes informal or incomplete)”, and “TESTS”, “DELIVERED SYSTEM”, with an arrow from TESTS to DELIVERED SYSTEM. The diagram emphasizes traceability and iteration between requirements, specification, testing, and delivery. Box shapes are rounded rectangles with gray fill; arrows indicate direction. Overall conveys an iterative verification loop in systems engineering and software development life cycle.



[1]
[SECTION]: Modeling the Process and Life Cycle > 2.2 Software Process Models > Operational Specification
[CONTENT]: This type of process is very different from traditional models such as the waterfall model. The waterfall model separates the functionality of the system from the design (i.e., what the system is to do is separated from how the system does it), intending to keep the customer needs apart from the implementation. However,an operational specification allows the functionality and the design to be merged.Figure 2.6 illustrates how an operational specification works.Notice that the operational specification is similar to prototyping; the process enables user and developer to examine requirements early on.


[2]
[SECTION]: Modeling the Process and Life Cycle > 2.2 Software Process Models > Operational Specification
[CONTENT]: For many systems, uncertainty about the requirements leads to changes and problems later in development.Zave (1984) suggests a process model that allows the developers and customers to examine the requirements and their implications early in the development process, where they can discuss and resolve some of the uncertainty. In the operational specification  model , the system requirements are evaluated or executed in a way that demonstrates the behavior of the system.That is,once the requirements are specified,they can be enacted using a software package, so their implications can be assessed before design begins. For example, if the specification requires the proposed system to handle 24 users, an executable form of the specification can help analysts determine whether that number of users puts too much of a performance burden on the system.


[3]
[SECTION]: Modeling the Process and Life Cycle > 2.2 Software Process Models > Transformational Model
[CONTENT]: Sample transformations can include Because many paths can be taken from the specification to the delivered system, the sequence of transformations and the decisions they reflect are kept as a formal development record.
 - changing the data representations
 - selecting algorithms
 - optimizing
 - compiling The transformational approach holds great promise. However, a major impediment to its use is the need for a formal specification expressed precisely so the transformations can operate on it, as shown in Figure 2.7. As formal specification methods become more popular, the transformational model may gain wider acceptance.


[4]
[SECTION]: Capturing the Requirements > 4.7 Prototyping Requirements
[CONTENT]: There are two approaches to prototyping: throwaway and evolutionary. A throwaway prototype is software that is developed to learn more about a problem or about a proposed solution, and that is never intended to be part of the delivered software. This approach allows us to write 'quick-and-dirty' software that is poorly structured, inefficient, with no error checking-that, in fact, may be a facade that does not implement any of the desired functionality-but that gets quickly to the heart of questions we have about the problem or about a proposed solution. Once our questions are answered, we throw away the prototype software and start engineering the software that will be delivered. In contrast, an evolutionary prototype is software that is developed not only to help us answer questions but also to be incorporated into the final product. As such, we have to be much more careful in its development, because this software has to eventually exhibit the quality requirements (e.g., response rate, modularity) of the final product, and these qualities cannot be retrofitted.


[5]
[SECTION]: Capturing the Requirements > 4.5 Modeling Notations > Algebraic Specifications
[CONTENT]: A completely different way of viewing a system is in terms of what happens when combinations of operations are performed.This multi-operational view is the main idea behind algebraic specifications : to specify the behavior of operations by specifying the interactions between pairs of operations rather than modeling individual operations. An execution trace is the sequence of operations that have been performed since the start of execution. For example, one execution of our turnstile problem, starting with a new turnstile, is the operation sequence Specification axioms specify the effects of applying pairs of operations on an arbitrary sequence of operations that have already executed (where SEQ is some prefix sequence of operations):


[6]
[SECTION]: Capturing the Requirements > 4.11 Choosing A Specification Technique
[CONTENT]: Since no one approach is universally applicable to all systems, it may be necessary to combine several approaches to define the requirements completely. Some methods are better at capturing control flow and synchronization, whereas other methods are better at capturing data transformations. Some problems are more easily described in terms of events and actions, whereas other problems are better described in terms of control states that reflect stages of behavior. Thus, it may be useful to use one method for data requirements and another to describe processes or time-related activities. We may need to express changes in behavior as well as global invariants. Models that are adequate for designers may be difficult for the test team to use. Thus, the choice of a specification technique(s) is bound up in the characteristics of the individual project and the preferences of developers and customers.
","[
  {
    ""role"": ""paragraph"",
    ""segment"": ""In the operational specification model, the transformed specification is treated as an executable or demonstrable artifact that lets requirements be enacted and their implications assessed before design begins, enabling early evaluation of behavior (i.e., the functionality can be examined and tested prior to final design)."",
    ""citations"": [
      {
        ""type"": ""source_text"",
        ""content"": ""in the operational specification model , the system requirements are evaluated or executed in a way that demonstrates the behavior of the system.That is,once the requirements are specified,they can be enacted using a software package, so their implications can be assessed before design begins."",
        ""img_id"": null
      }
    ],
    ""type"": null
  },
  {
    ""role"": ""paragraph"",
    ""segment"": ""By contrast, the throwaway/evolutionary prototype distinction in requirements engineering describes initial prototypes whose fate is not the same as a formal transformational step: a throwaway prototype is discarded after learning about the problem, while an evolutionary prototype is developed with the intention of becoming part of the final product, influencing its quality requirements rather than simply transforming a specification into a deliverable system."",
    ""citations"": [
      {
        ""type"": ""source_text"",
        ""content"": ""There are two approaches to prototyping: throwaway and evolutionary. A throwaway prototype is software that is developed to learn more about a problem or about a proposed solution, and that is never intended to be part of the delivered software. This approach allows us to write 'quick-and-dirty' software that is poorly structured, inefficient, with no error checking-that, in fact, may be a facade that does not implement any of the desired functionality-but that gets quickly to the heart of questions we have about the problem or about a proposed solution. Once our questions are answered, we throw away the prototype software and start engineering the software that will be delivered. In contrast, an evolutionary prototype is software that is developed not only to help us answer questions but also to be incorporated into the final product."",
        ""img_id"": null
      }
    ],
    ""type"": null
  }
]","In the operational specification model, the transformed specification is treated as an executable or demonstrable artifact that lets requirements be enacted and their implications assessed before design begins, enabling early evaluation of behavior (i.e., the functionality can be examined and tested prior to final design).

By contrast, the throwaway/evolutionary prototype distinction in requirements engineering describes initial prototypes whose fate is not the same as a formal transformational step: a throwaway prototype is discarded after learning about the problem, while an evolutionary prototype is developed with the intention of becoming part of the final product, influencing its quality requirements rather than simply transforming a specification into a deliverable system.",1.675,5.164
"If a software development team uses a data-flow diagram to model a system's high-level functionality, how would the data stores and actors identified in the DFD directly influence the complexity weights used to calculate Application Points in Stage 1 of the COCOMO II estimation model? -Required source types: both -Brief reasoning type label: process reasoning","
[0]
[SECTION]: Capturing the Requirements > 4.5 Modeling Notations > Data-Flow Diagrams
[CONTENT]: One of the strengths of data-flow diagrams is that they provide an intuitive model of a proposed system's high-level functionality and of the data dependencies among the various processes. Domain experts find them easy to read and understand. However, a data-flow diagram can be aggravatingly ambiguous to a software developer who is less familiar with the problem being modeled. In particular, there are multiple ways of interpreting a DFD process that has multiple input flows (e.g., process Borrow ): are all inputs needed to compute the function, is only one of the inputs needed, or is some subset of the inputs needed? Similarly, there are multiple ways of interpreting a DFD process that has multiple output flows: are all outputs generated every time the process executes, is only one of the outputs generated, or is some subset generated? It is also not obvious that two data flows with the same annotation represent the same values: are the Items Returned that flow from Return to Loan Records the same as the Items Returned that flow from Return to Process Fines ? For these reasons, DFDs are best used by users who are familiar with the application domain being modeled, and as early models of a problem, when details are less important.


[1]
[SECTION]: Capturing the Requirements > 4.5 Modeling Notations > Data-Flow Diagrams
[CONTENT]: A data-flow diagram (DFD) models functionality and the flow of data from one function to another. A bubble represents a process , or function, that transforms data. An arrow represents data flow , where an arrow into a bubble represents an input to the bubble's function, and an arrow out of a bubble represents one of the function's outputs. Figure 4.14 shows a high-level data-flow diagram for our library problem. The problem is broken down into steps, with the results of early steps flowing into later steps. Data  that  persist  beyond  their  use  in  a  single  computation  (e.g., information about patrons' outstanding fines) can be saved in a data store -a formal repository or database  of  information-that  is  represented  by  two  parallel  bars. Data  sources  or sinks, represented by rectangles, are actors : entities that provide input data or receive the output results. A bubble can be a high-level abstraction of another data-flow diagram that shows in more detail how the abstract function is computed. A lowest-level bubble is a function whose effects, such as pre-conditions, post-conditions, exceptions, can be specified in another notation (e.g., text, mathematical functions, event traces) in a separately linked document.


[2]
[SECTION]: Planning and Managing the Project > 3.3 Effort Estimation > Algorithmic Methods
[CONTENT]: The COCOMO II estimation process reflects three major stages of any development project. Whereas the original COCOMO model used delivered source lines of code as its key input, the new model acknowledges that lines of code are impossible to know early in the development cycle. At stage 1, projects usually build prototypes to resolve high-risk issues involving user interfaces, software and system interaction, performance, or technological maturity. Here, little is known about the likely size of the final product under consideration, so COCOMO II estimates size in what its creators call application points. As we shall see, this technique captures size in terms of highlevel effort generators, such as the number of screens and reports, and the number of third-generation language components.
At stage 2, the early design stage, a decision has been made to move forward with development, but the designers must explore alternative architectures and concepts of operation. Again, there is not enough information to support fine-grained effort and duration estimation, but far more is known than at stage 1. For stage 2, COCOMO II employs function points as a size measure. Function points, a technique explored in depth  in  IFPUG  (1994a  and  b), estimate  the  functionality  captured  in  the  requirements, so they offer a richer system description than application points.


[3]
[SECTION]: Modeling the Process and Life Cycle > 2.2 Software Process Models > Waterfall Model
[CONTENT]: One of the first models to be proposed is the waterfall model , illustrated in Figure 2.1, where the stages are depicted as cascading from one to another (Royce 1970). As the figure  implies, one  development  stage  should  be  completed  before  the  next  begins. Thus, when  all  of  the  requirements  are  elicited  from  the  customer, analyzed  for completeness and consistency, and documented in a requirements document, then the development team can go on to system design activities.The waterfall model presents a very high-level view of what goes on during development, and it suggests to developers the sequence of events they should expect to encounter.
[FIGURE_DESCRIPTIONS]
[0] Flow diagram depicting a linear software engineering lifecycle with stacked rectangular boxes connected by arrows, labeled from top to bottom: REQUIREMENTS ANALYSIS, SYSTEM DESIGN, PROGRAM DESIGN, CODING, UNIT & INTEGRATION TESTING, SYSTEM TESTING, ACCEPTANCE TESTING, and OPERATION & MAINTENANCE. The boxes are arranged diagonally downward to the right, each with a slight offset to imply sequential stages. Small curved arrows between successive stages indicate transition points. The overall layout resembles a staircase illustrating a progression from initial analysis to ongoing operation. Text is in uppercase sans-serif font, with uniform light gray boxes and black borders. The diagram emphasizes a waterfall-like process with clearly labeled phases and a final maintenance and operation stage. There are no other elements besides the stage labels and the connecting arrows.



[4]
[SECTION]: Capturing the Requirements > 4.5 Modeling Notations > Data-Flow Diagrams
[CONTENT]: The notation paradigms discussed so far promote decomposing a problem by entity (ER diagram); by scenario (event trace); and by control state (i.e., equivalence classes of scenarios) (state machines). However, early requirements tend to be expressed as Such requirements, when decomposed by entity, scenario, or state, devolve into collections  of  lower-level  behaviors  that  are  distributed  among  multiple  entities  and  that must be coordinated. This modular structure makes it harder to see a model's highlevel  functionality. In  our  library  example, none of the above modeling notations is effective in showing, in a single model, all of the steps, and their variants, that a patron must take to borrow a book. For this reason, notations that promote decomposition by functionality have always been popular.
 - Tasks to be completed
 - Functions to be computed
 - Data to be analyzed, transformed, or recorded
","[
  {
    ""role"": ""paragraph"",
    ""segment"": ""The chatbot can't answer this question. Please try again with another question."",
    ""citations"": []
  }
]",The chatbot can't answer this question. Please try again with another question.,1.778,8.162
"According to McCall's quality model, ""Flexibility"" is a key external quality factor. If an architect wants to achieve this factor by minimizing the number of indirectly affected software units when a change occurs, which specific modifiability tactics should be applied to the system's interfaces and coupling? -Required source types: both -Brief reasoning type label: synthesis","
[0]
[SECTION]: Why Software Engineering? > 1.3 What Is Good Software? > The Quality of the Product
[CONTENT]: The software must also be judged by those who are designing and writing the code and by those who must maintain the programs after they are written.These practitioners tend to look at internal characteristics of the products, sometimes even before the product is delivered to the user. In particular, practitioners often look at numbers and types of faults for evidence of a product's quality (or lack of it). For example, developers track the number of faults found in requirements, design, and code inspections and use them as indicators of the likely quality of the final product.
For this reason, we often build models to relate the user's external view to the developer's internal view of the software. Figure 1.5 is an example of an early quality model built by McCall and his colleagues to show how external quality factors (on the left-hand side) relate to product quality criteria (on the right-hand side). McCall associated each right-hand criterion with a measurement to indicate the degree to which an element of quality was addressed (McCall, Richards, and Walters 1977).We will examine several product quality models in Chapter 12.


[1]
[SECTION]: Why Software Engineering? > 1.3 What Is Good Software? > The Quality of the Product
[CONTENT]: [FIGURE 1.5 McCall's quality model.] 
[FIGURE_DESCRIPTIONS]
[0] A diagram featuring multiple left-aligned labeled rectangular blocks connected by rightward arrows to corresponding right-aligned blocks, illustrating cross-link relationships. Left side lists discrete quality attributes such as Correctness, Reliability, Efficiency, Integrity, Usability, Maintainability, Testability, Flexibility, Portability, Reusability, and Interoperability. Each left label is connected through a network of arrows to one or more right-side terms, indicating mapping or traceability between conceptual properties and actionable or measurable characteristics. The right column contains terms like Fluency, Compliance, Consistency, Accuracy, Error Tolerance, Training, Accessibility, Simplicity, Generality, Modularity, and various system attributes, suggesting a taxonomy or crosswalk between theory and practice. The diagram emphasizes traceability, measurement criteria, and the interdependence of software engineering quality dimensions. The visual is monochrome with clear rectangular nodes and directional connectors, suitable for highlighting methodological mappings in software quality analysis.



[2]
[SECTION]: Designing the Architecture > 5.5 Achieving Quality Attributes > Modifiability
[CONTENT]: Modifiability is the basis of most of the architectural styles presented in this chapter. Because more than half of the full life-cycle cost of a system-including development, problem fixing, enhancement, and evolution-is spent after the first version of the software is developed and released, modifiability is essential.That is, above all, we want our design to be easy to change. Different architectural styles address different aspects of modifiability, so we must know how to select the styles that address our specific modifiability goals.
Given a particular change to a system, Bass, Clements, and Kazman (2003) distinguish between the software units that are directly affected by the change and those that are indirectly affected.The directly affected units are those whose responsibilities change to accommodate a system modification.We can structure our code to minimize the number  of  units  requiring  change. The  indirectly  affected  units  are  those  whose  responsibilities do not change, but whose implementations must be revised to accommodate changes in the directly affected units. The difference is subtle. Both types aim to reduce the number of altered software units, but the tactics associated with each are different.
Tactics for minimizing the number of software units directly affected by a software change focus on clustering anticipated changes in the design:


[3]
[SECTION]: Designing the Architecture > 5.5 Achieving Quality Attributes > Modifiability
[CONTENT]: By  contrast, tactics  for  minimizing  the  impact  on  indirectly  affected  software units focus on reducing dependencies among software units. The goal is to reduce the degree to which a change to a directly affected unit also affects the system's other units:
 - Coupling: As we discuss in detail in Chapter 6,the level of coupling among software units is the degree to which the units depend on each other. By lowering coupling, we reduce the likelihood that a change to one unit will ripple to other units.
 - Interfaces: A  software  unit's  interface  reveals  the  unit's  public  requisites  and responsibilities, and hides the unit's private design decisions. If a unit interacts with other units only through their interfaces (e.g., calling public access methods), then changes to one unit will not spread beyond the unit's boundary unless its interface changes (e.g., if method signatures, preconditions, or postconditions change).
 - Multiple interfaces: A unit modified to provide new data or services can offer them using a new interface to the unit without changing any of the unit's existing interfaces.This way, dependencies on the existing interfaces are unaffected by the change.


[4]
[SECTION]: Designing the Architecture > 5.5 Achieving Quality Attributes > Business Goals
[CONTENT]: The system may have quality attributes that it is expected to exhibit. In addition, we or our customers may have associated business goals that are important to achieve. The most common of these goals is minimizing the cost of development and the time to market. Such goals can have major effects on our design decisions:
 - Buy vs. build: It is becoming increasingly possible to buy major components. In addition to saving development time, we may actually save money by buying a component rather than paying our employees to build it.A purchased component may also be more reliable, especially if it has a history and has been tested out by other users. On the other hand, using a third-party or existing component places constraints  on  the  rest  of  our  design, with  respect  to  how  the  architecture  is decomposed and what its interfaces to the component look like. It can also make our system vulnerable to the availability of the component's supplier, and can be disastrous if the supplier goes out of business or evolves the component so that it is no longer compatible with our hardware, software, or needs.
","[
  {
    ""role"": ""paragraph"",
    ""segment"": ""To achieve flexibility by minimizing indirectly affected units, apply modifiability tactics that focus on reducing dependencies, particularly through interfaces and coupling."",
    ""citations"": [
      {
        ""type"": ""source_text"",
        ""content"": ""The goal is to reduce the degree to which a change to one unit also affects the system's other units."",
        ""img_id"": null
      }
    ]
  },
  {
    ""role"": ""bullet_intro"",
    ""segment"": ""Key tactics"",
    ""citations"": [
      {
        ""type"": ""source_text"",
        ""content"": ""Coupling: As we discuss in detail in Chapter 6,the level of coupling among software units is the degree to which the units depend on each other. By lowering coupling, we reduce the likelihood that a change to one unit will ripple to other units."",
        ""img_id"": null
      }
    ]
  },
  {
    ""role"": ""bullet"",
    ""segment"": ""Use interfaces so units interact only through their interfaces, so changes to one unit do not spread beyond its boundary unless the interface changes."",
    ""citations"": [
      {
        ""type"": ""source_text"",
        ""content"": ""Interfaces: A  software  unit's  interface  reveals the unit's public requisites  and responsibilities, and hides the unit's private design decisions. If a unit interacts with other units only through their interfaces (e.g., calling public access methods), then changes to one unit will not spread beyond the unit's boundary unless its interface changes (e.g., if method signatures, preconditions, or postconditions change)."",
        ""img_id"": null
      }
    ]
  },
  {
    ""role"": ""bullet"",
    ""segment"": ""Use multiple interfaces to add new data or services via a new interface without changing existing interfaces."",
    ""citations"": [
      {
        ""type"": ""source_text"",
        ""content"": ""Multiple interfaces: A unit modified to provide new data or services can offer them using a new interface to the unit without changing any of the unit's existing interfaces.This way, dependencies on the existing interfaces are unaffected by the change."",
        ""img_id"": null
      }
    ]
  }
]","To achieve flexibility by minimizing indirectly affected units, apply modifiability tactics that focus on reducing dependencies, particularly through interfaces and coupling.

Key tactics
- Use interfaces so units interact only through their interfaces, so changes to one unit do not spread beyond its boundary unless the interface changes.
- Use multiple interfaces to add new data or services via a new interface without changing existing interfaces.",2.045,4.427
"When quantifying the risk exposure for failing to satisfy a subjective quality requirement like ""usability,"" how can the establishment of specific ""fit criteria"" during the requirements phase alter the parameters used in the risk reduction leverage calculation during project planning? -Required source types: text -Brief reasoning type label: causal reasoning","
[0]
[SECTION]: Capturing the Requirements > 4.3 Types Of Requirements > SIDEBAR 4.4 MAKING REQUIREMENTS TESTABLE
[CONTENT]: This second formulation of the requirement can be tested objectively: a series of requests is made, and we check that the system supplies the appropriate record within 5 seconds of each request.
It is relatively easy to determine fit criteria for quality requirements that are naturally quantitative (e.g., performance, size, precision, accuracy, time to delivery). What about more subjective quality requirements, like usability or maintainability? In these cases, developers use focus groups or metrics to evaluate fit criteria:
 - 75% of users shall judge the new system to be as usable as the existing system.
 - After training, 90% of users shall be able to process a new account within 5 minutes.
 - A module will encapsulate the data representation of at most one data type.
 - Computation errors shall be fixed within 3 weeks of being reported.
Fit criteria that cannot be evaluated before the final product is delivered are harder to assess:
 - The system shall not be unavailable for more than a total maximum of 3 minutes each year.
 - The mean-time-between-failures shall be no less than 1 year.
In  these  cases, we  either  estimate  a  system's  quality  attributes  (e.g., there  are  techniques for estimating system reliability, and for estimating the number of faults per line of code) or evaluate the delivered system during its operation-and suffer some financial penalty if the system does not live up to its promise.


[1]
[SECTION]: Capturing the Requirements > 4.3 Types Of Requirements > SIDEBAR 4.4 MAKING REQUIREMENTS TESTABLE
[CONTENT]: We can also avoid trying to optimize multiple conflicting quality requirements by identifying and aiming to achieve fit criteria , which establish clear-cut acceptance tests for these requirements (see Sidebar 4.4). But what if we cannot satisfy the fit criteria? Then it may be time to reevaluate the stakeholders' views and to employ negotiation. However, negotiation  is  not  easy; it  requires  skill, patience, and  experience  in  finding  mutually acceptable  solutions. Fortunately, stakeholders  rarely  disagree  about  the  underlying problem that the software system is addressing. More likely, conflicts will pertain to possible approaches to, or design constraints on, solving the problem (e.g., stakeholders may insist on using different database systems, different encryption algorithms, different user interfaces, or different programming languages). More seriously, stakeholders may disagree over priorities of requirements, or about the business policies to be incorporated into the system. For example, a university's colleges or departments may want different policies for evaluating students in their respective programs, whereas university administrators may prefer consolidation and uniformity. Resolution requires determining exactly why each stakeholder is adamant about a particular approach,policy,or priority rankingfor example, they may be concerned about cost, security, speed, or quality-and then we need to work toward agreement on fundamental requirements.With effective negotiation, the  stakeholders  will  come  to  understand  and  appreciate  each  other's  fundamental needs, and will strive for a resolution that satisfies everyone; such resolutions are usually very different from any of the stakeholders' original views.


[2]
[SECTION]: Capturing the Requirements > 4.3 Types Of Requirements > SIDEBAR 4.4 MAKING REQUIREMENTS TESTABLE
[CONTENT]: Interestingly, what gets measured gets done.That is, unless a fit criterion is unrealistic, it will probably be met. The key is to determine, with the customer, just how to demonstrate that a delivered system meets its requirements. The Robertsons suggest three ways to help make requirements testable:
 - Specify a quantitative description for each adverb and adjective so that the meaning of qualifiers is clear and unambiguous.
 - Replace pronouns with specific names of entities.
 - Make sure that every noun is defined in exactly one place in the requirements documents.
An alternative approach, advocated by the Quality Function Deployment (QFD) school (Akao 1990), is to realize quality requirements as special-purpose functional requirements, and to test quality requirements by testing how well their associated functional requirements have been satisfied.This approach works better for some quality requirements than it does for others. For example, real-time requirements can be expressed as additional conditions or constraints on when required functionality occurs. Other quality requirements, such as security, maintainability, and performance, may be satisfied by adopting existing designs and protocols that have been developed specifically to optimize a particular quality requirement.


[3]
[SECTION]: Capturing the Requirements > 4.3 Types Of Requirements
[CONTENT]: Quality requirements sometimes sound like 'motherhood' characteristics that all products ought to possess. After all, who is going to ask for a slow, unfriendly, unreliable, unmaintainable software system? It is better to think of quality requirements as design criteria  that  can  be  optimized  and  can  be  used  to  choose  among  alternative implementations of functional requirements. Given this approach, the question to be answered by the requirements is: To what extent must a product satisfy these quality requirements to be acceptable? Sidebar 4.4 explains how to express quality requirements such that we can test whether they are met.


[4]
[SECTION]: Capturing the Requirements > 4.3 Types Of Requirements > SIDEBAR 4.4 MAKING REQUIREMENTS TESTABLE
[CONTENT]: Prioritization  can  be  especially  helpful  in  resolving  conflicts  among  quality requirements; often, two quality attributes will conflict, so that it is impossible to optimize for both. For example, suppose a system is required to be maintainable and deliver responses  quickly. A  design  that  emphasizes  maintainability  through  separation  of concerns and encapsulation may slow the performance. Likewise, tweaking a system to perform especially well on one platform affects its portability to other platforms, and secure  systems  necessarily  control  access  and  restrict  availability  to  some  users. Emphasizing  security, reliability, robustness, usability, or  performance  can  all  affect maintainability, in  that  realizing  any  of  these  characteristics  increases  the  design's complexity and decreases its coherence. Prioritizing quality requirements forces the customer  to  choose  those  software-quality  factors  about  which  the  customer  cares most-which helps us to provide a reasonable, if not optimal, solution to the customer's quality requirements.
","[
  {
    ""role"": ""paragraph"",
    ""segment"": ""Establishing fit criteria for a subjective quality like usability turns it into measurable, testable targets, which then feed the risk reduction calculations by clarifying what must be achieved and how success will be judged."",
    ""citations"": [
      {
        ""type"": ""source_text"",
        ""content"": ""We can also avoid trying to optimize multiple conflicting quality requirements by identifying and aiming to achieve fit criteria , which establish clear-cut acceptance tests for these requirements (see Sidebar 4.4)."",
        ""img_id"": null
      },
      {
        ""type"": ""source_text"",
        ""content"": ""Interestingly, what gets measured gets done."",
        ""img_id"": null
      },
      {
        ""type"": ""source_text"",
        ""content"": ""three ways to help make requirements testable:"",
        ""img_id"": null
      }
    ],
    ""type"": null
  }
]","Establishing fit criteria for a subjective quality like usability turns it into measurable, testable targets, which then feed the risk reduction calculations by clarifying what must be achieved and how success will be judged.",1.921,6.058
"Why would a highly hierarchical Chief Programmer team structure theoretically face fewer communication bottlenecks than a loosely structured, egoless team when developing a system specified with a tightly coupled algebraic specification notation like SDL Data? -Required source types: text -Brief reasoning type label: causal reasoning","
[0]
[SECTION]: Planning and Managing the Project > 3.2 Project Personnel > Project Organization
[CONTENT]: Clearly, the chief programmer must be good at making decisions quickly, so the chief is likely to be an extrovert. However, if most of the team members are introverts, the chief programmer team may not be the best structure for the project. An alternative is based on the idea of 'egoless' programming, as described by Weinberg (1971). Instead of a single point of responsibility, an egoless approach holds everyone equally responsible. Moreover, the process is separated from the individuals; criticism is made of  the  product  or  the  result, not  the  people  involved. The  egoless  team  structure  is democratic, and all team members vote on a decision, whether it concerns design considerations or testing techniques.


[1]
[SECTION]: Planning and Managing the Project > 3.2 Project Personnel > Project Organization
[CONTENT]: Of course, there are many other ways to organize a development or maintenance project, and the two described above represent extremes.Which structure is preferable? The more people on the project, the more need there is for a formal structure. Certainly, a development team with only three or four members does not always need an elaborate organizational structure. However, a team of several dozen workers must have a welldefined organization.In fact, your company or your customer may impose a structure on the development team, based on past success, on the need to track progress in a certain way, or on the desire to minimize points of contact. For example, your customer may insist that the test team be totally independent of program design and development.
Researchers continue to investigate how project team structure affects the resulting product and how to choose the most appropriate organization in a given situation. A National Science Foundation (1983) investigation found that projects with a high degree  of  certainty, stability, uniformity, and  repetition  can  be  accomplished  more effectively  by  a  hierarchical  organizational  structure  such  as  the  chief  programmer team.These projects require little communication among project members, so they are well-suited to an organization that stresses rules, specialization, formality, and a clear definition of organizational hierarchy.


[2]
[SECTION]: Planning and Managing the Project > 3.2 Project Personnel > Project Organization
[CONTENT]: The organization of the chief programmer team is illustrated in Figure 3.11. By placing all responsibility for all decisions with the chief programmer, the team structure minimizes the amount of communication needed during the project.Each team member must communicate often with the chief, but not necessarily with other team members. Thus, if the team consists of programmers plus the chief, the team can establish only paths of communication (one path for each team member's interaction with the chief) out of a potential paths. For example, rather than working out a problem themselves, the programmers can simply approach the chief for an answer. Similarly, the chief reviews all design and code, removing the need for peer reviews. n 1 n -1 2> 2 n -1 n -1 Although a chief programmer team is a hierarchy, groups of workers may be formed to accomplish a specialized task. For instance, one or more team members may form an administrative group to provide a status report on the project's current cost and schedule.


[3]
[SECTION]: Planning and Managing the Project > 3.2 Project Personnel > Project Organization
[CONTENT]: [FIGURE 3.11 Chief programmer team organization.] 
[FIGURE_DESCRIPTIONS]
[0] Organizational chart depicting a software development hierarchy. At the top sits Chief programmer, followed by Assistant chief programmer in a stacked box. A horizontal row of four boxes labeled Senior programmers, Librarians, Administration, and Test team extends beneath, connected to the Assistant chief programmer. A subordinate Junior programmers box branches downward from the Senior programmers box. The diagram implies a layered management structure with clear reporting lines from Chief to Assistant to the functional teams. The boxes are simple rectangles with bold labels and connecting lines illustrating authority and responsibility flow.



[4]
[SECTION]: Writing the Programs > 7.8 What This Chapter Means For Your Development Team
[CONTENT]: Although much of coding is an individual endeavor, all of coding must be done with your team in mind.Your use of information hiding allows you to reveal only the essential information about your components so that your colleagues can invoke them or reuse them. Your use of standards enhances communication among team members. And your use of common design techniques and strategies makes your code easier to test, maintain, and reuse.


[5]
[SECTION]: Designing the Architecture > 5.6 Collaborative Design > Outsourcing
[CONTENT]: This difficulty is compounded when we communicate in more than one language. For example, there are hundreds of words to describe pasta in Italian, and Arabic has over 40 words for camel. It is extremely difficult to translate the nuances embedded in these differences. Indeed, Winograd and Flores (1986) assert that complete translation from one natural language to another is impossible, because the semantics of a natural language cannot be defined formally and completely. Thus, a major challenge in producing a good software design is reaching a shared understanding among groups of people who may view the system and its environment in very different ways.This challenge derives not just from 'the complexity of technical problems, but [also] because of the social interaction when users and system developers learn to create, develop and express their ideas and visions' (Greenbaum and Kyng 1991).
","[
  {
    ""role"": ""paragraph"",
    ""segment"": ""A highly hierarchical Chief Programmer team would likely face fewer communication bottlenecks because responsibility for all decisions is centralized with the chief, which minimizes the amount of communication needed during the project. If the team consists of programmers plus the chief, the team can establish only paths of communication (one path for each team member's interaction with the chief) out of a potential paths."",
    ""citations"": [
      {
        ""type"": ""source_text"",
        ""content"": ""By placing all responsibility for all decisions with the chief programmer, the team structure minimizes the amount of communication needed during the project."",
        ""img_id"": null
      },
      {
        ""type"": ""source_text"",
        ""content"": ""Thus, if the team consists of programmers plus the chief, the team can establish only paths of communication (one path for each team member's interaction with the chief) out of a potential paths."",
        ""img_id"": null
      }
    ],
    ""type"": null
  },
  {
    ""role"": ""paragraph"",
    ""segment"": ""In contrast, a loosely structured, egoless team would entail broader participation and democratic decision-making, since everyone is equally responsible and decisions may involve voting, which can increase the amount of communication and coordination required."",
    ""citations"": [
      {
        ""type"": ""source_text"",
        ""content"": ""The egoless team structure is democratic, and all team members vote on a decision, whether it concerns design considerations or testing techniques."",
        ""img_id"": null
      }
    ],
    ""type"": null
  }
]","A highly hierarchical Chief Programmer team would likely face fewer communication bottlenecks because responsibility for all decisions is centralized with the chief, which minimizes the amount of communication needed during the project. If the team consists of programmers plus the chief, the team can establish only paths of communication (one path for each team member's interaction with the chief) out of a potential paths.

In contrast, a loosely structured, egoless team would entail broader participation and democratic decision-making, since everyone is equally responsible and decisions may involve voting, which can increase the amount of communication and coordination required.",1.554,5.332
"Based on the distinction between an error, a fault, and a failure outlined in Chapter 1, what does a single-element cut-set (e.g., {A1}) derived from a fault-tree analysis strictly represent in terms of a system's observable behavior versus its internal developer view? -Required source types: both -Brief reasoning type label: synthesis","
[0]
[SECTION]: Designing the Architecture > 5.7 Architecture Evaluation And Refinement > Safety Analysis
[CONTENT]: The cut-set is the set of leaf nodes in the cut-set tree. For example, consider the fault tree on the left side of Figure 5.12. G1 is the top logic gate in the fault tree, and its or condition leads us to expand its corresponding node in the cut-set tree to have two child nodes, G2 and G3. In turn, G2 in the fault tree is composed of both G4 and G5,so G2 in the cut-set tree is expanded to have a composition child node with label {G4, G5}. Continuing in this manner, we end up with the cut-set {A1,A3}, {A1,A4}, {A2,A3}, {A2, A4}, {A4,A5}.The cut-set represents the set of minimal event combinations that could lead to the failure listed at the top of the cut-set tree.Thus, if any member of the cut-set is a singleton event set, {A i }, then the top failure could be caused by a single event, A i . Similarly, the  cut-set  element  {A i , A j }  means  that  the  top  failure  can  occur  if  both events A i and A j occur, and cut-set element {A i , A j , . . ., A n }  means that failure can occur only if all of the composite events occur.Thus, we have reasoned from a failure to all possible causes of it.


[1]
[SECTION]: Why Software Engineering? > 1.2 How Successful Have We Been? > SIDEBAR 1.1 TERMINOLOGY FOR DESCRIBING BUGS
[CONTENT]: Thus, a  fault  is  an  inside  view  of  the  system, as  seen  by  the  eyes  of  the  developers, whereas a failure is an outside view: a problem that the user sees. Not every fault corresponds to a failure; for example, if faulty code is never executed or a particular state is never entered, then the fault will never cause the code to fail. Figure 1.4 shows the genesis of a failure.
[FIGURE_DESCRIPTIONS]
[0] Diagram showing a human chair figure with a scribbled head representing human error, followed by an arrow labeled ""can lead to"" pointing to a stylized bug icon representing fault, followed by another arrow labeled ""can lead to"" pointing to a large question mark and exclamation marks indicating failures. Text visible includes ""human error"" under the chair, and the sequence implies a causal chain: human error → fault → failure. The illustration uses simplistic icons: a seated figure, a bug symbol, and a large punctuation-heavy failure symbol. The layout emphasizes progression from error to fault to failure with two arrows connecting stages.



[2]
[SECTION]: Designing the Architecture > 5.5 Achieving Quality Attributes > SIDEBAR 5.6 THE NEED FOR SAFE DESIGN
[CONTENT]: Anthes (1997) reports the suggestions of Alan Barbell, a project manager at Environmental Criminology Research, an institute that evaluates medical devices. Barbell notes that software designers must see directly how their products will be used, rather than rely on salespeople and marketers. Then the designers can build in preventative measures to make sure that their products are not misused.
How do faults occur? As we saw in Chapter 1, a fault in a software product is the result  of  some  human  error. For  example, we  might  misunderstand  a  user-interface requirement and create a design that reflects our misunderstanding. The design fault can be propagated as incorrect code, incorrect instructions in the user manual, or incorrect test scripts. In this way, a single error can generate one or more faults, in one or more development products.
We distinguish faults from failures. A failure is an observable departure of the system from its required behavior. Failures can be discovered both before and after system delivery,because they can occur in testing as well as during operation.In some sense,faults and failures refer respectively to invisible and visible flaws. In other words, faults represent flaws that only developers see, whereas failures are problems that users or customers see.


[3]
[SECTION]: Why Software Engineering? > 1.2 How Successful Have We Been? > SIDEBAR 1.1 TERMINOLOGY FOR DESCRIBING BUGS
[CONTENT]: O ften, we talk about 'bugs'in software,meaning many things that depend on the context.A 'bug' can be a mistake in interpreting a requirement, a syntax error in a piece of code, or the (as-yet-unknown) cause of a system crash. The Institute of Electrical and Electronics Engineers (IEEE) has suggested a standard terminology (in IEEE Standard 729) for describing 'bugs' in our software products (IEEE 1983).
A fault occurs when a human makes a mistake, called an error , in performing some software activity. For example, a designer may misunderstand a requirement and create a design that does not match the actual intent of the requirements analyst and the user.This design fault is an encoding of the error, and it can lead to other faults, such as incorrect code and an incorrect description in a user manual.Thus, a single error can generate many faults, and a fault can reside in any development or maintenance product.
A failure is a departure from the system's required behavior. It can be discovered before or after system delivery, during testing, or during operation and maintenance. As we will see in Chapter 4, the requirements documents can contain faults. So a failure may indicate that the system is not performing as required, even though it may be performing as specified.


[4]
[SECTION]: Designing the Architecture > 5.7 Architecture Evaluation And Refinement > Safety Analysis
[CONTENT]: Once  the  fault  tree  is  constructed, we  can  search  for  design  weaknesses. For example, we can derive another tree, called a cut-set tree , that reveals which event combinations can cause the failure. A cut-set tree is especially useful when the fault tree is complex and difficult to analyze by eye. The rules for forming the cut-set tree are as follows:
 - Assign the top node of the cut-set tree to match the logic gate at the top of the fault tree.
 - Working from the top down, expand the cut-set tree as follows:
 - Expand an or -gate node to have two children, one for each or -gate child.
 - Expand an and -gate node to have a child composition node listing both of the and -gate children.
 - Expand  a  composition  node  by  propagating  the  node  to  its  children, but expanding one of the gates listed in the node.
 - Continue until all leaf nodes are basic events or composition nodes of basic events.
","[
    {
        ""role"": ""paragraph"",
        ""segment"": ""A single-element cut-set {A1} indicates that the top-level failure could be caused by a single event, i.e., the observable failure can result from one internal fault without requiring a combination of faults."",
        ""citations"": [
            {
                ""type"": ""source_text"",
                ""content"": ""Thus, if any member of the cut-set is a singleton event set, {A i }, then the top failure could be caused by a single event, A i ."",
                ""img_id"": null
            },
            {
                ""type"": ""source_text"",
                ""content"": ""A failure is an observable departure of the system from its required behavior."",
                ""img_id"": null
            }
        ],
        ""type"": null
    }
]","A single-element cut-set {A1} indicates that the top-level failure could be caused by a single event, i.e., the observable failure can result from one internal fault without requiring a combination of faults.",1.5,4.16
How does the graphical representation of conditions and states in Lai's process transition diagram differ structurally from the representation of enabling conditions and state transitions in a high-level Petri net model like the one used for the library problem? -Required source types: both -Brief reasoning type label: structure interpretation,"
[0]
[SECTION]: Capturing the Requirements > 4.5 Modeling Notations > State Machines
[CONTENT]: State-machine notations are used to represent collections of event traces in a single model.A state machine is a graphical description of all dialog between the system and its  environment. Each node, called a state , represents a stable set of conditions that exists between event occurrences. Each edge, called a transition , represents a change in behavior or condition due to the occurrence of an event; each transition is labeled with the triggering event, and possibly with an output event, preceded by the symbol '/', that is generated when the transition occurs.
State machines are useful both for specifying dynamic behavior and for describing how behavior should change in response to the history of events that have already occurred. That is, they are particularly suited for modeling how the system's responses to the same input change over the course of the system's execution. For each state, the set of transitions emanating from that state designates both the set of events that can trigger a response and the corresponding responses to those events. Thus, when our turnstile (shown in Figure 4.8) is in the unlocked state, its behavior is different from when it is in state locked ; in particular, it responds to different input events. If an unanticipated event occurs (e.g., if the user tries to push through the turnstile when the machine is in state locked ), the event will be ignored and discarded. We could have specified  this  latter  behavior  explicitly  as  a  transition  from  state locked to  state locked , triggered by event push ; however, the inclusion of such 'no-effect' transitions can clutter the model. Thus, it is best to restrict the use of self-looping transitions to those that have an observable effect, such as an output event.


[1]
[SECTION]: Capturing the Requirements > 4.5 Modeling Notations > Example: UML Statechart Diagrams
[CONTENT]: A superstate can actually comprise multiple concurrent submachines, separated by dashed lines.The UML statechart for Publication includes two submachines:one that indicates  whether  or  not  the  publication  is  out  on  loan, and  another  that  indicates whether  or  not  the  publication  is  on  reserve. The  submachines  are  said  to  operate concurrently , in that a Publication instance could at any time receive and respond to events of interest to either or both submachines. In general, concurrent submachines are used  to  model  separate, unrelated  subbehaviors, making  it  easier  to  understand  and consider each subbehavior. An equivalent statechart for Publication in Figure 4.10 that does not make use of state hierarchy or concurrency is comparatively messy and repetitive. Note  that  this  messy  statechart  has  a  state  for  each  combination  of  states from Figure 4.9 ( stacks = Publication is in library and not on reserve, onloan = Publication is on loan and not on reserve, etc.). 3 State transitions are labeled with their enabling events and conditions and with their side effects.Transition labels have syntax where  the  triggering event is  a  message  that  may  carry  parameters. The  enabling condition , delimited by square brackets, is a predicate on the object's attribute values. If the transition is taken, its actions , each prefaced with a slash (/), specify assignments made to the object's attributes; the asterisk indicates that a transition may have arbitrarily  many  actions. If  the  transition  is  taken, it  may  generate  arbitrarily  many output events , /^Object.event , each prefaced with a caret an output event may carry parameters and is either designated for a target Object or is broadcast to all objects. For example, in the messy Publication statechart (Figure 4.10), the transition to state recall is enabled if the publication is in state onloan when a request to put the item on reserve is received.When the transition is taken, it sends an event to the Loan object, which in turn will notify the borrower that the item must be returned to the library sooner than the loan's due date. Each of the transition-label elements is optional. For example, a transition need not be enabled by an input event; it could be enabled  only  by  a  condition  or  by  nothing, in  which  case  the  transition  is  always enabled. 1 ¿ 2 ; ' '*''


[2]
[SECTION]: Capturing the Requirements > 4.5 Modeling Notations > Example: UML Statechart Diagrams
[CONTENT]: The semantics of UML diagrams, and how the different diagrams fit together, are intentionally undefined, so that specifiers can ascribe semantics that best fit their problem. However, most practitioners view UML statecharts as communicating finite-state machines with first-in, first-out (FIFO) communication channels. Each object's state machine has an input queue that holds the messages sent to the object from other objects in the model or from the model's environment. Messages are stored in the input queue in the order in which they are received. In each execution step, the state machine reads the message at the head of its input queue, removing the message from the queue. The message either triggers a transition in the statechart or it does not, in which case the message is discarded; the step runs to completion, meaning that the machine continues  to  execute  enabled  transitions, including  transitions  that  wait  for  operations  to complete, until  no  more  transitions  can  execute  without  new  input  from  the  input queue.Thus, the machine reacts to only one message at a time.
The  hardest  part  of  constructing  a  state-machine  model  is  deciding  how  to decompose an object's behavior into states. Some ways of thinking about states include Some object properties could be modeled either as an attribute (defined in the class diagram) or as a state (defined in the object's statechart diagram), and it is not obvious which representation is best. Certainly, if the set of possible property values is large (e.g., a Patron's library fines), then it is best to model the property as an attribute. Alternatively, if the events to which the object is ready to react depend on a property (e.g., whether a book is out on loan), then it is best to model the property as a state. Otherwise,choose the representation that results in the simplest model that is easiest to understand.
","[
    {
        ""role"": ""paragraph"",
        ""segment"": ""The chatbot can't answer this question. Please try again with another question."",
        ""citations"": [],
        ""type"": ""abstained""
    }
]",The chatbot can't answer this question. Please try again with another question.,1.706,6.886
"If a system is designed using a pure publish-subscribe architectural style with implicit invocation, why would attempting to model the complete system's dynamic behavior using Message Sequence Charts (MSCs) be inherently difficult or misleading regarding the interactions between the publishing and subscribing components? -Required source types: both -Brief reasoning type label: causal reasoning","
[0]
[SECTION]: Designing the Architecture > 5.4 Architectural Styles And Strategies > Publish-Subscribe
[CONTENT]: In a publish-subscribe architecture, components interact by broadcasting and reacting to events. A component expresses interest in an event by subscribing to it. Then, when another component announces ( publishes ) that the event has taken place, the subscribing components are notified.The underlying publish-subscribe infrastructure is responsible both for registering event subscriptions and for delivering published events to the appropriate components. Implicit invocation is  a  common form of publish-subscribe architecture, in which a subscribing component associates one of its procedures with each event of interest (called registering the procedure). In this case, when the event occurs, the publish-subscribe infrastructure invokes all of the event's registered procedures. In contrast to client-server and P2P components, publish-subscribe components know nothing about each other. Instead, the publishing component simply announces events and then waits for interested components to react; each subscribing component simply reacts to event announcements, regardless of how they are published. In models of this kind of architecture, the underlying infrastructure is often represented as an event bus to which all publish-subscribe components are connected.


[1]
[SECTION]: Designing the Architecture > 5.4 Architectural Styles And Strategies > Publish-Subscribe
[CONTENT]:  - Such  systems  provide  strong  support  for  system  evolution  and  customization. Because  all  interactions  are  orchestrated  using  events, any  publish-subscribe
 - component can be added to the system and can register itself without affecting other components.
 - For the same reason, we can easily reuse publish-subscribe components in other event-driven systems.
 - Components can pass data at the time they announce events. But if components need to share persistent data, the system must include a shared repository to support  that  interaction. This  sharing  can  diminish  the  system's  extensibility  and reusability.
 - Publish-subscribe systems are difficult to test, because the behavior of a publishing component will depend on which subscribing components are monitoring its events.Thus, we cannot test the component in isolation and infer its correctness in an integrated system.


[2]
[SECTION]: Designing the Architecture > 5.4 Architectural Styles And Strategies > Publish-Subscribe
[CONTENT]: This is a common architectural style for integrating tools in a shared environment. For example, Reiss (1990) reports on an environment called Field, where tools such as editors register for events that might occur during a debugger's functioning.To see how, consider that the debugger processes code, one line at a time. When it recognizes that it has reached a set breakpoint, it announces the event 'reached breakpoint'; then, the system forwards the event to all registered tools, including the editor, and the editor reacts to the event by automatically scrolling to the source-code line that corresponds  to  the  breakpoint. Other  events  that  the  debugger  might  announce  include entry and exit points of functions, runtime errors, and comments to clear or reset the program's execution. However, the debugger is not aware of which tools, if any, have registered for the different events, and it has no control over what the other tools will do in response to one of its events. For this reason, a publish-subscribe system will often include  some  explicit  invocations  (e.g., calls  to  access  methods)  when  a  component wants to enforce or confirm a specific reaction to a critical event.
Publish-subscribe  systems  have  several  strengths  and  weaknesses  (Shaw  and Garlan 1996):


[3]
[SECTION]: Capturing the Requirements > 4.5 Modeling Notations > Example: UML Statechart Diagrams
[CONTENT]: A superstate can actually comprise multiple concurrent submachines, separated by dashed lines.The UML statechart for Publication includes two submachines:one that indicates  whether  or  not  the  publication  is  out  on  loan, and  another  that  indicates whether  or  not  the  publication  is  on  reserve. The  submachines  are  said  to  operate concurrently , in that a Publication instance could at any time receive and respond to events of interest to either or both submachines. In general, concurrent submachines are used  to  model  separate, unrelated  subbehaviors, making  it  easier  to  understand  and consider each subbehavior. An equivalent statechart for Publication in Figure 4.10 that does not make use of state hierarchy or concurrency is comparatively messy and repetitive. Note  that  this  messy  statechart  has  a  state  for  each  combination  of  states from Figure 4.9 ( stacks = Publication is in library and not on reserve, onloan = Publication is on loan and not on reserve, etc.). 3 State transitions are labeled with their enabling events and conditions and with their side effects.Transition labels have syntax where  the  triggering event is  a  message  that  may  carry  parameters. The  enabling condition , delimited by square brackets, is a predicate on the object's attribute values. If the transition is taken, its actions , each prefaced with a slash (/), specify assignments made to the object's attributes; the asterisk indicates that a transition may have arbitrarily  many  actions. If  the  transition  is  taken, it  may  generate  arbitrarily  many output events , /^Object.event , each prefaced with a caret an output event may carry parameters and is either designated for a target Object or is broadcast to all objects. For example, in the messy Publication statechart (Figure 4.10), the transition to state recall is enabled if the publication is in state onloan when a request to put the item on reserve is received.When the transition is taken, it sends an event to the Loan object, which in turn will notify the borrower that the item must be returned to the library sooner than the loan's due date. Each of the transition-label elements is optional. For example, a transition need not be enabled by an input event; it could be enabled  only  by  a  condition  or  by  nothing, in  which  case  the  transition  is  always enabled. 1 ¿ 2 ; ' '*''
","[
    {
        ""role"": ""paragraph"",
        ""segment"": ""Modeling the complete system's dynamic behavior with MSCs is inherently difficult in a pure publish-subscribe architecture with implicit invocation because components broadcast events and then wait for others to react, rather than engaging in tightly coupled, direct interactions."",
        ""citations"": [
            {
                ""type"": ""source_text"",
                ""content"": ""In a publish-subscribe architecture, components interact by broadcasting and reacting to events. A component expresses interest in an event by subscribing to it. Then, when another component announces ( publishes ) that the event has taken place, the subscribing components are notified."",
                ""img_id"": null
            },
            {
                ""type"": ""source_text"",
                ""content"": ""the publishing component simply announces events and then waits for interested components to react; each subscribing component simply reacts to event announcements, regardless of how they are published."",
                ""img_id"": null
            },
            {
                ""type"": ""source_text"",
                ""content"": ""Publish-subscribe systems are difficult to test, because the behavior of a publishing component will depend on which subscribing components are monitoring its events."",
                ""img_id"": null
            },
            {
                ""type"": ""source_text"",
                ""content"": ""the debugger processes code, one line at a time. When it recognizes that it has reached a set breakpoint, it announces the event 'reached breakpoint'; then, the system forwards the event to all registered tools, including the editor, and the editor reacts to the event by automatically scrolling to the source-code line that corresponds to the breakpoint. ... however, the debugger is not aware of which tools, if any, have registered for the different events, and it has no control over what the other tools will do in response to one of its events."",
                ""img_id"": null
            }
        ],
        ""type"": null
    }
]","Modeling the complete system's dynamic behavior with MSCs is inherently difficult in a pure publish-subscribe architecture with implicit invocation because components broadcast events and then wait for others to react, rather than engaging in tightly coupled, direct interactions.",1.738,9.3
"Contrast the treatment of future, unanticipated requirements in the Extreme Programming (XP) agile methodology with the strategic approach used when scoping and designing a core asset base for a Software Product Line architecture. -Required source types: text -Brief reasoning type label: comparison","
[0]
[SECTION]: Modeling the Process and Life Cycle > 2.2 Software Process Models > SIDEBAR 2.2 WHEN IS EXTREME TOO EXTREME?
[CONTENT]: A s with most software development approaches, agile methods are not without their critics. For example, Stephens and Rosenberg (2003) point out that many of extreme programming's practices are interdependent, a vulnerability if one of them is modified. To see why, suppose some people are uncomfortable with pair programming. More coordination and documentation may be required to address the shared vision that is missing when people work on their own. Similarly, many developers prefer to do some design before they write code. Scrum addresses this preference by organizing around monthly sprints. Elssamadissy and Schalliol (2002) note that, in extreme programming, requirements are expressed as a set of test cases that must be passed by the software.This approach may cause customer representatives to focus on the test cases instead of the requirements. Because the test cases are a detailed expression of the requirements and may be solution oriented, the emphasis on test cases can distract the representatives from the project's underlying goals and can lead to a situation where the system passes all the tests but is not what the customers thought they were paying for.As we will see in Chapter 5, refactoring may be the Achilles heel of agile methods; it is difficult to rework a software system without degrading its architecture.


[1]
[SECTION]: Writing the Programs > 7.4 The Programming Process > Whither Programming?
[CONTENT]: As with almost anything, the answer may be 'all things in moderation.' Drobka, Noftz, and Raghu (2004) describe their use of extreme programming on four mission-critical projects. They found that extra steps were needed to adjust extreme programming to the realities of large-scale, mission-critical software. For example, with no architectural guidelines, each programmer had his or her own vision of what the overall architecture should be, and the visions differed considerably.Thus, the high-level architecture document was used as a roadmap to assist the developers in planning. Rather than use prioritized stories, the researchers found it essential to define baseline architectures, using documented scenarios to help describe key abstractions, and to define system boundaries. Finally, documentation was used to assist in communicating among team members. Strict  agile-methods advocates eschew documentation, but Drobke, Noftz, and Raghu found it to be essential. So, too, were design reviews to ensure that the software being built would be maintainable over its likely 30-year life span.
Thus, in the future, programming is likely to be a blend of the good practices that have been advocated for decades and the flexible approaches being espoused by the agile-methods proponents.We will see in Chapter 14 that software engineers are defining a software engineering body of knowledge that describes the information and practices  that  a  good  software  engineer  should  master  in  order  to  produce  high-quality systems.


[2]
[SECTION]: Capturing the Requirements > 4.2 Requirements Elicitation > SIDEBAR 4.2 AGILE REQUIREMENTS MODELING
[CONTENT]: However, for problems where the requirements are uncertain, it can be cumbersome to employ a heavy process and have to update the models with every change to the requirements.As an alternative approach, agile methods gather and implement the requirements in increments.The initial release implements the most essential requirements, as defined by the stakeholders' business goals.As new requirements emerge with use of the system or with better understanding of the problem, they are implemented in subsequent releases of the system. This incremental development allows for 'early and continuous delivery of valuable software' (Beck et al. 2004) and accommodates emergent and late-breaking requirements.
Extreme programming (XP) takes agile requirements processes to the extreme, in that the system is built to the requirements that happen to be defined at the time, with no planning or designing for possible future requirements. Moreover, XP forgoes traditional requirements documentation, and instead encodes the requirements as test cases that the eventual implementation must pass.Berry (2002a) points out that the trade-off for agile methods' flexibility is the difficulty of making changes to the system as requirements are added, deleted, or changed. But there can be additional problems: XP uses test cases to specify requirements, so a poorly written test case can lead to the kinds of misunderstandings described in this chapter.


[3]
[SECTION]: Modeling the Process and Life Cycle > 2.2 Software Process Models > Agile Methods
[CONTENT]:  - They concentrate on responding to change rather than on creating a plan and then  following  it, because  they  believe  that  it  is  impossible  to  anticipate  all requirements at the beginning of development.
The overall goal of agile development is to satisfy the customer by 'early and continuous delivery  of  valuable  software' (Agile Alliance  2001). Many  customers  have  business needs that change over time,reflecting not only newly discovered needs but also the need to respond to changes in the marketplace. For example, as software is being designed and constructed, a competitor may release a new product that requires a change in the software's  planned  functionality. Similarly, a  government  agency  or  standards  body  may impose a regulation or standard that affects the software's design or requirements. It is thought  that  by  building  flexibility  into  the  development  process, agile  methods  can enable customers to add or change requirements late in the development cycle.
There are  many  examples  of  agile  processes  in  the  current  literature. Each  is based on a set of principles that implement the tenets of the agile manifesto. Examples include the following.
 - Extreme programming (XP), described in detail below, is a set of techniques for leveraging the creativity of developers and minimizing the amount of administrative overhead.


[4]
[SECTION]: Modeling the Process and Life Cycle > 2.11 Key References > TABLE 2.3 ( continued )
[CONTENT]: There are many resources available for learning about agile methods. The Agile Manifesto is posted at http://www.agilealliance.org. Kent Beck's (1999) is the seminal book on extreme programming, and Alistair Cockburn (2002) describes the Crystal family of methodologies. Martin Beck (1999) explains refactoring, which is one of the most difficult steps of XP . Two excellent references on agile methods are Robert C. Martin's  (2003)  book  on  agile  software  development, and  Daniel  H. Steinberg  and Daniel  W. Palmer's  (2004)  book  on  extreme  software  engineering. Two  Web  sites providing additional information about extreme programming  are http://www. xprgramming.com and http://www.extremeprogramming.org.
","[
    {
        ""role"": ""paragraph"",
        ""segment"": ""The chatbot can't answer this question. Please try again with another question."",
        ""citations"": [],
        ""type"": ""abstained""
    }
]",The chatbot can't answer this question. Please try again with another question.,1.837,7.902
"How does the software industry's definition of Return on Investment (ROI), which focuses primarily on effort reduction and time savings, contrast with the mathematical calculation of a design's ""payback period"" when performing a formal cost-benefit analysis of architectural trade-offs? -Required source types: both -Brief reasoning type label: comparison","
[0]
[SECTION]: Why Software Engineering? > 1.3 What Is Good Software? > Quality in the Context of the Business Environment
[CONTENT]: However, Brodman and Johnson (1995) found that the U.S. government and U.S. industry interpret ROI in very different ways, each different from the other, and both different from the standard business school approaches.The government views ROI in terms of dollars,looking at reducing operating costs,predicting dollar savings,and calculating the cost of employing new technologies. Government investments are also expressed in dollars, such as the cost of introducing new technologies or process improvement initiatives.
On the other hand, industry viewed investment in terms of effort, rather than cost or dollars. That is, companies were interested in saving time or using fewer people, and their  definition  of  return  on  investment  reflected  this  focus  on  decreasing  effort. Among the companies surveyed, return on investment included such items as The cost issues included in the definition involve meeting cost predictions, improving cost performance, and staying within budget, rather than reducing operating costs or streamlining  the  project  or  organization. Figure  1.6 summarizes the frequency with which many organizations included an investment item in their definition of ROI. For example, about 5 percent of those interviewed included a quality group's effort in the ROI effort calculation, and approximately 35 percent included software costs when considering number of dollars invested.


[1]
[SECTION]: Designing the Architecture > 5.7 Architecture Evaluation And Refinement > Cost-Benefit Analysis
[CONTENT]: Computing Return on Investment (ROI). The return on investment of making one of these design changes is the ratio of the benefits gained from making the change to the cost of its implementation:
[FORMULA]
ROI = Benefits/Cost These costs are estimated using the techniques described in Chapter 3. The estimated costs of the proposed design changes in our example are shown in Table 5.4. In general,
an ROI of 1 or greater means that the design's benefits outweigh its costs. The higher the ROI value, the more effective the design.
Another useful measure is the payback period : the length of time before accumulated benefits recover the costs of implementation. In our example, the payback period for restructuring the sorted-index module (design 2) is $300,000/$280,000 = 1.07 of a year = approximately 13 months We return to calculations such as these in Chapter 12, where we investigate the best techniques for evaluating the return on investing in software reuse.


[2]
[SECTION]: Why Software Engineering? > 1.3 What Is Good Software? > Quality in the Context of the Business Environment
[CONTENT]: There have been several attempts to relate technical value and business value in a quantitative and meaningful way. For example, Humphrey, Snyder, and Willis (1991) note  that  by  improving  its  development  process  according  to  the  CMM 'maturity' scale (to be discussed in Chapter 12), Hughes Aircraft improved its productivity by 4 to 1 and saved millions of dollars. Similarly, Dion (1993) reported that Raytheon's twofold increase in productivity was accompanied by a $7.70 return on every dollar invested in process improvement. And personnel at Tinker Air Force Base in Oklahoma noted a productivity improvement of 6.35 to 1 (Lipke and Butler 1992).
However,Brodman and Johnson (1995) took a closer look at the business value of process improvement.They surveyed 33 companies that performed some kind of process improvement activities, and examined several key issues.Among other things, Brodman and Johnson asked companies how they defined return on investment (ROI), a concept that is clearly defined in the business community.They note that the textbook definition of return on investment , derived from the financial community, describes the investment in terms of what is given up for other purposes. That is, the 'investment must not only return the original capital but enough more to at least equal what the funds would have earned elsewhere, plus an allowance for risk' (Putnam and Myers 1992). Usually, the business  community  uses  one  of  three  models  to  assess  ROI: a  payback  model, an accounting rate-of-return model, and a discounted cash flow model.


[3]
[SECTION]: Why Software Engineering? > 1.3 What Is Good Software? > Quality in the Context of the Business Environment
[CONTENT]: Even though the different ROI calculations can be justified for each organization, it is worrying that software technology return on investment is not the same as financial ROI. At some point, program success must be reported to higher levels of management, many of which are related not to software but to the main company business, such as telecommunications or banking. Much confusion will result from the use of the same terminology to mean vastly different things.Thus, our success criteria must make sense not only for software projects and processes, but also for the more general business practices they support.We will examine this issue in more detail in Chapter 12 and look at using several common measures of business value to choose among technology options.


[4]
[SECTION]: Why Software Engineering? > 1.3 What Is Good Software? > Quality in the Context of the Business Environment
[CONTENT]:  - training
 - schedule
 - risk
 - quality
 - productivity
 - process
 - customer
 - costs
 - business The difference in views is disturbing, because it means that calculations of ROI cannot be compared across organizations. But there are good reasons for these differing views. Dollar savings from reduced schedule, higher quality, and increased productivity are returned to the government rather than the contractor. On the other hand, contractors are usually looking for a competitive edge and increased work capacity as well as greater profit; thus, the contractor's ROI is more effort- than cost-based. In particular, more accurate cost and schedule estimation can mean customer satisfaction and repeat business.And decreased time to market as well as improved product quality are perceived as offering business value, too.


[5]
[SECTION]: Evaluating Products, Processes, and Resources > 12.6 Evaluating Resources > Return on Investment
[CONTENT]: NPV expresses economic value in terms of total project life, regardless of scale or time frame. Since investment planning involves spending money in the future, we can think of the present value of an investment as the value today of a predicted future cash flow. The NPV calculation uses a discount rate or opportunity cost , corresponding to
","[
    {
        ""role"": ""paragraph"",
        ""segment"": ""The software industry typically measures ROI in terms of effort saved and time reductions rather than dollars, while ROI in the business/financial sense often centers on cost and dollar savings."",
        ""citations"": [
            {
                ""type"": ""source_text"",
                ""content"": ""On the other hand, industry viewed investment in terms of effort, rather than cost or dollars. That is, companies were interested in saving time or using fewer people, and their  definition  of  return  on  investment  reflected  this  focus  on  decreasing  effort."",
                ""img_id"": null
            }
        ],
        ""type"": null
    },
    {
        ""role"": ""paragraph"",
        ""segment"": ""In formal cost-benefit analysis of architectural trade-offs, ROI is defined as ROI = Benefits/Cost, and a value of 1 or greater indicates that the design's benefits outweigh its costs."",
        ""citations"": [
            {
                ""type"": ""source_text"",
                ""content"": ""Computing Return on Investment (ROI). The return on investment of making one of these design changes is the ratio of the benefits gained from making the change to the cost of its implementation:\nROI = Benefits/Cost"",
                ""img_id"": null
            }
        ],
        ""type"": null
    },
    {
        ""role"": ""paragraph"",
        ""segment"": ""A related metric is the payback period, defined as the length of time before accumulated benefits recover the costs of implementation; for example, the payback period for restructuring the sorted-index module (design 2) is $300,000/$280,000 = 1.07 of a year ≈ 13 months."",
        ""citations"": [
            {
                ""type"": ""source_text"",
                ""content"": ""The payback period : the length of time before accumulated benefits recover the costs of implementation. In our example, the payback period for restructuring the sorted-index module (design 2) is $300,000/$280,000 = 1.07 of a year = approximately 13 months"",
                ""img_id"": null
            }
        ],
        ""type"": null
    }
]","The software industry typically measures ROI in terms of effort saved and time reductions rather than dollars, while ROI in the business/financial sense often centers on cost and dollar savings.

In formal cost-benefit analysis of architectural trade-offs, ROI is defined as ROI = Benefits/Cost, and a value of 1 or greater indicates that the design's benefits outweigh its costs.

A related metric is the payback period, defined as the length of time before accumulated benefits recover the costs of implementation; for example, the payback period for restructuring the sorted-index module (design 2) is $300,000/$280,000 = 1.07 of a year ≈ 13 months.",1.957,8.211
