question,context,initial_answer,answer,retrieve_time_sec,generate_time_sec
"According to IEEE Standard 729 terminology, what is a fault?","
[0]
[SECTION]: Why Software Engineering? > 1.2 How Successful Have We Been? > SIDEBAR 1.1 TERMINOLOGY FOR DESCRIBING BUGS
[CONTENT]: O ften, we talk about 'bugs'in software,meaning many things that depend on the context.A 'bug' can be a mistake in interpreting a requirement, a syntax error in a piece of code, or the (as-yet-unknown) cause of a system crash. The Institute of Electrical and Electronics Engineers (IEEE) has suggested a standard terminology (in IEEE Standard 729) for describing 'bugs' in our software products (IEEE 1983).
A fault occurs when a human makes a mistake, called an error , in performing some software activity. For example, a designer may misunderstand a requirement and create a design that does not match the actual intent of the requirements analyst and the user.This design fault is an encoding of the error, and it can lead to other faults, such as incorrect code and an incorrect description in a user manual.Thus, a single error can generate many faults, and a fault can reside in any development or maintenance product.
A failure is a departure from the system's required behavior. It can be discovered before or after system delivery, during testing, or during operation and maintenance. As we will see in Chapter 4, the requirements documents can contain faults. So a failure may indicate that the system is not performing as required, even though it may be performing as specified.
Thus, a  fault  is  an  inside  view  of  the  system, as  seen  by  the  eyes  of  the  developers, whereas a failure is an outside view: a problem that the user sees. Not every fault corresponds to a failure; for example, if faulty code is never executed or a particular state is never entered, then the fault will never cause the code to fail. Figure 1.4 shows the genesis of a failure.


[1]
[SECTION]: Testing the System > 9.8 Test Documentation > Problem Report Forms
[CONTENT]: Recall from Chapter 1 that a fault is a problem in a system artifact that can cause a system failure; the fault is seen by the developer, and the failure is experienced by the user. During  testing, we  capture  data  about  faults  and  failures  in problem  report  forms . A discrepancy report form is a problem report that describes occurrences of problems where  actual  system  behaviors  or  attributes  do  not  match  with  what  we  expect. It explains what was expected, what actually happened, and the circumstances leading to the  failure. A fault  report  form explains  how  a  fault  was  found  and  fixed, often  in response to the filing of a discrepancy report form.
Every problem report form should answer several questions about the problem it is describing:
 - Location: Where did the problem occur?
 - Timing: When did it occur?
 - Symptom: What was observed?
 - End-result: What were the consequences?
 - Mechanism: How did it occur?
 - Cause: Why did it occur?
 - Severity: How much was the user or business affected?
 - Cost: How much did it cost?
Figure 9.12 is an example of an actual fault report form from a British utility. Notice that a fault number is assigned to each fault, and the developers record the date when they were notified that a problem had occurred as well as the date when the problem's cause was located and fixed. Because developers do not address each problem right away (e.g., because other problems have higher priority), the developers also record the actual number of hours needed to repair this particular fault.
|    | 0            | 1       | 2           | 3          | 4        | 5               |
|---:|:-------------|:--------|:------------|:-----------|:---------|:----------------|
|  0 | Fault Number | Week In | System Area | Fault Type | Week Out | Hours to Repair |
|  1 | ...          | ...     | ...         | ...        | ...      | ...             |
|  2 | F254         | 92/14   | C2          | P          | 92/17    | 5.5             |


[2]
[SECTION]: Testing the Programs > 8.1 Software Faults And Failures > Types of Faults
[CONTENT]: In  developing real-time systems, a critical consideration is the coordination of several processes executing simultaneously or in a carefully defined sequence. Timing or coordination faults occur when the code coordinating these events is inadequate. There are two reasons why this kind of fault is hard to identify and correct. First, it is usually difficult for designers and programmers to anticipate all possible system states. Second, because so many factors are involved with timing and processing, it may be impossible to replicate a fault after it has occurred.
Throughput or performance faults occur when the system does not perform at the speed prescribed by the requirements. These are timing problems of a different sort: Time constraints are placed on the system's performance by the customer's requirements rather than by the need for coordination.
As we saw during design and programming, we take great care to ensure that the system can recover from a variety of failures. Recovery faults can occur when a failure is encountered and the system does not behave as the designers desire or as the customer requires. For example, if a power failure occurs during system processing, the system should recover in an acceptable manner, such as restoring all files to their state just prior to the failure. For some systems, such recovery may mean that the system will continue full processing by using a backup power source; for others, this recovery means that the system keeps a log of transactions, allowing it to continue processing whenever power is restored.
For many systems, some of the hardware and related system software are prescribed in the requirements, and the components are designed according to the specifications of the reused or purchased programs. For example, if a prescribed modem is used for communications, the modem driver generates the commands expected by the modem and reads commands received from the modem. However, hardware and system software faults can arise when the supplied hardware and system software do not actually work according to the documented operating conditions and procedures.


[3]
[SECTION]: Testing the Programs > 8.1 Software Faults And Failures > Types of Faults
[CONTENT]: Finally, the code should be reviewed to confirm that organizational standards and procedures have been followed. Standards and procedure faults may not always affect the running of the programs, but they may foster an environment where faults are created as the system is tested and modified. By failing to follow the required standards, one programmer may make it difficult for another to understand the code's logic or to find the data descriptions needed for solving a problem.
","[
  {
    ""role"": ""sentence"",
    ""segment"": ""A fault occurs when a human makes a mistake, called an error, in performing some software activity."",
    ""citations"": [
      {
        ""type"": ""source_text"",
        ""content"": ""A fault occurs when a human makes a mistake, called an error , in performing some software activity."",
        ""img_id"": null
      }
    ],
    ""type"": null
  }
]","A fault occurs when a human makes a mistake, called an error, in performing some software activity.",2.297,4.171
"According to IEEE Standard 729 terminology, what is a failure?","
[0]
[SECTION]: Why Software Engineering? > 1.2 How Successful Have We Been? > SIDEBAR 1.1 TERMINOLOGY FOR DESCRIBING BUGS
[CONTENT]: O ften, we talk about 'bugs'in software,meaning many things that depend on the context.A 'bug' can be a mistake in interpreting a requirement, a syntax error in a piece of code, or the (as-yet-unknown) cause of a system crash. The Institute of Electrical and Electronics Engineers (IEEE) has suggested a standard terminology (in IEEE Standard 729) for describing 'bugs' in our software products (IEEE 1983).
A fault occurs when a human makes a mistake, called an error , in performing some software activity. For example, a designer may misunderstand a requirement and create a design that does not match the actual intent of the requirements analyst and the user.This design fault is an encoding of the error, and it can lead to other faults, such as incorrect code and an incorrect description in a user manual.Thus, a single error can generate many faults, and a fault can reside in any development or maintenance product.
A failure is a departure from the system's required behavior. It can be discovered before or after system delivery, during testing, or during operation and maintenance. As we will see in Chapter 4, the requirements documents can contain faults. So a failure may indicate that the system is not performing as required, even though it may be performing as specified.
Thus, a  fault  is  an  inside  view  of  the  system, as  seen  by  the  eyes  of  the  developers, whereas a failure is an outside view: a problem that the user sees. Not every fault corresponds to a failure; for example, if faulty code is never executed or a particular state is never entered, then the fault will never cause the code to fail. Figure 1.4 shows the genesis of a failure.


[1]
[SECTION]: Testing the System > 9.4 Reliability, Availability, And Maintainability > Definitions
[CONTENT]: Similarly, software availability is the probability that a system is operating successfully  according to specification at a given point in time. More formally, it is the probability that a system is functioning completely at a given instant in time, assuming that the required external resources are also available. A system that is completely up and running has availability 1; one that is unusable has availability 0. Availability is measured at points of clock time, not execution time.
Likewise, software maintainability is the probability that, for a given condition of use, a maintenance activity can be carried out within a stated time interval and using stated procedures and resources. It, too, ranges from 0 to 1. It is very different from hardware  maintenance; hardware  usually  requires  the  system  to  be  unavailable  as maintenance is being carried out, but software maintenance can sometimes be done while the system is still up and running.
Because reliability, availability, and maintainability are defined in terms of failures, they must be measured once the system is complete and working. Software engineers usually distinguish known failures from new ones; that is, in determining reliability, we count only new failures, not the ones we know about but have not yet fixed.
In addition, we often assign a severity level to each failure, to capture its impact on the system. For example, the U.S. Military Standard MIL-STD-1629A distinguishes among four different levels of failure severity:
 - Catastrophic: a failure that may cause death or system loss.
 - Critical: a  failure  that  may  cause  severe  injury  or  major  system  damage  that results in mission loss.
 - Marginal: a  failure  that  may  cause  minor  injury  or  minor  system  damage that results in delay, loss of availability, or mission degradation.
 - Minor: a failure not serious enough to cause injury or system damage, but that results in unscheduled maintenance or repair.


[2]
[SECTION]: Testing the Programs > 8.1 Software Faults And Failures
[CONTENT]: In an ideal situation, we as programmers become so good at our craft that every program we produce works properly every time it is run. Unfortunately, this ideal is not reality. The difference between the two is the result of several things. First, many software systems deal with large numbers of states and with complex formulas, activities, and algorithms. In addition to that, we use the tools at our disposal to implement a customer's conception of a system when the customer is sometimes uncertain of exactly what is needed. Finally, the size of a project and the number of people involved can add complexity.Thus, the presence of faults is a function not just of the software, but also of user and customer expectations.
What do we mean when we say that our software has failed? Usually,we mean that the software does not do what the requirements describe. For example, the specification may state that the system must respond to a particular query only when the user is authorized to see the data. If the program responds to an unauthorized user, we say that the system has failed.The failure may be the result of any of several reasons:
 - The specification may be wrong or have a missing requirement. The specification may not state exactly what the customer wants or needs. In our example, the customer may actually want to have several categories of authorization, with each category having a different kind of access, but has never stated that need explicitly.
 - The specification  may  contain  a  requirement  that  is  impossible  to  implement, given the prescribed hardware and software.
 - The system design may contain a fault. Perhaps the database and query-language designs make it impossible to authorize users.
 - The program design may contain a fault. The component descriptions may contain an access control algorithm that does not handle this case correctly.
 - The program code may be wrong. It may implement the algorithm improperly or incompletely.
Thus, the failure is the result of one or more faults in some aspect of the system.


[3]
[SECTION]: Testing the Programs > 8.1 Software Faults And Failures > Types of Faults
[CONTENT]: Finally, the code should be reviewed to confirm that organizational standards and procedures have been followed. Standards and procedure faults may not always affect the running of the programs, but they may foster an environment where faults are created as the system is tested and modified. By failing to follow the required standards, one programmer may make it difficult for another to understand the code's logic or to find the data descriptions needed for solving a problem.
","[
  {
    ""role"": ""sentence"",
    ""segment"": ""A failure is a departure from the system's required behavior."",
    ""citations"": [
      {
        ""type"": ""source_text"",
        ""content"": ""A failure is a departure from the system's required behavior."",
        ""img_id"": null
      }
    ]
  }
]",A failure is a departure from the system's required behavior.,1.602,4.525
"In Garvin's five perspectives on quality, what does the manufacturing view examine?","
[0]
[SECTION]: Why Software Engineering? > 1.3 What Is Good Software? > SIDEBAR 1.2 PERSPECTIVES ON QUALITY
[CONTENT]: G arvin (1984) discusses about how different people perceive quality. He describes quality from five different perspectives:
 - the transcendental view , where quality is something we can recognize but not define
 - the user view , where quality is fitness for purpose
 - the manufacturing view , where quality is conformance to specification
 - the product view , where quality is tied to inherent product characteristics
 - the value-based view , where quality depends on the amount the customer is willing to pay for it The transcendental view is much like Plato's description of the ideal or Aristotle's concept of form. In other words, just as every actual table is an approximation of an ideal table, we can think of software quality as an ideal toward which we strive; however, we may never be able to implement it completely.
The transcendental view is ethereal, in contrast to the more concrete view of the user. We take a user view when we measure product characteristics, such as defect density or reliability, in order to understand the overall product quality.
The manufacturing view looks at quality during production and after delivery. In particular, it examines whether the product was built right the first time, avoiding costly rework to fix delivered faults. Thus, the manufacturing view is a process view, advocating conformance to good process. However, there is little evidence that conformance to process actually results in products with fewer faults and failures; process may indeed lead to high-quality products, but it may possibly institutionalize the production of mediocre products.We examine some of these issues in Chapter 12.
The user and manufacturing views look at the product from the outside, but the product view peers inside and evaluates a product's inherent characteristics.This view is the one often advocated by software metrics experts; they assume that good internal quality indicators will lead to good external ones, such as reliability and maintainability. However, more research is needed to verify these assumptions and to determine which aspects of quality affect the product's actual use.We may have to develop models that link the product view to the user view.


[1]
[SECTION]: Annotated Bibliography
[CONTENT]:  - Garvin, D. (1984).'What does 'product quality' really mean?' Sloan Management Review , (Fall): 25-45.
Discusses  product  quality  from  five  perspectives: transcendental, user, manufacturing, product, and value-based.
 - Gerlich, R., and U. Denskat (1994). 'A cost estimation model for maintenance and high reuse.' In Proceedings of ESCOM 1994 (Ivrea, Italy).
 - German  Ministry  of  Defense  (1992). V-Model: Software  lifecycle  process  model, General Reprint No. 250. Bundesminister des Innern, Koordinierungs- und Beratungstelle der Bundesregierung für Informationstechnik in der Bundesverwaltung.
Description of a process model used by the German defense department.
 - Ghezzi, Carlo, Dino Mandrioli, Sandro Morasca, and Mauro Pezze (1991). 'A unified high-level Petri net formalism for time-critical systems.' IEEE Transactions on Software Engineering , 17(2) (February): 160-172.
 - Gilb,Tom (1988). Principles of Software Engineering Management . Reading, MA:Addison-Wesley.
 - Gilb,Tom, and Dorothy Graham (1993). Software Inspections . Reading, MA:Addison-Wesley. Good guide to what they are and how to get a program started in your organization.
 - Gomaa, Hassan (1995). Software Design Methods for Concurrent and Real-Time Systems . Reading, MA:Addison-Wesley.
 - Good, N.S., and A. Krekelberg  (2003). 'Usability  and  privacy: A  study  of  KaZaA  P2P  filesharing.' In Proceedings of the SIGCHI Conference on Human Factors in Computing Systems . Ft. Lauderdale, FL (April 5-10).
 - Gordon, V. Scott, and James M. Bieman (1995). 'Rapid prototyping: Lessons learned.' IEEE Software , 12(1) (January): 85-95.
 - Grady, Robert B. (1997). Successful Software Process Improvement . Englewood Cliffs, NJ: Prentice Hall.
Lovely book that expands beyond software measurement to explain how Hewlett-Packard is working to improve its software company-wide.
 - Grady, Robert B., and Deborah Caswell (1987). Software Metrics: Establishing a Company-Wide Program . Englewood Cliffs, NJ: Prentice Hall.
An interesting  and  useful  book  that  describes  the  corporate  measurement  program  at Hewlett-Packard.


[2]
[SECTION]: Why Software Engineering? > 1.3 What Is Good Software? > SIDEBAR 1.2 PERSPECTIVES ON QUALITY
[CONTENT]: Customers or marketers often take a user view of quality. Researchers sometimes hold a product view, and the development team has a manufacturing view. If the differences in viewpoints are not made explicit, then confusion and misunderstanding can lead to bad decisions and  poor  products. The  value-based  view  can  link  these  disparate  pictures  of  quality. By equating quality to what the customer is willing to pay, we can look at trade-offs between cost and  quality, and  we  can  manage  conflicts  when  they  arise. Similarly, purchasers  compare product costs with potential benefits, thinking of quality as value for money.
Kitchenham and Pfleeger (1996) investigated the answer to this question in their introduction to a special issue of IEEE Software on quality. They note that the context helps to determine the answer. Faults tolerated in word processing software may not be acceptable in safety-critical or mission-critical systems. Thus, we must consider quality in at least three ways: the quality of the product, the quality of the process that results in the product, and the quality of the product in the context of the business environment in which the product will be used.


[3]
[SECTION]: Modeling the Process and Life Cycle > 2.2 Software Process Models > SIDEBAR 2.3 COLLECTIONS OF PROCESS MODELS
[CONTENT]: W e saw in Sidebar 2.1 that the development process is a problem-solving activity, but few of  the  popular  process  models  include  problem  solving. Curtis, Krasner, and  Iscoe (1988) performed a field study of 17 large projects, to determine which problem-solving factors should be captured in process models to aid our understanding of software development. In particular, they looked at the behavioral and organizational factors that affect project outcomes. Their results suggest a layered behavioral model of software development, including five key perspectives: the business milieu, the company, the project, the team, and the individual. The individual view provides information about cognition and motivation, and project and team views tell us about group dynamics.The company and business milieu provide information  about  organizational  behavior  that  can  affect  both  productivity  and  quality. This model does not replace traditional process models; rather, it is orthogonal, supplementing the traditional  models  with  information  on  how  behavior  affects  the  creation  and  production activities.
","[
  {
    ""role"": ""sentence"",
    ""segment"": ""The manufacturing view looks at quality during production and after delivery."",
    ""citations"": [
      {
        ""type"": ""source_text"",
        ""content"": ""The manufacturing view looks at quality during production and after delivery."",
        ""img_id"": null
      }
    ],
    ""type"": null
  },
  {
    ""role"": ""sentence"",
    ""segment"": ""In particular, it examines whether the product was built right the first time, avoiding costly rework to fix delivered faults."",
    ""citations"": [
      {
        ""type"": ""source_text"",
        ""content"": ""In particular, it examines whether the product was built right the first time, avoiding costly rework to fix delivered faults."",
        ""img_id"": null
      }
    ],
    ""type"": null
  }
]","The manufacturing view looks at quality during production and after delivery. In particular, it examines whether the product was built right the first time, avoiding costly rework to fix delivered faults.",1.501,3.979
What are the three categories into which participants in a software project usually fall?,"
[0]
[SECTION]: Why Software Engineering? > 1.4 Who Does Software Engineering?
[CONTENT]: A key component of software development is communication between customer and developer; if that fails, so too will the system. We must understand what the customer wants and needs before we can build a system to help solve the customer's problem.To do this, let us turn our attention to the people involved in software development.
The  number  of  people  working  on  software  development  depends  on  the project's  size  and  degree  of  difficulty. However, no  matter  how  many  people  are involved, the roles played throughout the life of the project can be distinguished.Thus, for a large project, one person or a group may be assigned to each of the roles identified; on a small project, one person or group may take on several roles at once.
Usually, the participants in a project fall into one of three categories: customer, user, or developer.The customer is the company, organization, or person who is paying for the software system to be developed.The developer is the company, organization, or person who is building the software system for the customer.This category includes any managers needed to coordinate and guide the programmers and testers.The user is the person or people who will actually use the system: the ones who sit at the terminal or submit the data or read the output. Although for some projects the customer, user, and developer are the same person or group,often these are different sets of people.Figure 1.7 shows the basic relationships among the three types of participants.


[1]
[SECTION]: Why Software Engineering? > 1.4 Who Does Software Engineering?
[CONTENT]: [FIGURE 1.7 Participants in software development.] 
The customer, being in control of the funds, usually negotiates the contract and signs  the  acceptance  papers. However, sometimes  the  customer  is  not  a  user. For example, suppose Wittenberg Water Works signs a contract with Gentle Systems, Inc., to build a computerized accounting system for the company. The president of Wittenberg may describe to the representatives of Gentle Systems exactly what is needed, and she will sign the contract. However, the president will not use the accounting system directly; the users will be the bookkeepers and accounting clerks.Thus,it is important that the developers understand exactly what both the customer and users want and need.
On the other hand, suppose Wittenberg Water Works is so large that it has its own computer systems development division.The division may decide that it needs an automated tool to keep track of its own project costs and schedules. By building the tool itself, the division is at the same time the user, customer, and developer.
[FIGURE_DESCRIPTIONS]
[0] Diagram illustrating software development workflow with labeled roles and flow connections. In the top left, a 'CUSTOMER' figure sits at a desk, indicating sponsors and system development involvement, with the caption 'Sponsors system development' nearby. To the right, a 'DEVELOPER' figure stands at a workstation assembled with blocks, implying build activity and product construction. Between customer and developer, bold slanted lines denote contractual obligations and financial pressures, labeled 'Contractual obligation' and '$$$, needs'. At the bottom left, a 'USER' figure interacts with a device or system, labeled 'Uses system'. A curved arrow labeled 'Nodes' and a straight double-headed arrow labeled 'Software system' connect the user and developer nodes, suggesting components communicating within a software architecture. The overall composition conveys the relationship among users, customers, and developers in software projects, with emphasis on needs, sponsorship, and the build process.



[2]
[SECTION]: Evaluating Products, Processes, and Resources > 12.5 Evaluating Processes > Category 6: Engineering practices
[CONTENT]: Publishing the Results. The final step is to share these insights with the rest of the project team. Rather than hold another meeting, the participants in project history day write an open letter to managers, peers, and other developers. The letter consists of four parts. The introduction is a project description that explains the general type of project  and  any  information  about  whether  or  why  the  project  was  unique. For example, the letter may explain that the project involved building a telecommunications billing system, something for which the company is well-known. But this particular project used the Eiffel language for the first time, coupled with tools to assist in doing object-oriented design.
Next, the letter summarizes all of the postmortem's positive findings.The findings may describe not only what worked well, but also what can be used by other projects in the future. For instance, the project may have produced reusable code, new tools, or a set of tips on successful use of Eiffel that may be useful for subsequent similar developments.
Then,the letter summarizes the three worst factors that kept the team from meeting its goals. Usually, these factors are the top three items in the prioritized root cause list created during project history day.
Finally, the letter suggests improvement activities. Collier, DeMarco, and Fearey (1996) suggest that the team select one problem that is so important that it must be fixed before work starts on another project. The letter should describe the problem clearly, and suggest how to fix it. The problem description and solution should be supported by objective measurements, so that the developers can assess the magnitude of the problem and track changes as things improve.


[3]
[SECTION]: Why Software Engineering? > 1.7 Members Of The Development Team
[CONTENT]: The  development  roles  can  be  assumed  by  one  person  or  several. For  small projects, two  or  three  people  may  share  all  roles. However, for  larger  projects, the development team is often separated into distinct groups based on their function in development. Sometimes, those who maintain the system are different from those who design or write the system initially. For a very large development project, the customer can even hire one company to do the initial development and another to do the maintenance. As we discuss the development and maintenance activities in later chapters, we will look at what skills are needed by each type of development role.


[4]
[SECTION]: Planning and Managing the Project > 3.2 Project Personnel > Work Styles
[CONTENT]: Work styles can also involve choice of worker for a given task.For instance,intuitive employees may prefer design and development (requiring new ideas) to maintenance programming and design (requiring attention to detail and analysis of complex results).
","[
  {
    ""role"": ""sentence"",
    ""segment"": ""Usually, the participants in a project fall into one of three categories: customer, user, or developer."",
    ""citations"": [
      {
        ""type"": ""source_text"",
        ""content"": ""Usually, the participants in a project fall into one of three categories: customer, user, or developer."",
        ""img_id"": null
      }
    ],
    ""type"": null
  }
]","Usually, the participants in a project fall into one of three categories: customer, user, or developer.",2.279,3.707
What is the purpose of McCall’s quality model?,"
[0]
[SECTION]: Evaluating Products, Processes, and Resources > 12.4 Evaluating Products > Product Quality Models
[CONTENT]: There are several quality models that suggest ways to tie together different quality attributes. Each model helps us to understand how the several facets contribute to the whole. Often, we narrow our focus and think only about faults and failures; these models show us that quality is much broader.When we evaluate the quality of development products, we must see this bigger picture.
Boehm's Model. There are many software quality models, and Boehm and colleagues have constructed one of the best-known, shown in Figure 12.2. It is similar to McCall's in that it presents a hierarchy of characteristics, each of which contributes to overall quality (Boehm et al. 1978). Note that Boehm's notion of successful software includes the needs and expectations of users, as does McCall's; however, Boehm also includes characteristics of hardware performance that are missing in the McCall model. Let us examine Boehm's model in more detail.
Boehm's model begins with the general utility of the software. Thus, Boehm and his colleagues are asserting that first and foremost, a software system must be useful. If it is not, then its development has been a waste of time, money, and effort.We can consider utility in several ways, corresponding to the types of users who remain involved once the system is delivered.


[1]
[SECTION]: Evaluating Products, Processes, and Resources > 12.4 Evaluating Products
[CONTENT]: We have seen that software development produces a large number of artifacts: requirements, designs, code components, test cases, test scripts, user guides, cross-references, and more.In each case, we can examine a product to determine if it has desirable attributes.That is, we can ask whether a document, file, or system has certain properties, such as completeness, consistency, reliability, or maintainability. And we can use the notions of quality, such as the McCall model introduced in Chapter 1, to provide a framework for our questions.


[2]
[SECTION]: Why Software Engineering? > 1.3 What Is Good Software? > The Quality of the Product
[CONTENT]: [FIGURE 1.5 McCall's quality model.] 
[FIGURE_DESCRIPTIONS]
[0] Diagram showing a set of labeled rectangular blocks aligned vertically on the left, each connected by arrows to multiple blocks on the right. Left column labels include: Correctness, Reliability, Efficiency, Integrity, Usability, Maintainability, Testability, Flexibility, Portability, Reusability, Interoperability. Right column contains corresponding attributes such as traceability, compliance, consistency, accuracy, error tolerance, resilience, storage efficiency, data integrity, access control, availability, training, communicativeness, simplicity, extensibility, instrumentation, user-facing design, software engineering, management, domain-specific concepts, and dependency relationships. Visual links indicate cross-relations between left-side quality attributes and right-side system properties. The diagram emphasizes quality attributes mapping to system properties, with arrows illustrating dependency and influence relationships. Text appears in standard sans-serif font, left-aligned labels and right-side property terms, suggesting a conceptual model of software quality attributes and their interactions within theory-practice discourse. 



[3]
[SECTION]: Why Software Engineering? > 1.3 What Is Good Software? > The Quality of the Product
[CONTENT]: We can ask people to name the characteristics of software that contribute to its overall quality, but we are likely to get different answers from each person we ask. This difference occurs because the importance of the characteristics depends on who is analyzing the software. Users judge software to be of high quality if it does what they want in a way that is easy to learn and easy to use. However, sometimes quality and functionality are intertwined; if something is hard to learn or use but its functionality is worth the trouble, then it is still considered to have high quality.
We try  to  measure  software  quality  so  that  we  can  compare  one  product  with another. To do so, we identify those aspects of the system that contribute to its overall quality. Thus, when measuring software quality, users assess such external characteristics as the number of failures and type of failures. For example, they may define failures as minor,major,and catastrophic,and hope that any failures that occur are only minor ones.
The software must also be judged by those who are designing and writing the code and by those who must maintain the programs after they are written.These practitioners tend to look at internal characteristics of the products, sometimes even before the product is delivered to the user. In particular, practitioners often look at numbers and types of faults for evidence of a product's quality (or lack of it). For example, developers track the number of faults found in requirements, design, and code inspections and use them as indicators of the likely quality of the final product.
For this reason, we often build models to relate the user's external view to the developer's internal view of the software. Figure 1.5 is an example of an early quality model built by McCall and his colleagues to show how external quality factors (on the left-hand side) relate to product quality criteria (on the right-hand side). McCall associated each right-hand criterion with a measurement to indicate the degree to which an element of quality was addressed (McCall, Richards, and Walters 1977).We will examine several product quality models in Chapter 12.


[4]
[SECTION]: Evaluating Products, Processes, and Resources > 12.4 Evaluating Products > Product Quality Models
[CONTENT]:  - does what the user wants it do
 - uses computer resources correctly and efficiently
 - is easy for the user to learn and use
 - is well-designed, well-coded, and easily tested and maintained The standard recommends measuring the right-hand characteristics directly, but it does not give details about how the measurement is to be done.
One major difference between the ISO model and those of McCall and Boehm is that the ISO hierarchy is strict: each right-hand characteristic is related only to exactly one left-hand attribute. Moreover, the right-hand characteristics are related to the user view of the software, rather than to an internal, developer view.
These models, and many others, are helpful in articulating just what it is that we value in the software we build and use. But none of the models includes a rationale for why some characteristics are included and others left out, and for where in the hierarchy a particular attribute appears. For example, why do none of the models include safety? And why is portability a top-level characteristic in the ISO 9126 model, rather than a subcharacteristic? In addition, there is no guidance about how to compose lower-level characteristics into higher-level ones, to produce an overall assessment of quality.These problems make it difficult for us to determine if a given model is complete or consistent.
","[
  {
    ""role"": ""paragraph"",
    ""segment"": ""Figure 1.5 is an example of an early quality model built by McCall and his colleagues to show how external quality factors (on the left-hand side) relate to product quality criteria (on the right-hand side)."",
    ""citations"": [
      {
        ""type"": ""source_text"",
        ""content"": ""Figure 1.5 is an example of an early quality model built by McCall and his colleagues to show how external quality factors (on the left-hand side) relate to product quality criteria (on the right-hand side)."",
        ""img_id"": null
      }
    ],
    ""type"": null
  },
  {
    ""role"": ""paragraph"",
    ""segment"": ""McCall associated each right-hand criterion with a measurement to indicate the degree to which an element of quality was addressed (McCall, Richards, and Walters 1977)."",
    ""citations"": [
      {
        ""type"": ""source_text"",
        ""content"": ""McCall associated each right-hand criterion with a measurement to indicate the degree to which an element of quality was addressed (McCall, Richards, and Walters 1977)."",
        ""img_id"": null
      }
    ],
    ""type"": null
  }
]","Figure 1.5 is an example of an early quality model built by McCall and his colleagues to show how external quality factors (on the left-hand side) relate to product quality criteria (on the right-hand side).

McCall associated each right-hand criterion with a measurement to indicate the degree to which an element of quality was addressed (McCall, Richards, and Walters 1977).",1.478,9.35
"What does a software engineer focus on, as opposed to investigating hardware design or proving algorithms?","
[0]
[SECTION]: Why Software Engineering? > 1.1 What Is Software Engineering? > Where Does the Software Engineer Fit In?
[CONTENT]: To understand how a software engineer fits into the computer science world, let us look to another discipline for an example. Consider the study of chemistry and its use to solve problems. The chemist investigates chemicals: their structure, their interactions, and  the  theory  behind  their  behavior. Chemical  engineers  apply  the  results  of  the chemist's studies to a variety of problems. Chemistry as viewed by chemists is the object of study. On the other hand, for a chemical engineer, chemistry is a tool to be used to address a general problem (which may not even be 'chemical' in nature).
We can view computing in a similar light. We can concentrate on the computers and programming languages, or we can view them as tools to be used in designing and implementing a solution to a problem. Software engineering takes the latter view, as shown in  Figure  1.3. Instead  of  investigating  hardware  design  or  proving  theorems about how algorithms work,a software engineer focuses on the computer as a problemsolving tool. We will see later in this chapter that a software engineer works with the functions of a computer as part of a general solution, rather than with the structure or theory of the computer itself.


[1]
[SECTION]: The Future of Software Engineering > 14.4 The Professionalization Of Software Engineering: Licensing, Certification, And Ethics > Software Engineering Education
[CONTENT]: Software  engineering  courses  build  on  these  foundations  in  computing  and engineering, and introduce the concepts that we cover in this book, including requirements elicitation, software design principles, technical documentation, project management, testing, and verification. In addition, a software engineering curriculum is likely to  include  nontechnical  courses  in  communications, humanities, and  social  sciences. Software engineering projects tend to involve large numbers of people, so software engineers need to understand the dynamics of group interaction to know how to motivate individuals to pursue a common goal. They need to consider the impact of their technology on users and on society as a whole, and they may need to make decisions that take human and social values into account. They may also have to interact with specialists  from  other  disciplines  who  have  varied  levels  of  software  expertise. This work calls for strong communication, business, and reasoning skills.
As such, software engineering is more general, is more applied, and has a broader scope than computer science. At its core, computer science focuses on data, data transformation, and algorithms; advanced courses present designs and programming techniques for specific  application  domains. In  contrast, software  engineering  focuses  on building software products. It looks at all the activities involved in developing a software system from initial idea to final product. Moreover, software engineering design concepts tend  to  focus  on  general-purpose  design  principles, patterns, and  criteria; advanced courses present design and analysis techniques that scale to large software systems.


[2]
[SECTION]: Why Software Engineering? > 1.1 What Is Software Engineering?
[CONTENT]: As software engineers, we use our knowledge of computers and computing to help solve problems. Often the problem with which we are dealing is related to a computer or an existing computer system, but sometimes the difficulties underlying the problem have nothing to do with computers.Therefore, it is essential that we first understand the nature of the problem. In particular, we must be very careful not to impose computing machinery or techniques on every problem that comes our way. We must solve the problem first. Then, if need be, we can use technology as a tool to implement our solution. For the remainder of this book, we assume that our analysis has shown that some kind of computer system is necessary or desirable to solve a particular problem at hand.


[3]
[SECTION]: Why Software Engineering? > 1.2 How Successful Have We Been?
[CONTENT]: Writing software is an art as well as a science, and it is important for you as a student of computer science to understand why. Computer scientists and software engineering researchers study computer mechanisms and theorize about how to make them more productive or efficient. However, they also design computer systems and write programs to perform tasks on those systems, a practice that involves a great deal of art, ingenuity, and skill. There may be many ways to perform a particular task on a particular system, but some are better than others. One way may be more efficient, more precise, easier to modify, easier to use, or easier to understand. Any hacker can write code to make something work, but it takes the skill and understanding of a professional software engineer to produce code that is robust, easy to understand and maintain, and does its job in the most efficient and effective way possible. Consequently, software engineering is about designing and developing high-quality software.
Before we examine what is needed to produce quality software systems,let us look back to see how successful we have been. Are users happy with their existing software systems? Yes and no. Software has enabled us to perform tasks more quickly and effectively than ever before. Consider life before word processing, spreadsheets, electronic mail, or sophisticated telephony, for example.And software has supported life-sustaining or life-saving advances in medicine, agriculture, transportation, and most other industries. In addition, software has enabled us to do things that were never imagined in the past: microsurgery, multimedia education, robotics, and more.
However, software is not without its problems. Often systems function, but not exactly as expected.We all have heard stories of systems that just barely work.And we all have written faulty programs: code that contains mistakes, but is good enough for a passing grade or for demonstrating the feasibility of an approach. Clearly, such behavior is not acceptable when developing a system for delivery to a customer.
","[
  {
    ""role"": ""sentence"",
    ""segment"": ""a software engineer focuses on the computer as a problemsolving tool, rather than investigating hardware design or proving theorems about how algorithms work."",
    ""citations"": [
      {
        ""type"": ""source_text"",
        ""content"": ""On the other hand, for a chemical engineer, chemistry is a tool to be used to address a general problem (which may not even be 'chemical' in nature)."",
        ""img_id"": null
      },
      {
        ""type"": ""source_text"",
        ""content"": ""We can view computing in a similar light. We can concentrate on the computers and programming languages, or we can view them as tools to be used in designing and implementing a solution to a problem. Software engineering takes the latter view, as shown in Figure 1.3. Instead of investigating hardware design or proving theorems about how algorithms work,a software engineer focuses on the computer as a problemsolving tool."",
        ""img_id"": null
      }
    ],
    ""type"": null
  }
]","a software engineer focuses on the computer as a problemsolving tool, rather than investigating hardware design or proving theorems about how algorithms work.",1.618,4.214
What is an abstraction?,"
[0]
[SECTION]: Designing the Modules > 6.2 Design Principles > Abstraction
[CONTENT]: An abstraction is a model or representation that omits some details so that it can focus on other details. The definition is vague about which details are left out of a model,
because  different  abstractions, built  for  different  purposes, omit  different  kinds  of details. For this reason, it may be easier to understand the general notion of abstraction by reviewing the types of abstractions we have encountered already.
We  discussed  decomposition  in  Chapter  5. Figure  5.5  was  an  example  of  a decomposition hierarchy : a frequently used form of abstraction in which the system is divided into subsystems, which in turn are divided into sub-subsystems, and so on. The top level of the decomposition provides a system-level overview of the solution, hiding details that might otherwise distract us from the design functions and features we want to study and understand.As we move to lower levels of abstraction, we find more detail about each software unit, in terms of its major elements and the relations among those elements. In this way, each level of abstraction hides information about how its elements  are  further  decomposed. Instead, each  element  is  described  by  an interface specification , another type of abstraction that focuses on the element's external behaviors and avoids any reference to the element's internal design details; those details are revealed in models at the next level of decomposition.
As we saw in Chapter 5, there may not be a single decomposition of the system. Rather, we  may  create  several  decompositions  that  show  different  structures. For instance, one view may show the system's different runtime processes and their interconnections, and another view may show the system's decomposition into code units. Each of these views is an abstraction that highlights one aspect of the system's structural  design  (e.g., runtime  processes)  and  ignores  other  structural  information  (e.g., code units) and nonstructural details.


[1]
[SECTION]: Why Software Engineering? > 1.8 How Has Software Engineering Changed? > Wasserman's Discipline of Software Engineering
[CONTENT]: Typically, abstraction involves identifying classes of objects that allow us to group items together; this way, we can deal with fewer things and concentrate on the commonalities of the items in each class. We can talk of the properties or attributes of the items  in  a  class  and  examine  the  relationships  among  properties  and  classes. For example, suppose we are asked to build an environmental monitoring system for a large and complex river.The monitoring equipment may involve sensors for air quality, water quality, temperature, speed, and other characteristics of the environment. But, for our purposes, we may choose to define a class called 'sensor'; each item in the class has certain properties, regardless of the characteristic it is monitoring: height, weight, electrical requirements, maintenance schedule, and so on. We can deal with the class, rather than its elements, in learning about the problem context, and in devising a solution. In this way, the classes help us to simplify the problem statement and focus on the essential elements or characteristics of the problem.
We can form hierarchies of abstractions, too. For instance, a sensor is a type of electrical device, and we may have two types of sensors: water sensors and air sensors.
Thus, we can form the simple hierarchy illustrated in Figure 1.13. By hiding some of the details, we can concentrate on the essential nature of the objects with which we must deal and derive solutions that are simple and elegant.We will take a closer look at abstraction and information hiding in Chapters 5, 6, and 7.
Analysis and Design Methods and Notations. When you design a program as a class assignment, you usually work on your own.The documentation that you produce is  a  formal  description  of  your  notes  to  yourself  about  why  you  chose  a  particular approach, what the variable names mean, and which algorithm you implemented. But when you work with a team, you must communicate with many other participants in the development process. Most engineers, no matter what kind of engineering they do,


[2]
[SECTION]: Designing the Modules > 6.2 Design Principles > Abstraction
[CONTENT]: A fourth type of abstraction is the virtual machine , such as that in a layered architecture. Each layer i in the architecture uses the services provided by the layer i -1 below it, to create more powerful and reliable services, which it then offers to the layer i + 1 above it. Recall that in a true layered architecture, a layer can access only those services offered by the layer directly below it, and cannot access the services of lowerlevel layers (and certainly not the services of the higher-level layers).As such, layer i is a virtual machine that abstracts away the details of the lower-level layers and presents only its services to the next layer; the guiding design principle is that layer i 's services are improvements over the lower-layers' services and thus supersede them.
The key to writing good abstractions is determining, for a particular model, which details  are  extraneous  and  can  therefore  be  ignored. The  nature  of  the  abstraction depends on why we are building the model in the first place: what information we want to communicate, or what analysis we want to perform. Sidebar 6.3 illustrates how we can model different abstractions of an algorithm for different purposes.


[3]
[SECTION]: Preface > Chapter 4: Capturing the Requirements
[CONTENT]: This chapter emphasizes the critical roles of abstraction and modeling in good software engineering. In particular, we use models to tease out misunderstandings and missing details in provided requirements, as well as to communicate requirements to others.We explore a number of different modeling paradigms, study example notations for each paradigm, discuss when to use each paradigm, and provide advice about how to make particular modeling and abstraction decisions. We discuss different sources and different types of requirements (functional requirements vs. quality requirements vs. design constraints), explain how to write testable requirements, and describe how to resolve conflicts. Other topics discussed include requirements elicitation, requirements documentation, requirements reviews, requirements quality and how to measure it, and an example of how to select a specification method. The chapter ends with application of some of the methods to the two common examples.
","[
  {
    ""role"": ""paragraph"",
    ""segment"": ""An abstraction is a model or representation that omits some details so that it can focus on other details."",
    ""citations"": [
      {
        ""type"": ""source_text"",
        ""content"": ""An abstraction is a model or representation that omits some details so that it can focus on other details."",
        ""img_id"": null
      }
      ,
      {
        ""type"": ""source_text"",
        ""content"": ""The definition is vague about which details are left out of a model, because different abstractions, built for different purposes, omit different kinds of details."",
        ""img_id"": null
      }
    ],
    ""type"": null
  }
]",An abstraction is a model or representation that omits some details so that it can focus on other details.,1.701,4.072
What does a process prescribe?,"
[0]
[SECTION]: Modeling the Process and Life Cycle > 2.1 The Meaning Of Process
[CONTENT]: When we provide a service or create a product, whether it be developing software, writing  a  report, or  taking  a  business  trip, we  always  follow  a  sequence  of  steps  to accomplish a set of tasks.The tasks are usually performed in the same order each time; for example, you do not usually put up the drywall before the wiring for a house is installed or bake a cake before all the ingredients are mixed together.We can think of a set of ordered tasks as a process : a series of steps involving activities, constraints, and resources that produce an intended output of some kind.
A process usually involves a set of tools and techniques, as we defined them in Chapter 1.Any process has the following characteristics:
 - The process prescribes all of the major process activities.
 - The process uses resources, subject to a set of constraints (such as a schedule), and produces intermediate and final products.
 - The process may be composed of subprocesses that are linked in some way. The process may be defined as a hierarchy of processes, organized so that each subprocess has its own process model.
 - Each process activity has entry and exit criteria, so that we know when the activity begins and ends.
 - The activities are organized in a sequence, so that it is clear when one activity is performed relative to the other activities.
 - Every process has a set of guiding principles that explain the goals of each activity.
 - Constraints  or  controls  may  apply  to  an  activity, resource, or  product. For example, the budget or schedule may constrain the length of time an activity may take or a tool may limit the way in which a resource may be used.
When the process involves the building of some product, we sometimes refer to the process as a life cycle . Thus, the software development process is sometimes called the software life cycle , because it describes the life of a software product from its conception to its implementation, delivery, use, and maintenance.


[1]
[SECTION]: Modeling the Process and Life Cycle > 2.2 Software Process Models > Waterfall Model
[CONTENT]: The waterfall model has been used to prescribe software development activities in a variety of contexts. For example, it was the basis for software development deliverables in U.S. Department of Defense contracts for many years, defined in Department of Defense Standard 2167-A. Associated with each process activity were milestones and deliverables, so that project managers could use the model to gauge how close the project was to completion at a given point in time. For instance, 'unit and integration testing' in the waterfall ends with the milestone 'code modules written, tested, and integrated'; the intermediate deliverable is a copy of the tested code. Next, the code can be turned over to the system testers so it can be merged with other system components (hardware or software) and tested as a larger whole.
The waterfall model can be very useful in helping developers lay out what they need to do. Its simplicity makes it easy to explain to customers who are not familiar with software development; it makes explicit which intermediate products are necessary  in  order  to  begin  the  next  stage  of  development. Many  other, more  complex models are really just embellishments of the waterfall, incorporating feedback loops and extra activities.


[2]
[SECTION]: Modeling the Process and Life Cycle > 2.2 Software Process Models > SIDEBAR 2.3 COLLECTIONS OF PROCESS MODELS
[CONTENT]: As the developers and customers learn about the problem, they integrate their knowledge of domains, technology, and business to produce an appropriate solution. By viewing development as a collection of coordinating processes, we can see the effects of learning, technical  communication, customer  interaction, and  requirements  negotiation. Current  models that prescribe a series of development tasks 'provide no help in analyzing how much new information must be learned by the project staff, how discrepant requirements should be negotiated, how a design team can resolve architectural conflicts, and how these and similar factors contribute to a project's inherent uncertainty and risk' (Curtis, Krasner, and Iscoe 1988). However, when we include models of cognitive, social, and organizational processes, we begin to see the causes of bottlenecks and inefficiency. It is this insight that enables managers to understand and control the development process.And by aggregating behavior across layers of models, we can see how each model contributes to or compounds the effects of another model's factors.
No matter what process model is used, many activities are common to all. As we investigate software engineering in later chapters, we will examine each development activity to see what it involves and to find out what tools and techniques make us more effective and productive.


[3]
[SECTION]: Evaluating Products, Processes, and Resources > 12.5 Evaluating Processes > Process Maturity Models
[CONTENT]: It is important to remember that capability maturity does not involve a discrete set of five possible ratings. Instead, maturity represents relative locations on a continuum from 1 to 5.An individual process is assessed or evaluated along many dimensions, and some parts of the process can be more mature or visible than others. For example, a repeatable process may not have well-defined intermediate activities, but the design activity may indeed be clearly defined and managed. The process visibility diagrams presented here are meant only to give a general depiction of typical processes. It is essential to examine each project's process to determine what is visible.The figures and tables should not proscribe activities simply because the overall maturity level is a particular integer; if one part of a process is more mature than the rest, an activity or tool can enhance the visibility of that part and help to meet overall project goals, at the same time bringing the rest of the process up to a higher level of maturity. Thus, in a repeatable process with a well-defined design activity, design quality metrics may be appropriate and desirable, even though they are not generally recommended for level 2.
The CMM has another level of granularity not shown in the table: Each process area comprises a set of key practices whose presence indicates that the developer has implemented and institutionalized the process area. The key practices are supposed to provide evidence that the process area is effective, repeatable, and long-lasting (Paulk et al. 1993b).
The key practices are organized by these common features:
 - Commitment to perform: What actions ensure that the process is established and will continue to be used? This category includes policy and leadership practices.
 - Ability to perform: What preconditions ensure that the organization is capable of implementing the process? Practices here address resources, training, orientation, tools, and organizational structure.
","[
  {
    ""role"": ""sentence"",
    ""segment"": ""The process prescribes all of the major process activities."",
    ""citations"": [
      {
        ""type"": ""source_text"",
        ""content"": ""- The process prescribes all of the major process activities."",
        ""img_id"": null
      }
    ],
    ""type"": null
  }
]",The process prescribes all of the major process activities.,1.627,3.061
What does prototyping mean in the context of user interface prototyping?,"
[0]
[SECTION]: Why Software Engineering? > 1.8 How Has Software Engineering Changed? > Wasserman's Discipline of Software Engineering
[CONTENT]: But there are many open questions to be resolved before we can settle on a common set of methods and tools.As we will see in later chapters, different tools and techniques address different aspects of a problem, and we need to identify the modeling primitives that will allow us to capture all the important aspects of a problem with a single technique. Or we need to develop a representation technique that can be used with all methods, possibly tailored in some way.
User Interface Prototyping. Prototyping means building a small version of a system, usually with limited functionality, that can be used to Often, the prototyping process is iterative: We build a prototype, evaluate it (with user and customer feedback), consider how changes might improve the product or design, and then build another prototype.The iteration ends when we and our customers think we have a satisfactory solution to the problem at hand.
 - help the user or customer identify the key requirements of a system
 - demonstrate the feasibility of a design or approach Prototyping is often used to design a good user interface : the part of the system with which the user interacts. However, there are other opportunities for using prototypes, even in embedded systems (i.e., in systems where the software functions are not explicitly visible to the user). The prototype can show the user what functions will be available, regardless of whether they are implemented in software or hardware. Since the user interface is, in a sense, a bridge between the application domain and the software development team, prototyping can bring to the surface issues and assumptions that may not have been clear using other approaches to requirements analysis.We will consider the role of user interface prototyping in Chapters 4 and 5.


[1]
[SECTION]: Designing the Architecture > 5.7 Architecture Evaluation And Refinement > Prototyping
[CONTENT]: Some design questions are best answered by prototyping.A prototype is an executable model of the system we are developing, built to answer specific  questions  we  have about the system. For example, we may want to test that our protocols for signaling, synchronizing, coordinating, and  sharing  data  among  concurrent  processes  work  as expected. We can develop a prototype that implements processes as stubs and that exercises our communication protocols, so that we can work out the kinks and gain confidence in our plans for how the processes will interact. We may also learn something about the limits (e.g., minimum response times) of our design.
Prototyping offers  different  advantages  in  the  design  stage  from  those  gained during requirements analysis. As we saw in Chapter 4, prototyping is an effective tool for testing the feasibility of questionable requirements and for exploring user-interface alternatives. The process of developing the prototype encourages us to communicate with our customers and to explore areas of uncertainty that emerge as we think about the system's requirements. As long as our customers understand that the prototype is an exploratory model, not a beta-version of the product, prototyping can be useful in helping both us and our customers understand what the system is to do.
In the design phase, prototyping is used to answer design questions, compare design alternatives, test complex interactions, or explore the effects of change requests.A prototype omits many of the details of functionality and performance that will be part of the real  system, so  that  we  can  focus  narrowly  on  particular  aspects  of  the  system. For example,a small team may generate a prototype for each design issue to be resolved: one prototype for modeling the user interface, one for certifying that a purchased component is compatible with our design, one for testing the network performance between remote processes,one for each security tactic being considered,and so on.The final design is then a synthesis of the answers obtained from the individual prototypes.


[2]
[SECTION]: Capturing the Requirements > 4.7 Prototyping Requirements
[CONTENT]: and feel' for the user's interaction with the proposed system. The prototype interfaces would be difficult to describe in words or symbols, and they demonstrate how some types of requirements are better represented as pictures or prototypes.
[FIGURE_DESCRIPTIONS]
[0] Figure 4.25 Slide-bar-based prototype. The monitor presents a horizontal slider control with a scale from 2000 to 2025 beneath it, suggesting a year-range selection mechanism. The bottom portion shows a timeline-like track with a draggable handle/indicator, and a visual date stamp such as Jan 16 Oct 2006, indicating specific dates or milestones. The UI emphasizes a tactile adjustment metaphor for selecting a point in time, using a slide bar to modify the year and date information. The layout conveys a compact, interactive control embedded within a display window.



[3]
[SECTION]: Capturing the Requirements > 4.7 Prototyping Requirements
[CONTENT]: Questions about the requirements can be explored via either modeling or prototyping. Whether one approach is better than the other depends on what our questions are, how well they can be expressed in models or in software, and how quickly the models or prototype software can be built.As we saw above, questions about user interfaces may be easier to answer using prototypes. A prototype that implements a number of proposed features would more effectively help users to prioritize these features, and possibly to identify some features that are unnecessary. On the other hand, questions about constraints on the order in which events should occur, or about the synchronization of activities, can be answered more quickly using models. In the end, we need to produce final requirements documentation for the testing and maintenance teams, and possibly for regulatory bodies, as well as final software to be delivered. So, whether it is better to model or to prototype depends on whether it is faster and easier to model, and to develop the software from the refined models, or faster and easier to prototype, and to develop documentation from the refined prototype.
","[
  {
    ""role"": ""paragraph"",
    ""segment"": ""Prototyping means building a small version of a system, usually with limited functionality, that can be used to Often, the prototyping process is iterative: We build a prototype, evaluate it (with user and customer feedback), consider how changes might improve the product or design, and then build another prototype.The iteration ends when we and our customers think we have a satisfactory solution to the problem at hand."",
    ""citations"": [
      {
        ""type"": ""source_text"",
        ""content"": ""Prototyping means building a small version of a system, usually with limited functionality, that can be used to Often, the prototyping process is iterative: We build a prototype, evaluate it (with user and customer feedback), consider how changes might improve the product or design, and then build another prototype.The iteration ends when we and our customers think we have a satisfactory solution to the problem at hand."",
        ""img_id"": null
      }
    ],
    ""type"": null
  }
]","Prototyping means building a small version of a system, usually with limited functionality, that can be used to Often, the prototyping process is iterative: We build a prototype, evaluate it (with user and customer feedback), consider how changes might improve the product or design, and then build another prototype.The iteration ends when we and our customers think we have a satisfactory solution to the problem at hand.",1.54,7.974
What is a process?,"
[0]
[SECTION]: Modeling the Process and Life Cycle > 2.1 The Meaning Of Process
[CONTENT]: Processes are important because they impose consistency and structure on a set of activities. These characteristics are useful when we know how to do something well and we want to ensure that others do it the same way. For example, if Sam is a good bricklayer, he may write down a description of the bricklaying process he uses so that Sara can learn how to do it as well. He may take into account the differences in the way people prefer to do things; for instance, he may write his instructions so that Sara can lay bricks whether she is right- or left-handed. Similarly, a software development process can be described in flexible ways that allow people to design and build software using  preferred  techniques  and  tools; a  process  model  may  require  design  to  occur before coding, but may allow many different design techniques to be used. For this reason, the process helps to maintain a level of consistency and quality in products or services that are produced by many different people.
A process is more than a procedure.We saw in Chapter 1 that a procedure is like a recipe: a structured way of combining tools and techniques to produce a product. A process is a collection of procedures, organized so that we build products to satisfy a set of goals or standards. In fact, the process may suggest that we choose from several procedures, as long as the goal we are addressing is met. For instance, the process may require that we check our design components before coding begins. The checking can be done using informal reviews or formal inspections, each an activity with its own procedure, but both addressing the same goal.
The process structure guides our actions by allowing us to examine, understand, control, and improve the activities that comprise the process. To see how, consider the process of making chocolate cake with chocolate icing.The process may contain several procedures, such as buying the ingredients and finding the appropriate cooking utensils.


[1]
[SECTION]: Modeling the Process and Life Cycle > 2.1 The Meaning Of Process
[CONTENT]: When we provide a service or create a product, whether it be developing software, writing  a  report, or  taking  a  business  trip, we  always  follow  a  sequence  of  steps  to accomplish a set of tasks.The tasks are usually performed in the same order each time; for example, you do not usually put up the drywall before the wiring for a house is installed or bake a cake before all the ingredients are mixed together.We can think of a set of ordered tasks as a process : a series of steps involving activities, constraints, and resources that produce an intended output of some kind.
A process usually involves a set of tools and techniques, as we defined them in Chapter 1.Any process has the following characteristics:
 - The process prescribes all of the major process activities.
 - The process uses resources, subject to a set of constraints (such as a schedule), and produces intermediate and final products.
 - The process may be composed of subprocesses that are linked in some way. The process may be defined as a hierarchy of processes, organized so that each subprocess has its own process model.
 - Each process activity has entry and exit criteria, so that we know when the activity begins and ends.
 - The activities are organized in a sequence, so that it is clear when one activity is performed relative to the other activities.
 - Every process has a set of guiding principles that explain the goals of each activity.
 - Constraints  or  controls  may  apply  to  an  activity, resource, or  product. For example, the budget or schedule may constrain the length of time an activity may take or a tool may limit the way in which a resource may be used.
When the process involves the building of some product, we sometimes refer to the process as a life cycle . Thus, the software development process is sometimes called the software life cycle , because it describes the life of a software product from its conception to its implementation, delivery, use, and maintenance.


[2]
[SECTION]: Modeling the Process and Life Cycle > 2.7 What This Chapter Means For You
[CONTENT]: In this chapter, we have seen that the software development process involves activities, resources, and products.A process model is useful for guiding your behavior when you are working with a group. Detailed process models tell you how to coordinate and collaborate with your colleagues as you design and build a system.We have also seen that process models include organizational, functional, behavioral, and other perspectives, so you can focus on particular aspects of the development process to enhance your understanding or guide your actions.


[3]
[SECTION]: Modeling the Process and Life Cycle > 2.1 The Meaning Of Process
[CONTENT]:  - unit testing
 - integration testing
 - system testing
 - system delivery
 - maintenance Each stage is itself a process (or collection of processes) that can be described as a set  of  activities. And  each  activity  involves  constraints, outputs, and  resources. For example, the requirements analysis and definitions stage need as initial input a statement of desired functions and features that the user expresses in some way. The final output from this stage is a set of requirements, but there may be intermediate products as the dialog between user and developer results in changes and alternatives. We have constraints, too, such as a budget and schedule for producing the requirements document, and standards about the kinds of requirements to include and perhaps the notation used to express them.
Each of these stages is addressed in this book. For each one, we will take a close look at the processes, resources, activities, and outputs that are involved, and we will learn how they contribute to the quality of the final product: useful software.There are many ways to address each stage of development;each configuration of activities, resources, and outputs constitutes a process, and a collection of processes describes what happens at each stage. For instance,design can involve a prototyping process,where many of the design decisions are explored so that developers can choose an appropriate approach, and a reuse process, where previously generated design components are included in the current design.
Each process can be described in a variety of ways, using text, pictures, or a combination. Software engineering researchers have suggested a variety of formats for such descriptions, usually organized as a model that contains key process features. For the remainder of this chapter, we examine a variety of software development process models, to see how organizing process activities can make development more effective.
","[
    {
        ""role"": ""bullet"",
        ""segment"": ""A process is a collection of procedures, organized so that we build products to satisfy a set of goals or standards."",
        ""citations"": [
            {
                ""type"": ""source_text"",
                ""content"": ""A process is a collection of procedures, organized so that we build products to satisfy a set of goals or standards."",
                ""img_id"": null
            }
        ],
        ""type"": null
    },
    {
        ""role"": ""bullet"",
        ""segment"": ""A set of ordered tasks as a process : a series of steps involving activities, constraints, and resources that produce an intended output of some kind."",
        ""citations"": [
            {
                ""type"": ""source_text"",
                ""content"": ""A set of ordered tasks as a process : a series of steps involving activities, constraints, and resources that produce an intended output of some kind."",
                ""img_id"": null
            }
        ],
        ""type"": null
    }
]","- A process is a collection of procedures, organized so that we build products to satisfy a set of goals or standards.
- A set of ordered tasks as a process : a series of steps involving activities, constraints, and resources that produce an intended output of some kind.",1.662,5.66
"In the V model, what can unit and integration testing also be used to verify?","
[0]
[SECTION]: Modeling the Process and Life Cycle > 2.2 Software Process Models > V Model
[CONTENT]: The V model is a variation of the waterfall model that demonstrates how the testing activities are related to analysis and design (German Ministry of Defense 1992). As shown in Figure 2.4, coding forms the point of the V, with analysis and design on the left, testing and maintenance on the right. Unit and integration testing addresses the correctness of programs, as we shall see in later chapters. The V model suggests that unit and integration testing can also be used to verify the program design. That is, during unit and integration testing, the coders and test team members should ensure that all aspects of the program design have been implemented correctly in the code. Similarly, system testing should verify the system design, making sure that all system design aspects are correctly implemented. Acceptance testing, which is conducted by the customer rather than the developer, validates the requirements by associating a testing step with each element of the specification; this type of testing checks to see that all requirements have been fully implemented before the system is accepted and paid for.
The model's linkage of the left side with the right side of the V implies that if problems are found during verification and validation, then the left side of the V can be reexecuted to fix and improve the requirements, design, and code before the testing steps on the right side are reenacted. In other words, the V model makes more explicit some of the iteration and rework that are hidden in the waterfall depiction. Whereas the focus of the waterfall is often documents and artifacts, the focus of the V model is activity and correctness.


[1]
[SECTION]: Testing the Programs > 8.2 Testing Issues > Test Organization
[CONTENT]: In developing a large system, testing usually involves several stages. First, each program component is tested on its own, isolated from the other components in the system. Such testing, known as module testing , component testing , or unit  testing , verifies  that  the component functions properly with the types of input expected from studying the component's design. Unit testing is done in a controlled environment whenever possible, so that the test team can feed a predetermined set of data to the component being tested and observe what output actions and data are produced. In addition, the test team checks the internal data structures, logic, and boundary conditions for the input and output data.
When collections of components have been unit-tested, the next step is ensuring that the interfaces among the components are defined and handled properly. Integration testing is the process of verifying that the system components work together as described in the system and program design specifications.
Once we are sure that information is passed among components in accordance with the design, we test the system to ensure that it has the desired functionality.A function test evaluates the system to determine if the functions described by the requirements specification are actually performed by the integrated system. The result is a functioning system.
Recall  that  the  requirements  were  documented  in  two  ways: first  in  the  customer's terminology, and again as a set of software and hardware requirements the developers could use.The function test compares the system being built with the functions described in the developer's requirements specification.Then, a performance test compares the system with the remainder of these software and hardware requirements. When the test is performed successfully in a customer's actual working environment, it yields a validated system .


[2]
[SECTION]: Testing the System > 9.1 Principles Of System Testing
[CONTENT]: The objective of unit and integration testing was to ensure that the code implemented the design properly; that is, that the programmers wrote code to do what the designers intended.In system testing, we have a very different objective: to ensure that the system does what the customer wants it to do. To understand how to meet this objective, we first must understand where faults in the system come from.


[3]
[SECTION]: Testing the Programs > 8.4 Integration Testing
[CONTENT]: When we are satisfied that individual components are working correctly and meet our objectives, we combine them into a working system. This integration is planned and coordinated so that when a failure occurs, we have some idea of what caused it. In addition, the order in which components are tested affects our choice of test cases and tools. For large systems, some components may be in the coding phase, others may be in the unit-testing phase, and still other collections of components may be tested together. Our test strategy explains why and how components are combined to test the working system. This strategy affects not only the integration timing and coding order, but also the cost and thoroughness of the testing.
The system is again viewed as a hierarchy of components, where each component belongs to a layer of the design. We can begin from the top and work our way down as we test, work from the bottom up, or use a combination of these two approaches.


[4]
[SECTION]: Modeling the Process and Life Cycle > 2.2 Software Process Models > Waterfall Model
[CONTENT]: The waterfall model has been used to prescribe software development activities in a variety of contexts. For example, it was the basis for software development deliverables in U.S. Department of Defense contracts for many years, defined in Department of Defense Standard 2167-A. Associated with each process activity were milestones and deliverables, so that project managers could use the model to gauge how close the project was to completion at a given point in time. For instance, 'unit and integration testing' in the waterfall ends with the milestone 'code modules written, tested, and integrated'; the intermediate deliverable is a copy of the tested code. Next, the code can be turned over to the system testers so it can be merged with other system components (hardware or software) and tested as a larger whole.
The waterfall model can be very useful in helping developers lay out what they need to do. Its simplicity makes it easy to explain to customers who are not familiar with software development; it makes explicit which intermediate products are necessary  in  order  to  begin  the  next  stage  of  development. Many  other, more  complex models are really just embellishments of the waterfall, incorporating feedback loops and extra activities.
","[
  {
    ""role"": ""sentence"",
    ""segment"": ""The V model suggests that unit and integration testing can also be used to verify the program design."",
    ""citations"": [
      {
        ""type"": ""source_text"",
        ""content"": ""The V model suggests that unit and integration testing can also be used to verify the program design."",
        ""img_id"": null
      }
    ],
    ""type"": null
  }
]",The V model suggests that unit and integration testing can also be used to verify the program design.,1.603,2.797
What does the operational specification model allow to be merged?,"
[0]
[SECTION]: Modeling the Process and Life Cycle > 2.2 Software Process Models > Operational Specification
[CONTENT]: For many systems, uncertainty about the requirements leads to changes and problems later in development.Zave (1984) suggests a process model that allows the developers and customers to examine the requirements and their implications early in the development process, where they can discuss and resolve some of the uncertainty. In the operational specification  model , the system requirements are evaluated or executed in a way that demonstrates the behavior of the system.That is,once the requirements are specified,they can be enacted using a software package, so their implications can be assessed before design begins. For example, if the specification requires the proposed system to handle 24 users, an executable form of the specification can help analysts determine whether that number of users puts too much of a performance burden on the system.
This type of process is very different from traditional models such as the waterfall model. The waterfall model separates the functionality of the system from the design (i.e., what the system is to do is separated from how the system does it), intending to keep the customer needs apart from the implementation. However,an operational specification allows the functionality and the design to be merged.Figure 2.6 illustrates how an operational specification works.Notice that the operational specification is similar to prototyping; the process enables user and developer to examine requirements early on.


[1]
[SECTION]: Modeling the Process and Life Cycle > 2.2 Software Process Models > Transformational Model
[CONTENT]: Balzer's transformational model tries to reduce the opportunity for error by eliminating several major development steps. Using automated support, the transformational process applies a series of transformations to change a specification into a deliverable system (Balzer 1981a).
[FIGURE 2.6 The operational specification model.] 
Sample transformations can include Because many paths can be taken from the specification to the delivered system, the sequence of transformations and the decisions they reflect are kept as a formal development record.
 - changing the data representations
 - selecting algorithms
 - optimizing
 - compiling
The transformational approach holds great promise. However, a major impediment to its use is the need for a formal specification expressed precisely so the transformations can operate on it, as shown in Figure 2.7. As formal specification methods become more popular, the transformational model may gain wider acceptance.
[FIGURE_DESCRIPTIONS]
[0] Flowchart diagram illustrating the software engineering process from initial requirements to delivered system. Central path shows OPERATIONAL SPECIFICATION (problem-oriented) feeding into TRANSFORMED SPECIFICATION (implementation-oriented), then into TEST, and finally to DELIVERED SYSTEM. At the top, a process box labeled Execute and Revise points back to OPERATIONAL SPECIFICATION, indicating iterative refinement. On the left, the SYSTEM REQUIREMENTS box (sometimes informal or incomplete) connects to OPERATIONAL SPECIFICATION, highlighting requirements-to-spec conversion. Arrows indicate bidirectional feedback loops between requirements, specification, and execution stages, with the TEST box on the right and a downstream DELIVERED SYSTEM. All boxes are rounded-rectangle shapes with light gray fill and black borders. Text is capitalized; the diagram emphasizes iterative development and alignment between problem requirements and implementation-oriented specifications.



[2]
[SECTION]: Capturing the Requirements > 4.5 Modeling Notations > Logic
[CONTENT]: With the exception of ER diagrams, the notations we have considered so far have been model-based and are said to be operational.An operational notation is a notation used to describe a problem or a proposed software solution in terms of situational behavior: how a software system should respond to different input events, how a computation should flow from one step to another, and what a system should output under various conditions. The result is a model of case-based behavior that is particularly useful for answering questions about what the desired response should be to a particular situation: for example, what the next state or system output should be, given the current state, input event, process completion, and variable values. Such models also help the reader to visualize global behavior, in the form of paths representing allowable execution traces through the model.
Operational notations are less effective at expressing global properties or constraints. Suppose we were modeling a traffic light, and we wanted to assert that the lights controlling traffic in cross directions are never green at the same time, or that the lights in each direction are periodically green. We could build an operational model that exhibits these behaviors implicitly, in that all paths through the model satisfy these properties. However, unless the model is closed -meaning that the model expresses all of the desired behavior, and that any implementation that performs additional functionality is incorrect-it is ambiguous as to whether these properties are requirements to be satisfied or simply are accidental effects of the modeling decisions made.


[3]
[SECTION]: Modeling the Process and Life Cycle > 2.2 Software Process Models > Waterfall Model
[CONTENT]: The waterfall model has been used to prescribe software development activities in a variety of contexts. For example, it was the basis for software development deliverables in U.S. Department of Defense contracts for many years, defined in Department of Defense Standard 2167-A. Associated with each process activity were milestones and deliverables, so that project managers could use the model to gauge how close the project was to completion at a given point in time. For instance, 'unit and integration testing' in the waterfall ends with the milestone 'code modules written, tested, and integrated'; the intermediate deliverable is a copy of the tested code. Next, the code can be turned over to the system testers so it can be merged with other system components (hardware or software) and tested as a larger whole.
The waterfall model can be very useful in helping developers lay out what they need to do. Its simplicity makes it easy to explain to customers who are not familiar with software development; it makes explicit which intermediate products are necessary  in  order  to  begin  the  next  stage  of  development. Many  other, more  complex models are really just embellishments of the waterfall, incorporating feedback loops and extra activities.
","[
    {
        ""role"": ""sentence"",
        ""segment"": ""However,an operational specification allows the functionality and the design to be merged."",
        ""citations"": [
            {
                ""type"": ""source_text"",
                ""content"": ""However,an operational specification allows the functionality and the design to be merged."",
                ""img_id"": null
            }
        ],
        ""type"": null
    }
]","However,an operational specification allows the functionality and the design to be merged.",2.222,4.106
What does the transformational process use to change a specification into a deliverable system?,"
[0]
[SECTION]: Modeling the Process and Life Cycle > 2.2 Software Process Models > Transformational Model
[CONTENT]: Balzer's transformational model tries to reduce the opportunity for error by eliminating several major development steps. Using automated support, the transformational process applies a series of transformations to change a specification into a deliverable system (Balzer 1981a).
[FIGURE 2.6 The operational specification model.] 
Sample transformations can include Because many paths can be taken from the specification to the delivered system, the sequence of transformations and the decisions they reflect are kept as a formal development record.
 - changing the data representations
 - selecting algorithms
 - optimizing
 - compiling
The transformational approach holds great promise. However, a major impediment to its use is the need for a formal specification expressed precisely so the transformations can operate on it, as shown in Figure 2.7. As formal specification methods become more popular, the transformational model may gain wider acceptance.
[FIGURE_DESCRIPTIONS]
[0] Flowchart diagram illustrating the software engineering process from initial requirements to delivered system. Central path shows OPERATIONAL SPECIFICATION (problem-oriented) feeding into TRANSFORMED SPECIFICATION (implementation-oriented), then into TEST, and finally to DELIVERED SYSTEM. At the top, a process box labeled Execute and Revise points back to OPERATIONAL SPECIFICATION, indicating iterative refinement. On the left, the SYSTEM REQUIREMENTS box (sometimes informal or incomplete) connects to OPERATIONAL SPECIFICATION, highlighting requirements-to-spec conversion. Arrows indicate bidirectional feedback loops between requirements, specification, and execution stages, with the TEST box on the right and a downstream DELIVERED SYSTEM. All boxes are rounded-rectangle shapes with light gray fill and black borders. Text is capitalized; the diagram emphasizes iterative development and alignment between problem requirements and implementation-oriented specifications.



[1]
[SECTION]: Capturing the Requirements > 4.11 Choosing A Specification Technique
[CONTENT]:  - Testability/simulation: Can the specification be used to test the implementation? Is every statement in the specification testable by the implementation? Is it possible to execute the specification?
 - Checkability: Are the specifications readable by nondevelopers, such as the customer? Can domain experts (i.e., experts on the problem being specified) check the specification for accuracy? Are there automated specification checkers?
 - Maintainability: Will the specification be useful in making changes to the system? Is it easy to change the specification as the system evolves?
 - Modularity: Does the method allow a large specification to be decomposed into smaller parts that are easier to write and to understand? Can changes be made to the smaller parts without rewriting the entire specification?
 - Level of abstraction/expressibility: How closely and expressively do objects, states, and events in the language correspond to the actual objects, actions, and conditions in the problem domain? How concise and elegant is the resulting specification?
 - Soundness: Does the language or do the tools facilitate checking for inconsistencies or ambiguities in the specification? Are the semantics of the specification language defined precisely?
 - Verifiability: Can  we  demonstrate  formally  that  the  specification  satisfies  the requirements?  Can  the  verification  process  be  automated, and, if  so, is  the automation easy?
 - Runtime safety: If code can be generated automatically from the specification, does the code degrade gracefully under unexpected runtime conditions, such as overflow?
 - Tools maturity: If the specification technique has tool support, are the tools of high quality? Is there training available for learning how to use them? How large is the user base for the tools?
 - Looseness: Can the specification be incomplete or admit nondeterminism?
 - Learning curve: Can a new user learn quickly the technique's concepts, syntax, semantics, and heuristics?
 - Technique maturity: Has the technique been certified or standardized? Is there a user group or large user base?


[2]
[SECTION]: Annotated Bibliography
[CONTENT]:  - Balzer, Robert (1981a).'Transformational implementation:An example.' IEEE Transactions on Software Engineering , SE 7(1) (January): 3-14.
Describes transformational process model for software development.
 - --- (1981b). Gist Final Report (February). Los Angeles: University of Southern California, Information Sciences Institute.
 - Banker, R., R. Kauffman, and R. Kumar (1992). 'An empirical test of object-based output measurement metrics in a computer-aided software engineering (CASE) environment.' Journal of Management Information Systems , 8(3) (Winter): 127-150.
Introduces the notion of object points for measuring the size of a system.
 - Barghouti, Naser S., and Gail E. Kaiser (1991). 'Scaling up rule-based development environments.' In Proceedings  of  the  Third  European  Software  Engineering  Conference (Milan, Italy). Lecture Notes in Computer Science , no. 55, pp. 380-395.Amsterdam: Springer-Verlag.
 - Barghouti, Naser S., David S. Rosenblum, David G. Berlanger, and Christopher Alliegro (1995). 'Two case studies in modeling real, corporate processes.' Software Process: Improvement and Practice , 1(1): 17-32.
 - Barnard, J., and A. Price (1994). 'Managing code inspection information.' IEEE Software , 11(2) (March): 59-69.
Extensive quantitative study of introducing Fagan inspections at AT&T. Uses the goalquestion-metric paradigm to determine what to measure.
 - Barnes, Bruce, and Terry A. Bollinger (1991).'Making reuse cost-effective.' IEEE Software , 8(1) (January): 13-24.
A lovely survey paper that identifies some of the key issues in making reuse work.
 - Barron, D.W., and J.M. Bishop (1984). Advanced Programming. New York: John Wiley.
 - Basili, Victor R. (1990). 'Viewing maintenance as reuse-oriented software development.' IEEE Software , 7(1) (January): 19-25.
 - Basili, Victor  R., Lionel  Briand, and Walcelio  Melo  (1995). 'A  validation  of  object-oriented design  metrics  as  quality  indicators.' IEEE Transactions  on  Software  Engineering , 22(10) (October): 751-761.
","[
  {
    ""role"": ""sentence"",
    ""segment"": ""The transformational process uses automated support to apply a series of transformations to change a specification into a deliverable system."",
    ""citations"": [
      {
        ""type"": ""source_text"",
        ""content"": ""Using automated support, the transformational process applies a series of transformations to change a specification into a deliverable system (Balzer 1981a)."",
        ""img_id"": null
      }
    ],
    ""type"": null
  }
]",The transformational process uses automated support to apply a series of transformations to change a specification into a deliverable system.,3.887,3.742
How does incremental development build up a system?,"
[0]
[SECTION]: Modeling the Process and Life Cycle > 2.2 Software Process Models > Phased Development: Increments and Iterations
[CONTENT]: [FIGURE 2.7 The transformational model.] 
There are many ways for the developers to decide how to organize development into releases.The two most popular approaches are incremental development and iterative development. In incremental development , the system as specified in the requirements  documents  is  partitioned  into  subsystems  by  functionality. The  releases  are defined by beginning with one small,functional subsystem and then adding functionality with each new release.The top of Figure 2.9 shows how incremental development slowly builds up to full functionality with each new release.
[FIGURE_DESCRIPTIONS]
[0] Diagram illustrating the formal development process from system requirements to a delivered system. Includes blocks labeled FORMAL SPECIFICATION, FORMAL DEVELOPMENT RECORD with TRANSFORM 1 and TRANSFORM 2, and TRANSFORM N ellipsis. A TEST block sits on the path to the DELIVERED SYSTEM. An arrow flows from SYSTEM REQUIREMENTS (sometimes informal or incomplete) into FORMAL SPECIFICATION. A parallel or sequential flow goes from FORMAL SPECIFICATION into FORMAL DEVELOPMENT RECORD then into a chain of transforms (Transform 1, Transform 2, … Transform N) culminating in TEST and the DELIVERED SYSTEM. Text phrases present: “Compare with requirements; update as needed,” “Sequence of transformations plus rationale for them,” and “SYSTEM REQUIREMENTS (sometimes informal or incomplete).” The diagram focuses on the relationship between requirements, formal specification, transformations, testing, and final delivery, highlighting iterative updates to requirements and rationale for transformations.



[1]
[SECTION]: Designing the Modules > 6.2 Design Principles > Incremental Development
[CONTENT]: The best uses graph has a tree structure or is a forest of tree structures. In such a structure, every subtree is a subset of our system, so we can incrementally develop our system one software unit at a time. Each completed unit is a correct implementation of part of our system. Each increment is easier to test and correct because faults are more likely to be found in the new code, not in the called units that have already been tested and deemed correct. In addition, we always have a working version of a system subset to demonstrate to our customer. Moreover, morale among developers is high, because they  frequently  make  visible  progress  on  the  system  (Brooks  1995). Contrast  these advantages of incremental development to its alternative, in which nothing works until everything works.


[2]
[SECTION]: Modeling the Process and Life Cycle > 2.2 Software Process Models > Phased Development: Increments and Iterations
[CONTENT]: To understand the difference between incremental and iterative development, consider a word processing package. Suppose the package is to deliver three types of functionality: creating text, organizing text (i.e., cutting and pasting), and formatting text (such as using different type sizes and styles). To build such a system using incremental development, we might provide only the creation functions in Release 1, then both creation and organization in Release 2, and finally creation, organization, and formatting in Release 3. However, using iterative development, we would provide primitive forms of all three types of functionality in Release 1. For example, we can create text and then cut and paste it, but the cutting and pasting functions might be clumsy or slow. So  in  the  next  iteration, Release  2, we  have  the  same  functionality, but  have enhanced  the  quality; now  cutting  and  pasting  are  easy  and  quick. Each  release improves on the previous ones in some way.
In  reality, many  organizations  use  a  combination  of  iterative  and  incremental development. A new release may include new functionality, but existing functionality from the current release may have been enhanced.These forms of phased development are desirable for several reasons:
 - Training can begin on an early release, even if some functions are missing. The training process allows developers to observe how certain functions are executed, suggesting enhancements for later releases. In this way, the developers can be very responsive to the users.
 - Markets can be created early for functionality that has never before been offered.
 - Frequent releases allow developers to fix unanticipated problems globally and quickly, as they are reported from the operational system.
 - The development team can focus on different areas of expertise with different releases. For instance, one release can change the system from a command-driven


[3]
[SECTION]: Why Software Engineering? > 1.5 A Systems Approach > Interrelated Systems
[CONTENT]: We use this idea when building a system to replace an older version, either manual or automated. We want to understand as much as possible about how both the old and new systems work. Often, the greater the difference between the two systems, the more  difficult  the  design  and  development. This  difficulty  occurs  not  only  because people tend to resist change, but also because the difference makes learning difficult. In building or synthesizing our grand system, it helps dramatically to construct a new system as an incremental series of intermediate systems. Rather than going from system A to system B, we may be able to go from A to A ′ to A ″ to B. For example, suppose A is a manual system consisting of three major functions, and B is to be an automated version of A.We can define system A ′ to be a new system with function 1 automated but functions 2 and 3 still manual.Then A ″ has automated functions 1 and 2, but 3 is still manual. Finally, B has all three automated functions. By dividing the 'distance' from A to B in thirds, we have a series of small problems that may be easier to handle than the whole.
In our example,the two systems are very similar; the functions are the same, but the style in which they are implemented differs. However, the target system is often vastly different from the existing one. In particular, it is usually desirable that the target be free of constraints imposed by existing hardware or software. An incremental development approach may incorporate a series of stages,each of which frees the previous system from another such constraint. For example, stage 1 may add a new piece of hardware, stage 2 may replace the software performing a particular set of functions, and so on.The system is slowly drawn away from old software and hardware until it reflects the new system design.
","[
  {
    ""role"": ""paragraph"",
    ""segment"": ""In such a structure, every subtree is a subset of our system, so we can incrementally develop our system one software unit at a time. Each completed unit is a correct implementation of part of our system. Each increment is easier to test and correct because faults are more likely to be found in the new code, not in the called units that have already been tested and deemed correct. Moreover, we always have a working version of a system subset to demonstrate to our customer. Morale among developers is high, because they frequently make visible progress on the system."",
    ""citations"": [
      {
        ""type"": ""source_text"",
        ""content"": ""The best uses graph has a tree structure or is a forest of tree structures. In such a structure, every subtree is a subset of our system, so we can incrementally develop our system one software unit at a time."",
        ""img_id"": null
      },
      {
        ""type"": ""source_text"",
        ""content"": ""Each completed unit is a correct implementation of part of our system."",
        ""img_id"": null
      },
      {
        ""type"": ""source_text"",
        ""content"": ""Each increment is easier to test and correct because faults are more likely to be found in the new code, not in the called units that have already been tested and deemed correct."",
        ""img_id"": null
      },
      {
        ""type"": ""source_text"",
        ""content"": ""In addition, we always have a working version of a system subset to demonstrate to our customer."",
        ""img_id"": null
      },
      {
        ""type"": ""source_text"",
        ""content"": ""morale among developers is high, because they frequently make visible progress on the system"",
        ""img_id"": null
      }
    ],
    ""type"": null
  }
]","In such a structure, every subtree is a subset of our system, so we can incrementally develop our system one software unit at a time. Each completed unit is a correct implementation of part of our system. Each increment is easier to test and correct because faults are more likely to be found in the new code, not in the called units that have already been tested and deemed correct. Moreover, we always have a working version of a system subset to demonstrate to our customer. Morale among developers is high, because they frequently make visible progress on the system.",2.275,6.158
What four characteristics of agility are emphasized by proponents of extreme programming (XP)?,"
[0]
[SECTION]: Modeling the Process and Life Cycle > 2.2 Software Process Models > Agile Methods
[CONTENT]:  - Adaptive software development (ASD) has six basic principles.There is a mission that acts as a guideline, setting out the destination but not prescribing how to get there. Features are viewed as the crux of customer value, so the project is organized around building components to provide the features. Iteration is important, so redoing is as critical is doing; change is embraced, so that a change is viewed not as a correction but as an adjustment to the realities of software development. Fixed delivery times force developers to scope down the requirements essential for each version produced. At the same time, risk is embraced, so that the developers tackle the hardest problems first.
Often, the phrase 'extreme programming' is used to describe the more general concept of agile methods. In fact, XP is a particular form of agile process, with guiding principles that reflect the more general tenets of the agile manifesto. Proponents of XP emphasize four characteristics of agility: communication, simplicity, courage, and feedback. Communication involves  the  continual  interchange  between  customers  and developers. Simplicity encourages developers to select the simplest design or implementation to address the needs of their customers. Courage is described by XP creators as commitment to delivering functionality early and often. Feedback loops are built into the various activities during the development process. For example, programmers work together to give each other feedback on the best way to implement a design, and customers work with developers to perform planning exercises.
These characteristics are embedded in what are known as the twelve facets of XP .


[1]
[SECTION]: Writing the Programs > 7.4 The Programming Process > Whither Programming?
[CONTENT]: As with almost anything, the answer may be 'all things in moderation.' Drobka, Noftz, and Raghu (2004) describe their use of extreme programming on four mission-critical projects. They found that extra steps were needed to adjust extreme programming to the realities of large-scale, mission-critical software. For example, with no architectural guidelines, each programmer had his or her own vision of what the overall architecture should be, and the visions differed considerably.Thus, the high-level architecture document was used as a roadmap to assist the developers in planning. Rather than use prioritized stories, the researchers found it essential to define baseline architectures, using documented scenarios to help describe key abstractions, and to define system boundaries. Finally, documentation was used to assist in communicating among team members. Strict  agile-methods advocates eschew documentation, but Drobke, Noftz, and Raghu found it to be essential. So, too, were design reviews to ensure that the software being built would be maintainable over its likely 30-year life span.
Thus, in the future, programming is likely to be a blend of the good practices that have been advocated for decades and the flexible approaches being espoused by the agile-methods proponents.We will see in Chapter 14 that software engineers are defining a software engineering body of knowledge that describes the information and practices  that  a  good  software  engineer  should  master  in  order  to  produce  high-quality systems.


[2]
[SECTION]: Capturing the Requirements > 4.2 Requirements Elicitation > SIDEBAR 4.2 AGILE REQUIREMENTS MODELING
[CONTENT]: Extreme programming (XP) takes agile requirements processes to the extreme, in that the system is built to the requirements that happen to be defined at the time, with no planning or designing for possible future requirements. Moreover, XP forgoes traditional requirements documentation, and instead encodes the requirements as test cases that the eventual implementation must pass.Berry (2002a) points out that the trade-off for agile methods' flexibility is the difficulty of making changes to the system as requirements are added, deleted, or changed. But there can be additional problems: XP uses test cases to specify requirements, so a poorly written test case can lead to the kinds of misunderstandings described in this chapter.
assumptions  with  which  we  may  not  be  familiar. Likewise, we  as  developers  know about computer solutions, but not always about how possible solutions will affect our customers' business activities.We, too, have our jargon and assumptions, and sometimes we think everyone is speaking the same language, when in fact people have different meanings for the same words. It is only by discussing the requirements with everyone who has a stake in the system, coalescing these different views into a coherent set of requirements, and reviewing these documents with the stakeholders that we all come to an agreement about what the requirements are. (See Sidebar 4.3 for an alternative viewpoint.) If we cannot agree on what the requirements are,then the project is doomed to fail.


[3]
[SECTION]: Modeling the Process and Life Cycle > 2.2 Software Process Models > Agile Methods
[CONTENT]:  - Coding standards: Many observers think of XP and other agile methods as providing an unconstrained environment where anything goes. But in fact XP advocates clear definition of coding standards, to encourage teams to be able to understand and change each other's work. These standards support other practices, such as testing and refactoring. The result should be a body of code that appears to have been written by one person, and is consistent in its approach and expression.
Extreme programming and agile methods are relatively new.The body of evidence for its effectiveness is small but growing. We will revisit many agile methods and concepts, and their empirical evaluation, in later chapters, as we discuss their related activities.
The process models presented in this chapter are only a few of those that are used or discussed. Other process models can be defined and tailored to the needs of the user, customer,and developer.As Sidebar 2.3 notes,we should really capture the development process as a collection of process models, rather than focusing on a single model or view.


[4]
[SECTION]: Preface > CONTENTS AND ORGANIZATION
[CONTENT]: This text is organized in three parts.The first part motivates the reader, explaining why knowledge of software engineering is important to practitioners and researchers alike. Part I also discusses the need for understanding process issues, for making decisions about the degree of 'agility' developers will have, and for doing careful project planning. Part II walks through the major steps of development and maintenance, regardless of the process model used to build the software: eliciting, modeling, and checking the requirements; designing a solution to the problem; writing and testing the code; and turning it over to the customer. Part III focuses on evaluation and improvement. It looks at how we can assess the quality of our processes and products, and how to take steps to improve them.
","[
  {
    ""role"": ""sentence"",
    ""segment"": ""The four characteristics are communication, simplicity, courage, and feedback."",
    ""citations"": [
      {
        ""type"": ""source_text"",
        ""content"": ""Proponents of XP emphasize four characteristics of agility: communication, simplicity, courage, and feedback."",
        ""img_id"": null
      }
    ],
    ""type"": null
  }
]","The four characteristics are communication, simplicity, courage, and feedback.",2.262,2.978
What does refactoring refer to in extreme programming?,"
[0]
[SECTION]: Modeling the Process and Life Cycle > 2.2 Software Process Models > SIDEBAR 2.2 WHEN IS EXTREME TOO EXTREME?
[CONTENT]: A s with most software development approaches, agile methods are not without their critics. For example, Stephens and Rosenberg (2003) point out that many of extreme programming's practices are interdependent, a vulnerability if one of them is modified. To see why, suppose some people are uncomfortable with pair programming. More coordination and documentation may be required to address the shared vision that is missing when people work on their own. Similarly, many developers prefer to do some design before they write code. Scrum addresses this preference by organizing around monthly sprints. Elssamadissy and Schalliol (2002) note that, in extreme programming, requirements are expressed as a set of test cases that must be passed by the software.This approach may cause customer representatives to focus on the test cases instead of the requirements. Because the test cases are a detailed expression of the requirements and may be solution oriented, the emphasis on test cases can distract the representatives from the project's underlying goals and can lead to a situation where the system passes all the tests but is not what the customers thought they were paying for.As we will see in Chapter 5, refactoring may be the Achilles heel of agile methods; it is difficult to rework a software system without degrading its architecture.


[1]
[SECTION]: Modeling the Process and Life Cycle > 2.2 Software Process Models > Agile Methods
[CONTENT]:  - Coding standards: Many observers think of XP and other agile methods as providing an unconstrained environment where anything goes. But in fact XP advocates clear definition of coding standards, to encourage teams to be able to understand and change each other's work. These standards support other practices, such as testing and refactoring. The result should be a body of code that appears to have been written by one person, and is consistent in its approach and expression.
Extreme programming and agile methods are relatively new.The body of evidence for its effectiveness is small but growing. We will revisit many agile methods and concepts, and their empirical evaluation, in later chapters, as we discuss their related activities.
The process models presented in this chapter are only a few of those that are used or discussed. Other process models can be defined and tailored to the needs of the user, customer,and developer.As Sidebar 2.3 notes,we should really capture the development process as a collection of process models, rather than focusing on a single model or view.


[2]
[SECTION]: Designing the Architecture > 5.1 The Design Process > SIDEBAR 5.1 AGILE ARCHITECTURES
[CONTENT]: A bigger problem with agile methods is the need for continuous refactoring.The inherent conflict between an architecture's representing a significant design decision and the need for continuous refactoring means that systems are not refactored as often as they should be. Thomas (2005) calls the refactoring of large, complex systems high-risk 'wizard's work,' particularly when there is a great deal of legacy code containing intricate dependencies.


[3]
[SECTION]: Modeling the Process and Life Cycle > 2.11 Key References > TABLE 2.3 ( continued )
[CONTENT]:  - The  Data  and  Analysis  Centre  for  Software  Engineering  maintains  a  list  of resources about software process at https://www.thedacs.com/databases/url/key/39.
More information about Lai notation is available  in  David Weiss  and  Robert Lai's book, Software Product Line Engineering: A Family-based Software Development Process (Weiss and Lai 1999).
The  University  of  Southern  California's  Center  for  Software  Engineering  has developed a tool to assist you in selecting a process model suitable for your project's requirements and constraints. It can be ftp-ed from ftp://usc.edu/pub/soft_engineering/ demos/pmsa.zip, and more information can be found on the Center's Web site: http:// sunset.usc.edu.
Journals  such  as Software  Process-Improvement  and  Practice have  articles addressing the role of process modeling in software development and maintenance. They also report the highlights of relevant conferences, such as the International Software Process Workshop and the International Conference on Software Engineering. The July/August 2000 issue of IEEE Software focuses on process diversity and has several articles about the success of a process maturity approach to software development.
There are many resources available for learning about agile methods. The Agile Manifesto is posted at http://www.agilealliance.org. Kent Beck's (1999) is the seminal book on extreme programming, and Alistair Cockburn (2002) describes the Crystal family of methodologies. Martin Beck (1999) explains refactoring, which is one of the most difficult steps of XP . Two excellent references on agile methods are Robert C. Martin's  (2003)  book  on  agile  software  development, and  Daniel  H. Steinberg  and Daniel  W. Palmer's  (2004)  book  on  extreme  software  engineering. Two  Web  sites providing additional information about extreme programming  are http://www. xprgramming.com and http://www.extremeprogramming.org.


[4]
[SECTION]: Modeling the Process and Life Cycle > 2.2 Software Process Models > Agile Methods
[CONTENT]:  - Writing tests first: To ensure that the customer's needs are the driving force behind development, test cases are written first, as a way of forcing customers to specify requirements that can be tested and verified once the software is built.Two kinds of tests are used in XP: functional tests that are specified by the customer and executed by both developers and users, and unit tests that are written and run by developers. In XP , functional tests are automated and, ideally, run daily.The functional tests are considered to be part of the system specification. Unit tests are written both before and after coding, to verify that each modular portion of the implementation works as designed.Both functional and unit testing are described in more detail in Chapter 8.
 - Refactoring: As  the  system  is  built, it  is  likely  that  requirements  will  change. Because  a  major  characteristic  of  XP  philosophy  is  to  design  only  to  current requirements, it is often the case that new requirements force the developers to reconsider their existing design. Refactoring refers to revisiting the requirements and  design, reformulating  them  to  match  new  and  existing  needs. Sometimes refactoring addresses ways to restructure design and code without perturbing the system's external behavior. The refactoring is done in small steps, supported by unit tests and pair programming, with simplicity guiding the effort.We will discuss the difficulties of refactoring in Chapter 5.
","[
    {
        ""role"": ""paragraph"",
        ""segment"": ""Refactoring refers to revisiting the requirements and design, reformulating them to match new and existing needs. Sometimes refactoring addresses ways to restructure design and code without perturbing the system's external behavior. The refactoring is done in small steps, supported by unit tests and pair programming, with simplicity guiding the effort."",
        ""citations"": [
            {
                ""type"": ""source_text"",
                ""content"": ""Refactoring refers to revisiting the requirements and design, reformulating  them  to  match  new  and  existing  needs."",
                ""img_id"": null
            },
            {
                ""type"": ""source_text"",
                ""content"": ""Sometimes refactoring addresses ways to restructure design and code without perturbing the system's external behavior."",
                ""img_id"": null
            },
            {
                ""type"": ""source_text"",
                ""content"": ""The refactoring is done in small steps, supported by unit tests and pair programming, with simplicity guiding the effort."",
                ""img_id"": null
            }
        ],
        ""type"": null
    }
]","Refactoring refers to revisiting the requirements and design, reformulating them to match new and existing needs. Sometimes refactoring addresses ways to restructure design and code without perturbing the system's external behavior. The refactoring is done in small steps, supported by unit tests and pair programming, with simplicity guiding the effort.",2.232,4.747
"In Lai's notation for process modeling, what is ""Control""?","
[0]
[SECTION]: Modeling the Process and Life Cycle > 2.3 Tools And Techniques For Process Modeling > Static Modeling: Lai Notation
[CONTENT]: There are many ways to model a process statically. In the early 1990s, Lai (1991) developed a comprehensive process notation that is intended to enable someone to model any process at any level of detail. It builds on a paradigm where people perform roles while resources perform activities, leading to the production of artifacts. The process model shows the relationships among the roles, activities, and artifacts, and state tables show information about the completeness of each artifact at a given time.
In particular, the elements of a process are viewed in terms of seven types:
 - Activity: Something that will happen in a process. This element can be related to what  happens  before  and  after, what  resources  are  needed, what  triggers  the activity's start, what rules govern the activity, how to describe the algorithms and lessons learned, and how to relate the activity to the project team.
 - Sequence: The order of activities. The sequence can be described using triggers, programming constructs, transformations, ordering, or satisfaction of conditions.
 - Process model: A view of interest about the system. Thus, parts of the process may be represented as a separate model, either to predict process behavior or to examine certain characteristics.
 - Resource: A necessary item, tool, or person. Resources can include equipment, time, office space, people, techniques, and so on.The process model identifies how much of each resource is needed for each activity.
 - Control: An  external  influence  over  process  enactment. The  controls  may  be manual or automatic, human or mechanical.
 - Policy: A guiding principle. This high-level process constraint influences process enactment. It may include a prescribed development process, a tool that must be used, or a mandatory management style.
 - Organization: The hierarchical structure of process agents, with physical grouping corresponding to logical grouping and related roles. The mapping from physical to logical grouping should be flexible enough to reflect changes in physical environment.


[1]
[SECTION]: Modeling the Process and Life Cycle > 2.3 Tools And Techniques For Process Modeling > Static Modeling: Lai Notation
[CONTENT]: The process description itself has several levels of abstraction, including the software development process that directs certain resources to be used in constructing specific modules, as well as generic models that may resemble the spiral or waterfall models. Lai's  notation  includes  several  templates, such  as  an  Artifact  Definition  Template, which records information about particular artifacts.
Lai's approach can be applied to modeling software development processes; later in  this  chapter, we  use  it  to  model  the  risk  involved  in  development. However, to demonstrate its use and its ability to capture many facets of a complex activity, we apply it to a relatively simple but familiar process, driving an automobile. Table 2.1 contains a description of the key resource in this process, a car.
Other templates define relations, process states, operations, analysis, actions, and roles. Graphical diagrams represent the relationships between elements, capturing the main relationships and secondary ones. For example, Figure 2.11 illustrates the process of starting a car. The 'initiate' box represents the entrance conditions, and the 'park' box represents an exit condition.The left-hand column of a condition box lists artifacts, and the right-hand column is the artifact state.


[2]
[SECTION]: Modeling the Process and Life Cycle > 2.3 Tools And Techniques For Process Modeling > Static Modeling: Lai Notation
[CONTENT]: [FIGURE 2.11 The process of starting a car (Lai 1991).] 
Transition diagrams supplement the process model by showing how the states are related to one another. For example, Figure 2.12 illustrates the transitions for a car.
Lai's notation is a good example of how multiple structures and strategies can be used to capture a great deal of information about the software development process. But it is also useful in organizing and depicting process information about user requirements, as the car example demonstrates.
[FIGURE_DESCRIPTIONS]
[0] Complex schematic diagram showing interconnections among automotive control states and actions. Central cluster contains nodes labeled with car states such as idle, acceleration, drive, park, brake, gear, unlock, lock, and door statuses. Connections illustrated by multiple directed lines indicate transitions between states like start/stop, accelerate/decelerate, shift gears (drive, park), and foot pedal actions (gas, brake). Additional blocks depict subsystem commands including engine, transmission, and door controls with labels such as engine, gear, drive, park, unlock, lock, open_door, close_door, ready_for_tow, forward, reverse, slow_down, fast_up, and speed. Textual labels also reference conditions or triggers like turn_off, turn_on, enable, disable, and readiness signals. The diagram emphasizes hierarchical relationships and state-machine like flow with several sub-blocks connected through a network of lines, illustrating how user inputs and sensor signals propagate through system control logic.



[3]
[SECTION]: Modeling the Process and Life Cycle > 2.3 Tools And Techniques For Process Modeling > Static Modeling: Lai Notation
[CONTENT]: [FIGURE 2.12 Transition diagram for a car (Lai 1991).] 
[FIGURE_DESCRIPTIONS]
[0] Diagram showing three rounded edges labeled states: INITIATED, MOVING, and PARKED. ARROWS indicate transitions: from INITIATED to PARKED labeled 'initiates'; from PARKED to INITIATED with no label; from MOVING to INITIATED labeled 'stop'; from MOVING back to PARKED labeled 'go' or 'go->' (arrow text partially visible). There is an arrow from INITIATED to MOVING labeled 'get-out' and another from INITIATED to MOVING with a second label 'stop'? The text 'initiates' and 'get-out' are visible. The diagram uses ovals with bold outlines and small black arrows. Overall theme appears to model state machine transitions among INITIATED, MOVING, and PARKED with directed edges and labels indicating triggers or actions.

","[
  {
    ""role"": ""sentence"",
    ""segment"": ""Control is an external influence over process enactment; the controls may be manual or automatic, human or mechanical."",
    ""citations"": [
      {
        ""type"": ""source_text"",
        ""content"": ""Control: An  external  influence  over  process  enactment. The  controls  may  be manual or automatic, human or mechanical."",
        ""img_id"": null
      }
    ],
    ""type"": null
  }
]","Control is an external influence over process enactment; the controls may be manual or automatic, human or mechanical.",2.282,3.165
What is the difference between an activity and a milestone?,"
[0]
[SECTION]: Planning and Managing the Project > 3.1 Tracking Progress
[CONTENT]:  - documents
 - demonstrations of function
 - demonstrations of subsystems
 - demonstrations of accuracy
 - demonstrations of reliability, security, or performance In our analysis of the project, we must distinguish clearly between milestones and activities. An activity is  a  part  of  the  project  that  takes place over a period of time, whereas a milestone is the completion of an activity-a particular point in time. Thus, an activity has a beginning and an end, whereas a milestone is the end of a specially designated activity. For example, the customer may want the system to be accompanied by an online operator tutorial. The development of the tutorial and its associated programs is an activity; it culminates in the demonstration of those functions to the customer: the milestone.
By examining the project carefully in this way, we can separate development into a succession of phases. Each phase is composed of steps, and each step can be subdivided further if necessary, as shown in Figure 3.1.
To see how this analysis works, consider the phases, steps, and activities of Table 3.1, which describes the building of a house. First, we consider two phases: landscaping the lot and building the house itself. Then, we break each phase into smaller steps, such as PROJECT clearing and grubbing, seeding the turf, and planting trees and shrubs. Where necessary, we can divide the steps into activities; for example, finishing the interior involves completing the interior plumbing, interior electrical work, wallboard, interior painting, floor covering, doors, and fixtures. Each activity is a measurable event and we have objective criteria to determine when the activity is complete.Thus, any activity's end can be a milestone, and Table 3.2 lists the milestones for phase 2.


[1]
[SECTION]: Planning and Managing the Project > 3.1 Tracking Progress > Work Breakdown and Activity Graphs
[CONTENT]: Analysis of this kind is sometimes described as generating a work breakdown structure for a given project, because it depicts the project as a set of discrete pieces of work. Notice that the activities and milestones are items that both customer and developer can use to track development or maintenance.At any point in the process, the customer may want to follow our progress.We developers can point to activities, indicating what work is under way, and to milestones, indicating what work has been completed. However, a project's work breakdown structure gives no indication of the interdependence of the work units or of the parts of the project that can be developed concurrently.
We can describe each activity with four parameters: the precursor, duration, due date, and endpoint. A precursor is an event or set of events that must occur before the activity can begin; it describes the set of conditions that allows the activity to begin. The duration is the length of time needed to complete the activity. The due date is the date by which the activity must be completed, frequently determined by contractual deadlines. Signifying that the activity has ended, the endpoint is usually a milestone or deliverable.We can illustrate the relationships among activities by using these parameters. In particular, we can draw an activity graph to depict the dependencies; the nodes of the graph are the project milestones, and the lines linking the nodes represent the activities involved. Figure 3.2 is an activity graph for the work described in phase 2 of Table 3.1.


[2]
[SECTION]: Planning and Managing the Project > 3.1 Tracking Progress > Estimating Completion
[CONTENT]: To see how CPM works, consider again our house-building example. First, we notice that the activities leading to milestones 1.1 (surveying) and 1.2 (requesting permits) can occur concurrently. Since excavation (the activity culminating in milestone 1.3) cannot begin until day 16, surveying has 15 days in which to be completed, even though it is only 3 days in duration. Thus, surveying has 15 days of available time, but requires only 3 days of real time. In the same way, for each activity in our graph, we can compute a pair of times: real time and available time.The real time or actual time for an activity is the estimated amount of time required for the activity to be completed, and the available time is the amount of time available in the schedule for the activity's completion. Slack time or float for an activity is the difference between the available time and the real time for that activity:
Slack time = available time -real time 1.1 FINISH Another way of looking at slack time is to compare the earliest time an activity may begin  with  the  latest  time  the  activity  may  begin  without  delaying  the  project. For example, surveying may begin on day 1, so the earliest start time is day 1. However, because it will take 15 days to request and receive permits, surveying can begin as late as day 13 and still not hold up the project schedule.Therefore,


[3]
[SECTION]: Planning and Managing the Project > 3.1 Tracking Progress > Work Breakdown and Activity Graphs
[CONTENT]: Many important characteristics of the project are made visible by the activity graph. For example, it is clear from Figure 3.2 that neither of the two plumbing activities can start before milestone 2.2 is reached; that is, 2.2 is a precursor to both interior and exterior plumbing. Furthermore, the figure shows us that several things can be done simultaneously. For instance, some of the interior and exterior activities are independent  (such  as  installing  wallboard, connecting  exterior  electrical  plumbing, and others leading to milestones 2.6 and 3.3, respectively). The activities on the left-hand path do not depend on those on the right for their initiation, so they can be worked on concurrently. Notice that there is a dashed line from requesting permits (node 1.2) to surveying (node 1.1).This line indicates that these activities must be completed before excavation (the activity leading to milestone 1.3) can begin. However, since there is no real activity that occurs after reaching milestone 1.2 in order to get to milestone 1.1, the dashed line indicates a relationship without an accompanying activity.
It is important to realize that activity graphs depend on an understanding of the parallel nature of tasks. If work cannot be done in parallel, then the (mostly straight) graph is not useful in depicting how tasks will be coordinated. Moreover, the graphs must reflect a realistic depiction of the parallelism. In our house-building example, it is clear that some of the tasks, like plumbing, will be done by different people from those doing other  tasks, like  electrical  work. But  on  software  development  projects, where  some people have many skills, the theoretical parallelism may not reflect reality. A restricted number of people assigned to the project may result in the same person doing many things in series, even though they could be done in parallel by a larger development team.
","[
  {
    ""role"": ""paragraph"",
    ""segment"": ""An activity is a part of the project that takes place over a period of time, whereas a milestone is the end of a specially designated activity."",
    ""citations"": [
      {
        ""type"": ""source_text"",
        ""content"": ""An activity is a  part  of  the  project  that  takes place over a period of time, whereas a milestone is the end of a specially designated activity."",
        ""img_id"": null
      },
      {
        ""type"": ""source_text"",
        ""content"": ""Thus, any activity's end can be a milestone, and Table 3.2 lists the milestones for phase 2."",
        ""img_id"": null
      }
    ],
    ""type"": null
  }
]","An activity is a part of the project that takes place over a period of time, whereas a milestone is the end of a specially designated activity.",2.453,3.624
What is a precursor?,"
[0]
[SECTION]: Planning and Managing the Project > 3.1 Tracking Progress > Work Breakdown and Activity Graphs
[CONTENT]: Analysis of this kind is sometimes described as generating a work breakdown structure for a given project, because it depicts the project as a set of discrete pieces of work. Notice that the activities and milestones are items that both customer and developer can use to track development or maintenance.At any point in the process, the customer may want to follow our progress.We developers can point to activities, indicating what work is under way, and to milestones, indicating what work has been completed. However, a project's work breakdown structure gives no indication of the interdependence of the work units or of the parts of the project that can be developed concurrently.
We can describe each activity with four parameters: the precursor, duration, due date, and endpoint. A precursor is an event or set of events that must occur before the activity can begin; it describes the set of conditions that allows the activity to begin. The duration is the length of time needed to complete the activity. The due date is the date by which the activity must be completed, frequently determined by contractual deadlines. Signifying that the activity has ended, the endpoint is usually a milestone or deliverable.We can illustrate the relationships among activities by using these parameters. In particular, we can draw an activity graph to depict the dependencies; the nodes of the graph are the project milestones, and the lines linking the nodes represent the activities involved. Figure 3.2 is an activity graph for the work described in phase 2 of Table 3.1.


[1]
[SECTION]: Planning and Managing the Project > 3.1 Tracking Progress > Work Breakdown and Activity Graphs
[CONTENT]: Many important characteristics of the project are made visible by the activity graph. For example, it is clear from Figure 3.2 that neither of the two plumbing activities can start before milestone 2.2 is reached; that is, 2.2 is a precursor to both interior and exterior plumbing. Furthermore, the figure shows us that several things can be done simultaneously. For instance, some of the interior and exterior activities are independent  (such  as  installing  wallboard, connecting  exterior  electrical  plumbing, and others leading to milestones 2.6 and 3.3, respectively). The activities on the left-hand path do not depend on those on the right for their initiation, so they can be worked on concurrently. Notice that there is a dashed line from requesting permits (node 1.2) to surveying (node 1.1).This line indicates that these activities must be completed before excavation (the activity leading to milestone 1.3) can begin. However, since there is no real activity that occurs after reaching milestone 1.2 in order to get to milestone 1.1, the dashed line indicates a relationship without an accompanying activity.
It is important to realize that activity graphs depend on an understanding of the parallel nature of tasks. If work cannot be done in parallel, then the (mostly straight) graph is not useful in depicting how tasks will be coordinated. Moreover, the graphs must reflect a realistic depiction of the parallelism. In our house-building example, it is clear that some of the tasks, like plumbing, will be done by different people from those doing other  tasks, like  electrical  work. But  on  software  development  projects, where  some people have many skills, the theoretical parallelism may not reflect reality. A restricted number of people assigned to the project may result in the same person doing many things in series, even though they could be done in parallel by a larger development team.


[2]
[SECTION]: Writing the Programs > 7.4 The Programming Process > Programming as Problem Solving
[CONTENT]: Polyà (1957) wrote the classic book on how we solve problems. He points out that finding a good solution involves four distinct stages:
 - Understanding the problem
 - Devising a plan
 - Carrying out the plan
 - Looking back To understand the problem, we analyze each of its elements. What is known? What is not known? What is possible to know? What is impossible to know? These questions address both data and relationships. Just as a good systems analyst frames a problem in terms of the system boundary, identifying what is inside the boundary and what is outside, a good problem solver must understand the conditions under which the problem must be solved.Then, once we can define the conditions, we ask if the conditions can be satisfied.
Sometimes it is helpful to draw a picture to enhance understanding. Programmers often do this by drawing a flow chart or diagram to show how a dynamically allocated data structure changes shape as various operations are performed on it. Such depiction helps us to identify various parts of the condition, and perhaps even to decompose the problem into smaller, more tractable problems. In a way, this reframing to gain understanding is a micro-design activity: the program design is viewed carefully and reorganized in pieces that are easier to address than the original framing of the design.
Next, a plan is devised to determine how a solution can be derived from what is known  about  the  problem. What  are  the  connections  between  the  data  and  the unknowns? If no connection is immediately clear, then are there ways in which this problem is similar to other, better-known problems? It is here that we try to think of the current problem in terms of patterns: Is there a pattern or set of patterns that we can adapt to fit our problem?
We can try several techniques to find the right plan of attack:
 - Identifying a related problem: Are there data, algorithms, libraries, or methods that we can use to attack our problem?


[3]
[SECTION]: Why Software Engineering? > 1.5 A Systems Approach > Interrelated Systems
[CONTENT]: The concept of boundary is important, because very few systems are independent of other systems. For example, the respiratory system must interact with the digestive system, the circulatory system, the nervous system, and others.The respiratory system could not function without the nervous system; neither could the circulatory system function without the respiratory system. The interdependencies may be complex. (Indeed, many of our environmental problems arise and are intensified because we do not appreciate the complexity of our ecosystem.) However, once the boundary of a system is described, it is easier for us to see what is within and without and what crosses the boundary.
In  turn, it  is  possible  for  one  system  to  exist  inside  another  system. When  we describe a computer system, we often concentrate on a small piece of what is really a much larger system. Such a focus allows us to define and build a much less complex system than the enveloping one. If we are careful in documenting the interactions among and between systems affecting ours, we lose nothing by concentrating on this smaller piece of a larger system.
","[
  {
    ""role"": ""sentence"",
    ""segment"": ""A precursor is an event or set of events that must occur before the activity can begin; it describes the set of conditions that allows the activity to begin."",
    ""citations"": [
      {
        ""type"": ""source_text"",
        ""content"": ""A precursor is an event or set of events that must occur before the activity can begin; it describes the set of conditions that allows the activity to begin."",
        ""img_id"": null
      }
    ],
    ""type"": null
  }
]",A precursor is an event or set of events that must occur before the activity can begin; it describes the set of conditions that allows the activity to begin.,2.515,2.583
How is slack time computed using available time and real time?,"
[0]
[SECTION]: Planning and Managing the Project > 3.1 Tracking Progress > Slack time = latest start time -earliest start time
[CONTENT]: Let us compute the slack for our example's activities to see what it tells us about the project schedule. We compute slack by examining all paths from the start to the finish. As we have seen, it must take 15 days to complete milestones 1.1 and 1.2.An additional 55 days are used in completing milestones 1.3, 1.4, 2.1, and 2.2. At this point, there are four possible paths to be taken:
 - Following milestones 2.3 through 2.7 on the graph requires 39 days.
 - Following milestones 2.3 through 2.8 on the graph requires 42 days.
 - Following milestones 3.1 through 3.4 on the graph requires 54 days.
 - Following milestones 3.1 through 3.6 on the graph requires 54 days.
Because milestones 2.7, 2.8, 3.4, and 3.6 must be met before the project is finished, our schedule is constrained by the longest path.As you can see from Figure 3.3 and our preceding calculations, the two paths on the right require 124 days to complete, and the two paths on the left require fewer days. To calculate the slack, we can work backward along the path to see how much slack time there is for each activity leading to a node. First, we note that there is zero slack on the longest path.Then, we examine each of the remaining nodes to calculate the slack for the activities leading to them. For example,
54 days are available to complete the activities leading to milestones 2.3, 2.4, 2.5, 2.6, and 2.8, but only 42 days are needed to complete these. Thus, this portion of the graph has 12 days of slack. Similarly, the portion of the graph for activities 2.3 through 2.7 requires only 39 days, so we have 15 days of slack along this route. By working forward through the graph in this way, we can compute the earliest start time and slack for each of the activities.Then, we compute the latest start time for each activity by moving from the finish back through each node to the start. Table 3.4 shows the results: the slack time for each activity in Figure 3.3. (At milestone 2.6, the path can branch to 2.7 or 2.8. The latest start times in Table 3.4 are calculated by using the route from 2.6 to 2.8, rather than from 2.6 to 2.7.)


[1]
[SECTION]: Planning and Managing the Project > 3.1 Tracking Progress > Estimating Completion
[CONTENT]: To see how CPM works, consider again our house-building example. First, we notice that the activities leading to milestones 1.1 (surveying) and 1.2 (requesting permits) can occur concurrently. Since excavation (the activity culminating in milestone 1.3) cannot begin until day 16, surveying has 15 days in which to be completed, even though it is only 3 days in duration. Thus, surveying has 15 days of available time, but requires only 3 days of real time. In the same way, for each activity in our graph, we can compute a pair of times: real time and available time.The real time or actual time for an activity is the estimated amount of time required for the activity to be completed, and the available time is the amount of time available in the schedule for the activity's completion. Slack time or float for an activity is the difference between the available time and the real time for that activity:
Slack time = available time -real time 1.1 FINISH Another way of looking at slack time is to compare the earliest time an activity may begin  with  the  latest  time  the  activity  may  begin  without  delaying  the  project. For example, surveying may begin on day 1, so the earliest start time is day 1. However, because it will take 15 days to request and receive permits, surveying can begin as late as day 13 and still not hold up the project schedule.Therefore,


[2]
[SECTION]: Planning and Managing the Project > 3.1 Tracking Progress > Slack time = latest start time -earliest start time
[CONTENT]: assign a probable duration according to some probability distribution, so that each activity has associated with it an expected value and a variance. In other words, instead of knowing an exact duration, we estimate a window or interval in which the actual time is likely to fall. The expected value is a point within the interval, and the variance describes the width of the interval. You may be familiar with a standard probability distribution called a normal distribution, whose graph is a bell-shaped curve.The Program Evaluation and Review Technique (PERT) is a popular critical path analysis technique that assumes a  normal distribution. (See Hillier and Lieberman [2001] for more information about PERT.) PERT determines the probability that the earliest start time for an activity is close to the scheduled time for that activity. Using information such as probability distribution, latest and earliest start times, and the activity graph, a PERT program can calculate the critical path and identify those activities most likely to be bottlenecks. Many project managers use the CPM or PERT method to examine their projects. However, these methods are valuable only for stable projects in which several activities take place concurrently. If the project's activities are mostly sequential, then almost all activities are on the critical path and are candidates for bottlenecks. Moreover, if the project requires redesign or rework,the activity graph and critical path are likely to change during development.


[3]
[SECTION]: Planning and Managing the Project > 3.1 Tracking Progress > Slack time = latest start time -earliest start time
[CONTENT]: 
[FIGURE_DESCRIPTIONS]
[0] A CPM bar chart displaying project activities with two time axes labeled Early Date and Late Date, followed by monthly markers from Jan 98 to Feb 99. The left column lists task names including Test of phase 1, Define test plan, Write test plan, Inspect test plan, Integration testing, Interface testing, Document results, System testing, Performance tests, Configuration tests, and Document results again. Each row shows a horizontal bar whose length corresponds to the duration of the task, with the bars using asterisks to indicate progress or activity span. Date headers align above the bars: Jan 98, Feb 98, Mar 98, Apr 98, May 98, Jun 98, Jul 98, Aug 98, Sep 98, Oct 98, Nov 98, Dec 98, Jan 99, Feb 99. Specific tasks end or extend into late 1998 and early 1999, with some bars truncated to FFFFFF or marked as ----FFF indicating milestones or incomplete progress. The diagram is labeled FIGURE 3.4 CPM bar chart and includes a small legend-like section on the far right. Visible text includes task names, dates, and bar annotations such as ***** or -FFFFF-.

","[
  {
    ""role"": ""paragraph"",
    ""segment"": ""Slack time or float for an activity is the difference between the available time and the real time for that activity: Slack time = available time -real time. For example, surveying may begin on day 1, so the earliest start time is day 1. However, because it will take 15 days to request and receive permits, surveying can begin as late as day 13 and still not hold up the project schedule. Therefore, surveying has 15 days of available time, but requires only 3 days of real time."",
    ""citations"": [
      {
        ""type"": ""source_text"",
        ""content"": ""Slack time or float for an activity is the difference between the available time and the real time for that activity:\nSlack time = available time -real time"",
        ""img_id"": null
      },
      {
        ""type"": ""source_text"",
        ""content"": ""surveying may begin on day 1, so the earliest start time is day 1. However, because it will take 15 days to request and receive permits, surveying can begin as late as day 13 and still not hold up the project schedule.Therefore,\n"",
        ""img_id"": null
      },
      {
        ""type"": ""source_text"",
        ""content"": ""surveying has 15 days of available time, but requires only 3 days of real time."",
        ""img_id"": null
      }
    ],
    ""type"": null
  }
]","Slack time or float for an activity is the difference between the available time and the real time for that activity: Slack time = available time -real time. For example, surveying may begin on day 1, so the earliest start time is day 1. However, because it will take 15 days to request and receive permits, surveying can begin as late as day 13 and still not hold up the project schedule. Therefore, surveying has 15 days of available time, but requires only 3 days of real time.",2.361,7.338
What is the critical path?,"
[0]
[SECTION]: Planning and Managing the Project > 3.14 Exercises
[CONTENT]:  - You are about to bake a two-layer birthday cake with icing. Describe the cake-baking project as a work breakdown structure. Generate an activity graph from that structure. What is the critical path?
 - Figure 3.23 is an activity graph for a software development project. The number corresponding to each edge of the graph indicates the number of days required to complete the activity represented by that branch. For example, it will take four days to complete the E activity that ends in milestone E. For each activity, list its precursors and compute the earliest start time, the latest start time, and the slack.Then, identify the critical path.
 - Figure 3.24 is an activity graph. Find the critical path.
 - On a software development project, what kinds of activities can be performed in parallel? Explain why the activity graph sometimes hides the interdependencies of these activities.
 - Describe  how  adding  personnel  to  a  project  that  is  behind  schedule  might  make  the project completion date even later.
[FIGURE_DESCRIPTIONS]
[0] Activity graph for Exercise 2. The diagram shows a top triangular path from node D to I with edges labeled 5, 2, and 6 forming a small cycle with B, D, and I. A horizontal main path runs from START at node A through nodes E, G, I to FINISH at the far right, with edge labels: START to A (4), A to E (4), E to G (3), G to I (2), I to FINISH (8). A bottom path connects A to C to F to H to K to FINISH, with edge labels: A to C (5), C to F (3), F to H (3), H to K (3), K to FINISH (3). There are additional connections: B between START and D to I forming a subpath, and E connected to G and to B via edges labeled 3 and 6 respectively, indicating multiple routes. The diagram is a graph with labeled edges and numeric weights, illustrating search or traversal possibilities across the activity graph, with START on the far left and FINISH on the far right. Visible text includes node labels A, B, C, D, E, F, G, H, I, K and edge weights such as 4, 5, 3, 6, 2, 8, etc.



[1]
[SECTION]: Planning and Managing the Project > 3.1 Tracking Progress > Slack time = latest start time -earliest start time
[CONTENT]: Since the critical path has no slack, there is no margin for error when performing the activities along its route.
Notice what happens when an activity on the critical path begins late (i.e., later than its earliest start time). The late start pushes all subsequent critical path activities forward, forcing them to be late, too, if there is no slack. And for activities not on the critical path, the subsequent activities may also lose slack time. Thus, the activity graph helps us to understand the impact of any schedule slippage.
Consider what happens if the activity graph has several loops in it. Loops may occur when an activity must be repeated. For instance, in our house-building example, the building inspector may require the plumbing to be redone.In software development, a design inspection may require design or requirements to be respecified. The appearance of these loops may change the critical path as the loop activities are exercised more than once. In this case, the effects on the schedule are far less easy to evaluate.
Figure 3.4 is a bar chart that shows some software development project activities, including information about the early and late start dates; this chart is typical of those produced by automated project management tools. The horizontal bars represent the duration of each activity; those bars composed of asterisks indicate the critical path. Activities depicted by dashes and Fs are not on the critical path, and an F represents float or slack time.
Critical path analysis of a project schedule tells us who must wait for what as the project is being developed. It also tells us which activities must be completed on schedule to avoid delay. This kind of analysis can be enhanced in many ways. For instance, our house-building example supposes that we know exactly how long each activity will take. Often, this is not the case. Instead, we have only an estimated duration for an activity, based on our knowledge of similar projects and events. Thus, to each activity, we can ***********************


[2]
[SECTION]: Planning and Managing the Project > 3.6 Process Models And Project Management > Enrollment Management
[CONTENT]: Another cusp occurred when a critical task was announced to be several months behind schedule.The management addressed this problem by instituting regular operational  inspections  of  progress  so  there  would  be  no  more  surprises. The  inspection involved presentation of a one-page report, itemizing key points about the project:
 - schedule
 - milestones
 - critical path events in the past month
 - activities along the critical path in the next month
 - issues and dependencies resolved
 - issues and dependencies not resolved (with ownership and due dates)
An important aspect of Alpha's success was the managers' realization that engineers  are  usually  motivated  more  by  recognition  than  by  financial  gain. Instead  of rewarding participants with money, they focused on announcing progress and on making sure that the public knew how much the managers appreciated the engineers' work.
The result of Alpha's flexible and focused management was a program that met its  schedule to the month, despite setbacks along the way. Enrollment management enabled small groups to recognize their potential problems early and take steps to handle them while the problems were small and localized. Constancy of purpose was combined with continual learning to produce an exceptional product. Alpha met its performance goals, and its quality was reported to be very high.


[3]
[SECTION]: Testing the Programs > 8.8 When To Stop Testing > Other Stopping Criteria
[CONTENT]: The test strategy itself can be used to set stopping criteria for testing. For example, when we are doing statement, path, or branch testing, we can track how many statements, paths, or branches need to be executed and determine our test progress in terms of the number of statements, paths, or branches left to test.
Many automated tools calculate these coverage values for us. Consider this code from Lee and Tepfenhart (1997) to implement a computer game:
A tool may add to the listing a notation about where the branches are, as shown. Thus, branch 1 is the path taken when i is within the loop parameters in statement 6, branch 2 is the path taken when i is not in the loop parameters, branch 3 is the path taken when v.X is zero in statement 13, branch 4 is the path taken when v.X is not zero, and so on.An automated tool can calculate all of the paths to be covered by tests; in this case, there are or 8, possibilities.Then, as testing progresses, the tool may produce a report like the ones in Tables 8.8 and 8.9, so we see how many paths are left to traverse in order to have path or branch coverage. 2 3 ,
","[
  {
    ""role"": ""sentence"",
    ""segment"": ""The critical path is the path through the schedule that has no slack; the activities on it have zero slack and there is no margin for error."",
    ""citations"": [
      {
        ""type"": ""source_text"",
        ""content"": ""Since the critical path has no slack, there is no margin for error when performing the activities along its route."",
        ""img_id"": null
      }
    ],
    ""type"": null
  }
]",The critical path is the path through the schedule that has no slack; the activities on it have zero slack and there is no margin for error.,2.025,5.265
What are the two components used to describe a preferred work style?,"
[0]
[SECTION]: Planning and Managing the Project > 3.2 Project Personnel > Work Styles
[CONTENT]: Different people have different preferred styles for interacting with others on the job and for understanding problems that arise in the course of their work. For example, you may prefer to do a detailed analysis of all possible information before making a decision, whereas your colleague may rely on 'gut feeling' for most of his important decisions. You can think of your preferred work style in terms of two components: the way in which your thoughts are communicated and ideas gathered, and the degree to which your emotions affect decision making. When communicating ideas, some people tell others their thoughts, and some people ask for suggestions from others before forming an opinion. Jung (1959) calls the former extroverts and the latter introverts . Clearly, your communication style affects the way you interact with others on a project. Similarly, intuitive people base their decisions on feelings about and emotional reactions to a problem. Others are rational , deciding primarily by examining the facts and carefully considering all options.
We can describe the variety of work styles by considering the graph of Figure 3.10, where communication style forms the horizontal axis and decision style the vertical one.The more extroverted you are, the farther to the right your work style falls on the graph. Similarly, the more emotions play a part in your decisions, the higher up you go. Thus, we can define four basic work styles, corresponding to the four quadrants of the graph. The rational extroverts tend to assert their ideas and not let 'gut feeling' affect their decision making.They tell their colleagues what they want them to know, but they rarely ask for more information before doing so.When reasoning,they rely on logic, not emotion.The rational introverts also avoid emotional decisions, but they are willing to take time to consider all possible courses of action. Rational introverts are information gatherers; they do not feel comfortable making a decision unless they are convinced that all the facts are at hand.


[1]
[SECTION]: Planning and Managing the Project > 3.2 Project Personnel > Work Styles
[CONTENT]: Work styles can also involve choice of worker for a given task.For instance,intuitive employees may prefer design and development (requiring new ideas) to maintenance programming and design (requiring attention to detail and analysis of complex results).


[2]
[SECTION]: Modeling the Process and Life Cycle > 2.3 Tools And Techniques For Process Modeling
[CONTENT]: There are many choices for modeling tools and techniques, once you decide what you want to capture in your process model; we have seen several modeling approaches in our  model  depictions  in  the  preceding  section. The  appropriate  technique  for  you depends on your goals and your preferred work style. In particular, your choice for notation depends on what you want to capture in your model.The notations range from textual ones that express processes as functions, to graphical ones that depict processes as hierarchies of boxes and arrows, to combinations of pictures and text that link the graphical depiction to tables and functions elaborating on the high-level illustration. Many of the modeling notations can also be used for representing requirements and designs; we examine some of them in later chapters.
In this chapter, the notation is secondary to the type of model, and we focus on two major categories, static and dynamic. A static model depicts the process, showing that the inputs are transformed to outputs.A dynamic model enacts the process, so the user can see how intermediate and final products are transformed over time.


[3]
[SECTION]: Designing the Architecture > 5.4 Architectural Styles And Strategies > Repositories
[CONTENT]: A repository style of architecture consists of two types of components: a central data store and associated data-accessing components. Shared data are stockpiled in the data store, and the data accessors are computational units that store, retrieve, and update the information. It is challenging to design such a system, because we must decide how the two types of components will interact. In a traditional database , the data store acts like a server component, and the data-accessing clients request information from the data store, perform calculations, and request that results be written back to the data store. In such a system, the data-accessing components are active , in that they initiate the system's computations.
However, in the blackboard type of repository (illustrated in Figure 5.8), the dataaccessing components are reactive : they execute in reaction to the current contents of the data store. Typically, the blackboard contains information about the current state of the system's  execution  that  triggers  the  execution  of  individual  data  accessors, called knowledge sources . For example, the blackboard may store computation tasks, and an idle knowledge source checks a task out of the blackboard, performs the computation locally, and checks the result back into the blackboard. More commonly, the blackboard stores the current state of the system's computation,and knowledge sources detect pieces of the unsolved problem to tackle. For example, in a rule-based system, the current state of the solution is stored in the blackboard, and knowledge sources iteratively revise and improve the solution by applying rewriting rules.The style is analogous to a computation or proof that is written on a real-world blackboard, where people (knowledge sources) iteratively improve the write-up by walking up to the blackboard, erasing some part of the writing, and replacing it with new writing (Shaw and Garlan 1996).


[4]
[SECTION]: Designing the Architecture > 5.4 Architectural Styles And Strategies
[CONTENT]: Researchers are continuously analyzing good software designs, looking for useful architectural styles that can be applied more generally. These styles are then collected in style catalogues that an architect can reference when considering the best architecture for a given set of requirements. A few of these catalogues are listed at the end of this chapter.
In  the  rest  of  this  section, we  examine  six  architectural  styles  commonly  used in software development: pipe-and-filter, client-server, peer-to-peer, publish-subscribe, repositories , and layering . For each style, we describe the software elements comprising the style, the constraints on interactions among elements, and some properties (good and bad) of the resulting system.
","[
  {
    ""role"": ""sentence"",
    ""segment"": ""The two components are: the way in which your thoughts are communicated and ideas gathered, and the degree to which your emotions affect decision making."",
    ""citations"": [
      {
        ""type"": ""source_text"",
        ""content"": ""Two components: the way in which your thoughts are communicated and ideas gathered, and the degree to which your emotions affect decision making."",
        ""img_id"": null
      }
    ],
    ""type"": null
  }
]","The two components are: the way in which your thoughts are communicated and ideas gathered, and the degree to which your emotions affect decision making.",1.645,3.685
How do rational extroverts make decisions according to the work styles framework?,"
[0]
[SECTION]: Planning and Managing the Project > 3.2 Project Personnel > Work Styles
[CONTENT]: Different people have different preferred styles for interacting with others on the job and for understanding problems that arise in the course of their work. For example, you may prefer to do a detailed analysis of all possible information before making a decision, whereas your colleague may rely on 'gut feeling' for most of his important decisions. You can think of your preferred work style in terms of two components: the way in which your thoughts are communicated and ideas gathered, and the degree to which your emotions affect decision making. When communicating ideas, some people tell others their thoughts, and some people ask for suggestions from others before forming an opinion. Jung (1959) calls the former extroverts and the latter introverts . Clearly, your communication style affects the way you interact with others on a project. Similarly, intuitive people base their decisions on feelings about and emotional reactions to a problem. Others are rational , deciding primarily by examining the facts and carefully considering all options.
We can describe the variety of work styles by considering the graph of Figure 3.10, where communication style forms the horizontal axis and decision style the vertical one.The more extroverted you are, the farther to the right your work style falls on the graph. Similarly, the more emotions play a part in your decisions, the higher up you go. Thus, we can define four basic work styles, corresponding to the four quadrants of the graph. The rational extroverts tend to assert their ideas and not let 'gut feeling' affect their decision making.They tell their colleagues what they want them to know, but they rarely ask for more information before doing so.When reasoning,they rely on logic, not emotion.The rational introverts also avoid emotional decisions, but they are willing to take time to consider all possible courses of action. Rational introverts are information gatherers; they do not feel comfortable making a decision unless they are convinced that all the facts are at hand.


[1]
[SECTION]: Planning and Managing the Project > 3.2 Project Personnel > Work Styles
[CONTENT]: To see how work styles affect interactions on a project, consider several typical staff profiles. Kai, a rational extrovert, judges her colleagues by the results they produce. When making a decision, her top priority is efficiency. Thus, she wants to know only the bottom line. She examines her options and their probable effects, but she does not need to see documents or hear explanations supporting each option. If her time is wasted or her efficiency is hampered in some way, she asserts her authority to regain control of the situation.Thus, Kai is good at making sound decisions quickly.
Marcel, a rational introvert, is very different from his colleague Kai. He judges his peers by how busy they are, and he has little tolerance for those who appear not to be working hard all the time. He is a good worker, admired for the energy he devotes to his work. His reputation as a good worker is very important to him, and he prides himself on being accurate and thorough. He does not like to make decisions without complete information. When asked to make a presentation, Marcel does so only after gathering all relevant information on the subject.
Marcel shares an office with David, an intuitive extrovert. Whereas Marcel will not make a decision without complete knowledge of the situation, David prefers to follow his feelings. Often, he will trust his intuition about a problem, basing his decision on professional judgment rather than a slow, careful analysis of the information at hand. Since he is assertive, David tends to tell the others on his project about his new ideas. He is creative, and he enjoys when others recognize his ideas. David likes to work in an environment where there is a great deal of interaction among the staff members.


[2]
[SECTION]: Planning and Managing the Project > 3.2 Project Personnel > Work Styles
[CONTENT]: In  contrast, intuitive  extroverts base  many  decisions  on  emotional  reactions, tending to want to tell others about them rather than ask for input.They use their intuition to be creative, and they often suggest unusual approaches to solving a problem. The intuitive introvert is creative, too, but applies creativity only after having gathered INTUITIVE sufficient information on which to base a decision. Winston Churchill was an intuitive introvert; when he wanted to learn about an issue, he read every bit of material available that addressed it. He often made his decisions based on how he felt about what he had learned (Manchester 1983).
[FIGURE_DESCRIPTIONS]
[0] Diagram showing a 2x2 grid with axes labeled INTUITIVE vs RATIONAL and INWARD vs OUTWARD, forming four quadrants. The top-left quadrant is labeled INTUITIVE INWARD and includes sublabels: 'Intuitive', 'Introvert', 'Asks others', 'Acknowledges feelings'? The top-right quadrant labeled INTUITIVE OUTEXTROVERT? and contains 'Tells others', 'Acknowledges feelings'. The bottom-left quadrant labeled RATIONAL INTROVERT includes 'Asks others' and 'Decides logically'. The bottom-right quadrant labeled RATIONAL EXTROVERT includes 'Tells others' and 'Decides logically'. Along the top edge there are text cues 'INTUITIVE' on the left and 'WORK styles' on the right. Vertical axis reads from INWARD at bottom to OUTWARD at top, and a separate vertical label 'EXPERT' on the right side of the diagram. The central cross marks likely indicate a personality framework differentiating intuition vs rationality and inward vs outward orientation, presenting a matrix of work styles with associated behaviors. The diagram emphasizes how different combinations influence communication: intuitive vs rational and introvert vs extrovert, with actions like telling others or asking others and the tendency to acknowledge feelings vs decide logically.



[3]
[SECTION]: Planning and Managing the Project > 3.2 Project Personnel > Work Styles
[CONTENT]: Work styles can also involve choice of worker for a given task.For instance,intuitive employees may prefer design and development (requiring new ideas) to maintenance programming and design (requiring attention to detail and analysis of complex results).


[4]
[SECTION]: The Future of Software Engineering > 14.3 Decision-Making In Software Engineering > How We Really Decide
[CONTENT]: Anchoring-and-adjustment is another common technique employed by estimators. Here the estimator selects an analogous situation and then adjusts it to suit the new circumstances. However, there is considerable evidence to suggest that estimators are unduly cautious when making the adjustment. In other words, the anchoring dominates and then insufficient adaptation is made. This approach may be influenced by recall, in  that  the  most  suitable  analogies  may  be  overlooked  because  they  are  not recent.
A reluctance to appear negative can also affect expert judgment. DeMarco (1982) reminds us that 'realism can be mistaken for disloyalty,' leading to undue optimism in making predictions, both individually and in groups.
","[
    {
        ""role"": ""sentence"",
        ""segment"": ""The rational extroverts tend to assert their ideas and not let 'gut feeling' affect their decision making. They tell their colleagues what they want them to know, but they rarely ask for more information before doing so. When reasoning,they rely on logic, not emotion."",
        ""citations"": [
            {
                ""type"": ""source_text"",
                ""content"": ""The rational extroverts tend to assert their ideas and not let 'gut feeling' affect their decision making.They tell their colleagues what they want them to know, but they rarely ask for more information before doing so.When reasoning,they rely on logic, not emotion."",
                ""img_id"": null
            }
        ],
        ""type"": null
    }
]","The rational extroverts tend to assert their ideas and not let 'gut feeling' affect their decision making. They tell their colleagues what they want them to know, but they rarely ask for more information before doing so. When reasoning,they rely on logic, not emotion.",1.466,4.886
How does an egoless programming team approach responsibility?,"
[0]
[SECTION]: Planning and Managing the Project > 3.2 Project Personnel > Project Organization
[CONTENT]: [FIGURE 3.11 Chief programmer team organization.] 
Clearly, the chief programmer must be good at making decisions quickly, so the chief is likely to be an extrovert. However, if most of the team members are introverts, the chief programmer team may not be the best structure for the project. An alternative is based on the idea of 'egoless' programming, as described by Weinberg (1971). Instead of a single point of responsibility, an egoless approach holds everyone equally responsible. Moreover, the process is separated from the individuals; criticism is made of  the  product  or  the  result, not  the  people  involved. The  egoless  team  structure  is democratic, and all team members vote on a decision, whether it concerns design considerations or testing techniques.
Of course, there are many other ways to organize a development or maintenance project, and the two described above represent extremes.Which structure is preferable? The more people on the project, the more need there is for a formal structure. Certainly, a development team with only three or four members does not always need an elaborate organizational structure. However, a team of several dozen workers must have a welldefined organization.In fact, your company or your customer may impose a structure on the development team, based on past success, on the need to track progress in a certain way, or on the desire to minimize points of contact. For example, your customer may insist that the test team be totally independent of program design and development.


[1]
[SECTION]: Testing the Programs > 8.2 Testing Issues > Who Performs the Tests?
[CONTENT]: Even when a system is developed with an egoless approach, we sometimes have difficulty removing our personal feelings from the testing process. Thus, we often use an independent test team to test a system. In this way, we avoid conflict between personal responsibility for faults and the need to discover as many faults as possible.
In addition, several other factors justify an independent team. First, we may inadvertently introduce faults when interpreting the design, determining the program logic, writing descriptive documentation, or implementing the algorithms. Clearly, we would not have submitted our code for testing if we did not think the code performed according to specification. But we may be too close to the code to be objective and to recognize some of the more subtle faults.
Furthermore, an independent test team can participate in reviewing the components throughout development. The team can be part of the requirements and design reviews, can test the code components individually, and can test the system as it is integrated and presented to the customers for acceptance. In this way, testing can proceed concurrently with coding; the test team can test components as they are completed and begin to piece them together while the programming staff continues to code other components.


[2]
[SECTION]: Planning and Managing the Project > 3.10 What This Chapter Means For Your Development Team
[CONTENT]: At  the  same  time, you  have  learned  how  to  organize  a  development  team  so  that team interaction helps produce a better product. There are several choices for team structure, from  a  hierarchical  chief  programmer  team  to  a  loose, egoless  approach. Each has its benefits, and each depends to some degree on the uncertainty and size of the project.
We have also seen how the team can work to anticipate and reduce risk from the project's beginning. Redundant functionality, team reviews, and other techniques can help us catch errors early, before they become embedded in the code as faults waiting to cause failures.
Similarly, cost estimation should be done early and often, including input from team members about progress in specifying, designing, coding, and testing the system. Cost estimation and risk management can work hand in hand; as cost estimates raise concerns about finishing on time and within budget, risk management techniques can be used to mitigate or even eliminate risks.


[3]
[SECTION]: Planning and Managing the Project > 3.2 Project Personnel > SIDEBAR 3.2 STRUCTURE VS. CREATIVITY
[CONTENT]: K unde (1997) reports the results of experiments by Sally Philipp, a developer of software training materials. When Philipp teaches a management seminar, she divides her class into two groups. Each group is assigned the same task: to build a hotel with construction paper  and  glue. Some  teams  are  structured, and  the  team  members  have  clearly  defined responsibilities. Others are left alone, given no direction or structure other than to build the hotel. Philipp claims that the results are always the same.'The unstructured teams always do incredibly creative, multistoried Taj Mahals and never complete one on time. The structured teams do a Day's Inn [a bland but functional small hotel], but they're finished and putting chairs around the pool when I call time,' she says.
One way she places structure on a team is by encouraging team members to set deadlines. The overall task is broken into small subtasks, and individual team members are responsible for time estimates. The deadlines help to prevent 'scope creep,' the injection of unnecessary functionality into a product.
The experts in Kunde's article claim that good project management means finding a balance between structure and creativity. Left to their own devices, the software developers will focus only on functionality and creativity, disregarding deadlines and the scope of the specification. Many  software  project  management  experts  made  similar  claims. Unfortunately, much of this information is based on anecdote, not on solid empirical investigation.
The two types of organizational structure can be combined, where appropriate. For instance, programmers may be asked to develop a subsystem on their own, using an egoless approach within a hierarchical structure. Or the test team of a loosely structured project may impose a hierarchical structure on itself and designate one person to be responsible for all major testing decisions.


[4]
[SECTION]: Writing the Programs > 7.8 What This Chapter Means For Your Development Team
[CONTENT]: Although much of coding is an individual endeavor, all of coding must be done with your team in mind.Your use of information hiding allows you to reveal only the essential information about your components so that your colleagues can invoke them or reuse them. Your use of standards enhances communication among team members. And your use of common design techniques and strategies makes your code easier to test, maintain, and reuse.
","[
    {
        ""role"": ""sentence"",
        ""segment"": ""In an egoless programming team, everyone is held equally responsible; criticism is directed at the product or the result, not at people, and the team is democratic with all members voting on decisions."",
        ""citations"": [
            {
                ""type"": ""source_text"",
                ""content"": ""The egoless team structure is democratic, and all team members vote on a decision, whether it concerns design considerations or testing techniques."",
                ""img_id"": null
            },
            {
                ""type"": ""source_text"",
                ""content"": ""The egoless approach holds everyone equally responsible."",
                ""img_id"": null
            },
            {
                ""type"": ""source_text"",
                ""content"": ""the process is separated from the individuals; criticism is made of  the  product  or  the  result, not  the  people  involved."",
                ""img_id"": null
            }
        ],
        ""type"": null
    }
]","In an egoless programming team, everyone is held equally responsible; criticism is directed at the product or the result, not at people, and the team is democratic with all members voting on decisions.",1.646,5.279
How do you quantify the risk exposure for an identified risk?,"
[0]
[SECTION]: Planning and Managing the Project > 3.4 Risk Management > Risk Management Activities
[CONTENT]: The risk exposure is computed from the risk impact and the risk probability, so we must estimate each of these risk aspects. To see how the quantification is done, consider the analysis depicted in Figure 3.16. Suppose we have analyzed the system development process and we know we are working under tight deadlines for delivery.We have decided to build the system in a series of releases, where each release has more functionality than the one that preceded it. Because the system is designed so that functions are relatively independent, we consider testing only the new functions for a release, and we assume that the existing functions still work as they did before. However, we may worry that there are risks associated with not performing regression testing : the assurance that existing functionality still works correctly.
For  each  possible  outcome, we  estimate  two  quantities: the  probability  of  an unwanted  outcome, P(UO), and  the  loss  associated  with  the  unwanted  outcome,
[FIGURE 3.16 Example of risk exposure calculation.] 
[FIGURE_DESCRIPTIONS]
[0] The image presents a schematic decision tree for a reliability assessment or risk exposure analysis. It begins with a decision node asking whether a regression testing step is performed, with Yes/No branches. Each path branches into checks for finding a critical fault or not, and computes P(U0) and L(U0) values at each stage. Leftmost branch shows a regression testing decision leading to sub-branches: If Yes, then “Find critical fault” with P(U0)=0.75, L(U0)=$5M, resulting in combined risk exposure of $1.875M; If No, a different path with P(U0)=0.25, L(U0)=$0.5M, leading to subsequent checks and updated values such as $16.625M total exposure. The diagram includes numeric labels: P(U0) values (0.75, 0.25, 0.20, 0.0, etc.), L(U0) monetary amounts (e.g., $5M, $0.5M, $30M, $50M, $0M), and final combined exposure amounts at the right edge (e.g., $1.875M, $16.625M). Text boxes on the left indicate decision points and outcomes; there is a dotted or solid flow indicating Yes/No paths and subsequent checks for critical fault presence. The visual emphasizes risk exposure calculation, conditional probabilities, and cost labels, suitable for lecture notes on risk assessment or software testing economics.



[1]
[SECTION]: Planning and Managing the Project > 3.4 Risk Management > SIDEBAR 3.4 BOEHM'S TOP TEN RISK ITEMS
[CONTENT]:  - The likelihood that the event will occur. We must have some idea of the probability that the event will occur. For example, suppose a project is being developed on one machine and will be ported to another when the system is fully tested. If the second machine is a new model to be delivered by the vendor, we must estimate the likelihood that it will not be ready on time. The likelihood of the risk, measured from 0 (impossible) to 1 (certainty) is called the risk probability . When the risk probability is 1, then the risk is called a problem , since it is certain to happen.
 - The degree to which we can change the outcome. For each risk, we must determine what we can do to minimize or avoid the impact of the event. Risk control involves a set of actions taken to reduce or eliminate a risk. For example, if the requirements may change after design, we can minimize the impact of the change by creating a flexible design. If the second machine is not ready when the software is tested, we may be able to identify other models or brands that have the same functionality and performance and can run our new software until the new model is delivered.
We can quantify the effects of the risks we identify by multiplying the risk impact by the risk probability, to yield the risk exposure . For example, if the likelihood that the requirements will change after design is 0.3, and the cost to redesign to new requirements is $50,000, then the risk exposure is $15,000. Clearly, the risk probability can change over time, as can the impact, so part of a project manager's job is to track these values over time and plan for the events accordingly.


[2]
[SECTION]: Planning and Managing the Project > 3.4 Risk Management > Risk Management Activities
[CONTENT]: [FIGURE 3.15 Steps in risk management (Rook 1993).] 
Finally, we  analyze  the  risks  we  have  identified, so  that  we  can  understand  as much as possible about when, why, and where they might occur. There are many techniques we can use to enhance our understanding, including system dynamics models, cost models, performance models, network analysis, and more.
Once we have itemized all the risks, we use our understanding to assign priorities them. A priority scheme enables us to devote our limited resources only to the most threatening risks. Usually, priorities are based on the risk exposure, which takes into account not only likely impact, but also the probability of occurrence.
[FIGURE_DESCRIPTIONS]
[0] Diagram depicting risk management framework with hierarchical branches: Risk assessment leading to Risk analysis, Risk prioritization, and Risk optimization. Sub-branches include Risk identification, Risk evaluation, and Risk control. Visible nodes show components such as Risk information, Risk knowledge, and Risk reduction measures. Additional branches illustrate driving activities like Checklist, Decomposition, Assumptions, and Decision driver analysis linked to Risk dynamics and Performance models. Several labeled arrows indicate relationships between risk factors, such as Buying information, Risk information, and Risk knowledge feeding into Risk reduction, Risk retrofitting, and Risk management planning. The figure emphasizes the flow from risk assessment to mitigation steps, including Risk monitoring and reporting, Risk prioritization, and Risk resolution, with annotations suggesting methods like Ownership, Development process, and Risk assimilation. Overall, a dense, multi-tier schematic of a risk management lifecycle with interconnected processes and decision points.



[3]
[SECTION]: Planning and Managing the Project > 3.11 What This Chapter Means For Researchers
[CONTENT]: This chapter has described many techniques that still require a great deal of research. Little is known about which team organizations work best in which situations. Likewise, cost- and schedule-estimation models are not as accurate as we would like them to be, and improvements can be made as we learn more about how project, process, product, and resource characteristics affect our efficiency and productivity. Some methods, such as machine learning, look promising but require a great deal of historical data to make them accurate.Researchers can help us to understand how to balance practicality with accuracy when using estimation techniques.
Similarly, a great deal of research is needed in making risk management techniques practical. The calculation of risk exposure is currently more an art than a science, and we need methods to help us make our risk calculations more relevant and our mitigation techniques more effective.
","[
  {
    ""role"": ""paragraph"",
    ""segment"": ""We can quantify the effects of the risks we identify by multiplying the risk impact by the risk probability, to yield the risk exposure. For example, if the likelihood that the requirements will change after design is 0.3, and the cost to redesign to new requirements is $50,000, then the risk exposure is $15,000."",
    ""citations"": [
      {
        ""type"": ""source_text"",
        ""content"": ""We can quantify the effects of the risks we identify by multiplying the risk impact by the risk probability, to yield the risk exposure."",
        ""img_id"": null
      },
      {
        ""type"": ""source_text"",
        ""content"": ""For example, if the likelihood that the requirements will change after design is 0.3, and the cost to redesign to new requirements is $50,000, then the risk exposure is $15,000."",
        ""img_id"": null
      }
    ],
    ""type"": null
  }
]","We can quantify the effects of the risks we identify by multiplying the risk impact by the risk probability, to yield the risk exposure. For example, if the likelihood that the requirements will change after design is 0.3, and the cost to redesign to new requirements is $50,000, then the risk exposure is $15,000.",1.857,5.23
What are the three strategies for risk reduction?,"
[0]
[SECTION]: Planning and Managing the Project > 3.4 Risk Management > Risk Management Activities
[CONTENT]: L(UO). For instance, there are three possible consequences of performing regression testing: finding a critical fault if one exists, not finding the critical fault (even though it exists), or deciding (correctly) that there is no critical fault. As the figure illustrates, we have estimated the probability of the first case to be 0.75, of the second to be 0.05, and of the third to be 0.20. The loss associated with an unwanted outcome is estimated to be $500,000 if a critical fault is found, so that the risk exposure is $375,000. Similarly, we calculate the risk exposure for the other branches of this decision tree, and we find that our risk exposure if we perform regression testing is almost $2 million. However, the same kind of analysis shows us that the risk exposure if we do not perform regression testing is almost $17 million. Thus, we say (loosely) that more is at risk if we do not perform regression testing.
Risk exposure helps us to list the risks in priority order, with the risks of most concern given the highest priority. Next, we must take steps to control the risks.The notion of control acknowledges that we may not be able to eliminate all risks. Instead, we may be able to minimize the risk or mitigate it by taking action to handle the unwanted outcome in an acceptable way. Therefore, risk control involves risk reduction, risk planning, and risk resolution.
There are three strategies for risk reduction:
 - avoiding the risk, by changing requirements for performance or functionality
 - transferring the risk, by allocating risks to other systems or by buying insurance to cover any financial loss should the risk become a reality
 - assuming the risk, by accepting it and controlling it with the project's resources To aid decision making about risk reduction, we must take into account the cost of reducing the risk. We call risk leverage the difference in risk exposure divided by the cost of reducing the risk. In other words, risk reduction leverage is If the leverage value is not high enough to justify the action, then we can look for other less costly or more effective reduction techniques.


[1]
[SECTION]: Planning and Managing the Project > 3.4 Risk Management > Risk Management Activities
[CONTENT]: / 1 cost of risk reduction 2 1 Risk exposure before reduction -risk exposure after reduction 2 In some cases, we can choose a development process to help reduce the risk. For example,we saw in Chapter 2 that prototyping can improve understanding of the requirements and design,so selecting a prototyping process can reduce many project risks.
It is useful to record decisions in a risk management plan , so that both customer and development team can review how problems are to be avoided, as well as how they are to be  handled  should  they  arise. Then, we  should  monitor  the  project  as  development progresses, periodically reevaluating the risks, their probability, and their likely impact.


[2]
[SECTION]: Planning and Managing the Project > 3.8 Real-Time Example
[CONTENT]: [FORMULA]
1.01 + 0.01 1 12 2 Once the risks were identified, the analysis phase might have included simulations, which probably would have highlighted the problem that eventually caused the rocket's destruction. And prioritization would have identified the risk exposure if the SRI did not work as planned; the high exposure might have prompted the project team to examine the SRI and its workings more carefully before implementation.
Risk control involves risk reduction, management planning, and risk resolution. Even if the risk assessment activities had missed the problems inherent in reusing the SRI from Ariane-4, risk reduction techniques including risk avoidance analysis might have noted that both SRIs could have been shut down for the same underlying cause. Risk avoidance might have involved using SRIs with two different designs, so that the design error would have shut down one but not the other. Or the fact that the SRI calculations were not needed after lift-off might have prompted the designers or implementers  to  shut  down  the  SRI  earlier, before  it  corrupted  the  data  for  the  angle calculations. Similarly, risk  resolution  includes  plans  for  mitigation  and  continual reassessment of risk. Even if the risk of SRI failure had not been caught earlier, a risk reassessment during design or even during unit testing might have revealed the problem in the middle of development.A redesign or development at that stage would have been costly, but not as costly as the complete loss of Ariane-5 on its maiden voyage.


[3]
[SECTION]: Planning and Managing the Project > 3.4 Risk Management > Risk Management Activities
[CONTENT]: Risk  management  involves  several  important  steps, each  of  which  is  illustrated  in Figure 3.15. First, we assess the risks on a project, so that we understand what may occur during the course of development or maintenance. The assessment consists of three activities: identifying the risks, analyzing them, and assigning priorities to each of them. To identify them, we may use many different techniques.
If the system we are building is similar in some way to a system we have built before, we may have a checklist of problems that may occur; we can review the checklist to determine if the new project is likely to be subject to the risks listed. For systems that are new in some way, we may augment the checklist with an analysis of each of the activities in the development cycle; by decomposing the process into small pieces, we may be able to anticipate problems that may arise. For example, we may decide that there is a risk of the chief designer leaving during the design process. Similarly, we may analyze the assumptions or decisions we make about how the project will be done, who will do it, and with what resources. Then, each assumption is assessed to determine the risks involved.


[4]
[SECTION]: Planning and Managing the Project > 3.4 Risk Management > What Is a Risk?
[CONTENT]: Many events occur during software development; Sidebar 3.4 lists Boehm's view of some of the riskiest ones.We distinguish risks from other project events by looking for three things (Rook 1993):
 - A loss associated with the event. The event must create a situation where something  negative  happens  to  the  project: a  loss  of  time, quality, money, control, understanding, and so on. For example, if requirements change dramatically after
","[
  {
    ""role"": ""bullet_intro"",
    ""segment"": ""There are three strategies for risk reduction:"",
    ""citations"": [
      {
        ""type"": ""source_text"",
        ""content"": ""There are three strategies for risk reduction:"",
        ""img_id"": null
      }
      ],
    ""type"": null
  },
  {
    ""role"": ""bullet"",
    ""segment"": ""avoiding the risk, by changing requirements for performance or functionality"",
    ""citations"": [
      {
        ""type"": ""source_text"",
        ""content"": ""- avoiding the risk, by changing requirements for performance or functionality"",
        ""img_id"": null
      }
    ],
    ""type"": null
  },
  {
    ""role"": ""bullet"",
    ""segment"": ""transferring the risk, by allocating risks to other systems or by buying insurance to cover any financial loss should the risk become a reality"",
    ""citations"": [
      {
        ""type"": ""source_text"",
        ""content"": ""- transferring the risk, by allocating risks to other systems or by buying insurance to cover any financial loss should the risk become a reality"",
        ""img_id"": null
      }
    ],
    ""type"": null
  },
  {
    ""role"": ""bullet"",
    ""segment"": ""assuming the risk, by accepting it and controlling it with the project's resources"",
    ""citations"": [
      {
        ""type"": ""source_text"",
        ""content"": ""- assuming the risk, by accepting it and controlling it with the project's resources"",
        ""img_id"": null
      }
    ],
    ""type"": null
  }
]","There are three strategies for risk reduction:
- avoiding the risk, by changing requirements for performance or functionality
- transferring the risk, by allocating risks to other systems or by buying insurance to cover any financial loss should the risk become a reality
- assuming the risk, by accepting it and controlling it with the project's resources",1.634,7.574
What three milestones common to all software development processes were identified by Boehm?,"
[0]
[SECTION]: Planning and Managing the Project > 3.6 Process Models And Project Management > Anchoring Milestones
[CONTENT]: In  Chapter  2, we  examined  many  process  models  that  described  how  the  technical activities of software development should progress. Then, in this chapter, we looked at several methods to organize projects to perform those activities. The Alpha AXP and F-16 examples have shown us that project management must be tightly integrated with the  development  process, not  just  for  tracking  progress, but, more  importantly, for effective  planning  and  decision  making  to  prevent  major  problems  from  derailing the project. Boehm  (1996)  has  identified  three  milestones  common  to  all  software development processes that can serve as a basis for both technical process and project management:
 - life-cycle objectives
 - life-cycle architecture
 - initial operational capability We can examine each milestone in more detail.
The purpose of the life-cycle objectives milestone is to make sure the stakeholders agree with the system's goals. The key stakeholders act as a team to determine the system boundary, the environment in which the system will operate, and the external systems with which the system must interact.Then, the stakeholders work through scenarios of how the system will be used.The scenarios can be expressed in terms of prototypes, screen layouts, data flows, or other representations, some of which we will learn about in later chapters. If the system is business- or safety-critical, the scenarios should also include instances where the system fails, so that designers can determine how the system is supposed to react to or even avoid a critical failure. Similarly, other essential features of the system are derived and agreed upon. The result is an initial life-cycle plan that lays out (Boehm 1996):
 - Objectives: Why is the system being developed?
 - Milestones and schedules: What will be done by when?
 - Responsibilities: Who is responsible for a function?
 - Approach: How will the job be done, technically and managerially?
 - Resources: How much of each resource is needed?
 - Feasibility: Can this be done, and is there a good business reason for doing it?


[1]
[SECTION]: Planning and Managing the Project > 3.6 Process Models And Project Management > Anchoring Milestones
[CONTENT]: The life-cycle architecture is coordinated with the life-cycle objectives. The purpose of the life-cycle architecture milestone is defining both the system and the software architectures, the components of which we will study in Chapters 5, 6, and 7. The architectural choices must address the project risks addressed by the risk management plan, focusing on system evolution in the long term as well as system requirements in the short term.
The key elements of the initial operational capability are the readiness of the software itself, the site at which the system will be used, and the selection and training of the team that will use it. Boehm notes that different processes can be used to implement  the  initial  operational  capability, and  different  estimating  techniques  can  be applied at different stages.
To  supplement  these  milestones, Boehm  suggests  using  the  Win-Win  spiral model, illustrated in Figure 3.22 and intended to be an extension of the spiral model we examined in Chapter 2. The model encourages participants to converge on a common understanding of the system's next-level objectives, alternatives, and constraints.
Boehm applied Win-Win, called the Theory W approach, to the U.S. Department of Defense's STARS program, whose focus was developing a set of prototype software 1.  Identify engineering environments. The project was a good candidate for Theory W, because there was a great mismatch between what the government was planning to build and what the potential users needed and wanted. The Win-Win model led to several key compromises,including negotiation of a set of common, open interface specifications to enable tool vendors to reach a larger marketplace at reduced cost, and the inclusion of three demonstration projects to reduce risk. Boehm reports that Air Force costs on the project  were  reduced  from  $140  to  $57  per  delivered  line  of  code  and  that  quality improved  from  3  to  0.035  faults  per  thousand  delivered  lines  of  code. Several  other projects report similar success.TRW developed over half a million lines of code for complex distributed software within budget and schedule using Boehm's milestones with five increments. The first increment included distributed kernel software as part of the lifecycle architecture milestone; the project was required to demonstrate its ability to meet projections that the number of requirements would grow over time (Royce 1990).


[2]
[SECTION]: Planning and Managing the Project > 3.3 Effort Estimation > Algorithmic Methods
[CONTENT]: Boehm (1981) developed the original COCOMO model in the 1970s, using an extensive database of information from projects at TRW, an American company that built software for many different clients. Considering software development from both an engineering and an economics viewpoint, Boehm used size as the primary determinant of cost and then adjusted the initial estimate using over a dozen cost drivers, including attributes of the staff, the project, the product, and the development environment. In the  1990s, Boehm updated the original COCOMO model, creating COCOMO II to reflect the ways in which software development had matured.
The COCOMO II estimation process reflects three major stages of any development project. Whereas the original COCOMO model used delivered source lines of code as its key input, the new model acknowledges that lines of code are impossible to know early in the development cycle. At stage 1, projects usually build prototypes to resolve high-risk issues involving user interfaces, software and system interaction, performance, or technological maturity. Here, little is known about the likely size of the final product under consideration, so COCOMO II estimates size in what its creators call application points. As we shall see, this technique captures size in terms of highlevel effort generators, such as the number of screens and reports, and the number of third-generation language components.
At stage 2, the early design stage, a decision has been made to move forward with development, but the designers must explore alternative architectures and concepts of operation. Again, there is not enough information to support fine-grained effort and duration estimation, but far more is known than at stage 1. For stage 2, COCOMO II employs function points as a size measure. Function points, a technique explored in depth  in  IFPUG  (1994a  and  b), estimate  the  functionality  captured  in  the  requirements, so they offer a richer system description than application points.
","[
    {
        ""role"": ""sentence"",
        ""segment"": ""The three milestones are life-cycle objectives, life-cycle architecture, and initial operational capability."",
        ""citations"": [
            {
                ""type"": ""source_text"",
                ""content"": ""- life-cycle objectives"",
                ""img_id"": null
            },
            {
                ""type"": ""source_text"",
                ""content"": ""- life-cycle architecture"",
                ""img_id"": null
            },
            {
                ""type"": ""source_text"",
                ""content"": ""- initial operational capability"",
                ""img_id"": null
            }
        ],
        ""type"": null
        }
]","The three milestones are life-cycle objectives, life-cycle architecture, and initial operational capability.",1.999,5.074
What is a functional requirement?,"
[0]
[SECTION]: Capturing the Requirements > 4.3 Types Of Requirements
[CONTENT]: When most people think about requirements, they think about required functionality : What  services  should  be  provided?  What  operations  should  be  performed?  What should be the reaction to certain stimuli? How does required behavior change over time  and  in  response  to  the  history  of  events? A functional  requirement describes required behavior in terms of required activities, such as reactions to inputs, and the state of each entity before and after an activity occurs. For instance, for a payroll system, the functional requirements state how often paychecks are issued, what input is necessary for a paycheck to be printed, under what conditions the amount of pay can be changed, and what causes the removal of an employee from the payroll list.
Requirements template The functional requirements define the boundaries of the solution space for our problem.The solution space is the set of possible ways that software can be designed to implement the requirements, and initially that set can be very large. However, in practice it is usually not enough for a software product to compute correct outputs; there are other types of requirements that also distinguish between acceptable and unacceptable products. A quality requirement , or nonfunctional requirement , describes some quality  characteristic  that  the  software  solution  must  possess, such  as  fast  response time, ease of use, high reliability, or low maintenance costs. A design constraint is  a design decision, such as choice of platform or interface components, that has already been made and that restricts the set of solutions to our problem.A process constraint is a restriction on the techniques or resources that can be used to build the system. For example, customers may insist that we use agile methods, so that they can use early versions  of  the  system  while  we  continue  to  add  features. Thus, quality  requirements, design constraints, and process constraints further restrict our solution space by differentiating  acceptable, well-liked  solutions  from  unused  products. Table  4.2 gives examples of each kind of requirement.
[FIGURE_DESCRIPTIONS]
[0] The image presents a diagram labeled FIGURE 4.2 (Sources of possible requirements) with a central oval titled ""Elicit requirements"" connected to multiple surrounding elements via directional lines. Visible text around the oval includes: ""Stakeholder wants and needs"", ""Domain models"", ""Current situation models"", ""Existing documents"", ""Suggested types of requirements"", ""Reusable requirements"", ""Requirements template"", and ""Base library"". The diagram appears to illustrate inputs and outputs related to elicitation, requirements gathering, and repository components. Additional labels indicate relationships such as current situation model feeding into the elicitation process, and the existence of a requirements template and a base library as supporting resources. The visual style uses a central hub-and-spokes layout typical of requirements engineering diagrams, with arrows suggesting data or influence flow toward or from the elicitation node.



[1]
[SECTION]: Capturing the Requirements > 4.3 Types Of Requirements
[CONTENT]: Quality requirements sometimes sound like 'motherhood' characteristics that all products ought to possess. After all, who is going to ask for a slow, unfriendly, unreliable, unmaintainable software system? It is better to think of quality requirements as design criteria  that  can  be  optimized  and  can  be  used  to  choose  among  alternative implementations of functional requirements. Given this approach, the question to be answered by the requirements is: To what extent must a product satisfy these quality requirements to be acceptable? Sidebar 4.4 explains how to express quality requirements such that we can test whether they are met.


[2]
[SECTION]: Capturing the Requirements > 4.13 Real-Time Example > 4.14 WHAT THIS CHAPTER MEANS FOR YOU
[CONTENT]: In  this  chapter, we  have  shown  the  best  practices  for  developing  quality  software requirements. We have seen that requirements activities should not be performed by the software developer in isolation: definition and specification efforts require working closely with users, customers, testers, designers, and other team members. Still, there are several skills that are important for you to master on your own:
 - It  is  essential  that  the  requirements  definition  and  specification  documents describe the problem, leaving solution selection to the designers. The best way of ensuring that you do not stray into the solution space is to describe requirements and specifications in terms of environmental phenomena.
 - There are a variety of sources and means for eliciting requirements. There are both functional and quality requirements to keep in mind.The functional requirements explain what the system will do, and the quality requirements constrain solutions in terms of safety, reliability, budget, schedule, and so on.
 - There are many different types of definition and specification techniques. Some are descriptive, such as entity-relationship diagrams and logic, while others are behavioral, such as event traces, data-flow diagrams, and functions. Some have graphical notations, and some are based on mathematics. Each emphasizes a different  view  of  the  problem, and  suggests  different  criteria  for  decomposing  a problem into subproblems. It is often desirable  to  use  a  combination  of  techniques to specify the different aspects of a system.
 - The specification techniques also differ in terms of their tool support, maturity, understandability, ease of use, and mathematical formality. Each one should be judged for the project at hand, as there is no best universal technique.


[3]
[SECTION]: Improving Predictions, Products, Processes, and Resources > 13.7 Real-Time Example
[CONTENT]: Improvement strategies are important at the European Space Agency, too. The Lions et al. (1996) report has suggested several improvements, including the following:
 - The team should perform a thorough requirements review to identify areas where Ariane-5 requirements differ significantly from Ariane-4. In particular, the specification should contain the Ariane-5 trajectory data as a functional requirement.
 - The team should do ground testing by injecting simulated acceleration signals in predicted  flight  parameters, using  a  turntable  to  simulate  launcher  angular movements.
 - The guidance system's precision should be demonstrated by analysis and computer simulation.
 - Reviews should become a part of the design and qualification process, carried out at all levels, and involving external experts and all major project partners.
These  steps  should  be  taken  as  part  of  a  regression  exercise  whenever  the  code  is changed.They should help to ensure that the failure modes that evaded detection in the past will not be missed in the future.
","[
  {
    ""role"": ""paragraph"",
    ""segment"": ""A functional requirement describes required behavior in terms of required activities, such as reactions to inputs, and the state of each entity before and after an activity occurs. For instance, for a payroll system, the functional requirements state how often paychecks are issued, what input is necessary for a paycheck to be printed, under what conditions the amount of pay can be changed, and what causes the removal of an employee from the payroll list."",
    ""citations"": [
      {
        ""type"": ""source_text"",
        ""content"": ""A functional  requirement describes required behavior in terms of required activities, such as reactions to inputs, and the state of each entity before and after an activity occurs. For instance, for a payroll system, the functional requirements state how often paychecks are issued, what input is necessary for a paycheck to be printed, under what conditions the amount of pay can be changed, and what causes the removal of an employee from the payroll list."",
        ""img_id"": null
      }
    ],
    ""type"": null
  }
]","A functional requirement describes required behavior in terms of required activities, such as reactions to inputs, and the state of each entity before and after an activity occurs. For instance, for a payroll system, the functional requirements state how often paychecks are issued, what input is necessary for a paycheck to be printed, under what conditions the amount of pay can be changed, and what causes the removal of an employee from the payroll list.",1.536,4.207
What is a design constraint?,"
[0]
[SECTION]: Capturing the Requirements > 4.3 Types Of Requirements
[CONTENT]: When most people think about requirements, they think about required functionality : What  services  should  be  provided?  What  operations  should  be  performed?  What should be the reaction to certain stimuli? How does required behavior change over time  and  in  response  to  the  history  of  events? A functional  requirement describes required behavior in terms of required activities, such as reactions to inputs, and the state of each entity before and after an activity occurs. For instance, for a payroll system, the functional requirements state how often paychecks are issued, what input is necessary for a paycheck to be printed, under what conditions the amount of pay can be changed, and what causes the removal of an employee from the payroll list.
Requirements template The functional requirements define the boundaries of the solution space for our problem.The solution space is the set of possible ways that software can be designed to implement the requirements, and initially that set can be very large. However, in practice it is usually not enough for a software product to compute correct outputs; there are other types of requirements that also distinguish between acceptable and unacceptable products. A quality requirement , or nonfunctional requirement , describes some quality  characteristic  that  the  software  solution  must  possess, such  as  fast  response time, ease of use, high reliability, or low maintenance costs. A design constraint is  a design decision, such as choice of platform or interface components, that has already been made and that restricts the set of solutions to our problem.A process constraint is a restriction on the techniques or resources that can be used to build the system. For example, customers may insist that we use agile methods, so that they can use early versions  of  the  system  while  we  continue  to  add  features. Thus, quality  requirements, design constraints, and process constraints further restrict our solution space by differentiating  acceptable, well-liked  solutions  from  unused  products. Table  4.2 gives examples of each kind of requirement.
[FIGURE_DESCRIPTIONS]
[0] The image presents a diagram labeled FIGURE 4.2 (Sources of possible requirements) with a central oval titled ""Elicit requirements"" connected to multiple surrounding elements via directional lines. Visible text around the oval includes: ""Stakeholder wants and needs"", ""Domain models"", ""Current situation models"", ""Existing documents"", ""Suggested types of requirements"", ""Reusable requirements"", ""Requirements template"", and ""Base library"". The diagram appears to illustrate inputs and outputs related to elicitation, requirements gathering, and repository components. Additional labels indicate relationships such as current situation model feeding into the elicitation process, and the existence of a requirements template and a base library as supporting resources. The visual style uses a central hub-and-spokes layout typical of requirements engineering diagrams, with arrows suggesting data or influence flow toward or from the elicitation node.



[1]
[SECTION]: Capturing the Requirements > 4.5 Modeling Notations > Example: Object Constraint Language (OCL)
[CONTENT]: The Object Constraint Language (OCL) is an attempt to create a constraint language that is both mathematically precise and easy for nonmathematicians, like customers, to read, write, and  understand. The  language  is  specially  designed  for  expressing  constraints on object models (i.e., ER diagrams), and introduces language constructs for navigating from one object to another via association paths, for dealing with collections of objects, and for expressing queries on object type.
A partial Library class model from Figure 4.5 appears in Figure 4.18, in which three classes have been detailed and annotated with OCL constraints. The leftmost constraint is an invariant on the Patron class, and specifies that no patron's fines may have  a  negative  value  (i.e., the  library  always  makes  change  if  a  patron's  payment exceeds his or her fines). The topmost constraint is an invariant on the Publication class, and specifies that call numbers are unique.This constraint introduces Thus, the constraint literally says that for any two publications, p1 and p2 , returned by allinstances, if p1 and p2 are not the same publication, then they have different call numbers.The third constraint, attached to the method borrow() , expresses the operation's pre- and post-conditions. One of the pre-conditions concerns an attribute in the Patron class, which is accessible via the borrow association; the patron object can be referenced either by its role name, borrower , or by the class name written in lowercase letters, if the association's far end has no role name. If the association's multiplicity were greater than 0..1, then  navigating  the  association  would  return  a  collection  of objects, and we would use notation, rather than dot notation, to access the objects' attributes. :


[2]
[SECTION]: Designing the Architecture > 5.4 Architectural Styles And Strategies > Layering
[CONTENT]: Layered systems organize the system's software units into layers, each of which provides services to the layer above it and acts as a client to the layer below. In a 'pure' layered system, a software unit in a given layer can access only the other units in the same layer and services offered by the interface to the layer immediately below it. To improve performance, this constraint may be relaxed in some cases, allowing a layer to access the services of layers below its lower neighbor; this is called layer bridging . However, if a design includes a lot of layer bridging, then it loses some of the portability and maintainability that the layering style offers. Under no circumstances does a layer access the services offered by a higher-level layer; the resulting architecture would no longer be called layered.


[3]
[SECTION]: Capturing the Requirements > 4.5 Modeling Notations > Example: Object Constraint Language (OCL)
[CONTENT]: Although not originally designed as part of UML, OCL is now tightly coupled with UML and is part of the UML standard.OCL can augment many of UML's models. For example, it can be used to express invariants, preconditions, and post-conditions in class diagrams, or invariants and transition conditions in statechart diagrams. It can also express conditions on events in Message Sequence Charts (Warmer and Kleppe 1999). OCL annotations of UML require a relatively  detailed  class  model, complete  with attribute types, operation signatures, role names, multiplicities, and state enumerations of the class's statechart diagram. OCL expressions can appear in UML diagrams as UML notes,or they can be listed in a supporting document.
","[
  {
    ""role"": ""paragraph"",
    ""segment"": ""A design constraint is a design decision, such as choice of platform or interface components, that has already been made and that restricts the set of solutions to our problem."",
    ""citations"": [
      {
        ""type"": ""source_text"",
        ""content"": ""A design constraint is a design decision, such as choice of platform or interface components, that has already been made and that restricts the set of solutions to our problem."",
        ""img_id"": null
      }
    ],
    ""type"": null
  }
]","A design constraint is a design decision, such as choice of platform or interface components, that has already been made and that restricts the set of solutions to our problem.",1.592,3.244
When are two requirements considered inconsistent?,"
[0]
[SECTION]: Capturing the Requirements > 4.4 Characteristics Of Requirements
[CONTENT]: To ensure that the eventual product is successful, it is important that the requirements be of high quality; what is not specified usually is not built.We discuss later in this chapter how to validate and verify requirements. In the meantime, we list below the desirable characteristics for which we should check.
 - Are the requirements correct? Both we and the customer should review the documented requirements, to ensure that they conform to our understanding of the requirements.
 - Are the requirements consistent? That is, are there any conflicting requirements? For example, if one requirement states that a maximum of 10 users can be using the system at one time, and another requirement says that in a certain situation there may be 20 simultaneous users, the two requirements are said to be inconsistent. In general, two requirements are inconsistent if  it  is  impossible  to  satisfy both simultaneously.
 - Are the requirements unambiguous? The requirements are ambiguous if multiple readers of the requirements can walk away with different but valid interpretations. Suppose a customer for a satellite control system requires the accuracy to be sufficient to support mission planning. The requirement does not tell us what mission  planning  requires  for  support. The  customer  and  the  developers  may have very different ideas as to what level of accuracy is needed. Further discussion of the meaning of 'mission planning' may result in a more precise requirement:'In identifying the position of the satellite, position error shall be less then 50 feet along orbit, less than 30 feet off orbit.' Given this more detailed requirement,we can test for position error and know exactly whether or not we have met the requirement.


[1]
[SECTION]: Capturing the Requirements > 4.2 Requirements Elicitation > SIDEBAR 4.3 USING VIEWPOINTS TO MANAGE INCONSISTENCY
[CONTENT]: A lthough most software engineers strive for consistent requirements, Easterbrook and Nuseibeh (1996) argue that it is often desirable to tolerate and even encourage inconsistency  during  the  requirements  process. They  claim  that  because  the  stakeholders'  understanding of the domain and their needs evolve over time, it is pointless to try to resolve inconsistencies early in the requirements process. Early resolutions are expensive and often unnecessary (and can occur naturally as stakeholders revise their views). They can also be counter-productive if the resolution process focuses attention on how to come to agreement rather than on the underlying causes of the inconsistency (e.g., stakeholders' misunderstanding of the domain).
Instead, Easterbrook and Nuseibeh propose that stakeholders' views be documented and maintained as separate Viewpoints (Nuseibeh et al. 1994) throughout the software development  process. The  requirements  analyst  defines  consistency  rules  that  should  apply between Viewpoints (e.g., how objects, states, or transitions in one Viewpoint correspond to similar entities in another Viewpoint; or how one Viewpoint refines another Viewpoint), and the Viewpoints are analyzed (possibly automatically) to see if they conform to the consistency rules. If the rules are violated, the inconsistencies are recorded as part of the Viewpoints, so that other software developers do not mistakenly implement a view that is being contested. The recorded inconsistencies are rechecked whenever an associated Viewpoint is modified, to see if the Viewpoints are still inconsistent; and the consistency rules are checked periodically, to see if any have been broken by evolving Viewpoints.
The outcome of this approach is a requirements document that accommodates all stakeholders' views at all times. Inconsistencies are highlighted but not addressed until there is sufficient information to make an informed decision. This way, we avoid committing ourselves prematurely to requirements or design decisions.


[2]
[SECTION]: Capturing the Requirements > 4.3 Types Of Requirements > Two Kinds of Requirements Documents
[CONTENT]: In the end, the requirements are used by many different people and for different purposes. Requirements analysts and their clients use requirements to explain their understanding of how the system should behave. Designers treat requirements as constraints on what would be considered an acceptable solution. The test team derives from the requirements a suite of acceptance tests , which will be used to demonstrate to the customer that the system being delivered is indeed what was ordered. The maintenance team uses the requirements to help ensure that system enhancements (repairs and new features) do not interfere with the system's original intent. Sometimes a single document can serve all of these needs, leading to a common understanding among customers, requirements analysts, and developers. But often two documents are needed: a requirements definition that is aimed at a business audience, such as clients, customers, and users, and a requirements specification that is aimed at a technical audience, such as designers, testers, and project managers.
We illustrate  the  distinction  using  a  small  running  example  from  Jackson  and Zave (1995). Consider a software-controlled turnstile situated at the entrance to a zoo.
When the turnstile is fed a coin, it unlocks, allowing a visitor to push through the turnstile and enter the zoo. Once an unlocked turnstile has rotated enough to allow one entry, the turnstile locks again, to prevent another person from entering without payment.


[3]
[SECTION]: Writing the Programs > 7.10 Term Project
[CONTENT]: In preceding chapters, you examined requirements for the Loan Arranger, and devised several designs to implement your solution to the described problem. Now it is time to implement  the  system. There  are  several  areas  that  deserve  particular  attention, because they are more difficult than their requirements description makes them seem. One is the need to allow four loan analysts to use the system at once.This requirement should have suggested to you that it is necessary to design the Loan Arranger so that certain loans are locked while they are being considered for a bundle. What is the best way to implement this scheme? How can the implementation be done so that you can easily change the number of analysts allowed on the system at a given time?
A  second  implementation  difficulty  arises  when  you  implement  the  bundling algorithm. How will your code find the best bundle to fit the criteria? Remember that you must respond to the user in a short period of time.
Finally, how does your choice of language affect the ability to meet the performance requirements?
","[
  {
    ""role"": ""sentence"",
    ""segment"": ""In general, two requirements are inconsistent if  it  is  impossible  to  satisfy both simultaneously."",
    ""citations"": [
      {
        ""type"": ""source_text"",
        ""content"": ""In general, two requirements are inconsistent if  it  is  impossible  to  satisfy both simultaneously."",
        ""img_id"": null
      }
    ],
    ""type"": null
  }
]","In general, two requirements are inconsistent if  it  is  impossible  to  satisfy both simultaneously.",1.464,4.969
When are requirements considered externally complete?,"
[0]
[SECTION]: Capturing the Requirements > 4.4 Characteristics Of Requirements
[CONTENT]:  - Are the requirements complete? The set of requirements is complete if it specifies required behavior and output for all possible inputs in all possible states under all possible constraints. Thus, a payroll system should describe what happens when an employee takes a leave without pay, gets a raise, or needs an advance. We say that the requirements are externally complete if all states, state changes, inputs,
products, and constraints are described by some requirement. A requirements description  is internally  complete if  there  are  no  undefined  terms  among  the requirements.
 - Are the requirements feasible? That is, does a solution to the customer's needs even exist? For example, suppose the customer wants users to be able to access a main computer that is located several thousand miles away and have the response time for remote users be the same as for local users (whose workstations are connected directly to the main computer). Questions of feasibility often arise when the customer requires two or more quality requirements, such as a request for an inexpensive system that analyzes huge amounts of data and outputs the analysis results within seconds.
 - Is every requirement relevant? Sometimes a requirement restricts the developers unnecessarily, or includes functions that are not directly related to the customer's needs. For  example, a  general  may  decide  that  a  tank's  new  software  system should allow soldiers to send and receive electronic mail, even though the main purpose of the tank is to traverse uneven terrain.We should endeavor to keep this 'feature explosion'under control,and to help keep stakeholders focused on their essential and desirable requirements.


[1]
[SECTION]: Testing the System > 9.5 Acceptance Testing
[CONTENT]: When function and performance testing are complete, we are convinced that the system meets all the requirements specified during the initial stages of software development.The next step is to ask the customers and users if they concur.


[2]
[SECTION]: Capturing the Requirements > 4.9 Validation And Verification > Requirements Validation
[CONTENT]: Our criteria for validating the requirements are the characteristics that we listed in Section 4.4:
 - Correct
 - Consistent
 - Unambiguous
 - Complete
 - Relevant
 - Testable
 - Traceable Depending on the definition techniques that we use, some of the above checks (e.g., that the requirements are consistent or are traceable) may be automated.Also,common errors can be recorded in a checklist , which reviewers can use to guide their search for errors. Lutz  (1993a)  reports  on  the  success  of  using  checklists  in  validating  requirements  at NASA's Jet Propulsion Laboratory. However, most validation checks (e.g., that a requirement is correct,relevant,or unambiguous;or that the requirements are complete) are subjective exercises in that they involve comparing the requirements definition against the stakeholders' mental model of what they expect the system to do. For these validation checks, our only recourse is to rely on the stakeholders' assessment of our documents.
Table 4.3 lists some of the techniques that can be used to validate the requirements. Validation can be as simple as reading the document and reporting errors. We can ask the validation team to sign off on the document, thereby declaring that they have reviewed the document and that they approve it. By signing off, the stakeholders accept partial responsibility for errors that are subsequently found in the document. Alternatively, we can hold a walkthrough , in which one of the document's authors presents  the  requirements  to  the  rest  of  the  stakeholders, and  asks  for  feedback. Walkthroughs work best when there are a large number of varied stakeholders, and it is unrealistic to ask them all to examine the document in detail.At the other extreme, validation can be as structured as a formal inspection , in which reviewers take on specific roles  (e.g., presenter, moderator)  and  follow  prescribed  rules  (e.g., rules  on  how  to examine the requirements, when to meet, when to take breaks, whether to schedule a follow-up inspection).


[3]
[SECTION]: Capturing the Requirements > 4.3 Types Of Requirements > Two Kinds of Requirements Documents
[CONTENT]: In the end, the requirements are used by many different people and for different purposes. Requirements analysts and their clients use requirements to explain their understanding of how the system should behave. Designers treat requirements as constraints on what would be considered an acceptable solution. The test team derives from the requirements a suite of acceptance tests , which will be used to demonstrate to the customer that the system being delivered is indeed what was ordered. The maintenance team uses the requirements to help ensure that system enhancements (repairs and new features) do not interfere with the system's original intent. Sometimes a single document can serve all of these needs, leading to a common understanding among customers, requirements analysts, and developers. But often two documents are needed: a requirements definition that is aimed at a business audience, such as clients, customers, and users, and a requirements specification that is aimed at a technical audience, such as designers, testers, and project managers.
We illustrate  the  distinction  using  a  small  running  example  from  Jackson  and Zave (1995). Consider a software-controlled turnstile situated at the entrance to a zoo.
When the turnstile is fed a coin, it unlocks, allowing a visitor to push through the turnstile and enter the zoo. Once an unlocked turnstile has rotated enough to allow one entry, the turnstile locks again, to prevent another person from entering without payment.


[4]
[SECTION]: Capturing the Requirements > 4.17 Term Project
[CONTENT]: Your clients  at  FCO  have  prepared  the  following  set  of  English-language  requirements for the Loan Arranger system. Like most sets of requirements, this set must be scrutinized in several ways to determine if it is correct, complete, and consistent. Using the  requirements  here  and  in  supplementary  material  about  the  Loan Arranger  in earlier chapters, evaluate and improve this set of requirements. Use many of the techniques presented in this  chapter, including  requirements  measurement  and Ardis's list. If  necessary, express  the  requirements  in  a  requirements  language  or  modeling technique, to  make  sure  that  the  static  and  dynamic  properties  of  the  system  are expressed well.
","[
  {
    ""role"": ""paragraph"",
    ""segment"": ""A requirements description is externally complete if all states, state changes, inputs, products, and constraints are described by some requirement."",
    ""citations"": [
      {
        ""type"": ""source_text"",
        ""content"": ""A requirements description  is externally complete if all states, state changes, inputs, products, and constraints are described by some requirement."",
        ""img_id"": null
      }
    ],
    ""type"": null
  }
]","A requirements description is externally complete if all states, state changes, inputs, products, and constraints are described by some requirement.",1.952,3.061
What does an entity in an entity-relationship diagram represent?,"
[0]
[SECTION]: Capturing the Requirements > 4.5 Modeling Notations > Entity-Relationship Diagrams
[CONTENT]: ER diagrams have three core constructs-entities, attributes, and relations-that are combined to specify a problem's elements and their interrelationships. Figure 4.4 is an ER diagram of the turnstile. An entity , depicted as a rectangle, represents a collection (sometimes called a class) of real-world objects that have common properties and behaviors. For example, the world contains many Coins , but for the purpose of modeling the turnstile problem, we treat all Coins as being equivalent to one another in all aspects (such as size, shape, and weight) except perhaps for their monetary value . A relationship is depicted as an edge between two entities, with a diamond in the middle of  the  edge  specifying  the  type  of  relationship. An attribute is  an  annotation  on  an entity that describes data or properties associated with the entity. For example, in the turnstile problem, we are most interested in the Coins that are inserted into the turnstile's CoinSlot (a relationship), and how their monetary values compare to the price of admission into the zoo (comparison of attribute values).Variant ER notations introduce additional constructs, such as attributes on relationships, one-to-many relationships, many-to-many relationships, special relationships like inheritance, and class-based in addition to individual-entity-based attributes. For example, our turnstile model shows the cardinality (sometimes called the 'arity') of the relationships, asserting  that  the  turnstile  is  to  admit  multiple Visitors . More sophisticated notations have the concept of a mutable entity , whose membership or whose relations to members of other entities may change over time. For example, in an ER diagram depicting a family, family  members  and  their  interrelations  change  as  they  get  married, have children, and die. By convention, the entities and relationships are laid out so that relationships are read from left to right, or from top to bottom.


[1]
[SECTION]: Capturing the Requirements > 4.5 Modeling Notations > Entity-Relationship Diagrams
[CONTENT]: Early in the requirements phase, it is convenient to build a conceptual model of the problem that identifies what objects or entities are involved, what they look like (by defining their attributes), and how they relate to one another. Such a model designates names for the basic elements of the problem. These elements are then reused in other descriptions of the requirements (possibly written in other notations) that specify how the objects, their attributes, and their relationships would change in the course of the proposed system's execution.Thus, the conceptual model helps to tie together multiple views and descriptions of the requirements.
The entity-relationship diagram (ER diagram) (Chen 1976) is a popular graphical notational paradigm for representing conceptual models.As we will see in Chapter 6, it forms the basis of most object-oriented requirements and design notations, where it is used to model the relationships among objects in a problem description or to model the structure of a software application. This notation paradigm is also popular for describing database schema (i.e., describing the logical structure of data stored in a database).


[2]
[SECTION]: Capturing the Requirements > 4.5 Modeling Notations > Entity-Relationship Diagrams
[CONTENT]: The simplicity of ER notations is deceptive; in fact, it is quite difficult to use ER modeling notations well in practice. It is not always obvious at what level of detail to model a particular problem, even though there are only three major language constructs. For example, should the barrier and coin slot be modeled as entities, or should they  be  represented  by  a  more  abstract  turnstile  entity? Also, it  can  be  difficult  to decide what data are entities and what data are attributes. For example, should the lock be an entity? There are arguments for and against each of these choices. The primary criteria for making decisions are whether a choice results in a clearer description, and whether a choice unnecessarily constrains design decisions.


[3]
[SECTION]: Capturing the Requirements > 4.5 Modeling Notations > Entity-Relationship Diagrams
[CONTENT]: [FIGURE 4.4 Entity-relationship diagram of turnstile problem.] 
ER diagrams are popular because they provide an overview of the problem to be addressed (i.e., they depict all of the parties involved), and because this view is relatively  stable  when  changes  are  made  to  the  problem's  requirements. A  change  in requirements is more likely to be a change in how one or more entities behave than to be a change in the set of participating entities. For these two reasons, an ER diagram is likely to be used to model a problem early in the requirements process.
[FIGURE_DESCRIPTIONS]
[0] Diagrammatic flowchart illustrating a process with labeled blocks and directional arrows. At the top, a sequence shows a 'Vendor' leading into a 'Coins' block, which has a transition labeled 'value' to an adjacent 'price of admission' block. The left branch from the main flow introduces a decision point: 'owns' leading to a block labeled 'Coin' and an adjacent 'inserted into' relation pointing to 'CoinSlot' or 'CoinSlot' is labeled as the destination for insertion. A lower branch starts with 'enters' followed by a decision diamond, which directs to a 'Barrier' block connected to two smaller blocks labeled 'blocked' and 'entries' via vertical alignment. The diagram emphasizes ownership, value transfer, insertion, and barrier gating within a transactional or access-control context.

","[
  {
    ""role"": ""sentence"",
    ""segment"": ""An entity, depicted as a rectangle, represents a collection (sometimes called a class) of real-world objects that have common properties and behaviors."",
    ""citations"": [
      {
        ""type"": ""source_text"",
        ""content"": ""an entity, depicted as a rectangle, represents a collection (sometimes called a class) of real-world objects that have common properties and behaviors."",
        ""img_id"": null
      }
    ],
    ""type"": null
  }
]","An entity, depicted as a rectangle, represents a collection (sometimes called a class) of real-world objects that have common properties and behaviors.",1.346,4.249
What system functionality do UML use cases model?,"
[0]
[SECTION]: Capturing the Requirements > 4.5 Modeling Notations > Example: Use Cases
[CONTENT]: A UML use-case diagram (OMG 2003) is similar to a top-level data-flow diagram that depicts observable, user-initiated functionality in terms of interactions between the system and its environment.A large box represents the system boundary. Stick figures outside the box portray actors, both humans and systems, and each oval inside the box is a use  case  that  represents  some  major  required  functionality  and  its  variants. A  line between an actor and a use case indicates that the actor participates in the use case. Use cases are not meant to model all the tasks that the system should provide. Rather, they are used to specify user views of essential system behavior. As such, they model only system  functionality  that  can  be  initiated  by  some  actor  in  the  environment. For example, in Figure 4.15, key library uses include borrowing a book, returning a borrowed book, and paying a library fine.
[FIGURE 4.15 Library use cases.] 
[FIGURE_DESCRIPTIONS]
[0] Diagram shows a system with two external actors labeled ""Patron"" on the left and ""Librarian"" on the left bottom, connected to a central data flow or process area enclosed by a large rectangle. Within the inner area are ovals representing use cases: at top cluster: ""pay fines"", ""check fines"", ""find item"", ""extend"" (labeled as (extend) near some arrows), ""borrow item"", and ""return item"" with arrows indicating relationships among them. Some use cases are linked with dashed lines indicating optional or extended relationships; e.g., ""reserve item"" and ""recall item"" appear in a middle-left cluster with the librarian actor involved. Text markers like ""include"" and ""extend"" appear beside arrows to denote UML use-case relationships; the librarian interacts with use cases like ""unreserve item"" and possibly a general inventory interface labeled ""Library inventory"" on the right. The diagram emphasizes relationships between patrons and librarians with the library inventory boundary on the right, showing user actions: paying fines, finding, borrowing, returning, reserving, recalling, unreserve. The visual arrangement suggests a use-case diagram with actors on the periphery, ovals for actions, and directed lines indicating associations and include/extend relationships. Readable labels include: pay fines, check fines, find item, borrow item, return item, reserve item, recall item, unreserve item, extend, include, extend, Library inventory.



[1]
[SECTION]: Capturing the Requirements > 4.5 Modeling Notations > Example: Use Cases
[CONTENT]: Each use case encompasses several possible scenarios, some successful and some not, but all related to some usage of the system. External to the use-case diagram, the use cases and their variants are detailed as textual event traces. Each use case identifies pre-conditions and alternative behavior if the pre-conditions are not met, such as looking for a lost book; post-conditions, which summarize the effects of the use case; and a normal, error-free scenario comprising a sequence of steps performed by actors or by the system.A completely detailed use case specifies all possible variations of each step in the normal scenario, including both valid behaviors and errors. It also describes the possible scenarios that stem from the valid variations and from recoverable failures. If there is a sequence of steps common to several use cases, the sequence can be extracted out to form a subcase that can be called by a base use case like a procedure call. In the use-case diagram, we draw a dashed arrow from a base case to each of its subcases and annotate  these  arrows  with  stereotype <<include>> . 4 A  use  case  can  also  be appended with an extension subcase that adds functionality to the end of the use case. In the use-case diagram, we draw a dashed arrow from the extension subcase to the base  use  case  and  annotate  the  arrow  with  stereotype <<extend>> . Examples  of stereotypes are included in Figure 4.15.
(footnote: 4 In UML, a stereotype is a meta-language facility for extending a modeling notation, allowing the user to augment one of the notation's constructs with a new < <keyword> >.)


[2]
[SECTION]: Capturing the Requirements > 4.6 Requirements And Specification Languages > Unified Modeling Language (UML)
[CONTENT]: The Unified Modeling Language (UML) (OMG 2003) is the language best known for combining  multiple  notation  paradigms. Altogether, the  UML  standard  comprises eight graphical modeling notations, plus the OCL constraint language.The UML notations that are used during requirements definition and specification include Most of these notations were discussed in the preceding section, as examples of different notation paradigms. In Chapter 6, we will see more details about how UML works, by applying it to a real-world problem for both specification and design.
 - Use-case diagram (a high-level DFD): A use-case diagram is used at the start of a new project, to record the essential top-level functions that the to-be-developed product should provide. In the course of detailing the use cases' scenarios, we may identify important entities that play a role in the problem being modeled.
 - Class diagram (an ER diagram): As mentioned previously, the class diagram is the flagship model of a UML specification, emphasizing the problem's entities and their interrelationships. The remaining UML specification models provide more detail about how the classes' objects behave and how they interact with one another. As we gain a better understanding of the problem being modeled, we detail the class diagram, with additional attributes, attribute classes, operations, and  signatures. Ideally, new  insight  into  the  problem  is  more  likely  to  cause changes to these details than to affect the model's entities or relationships.
 - Sequence  diagram  (an  event  trace): Sequence  diagrams  are  early  behavioral models that depict traces of messages passed between class instances. They are best used to document important scenarios that involve multiple objects. When creating sequence diagrams, we look for common subsequences that appear in several diagrams; these subsequences may help us to identify states (e.g., the start and end points of the subsequence) in the objects' local behaviors.


[3]
[SECTION]: Designing the Modules > 6.4 Representing Oo Designs In The Uml > UML Class Diagram
[CONTENT]: [FIGURE 6.17 Use case diagram of the Royal Service Station system.] 
 - operating procedures
 - things that are manipulated by the system to be built
","[
  {
    ""role"": ""sentence"",
    ""segment"": ""They model observable, user-initiated functionality that can be initiated by an actor in the environment."",
    ""citations"": [
      {
        ""type"": ""source_text"",
        ""content"": ""A UML use-case diagram (OMG 2003) is similar to a top-level data-flow diagram that depicts observable, user-initiated functionality in terms of interactions between the system and its environment.A large box represents the system boundary. Stick figures outside the box portray actors, both humans and systems, and each oval inside the box is a use  case  that  represents  some  major  required  functionality  and  its  variants."",
        ""img_id"": null
      }
    ],
    ""type"": null
  }
]","They model observable, user-initiated functionality that can be initiated by an actor in the environment.",1.612,4.303
"In an object model, what does an aggregate association indicate?","
[0]
[SECTION]: Capturing the Requirements > 4.5 Modeling Notations > Example: UML Class Diagrams
[CONTENT]: A line between two classes, called an association , indicates a relationship between the classes' entities. An association may represent interactions or events that involve objects in the associated classes, such as when a Patron borrows a Publication . Alternatively, an association might relate classes in which one class is a property or element of the other class, such as the relationship between a Patron and his Credit Card . Sometimes these latter types of associations are aggregate associations , or ' has-a' relationships, as in our example. An aggregate association is drawn as an association with a white diamond on one end, where the class at the diamond end is the aggregate and it includes or owns instances of the class(es) at the other end(s) of the association.
Composition association is a special type of aggregation, in which instances of the compound class are physically constructed from instances of the component classes (e.g., a bike consists of wheels, gears, pedals, a handlebar); it is represented as an aggregation with a black diamond. In our library model, each Periodical , such as a newspaper or magazine, is composed of Articles .


[1]
[SECTION]: Capturing the Requirements > 4.5 Modeling Notations > Example: UML Class Diagrams
[CONTENT]: An association with a triangle on one end represents a generalization association, also called a sub-type relation or an 'is-a' relation, where the class at the triangle end of the association is the parent class of the classes at the other ends of the association, called subclasses . A subclass inherits all of the parent class's attributes, operations, and associations. Thus, we  do  not  need  to  specify  explicitly  that Patrons may borrow Books , because  this  association  is  inherited  from  the  association  between Patron and Publication . A subclass extends its inherited behavior with additional attributes, operations, and associations. In fact, a good clue as to whether we want to model an entity as a new subclass, as opposed to as an instance of an existing class, is whether we really need new attributes, operations, or associations to model the class variant. In many cases, we can model variants as class instances that have different attribute values. In  our  library  problem, we  represent  whether  an  item  is  on  reserve  or  on loan using Publication attributes 2 rather than by creating Reserved and OnLoan subclasses.
Associations can have labels, usually verbs, that describe the relationship between associated entities.An end of an association can also be labeled, to describe the role that entity plays in the association. Such role names are useful for specifying the context of an entity with respect to a particular association. In the library example, we might keep track of which patrons are married, so that we can warn someone whose spouse has overdue books.Association ends can also be annotated with multiplicities , which specify constraints on the number of entities and the number of links between associated entities. Multiplicities can be expressed as specific numbers, ranges of numbers, or unlimited numbers (designated '*'). A multiplicity on one end of an association indicates how many instances of that class can be linked to one instance of the associated class.Thus at any point in time, a Patron may borrow zero or more Publications , but an individual Publication can be borrowed by at most one Patron .


[2]
[SECTION]: Capturing the Requirements > 4.5 Modeling Notations > Example: Object Constraint Language (OCL)
[CONTENT]: The Object Constraint Language (OCL) is an attempt to create a constraint language that is both mathematically precise and easy for nonmathematicians, like customers, to read, write, and  understand. The  language  is  specially  designed  for  expressing  constraints on object models (i.e., ER diagrams), and introduces language constructs for navigating from one object to another via association paths, for dealing with collections of objects, and for expressing queries on object type.
A partial Library class model from Figure 4.5 appears in Figure 4.18, in which three classes have been detailed and annotated with OCL constraints. The leftmost constraint is an invariant on the Patron class, and specifies that no patron's fines may have  a  negative  value  (i.e., the  library  always  makes  change  if  a  patron's  payment exceeds his or her fines). The topmost constraint is an invariant on the Publication class, and specifies that call numbers are unique.This constraint introduces Thus, the constraint literally says that for any two publications, p1 and p2 , returned by allinstances, if p1 and p2 are not the same publication, then they have different call numbers.The third constraint, attached to the method borrow() , expresses the operation's pre- and post-conditions. One of the pre-conditions concerns an attribute in the Patron class, which is accessible via the borrow association; the patron object can be referenced either by its role name, borrower , or by the class name written in lowercase letters, if the association's far end has no role name. If the association's multiplicity were greater than 0..1, then  navigating  the  association  would  return  a  collection  of objects, and we would use notation, rather than dot notation, to access the objects' attributes. :


[3]
[SECTION]: Capturing the Requirements > 4.5 Modeling Notations > Example: UML Class Diagrams
[CONTENT]: (footnote: 2 In later examples,we model an item's loan state and reserve state as states in a state-machine model (Figure 4.9), and this information is included in the library's detailed class model (Figure 4.18).)
The Loan class in the library model is an association class , which relates attributes and operations to an association. Association classes are used to collect information that cannot be attributed solely to one class or another. For example, the Loan attributes are not properties of the borrower or of the item borrowed, but rather of the loan transaction or contract. An association class has exactly one instantiation per link in the association, so our modeling Loan as an association class is correct only if we want to model snapshots of the library inventory (i.e., model only current loans). If we wanted instead to maintain a history of all loan transactions, then (because a patron might borrow an item multiple times), we would model Loan as a full-fledged class.
","[
  {
    ""role"": ""paragraph"",
    ""segment"": ""An aggregate association is drawn as an association with a white diamond on one end, where the class at the diamond end is the aggregate and it includes or owns instances of the class(es) at the other end(s) of the association."",
    ""citations"": [
      {
        ""type"": ""source_text"",
        ""content"": ""An aggregate association is drawn as an association with a white diamond on one end, where the class at the diamond end is the aggregate and it includes or owns instances of the class(es) at the other end(s) of the association."",
        ""img_id"": null
      }
    ],
    ""type"": null
  }
]","An aggregate association is drawn as an association with a white diamond on one end, where the class at the diamond end is the aggregate and it includes or owns instances of the class(es) at the other end(s) of the association.",2.081,3.463
How is a message depicted in a Message Sequence Chart?,"
[0]
[SECTION]: Capturing the Requirements > 4.5 Modeling Notations > Example: Message Sequence Chart
[CONTENT]: Message Sequence Charts (ITU 1996) are an enhanced event-trace notation, with facilities for creating and destroying entities, specifying actions and timers, and composing traces. Figure 4.7 displays an example Message Sequence Chart (MSC) for a loan transaction in our library problem. Each vertical line represents a participating entity , and a message is  depicted as an arrow from the sending entity to the receiving entity; the arrow's label specifies the message name and data parameters, if any.A message arrow may slope downwards (e.g., message recall notice ) to reflect the passage of time between when the message is sent and when it is received. Entities may come and go during the course of a trace; a dashed arrow, optionally annotated with data parameters, represents a create event that spawns a new entity, and a cross at the bottom of an entity line represents the end of that entity's execution. In contrast, a solid rectangle at the end of the line represents the end of an entity's specification without meaning the end of its execution. Actions , such as invoked operations or changes to variable values, are specified as labeled rectangles positioned on an entity's execution line, located at the point in the trace where the action occurs.Thus, in our MSC model of a library loan, loan requests are sent to the Publication to be borrowed, and the Publication entity is responsible for creating a Loan entity that manages loan-specific data, such as the due date . Reserving an item that is out on loan results in a recall of that item. Returning  the  borrowed  item  terminates  the  loan, but  not  before  calculating  the overdue fine , if any, for returning the item after the loan's due date .


[1]
[SECTION]: Designing the Modules > 6.4 Representing Oo Designs In The Uml > Other UML Diagrams
[CONTENT]: There are two kinds of interaction diagrams: sequence and communication. A sequence diagram shows the sequence in which activities or behaviors occur.An object is depicted as a box at the top of a vertical line, known as the object's lifeline . A narrow box on the lifeline indicates a period of time when the object is actively computing, usually in response to a received message. An arrow between two lifelines represents a message between the two objects, and it is labeled with the message's name and sometimes with the condition that must be met for the message to be sent.An asterisk on the arrow  indicates  that  the  message  is  sent  many  times, to  several  different  receiving objects. When the message arrow loops back to its starting box on the same object, the object is sending a message to itself. Figure 6.23 is an example of a sequence diagram for the Royal Service Station, showing the use case for the Refuel class.
A communication diagram also depicts a sequence of messages between objects, but it is superimposed on an object model and uses the links between objects as implicit communication channels.As with sequence diagrams, the objects are icons, and arrows are used to depict the messages. However, unlike sequence diagrams, the sequence of messages is indicated by a numbering scheme. For example, the communication diagram  in  Figure  6.24 shows  the Parking use  case. First, the parking() message, labeled '1,' is sent from the Customer class to the Service station class.Then, the check_availability() message is sent from Service station to Parking ; it is labeled with a '2.'There are five messages sent within this single use case.


[2]
[SECTION]: Capturing the Requirements > 4.12 Information Systems Example
[CONTENT]: [FIGURE 4.29 Use case for the Piccadilly Television advertising system (adapted from Robertson and Robertson 1994).] 
[FIGURE 4.30 Message Sequence Chart for a successful request for an advertising campaign (adapted from Robertson and Robertson 1994).] 
As a next step, we can draw event traces, such as the one shown in Figure 4.30, that depict typical scenarios within a use case. For example, the request for a campaign involves Figure 4.30 uses UML-style Message Sequence Charts, in which entities whose names are underlined represent object instances, whereas entities whose names are not underlined represent abstract classes.Thus, the search for available commercial spots is done by first asking the class for the set C * of relevant Commercial Breaks , and then asking each of these Commercial Break instances whether it has available time that is suitable for the campaign. Boxes surround sequences of messages that are repeated for multiple instances: for example, reserving time in multiple Commercial Break instances, or creating multiple Commercial Spots . The resulting campaign of commercial spots and the campaign's price are returned to the requesting Advertising Agency . Similar  traces  can  be  drawn  for  other  possible  responses  to  a  campaign request and for other use cases. In drawing these traces, we start to identify key entities and relationships, which we can record in a UML class diagram, as in Figure 4.31.
[FIGURE_DESCRIPTIONS]
[0] Diagrammatic flowchart illustrating an advertising campaign process with labeled blocks and arrows. Contains terms such as Advertisement Agency, Campaign, Commercial Break, R: Rate Segment, forall C in C*, forall R in C*, search (start date, end date), time (break start, duration), find time, find rate, target rating, price, bandwidth of data flow, and total price. Visual elements include horizontal timeline at the bottom with black rectangular markers representing stages; vertical arrows connect from the top labels to the workflow steps. There are boxed sections: Commercial Breaks, R: Rate Segment, Campaign, and suggested campaign blocks (commercial spots, total price). Some text appears within the boxes: “Commercial Break,” “Rate Segment,” “Commercial Spot,” “target rating,” “time (break start, duration),” and “search (start date, end date).” The diagram emphasizes relationships between entities (advertising agency, campaign, commercial breaks, rate segments) and the sequencing of actions (search, find time, calculate price) across a broadcast schedule. The overall style resembles a systems flowchart used in media planning, with labeled data flows and process steps.



[3]
[SECTION]: Capturing the Requirements > 4.5 Modeling Notations > Example: Object Constraint Language (OCL)
[CONTENT]: Although not originally designed as part of UML, OCL is now tightly coupled with UML and is part of the UML standard.OCL can augment many of UML's models. For example, it can be used to express invariants, preconditions, and post-conditions in class diagrams, or invariants and transition conditions in statechart diagrams. It can also express conditions on events in Message Sequence Charts (Warmer and Kleppe 1999). OCL annotations of UML require a relatively  detailed  class  model, complete  with attribute types, operation signatures, role names, multiplicities, and state enumerations of the class's statechart diagram. OCL expressions can appear in UML diagrams as UML notes,or they can be listed in a supporting document.
","[
  {
    ""role"": ""sentence"",
    ""segment"": ""A message is depicted as an arrow from the sending entity to the receiving entity; the arrow's label specifies the message name and data parameters, if any."",
    ""citations"": [
      {
        ""type"": ""source_text"",
        ""content"": ""A message is depicted as an arrow from the sending entity to the receiving entity; the arrow's label specifies the message name and data parameters, if any."",
        ""img_id"": null
      }
    ],
    ""type"": null
  }
]","A message is depicted as an arrow from the sending entity to the receiving entity; the arrow's label specifies the message name and data parameters, if any.",2.392,2.756
What happens when a transition fires in a Petri net?,"
[0]
[SECTION]: Capturing the Requirements > 4.5 Modeling Notations > Example: Petri Nets
[CONTENT]: UML statechart diagrams nicely modularize a problem's dynamic behavior into the behaviors of individual class objects, with the effect that it may be easier to consider each class's behavior separately than it is to specify the whole problem in one diagram. This modularization makes it harder, though, to see how objects interact with each other. Looking at an individual statechart diagram, we can see when an object sends a message to another object. However, we have to examine the two objects' diagrams simultaneously to see that a message sent by one object can be received by the other. In fact, to be completely sure, we would have to search the possible executions (event traces) of the two machines, to confirm that whenever one object sends a message to the other, the target object is ready to receive and react to the message.
Petri nets (Peterson 1977) are a form of state-transition notation that is used to model concurrent activities and their interactions. Figure 4.12 shows a basic Petri net specifying the behavior of a book loan. The circles in the net are places that represent activities or conditions, and the bars represent transitions . Directed arrows, called arcs , connect a transition with its input places and its output places . The places are populated with tokens , which act as enabling conditions for the transitions.When a transition fires , it removes tokens from each of its input places and inserts tokens into each of its output places. Each arc can be assigned a weight that specifies how many tokens are removed from the arc's input place, or inserted into the arc's output place, when the transition fires. A transition is enabled if each of its input places contains enough tokens to contribute its arc's weight's worth of tokens, should the enabled transition actually fire.Thus, in  Figure  4.12, transitions Return,Withdraw  Return  Request , and Withdraw Loan Request are all enabled; firing transition Return removes a token from each of the places ReturnRequest and OnLoan , and inserts a token into Avail . The net's marking , which is the distribution of tokens among places, changes as transitions fire. In each execution step, the marking determines the set of enabled transitions; one enabled transition is nondeterministically selected to fire; the firing of this transition produces a new marking, which may enable a different set of transitions.We can model concurrent behavior by combining into a single net the activities, transitions, and tokens for several executing entities. Concurrent entities are synchronized whenever their activities, or places, act as input places to the same transition. This synchronization ensures that all of the pre-transition activities occur before the transition fires, but does not constrain the order in which these activities occur.


[1]
[SECTION]: Capturing the Requirements > 4.5 Modeling Notations > Example: Petri Nets
[CONTENT]: Basic Petri nets are fine for modeling how control flows through events or among concurrent entities. But if we want to model control that depends on the value of data (e.g., borrowing a particular book from a collection of books), then we need to use a high-level Petri net notation.A number of extensions to basic Petri nets have been proposed to improve the notation's expressibility, including inhibitor arcs, which enable a transition only if the input place is empty of tokens; priority among transitions; timing constraints; and structured tokens, which have values.
To model our library problem, which tracks information and events for multiple patrons and publications, we need a Petri net notation that supports structured tokens and transition actions (Ghezzi et al. 1991). A transition action constrains which tokens in  the  input  places  can  enable  the  transition  and  specifies  the  values  of  the  output tokens. Figure 4.13 is a high-level Petri net specification for the library problem. Each place stores tokens of a different data type. Avail stores a token for every library item that is not currently out on loan.A token in Fines is an n -tuple (i.e., an ordered set of n elements, sometimes called a tuple for short) that maps a patron to the value of his or her total outstanding library fines.A token in OnLoan is another type of tuple that maps a patron and a library item to a due date . A few of the transition predicates and actions are shown in Figure 4.13, such as the action on Process Payment , where the inputs are a payment and the patron's current fines , and the output is a new Fines tuple. The predicates not shown assert that if the token elements in a transition's input or output tokens have the same name, they must have the same value. So in  transition Borrow , the patron making  the Loan  Request must  match  the patron with no outstanding Fines and match the patron who appears in the generated OnLoan tuple; at the same time, the item being borrowed must match an item in Avail . Otherwise, those tuples do not enable the transition. The net starts with an initial marking of item tuples in Avail and ( patron, 0 ) tuples in Fines . As library users trigger input transitions Pay , Initiate Loan , and Initiate Return , new tokens are introduced to the system, which enable the library transitions, which in turn fire and update the Fines tokens and the Avail and OnLoan tokens, and so on.


[2]
[SECTION]: Capturing the Requirements > 4.5 Modeling Notations > Example: Petri Nets
[CONTENT]: [FIGURE 4.13 Petri net of the library problem.] 
[FIGURE_DESCRIPTIONS]
[0] Flowchart diagram illustrating a financial loan process with labeled nodes and directed edges. Key entities include Pay, Payment, Fines, Overdue Fines, Item, Avail, Return, OnLoan, Withdraw/Return Requests, and Loan Request. The top section shows a payer paying an amount labeled as (patron, payment) and (patron, fines - payment). Transitions indicate Initialize/Withdraw Loan Request at left, leading to OnLoan and Available items, and cycles involving Fines, Overdue Fines, and Return Requests. The diagram includes phrases such as 'patron, fines > 0', 'patron, item, due date', 'item', 'Return Request', and 'Withdraw/Return Request'. There are circular nodes and arrows representing state changes between loan initiation, payment, fines accrual, borrowing, and returning items. Visual emphasis on the flow between 'Loan Request', 'OnLoan', 'Avail', and ‘Return’ processes with decision points implied by labels.

","[
  {
    ""role"": ""paragraph"",
    ""segment"": ""When a transition fires, it removes tokens from each of its input places and inserts tokens into each of its output places. The net's marking, which is the distribution of tokens among places, changes as transitions fire. One enabled transition is nondeterministically selected to fire; the firing of this transition produces a new marking, which may enable a different set of transitions."",
    ""citations"": [
      {
        ""type"": ""source_text"",
        ""content"": ""When a transition fires , it removes tokens from each of its input places and inserts tokens into each of its output places."",
        ""img_id"": null
      },
      {
        ""type"": ""source_text"",
        ""content"": ""The net's marking , which is the distribution of tokens among places, changes as transitions fire."",
        ""img_id"": null
      },
      {
        ""type"": ""source_text"",
        ""content"": ""one enabled transition is nondeterministically selected to fire; the firing of this transition produces a new marking, which may enable a different set of transitions."",
        ""img_id"": null
      }
    ],
    ""type"": null
  }
]","When a transition fires, it removes tokens from each of its input places and inserts tokens into each of its output places. The net's marking, which is the distribution of tokens among places, changes as transitions fire. One enabled transition is nondeterministically selected to fire; the firing of this transition produces a new marking, which may enable a different set of transitions.",2.028,4.991
What is a descriptive notation?,"
[0]
[SECTION]: Capturing the Requirements > 4.5 Modeling Notations > Logic
[CONTENT]: Instead, global properties and constraints are better expressed using a descriptive notation, such as logic. A descriptive notation is a notation that describes a problem or a proposed solution in terms of its properties or its invariant behaviors. For example, ER diagrams are descriptive, in that they express relationship properties among entities.A logic consists of a language for expressing properties, plus a set of inference rules for deriving new, consequent properties from the stated properties. In mathematics, a logical expression, 5 called a formula , evaluates to either true or false, depending on the values of the variables that appear in the formula. In contrast, when logic is used to express a property of a software problem or system, the property is an assertion about the problem or system that should be true . As such, a property specification represents only those values of the property's variables for which the property's expression evaluates to true .
There are multiple variants of logic that differ in how expressive their property notation is, or in what inference rules they provide.The logic commonly used to express properties  of  software  requirements  is first-order  logic , comprising  typed  variables; constants; functions; predicates, like  relational  operators and equality; logical connectives (and), (or), ¬ (not), (implies), and (logical equivalence); and quantifiers (there exists) and (for all). Consider the following variables of the turnstile problem, with their initial values: 5 E 3 Q ¡ ¿ 7 ; 6 The following are examples of turnstile properties over these variables, expressed in first-order logic:
(footnote: 5 You can think of a logic as a function that maps expressions to a set of possible values. An n -valued logic maps to a set of n values. Binary logic maps expressions to {true, false}, but n can in general be larger than 2. In this book, we assume that n is 2 unless otherwise stated.)


[1]
[SECTION]: Capturing the Requirements > 4.5 Modeling Notations > Logic
[CONTENT]: With the exception of ER diagrams, the notations we have considered so far have been model-based and are said to be operational.An operational notation is a notation used to describe a problem or a proposed software solution in terms of situational behavior: how a software system should respond to different input events, how a computation should flow from one step to another, and what a system should output under various conditions. The result is a model of case-based behavior that is particularly useful for answering questions about what the desired response should be to a particular situation: for example, what the next state or system output should be, given the current state, input event, process completion, and variable values. Such models also help the reader to visualize global behavior, in the form of paths representing allowable execution traces through the model.
Operational notations are less effective at expressing global properties or constraints. Suppose we were modeling a traffic light, and we wanted to assert that the lights controlling traffic in cross directions are never green at the same time, or that the lights in each direction are periodically green. We could build an operational model that exhibits these behaviors implicitly, in that all paths through the model satisfy these properties. However, unless the model is closed -meaning that the model expresses all of the desired behavior, and that any implementation that performs additional functionality is incorrect-it is ambiguous as to whether these properties are requirements to be satisfied or simply are accidental effects of the modeling decisions made.


[2]
[SECTION]: Capturing the Requirements > 4.5 Modeling Notations
[CONTENT]: One trait of an engineering discipline is that it has repeatable processes, such as the techniques presented in Chapter 2, for developing safe and successful products. A second trait is that there exist standard notations for modeling, documenting, and communicating decisions. Modeling can help us to understand the requirements thoroughly, by teasing  out  what  questions  we  should  be  asking. Holes  in  our  models  reveal unknown or ambiguous behavior. Multiple, conflicting outputs to the same input reveal inconsistencies  in  the  requirements. As  the  model  develops, it  becomes  more  and more obvious what we don't know and what the customer doesn't know. We cannot complete a model without understanding the subject of the model. Also, by restating the requirements in a completely different form from the customer's original requests, we force the customer to examine our models carefully in order to validate the model's accuracy.
If we look at the literature, we see that there is a seemingly infinite number of specification and design notations and methods, and that new notations are being introduced and marketed all the time. But if we step back and ignore the details, we see that many notations have a similar look and feel. Despite the number of individual notations, there are probably fewer than ten basic paradigms for expressing information about a problem's concepts, behavior, and properties.
This section focuses on seven basic notational paradigms that can be applied in several ways to steps in the development process. We begin our discussion of each by introducing the paradigm and the types of problems and descriptions for which it is particularly apt.Then we describe one or two concrete examples of notations from that paradigm.Once you are familiar with the paradigms, you can easily learn and use a new notation because you will understand how it relates to existing notations.


[3]
[SECTION]: Capturing the Requirements > 4.5 Modeling Notations > Entity-Relationship Diagrams
[CONTENT]: Early in the requirements phase, it is convenient to build a conceptual model of the problem that identifies what objects or entities are involved, what they look like (by defining their attributes), and how they relate to one another. Such a model designates names for the basic elements of the problem. These elements are then reused in other descriptions of the requirements (possibly written in other notations) that specify how the objects, their attributes, and their relationships would change in the course of the proposed system's execution.Thus, the conceptual model helps to tie together multiple views and descriptions of the requirements.
The entity-relationship diagram (ER diagram) (Chen 1976) is a popular graphical notational paradigm for representing conceptual models.As we will see in Chapter 6, it forms the basis of most object-oriented requirements and design notations, where it is used to model the relationships among objects in a problem description or to model the structure of a software application. This notation paradigm is also popular for describing database schema (i.e., describing the logical structure of data stored in a database).
","[
  {
    ""role"": ""sentence"",
    ""segment"": ""A descriptive notation is a notation that describes a problem or a proposed solution in terms of its properties or its invariant behaviors."",
    ""citations"": [
      {
        ""type"": ""source_text"",
        ""content"": ""A descriptive notation is a notation that describes a problem or a proposed solution in terms of its properties or its invariant behaviors."",
        ""img_id"": null
      }
    ],
    ""type"": null
  }
]",A descriptive notation is a notation that describes a problem or a proposed solution in terms of its properties or its invariant behaviors.,1.899,3.224
What do early design decisions regarding a system's architecture explain?,"
[0]
[SECTION]: Designing the Architecture > 5.1 The Design Process
[CONTENT]: At this point in the development process, we have a good understanding of our customer's  problem, and  we  have  a  requirements  specification  that  describes  what  an acceptable software solution would look like. If the specification was done well, it has focused on function, not form; that is, it gives few hints about how to build the proposed system. Design is the creative process of figuring out how to implement all of the customer's requirements; the resulting plan is also called the design .
Early  design  decisions  address  the  system's architecture , explaining  how  to decompose the system into units, how the units relate to one another, and describing any externally visible properties of the units (Bass, Clements, and Kazman 2003). Later design decisions address how to implement the individual units. To see how architecture  relates  to  both  design  and  requirements, consider  again  the  example  in  which Chuck and Betsy Howell want to build a new house.Their requirements include and so on. From the requirements, an architect produces preliminary designs for the Howells to consider.The architect may start by showing the Howells some generic plans based on different styles of houses, such as two-story colonials and bungalows, to get a better feel for what style the Howells would prefer.Within a particular architectural style, the architect may sketch out various design alternatives. For instance, in one design, the kitchen, dining room, and children's play space may share one large open area, whereas another design may locate the play space in a less public part of the house. One design may emphasize large bedrooms,and another may reduce bedroom size to make room for an additional bathroom. How the Howells choose from among the design alternatives will depend on their preferences for a design's distinguishing characteristics, such as the utility and character of the rooms' layouts, or the estimated cost of construction.
 - rooms for them and their three children to sleep
 - a place for the children to play
 - a kitchen and a large dining room that will hold an extendable table


[1]
[SECTION]: Designing the Architecture > 5.5 Achieving Quality Attributes > Usability
[CONTENT]: Usability attributes reflect the ease with which a user is able to operate the system. Most aspects of user-interface design are about how information is presented to and collected from the user.These design decisions tend not to be architectural, so we postpone a detailed discussion of this topic until the next chapter. However, there are a few user-interface decisions that do significantly affect the software's architecture, and they are worth mentioning here.
First and foremost,the user interface should reside in its own software unit,or possibly its own architectural layer.This separation makes it easier to customize the user interface for different audiences, such as users of different nationalities or different abilities.
Second, there are some user-initiated commands that require architectural support. These include generic commands such as cancel, undo, aggregate , and show multiple views (Bass, Clements, and Kazman 2003). At a minimum, the system needs a process that listens for these commands, because they could be generated at any time, unlike user commands that are input in  response  to  a  system  prompt. In  addition, for  some  of  these commands, the system needs to prepare itself to receive and execute the command. For example, for the undo command, the system must maintain a chain of previous states to which to return.For the show multiple views command,the system must be able to present multiple displays and keep them up-to-date and consistent as data change. In general, the design should include facilities for detecting and responding to any expected user input.


[2]
[SECTION]: Designing the Architecture > 5.8 Documenting Software Architectures
[CONTENT]: A system's architecture plays a vital role in its overall development: it is the basis on which most subsequent decisions about design, quality assurance, and project management are made.As such, it is crucial that the system's developers and stakeholders have a consistent understanding of the system's architecture.The SAD serves as a repository for information about the architectural design and helps to communicate this vision to the various members of the development team.
The SAD's contents depend heavily on how it will be used.That is, we try to anticipate what information will be sought by different types of SAD readers.Customers will be looking for a natural-language description of what the system will do. Designers will be looking for precise specifications of the software units to be developed. A performance analyst will want enough information about the software design, the computing platform, and the system's environment to carry out analyses of likely speed and load. Different team members read the SAD,each with a different purpose.For example,coders read the SAD to understand the overall design and make sure that each design feature or function is implemented somewhere in the code. Testers read the SAD to ensure that their tests exercise all aspects of the design.Maintainers use the SAD as a guide,so that architectural integrity is maintained as problems are fixed and new features implemented.
Given these uses, a SAD should include the following information:
 - System overview: This section provides an introductory description of the system, in terms of its key functions and usages.
 - Views: Each view conveys information about the system's overall design structure, as seen from a particular perspective. In addition to the views, we document also how the views relate to one another. Because the views are likely to be read by all SAD readers,each section is prefaced with a summary of the view and its main elements and interactions; technical details are addressed in separate subsections.


[3]
[SECTION]: Designing the Architecture > 5.13 What This Chapter Means For You
[CONTENT]: In this chapter, we have investigated what it means to design a system based on carefully expressed requirements. We have seen that design begins with a high-level architecture, where architectural decisions are based not only on system functionality and required constraints but also on desirable attributes and the long-term intended use of the system (including product lines, reuse, and likely modification).You should keep in mind several characteristics of good architecture as you go, including appropriate user interfaces, performance,modularity,security,and fault tolerance.You may want to build a prototype to evaluate several options or to demonstrate possibilities to your customers.
The goal is not to design the ideal software architecture for a system, because such an architecture might not even exist. Rather, the goal is to design an architecture that meets all of the customer's requirements while staying within the cost and schedule constraints that we discussed in Chapter 3.
","[
    {
        ""role"": ""sentence"",
        ""segment"": ""Early design decisions address the system's architecture, explaining how to decompose the system into units, how the units relate to one another, and describing any externally visible properties of the units."",
        ""citations"": [
            {
                ""type"": ""source_text"",
                ""content"": ""Early  design  decisions  address  the  system's architecture , explaining  how  to decompose the system into units, how the units relate to one another, and describing any externally visible properties of the units (Bass, Clements, and Kazman 2003)."",
                ""img_id"": null
            }
        ],
        ""type"": null
    }
]","Early design decisions address the system's architecture, explaining how to decompose the system into units, how the units relate to one another, and describing any externally visible properties of the units.",2.031,2.889
How is system functionality achieved in a pipe-and-filter style architecture?,"
[0]
[SECTION]: Designing the Architecture > 5.4 Architectural Styles And Strategies > Pipe-and-Filter
[CONTENT]: In a pipe-and-filter style, illustrated in Figure 5.6, system functionality is achieved by passing input data through a sequence of data-transforming components, called filters , to produce output data. Pipes are connectors that simply transmit data from one filter to  the  next  without  modifying  the  data. Each  filter  is  an  independent  function  that makes no assumptions about other filters that may be applied to the data.Thus, we can build our system by connecting together different filters to form a variety of configurations. If the format of the data is fixed-that is, if all of the filters and pipes assume a common  representation  of  the  data  being  transmitted-then  we  can  join  filters together in any configuration. Such systems have several important properties (Shaw and Garlan 1996):
 - We can understand the system's transformation of input data to output data as the functional composition of the filters' data transformations.
[FIGURE 5.6 Pipes and filters.] 
[FIGURE_DESCRIPTIONS]
[0] Block diagram illustrating a multi-path processing chain with sequential and parallel branches. Left-to-right flow shows an initial input entering a parallel set of two paths, each with series blocks, then re-joining into a subsequent shared path. A third parallel path exists at a lower level, mirroring the upper branches, with arrows indicating data routing between stages. On the top-right, a small legend titled KEY identifies two shapes: a ""Pipe"" represented by a long rectangle and a ""Filter"" represented by a smaller rectangle. The diagram emphasizes modular, pipelined processing units, potential fan-out, and three distinct output lines from the final stage. The visual focus is on data-path topology, with no numerical metrics provided. Readable text includes the labels ""Pipe"" and ""Filter"" in the legend, and connecting arrows denote signal flow between blocks.



[1]
[SECTION]: Designing the Architecture > 5.4 Architectural Styles And Strategies > Pipe-and-Filter
[CONTENT]:  - Filters can be reused in any other pipe-and-filter style program that assumes the same  format  for  input  and  output  data. Examples  of  such  filters  and  systems include image-processing systems and Unix shell programs.
 - System evolution is relatively easy; we can simply introduce new filters into our system's configuration, or replace or remove existing filters, without having to modify other parts of the system.
 - Because of filter independence, we can perform certain types of analyses, such as throughput analysis.
 - There are performance penalties when using a pipe-and-filter  architecture. To support a fixed data format during data transmission, each filter must parse input data before performing its computation and then convert its results back to the fixed data format for output. This repeated parsing and unparsing of data can hamper system performance. It can also make the construction of the individual filters more complex.
In some pipe-and-filter style systems, the filters are independent data-transforming functions, but  the  representation  of  data  passed  between  filters  is  not  fixed. For example, old-style compilers had pipe-and-filter architectures in which the output of each filter (e.g., the lexical analyzer or the parser) was fed directly into the next filter. Because the filters in such systems are independent and have precise input and output formats, it is easy to replace and improve filters but hard to introduce or remove filters. For example, to remove a filter, we may need to substitute a stub that converts the output from the previous filter into the input format expected by the next filter.


[2]
[SECTION]: Designing the Architecture > 5.7 Architecture Evaluation And Refinement > Trade-off Analysis
[CONTENT]: This complication leads us to a fourth design, based on a pipe-and-filter architecture (Figure 5.16), where the sequence of processing is controlled by the sequence of the filter modules.This design is easily extended to include new features, in that we can simply insert additional filters into the sequence. Also, each filter is an independent entity that can be changed without affecting other filters. The design supports the reuse of filters in other pipe-and-filter applications, as long as a filter's input data is in the form that it expects (Shaw and Garlan 1996).The filters may execute in parallel, processing inputs as they are received (although the Alphabetizer cannot output its results until it has received and sorted all of the input lines); this concurrent processing can enhance performance. Unlike the other designs, a data item is no longer stored in any location, but rather flows from one filter to another, being transformed along the way. As such, the design is not conducive to changes that would require the storage of persistent data,
[FIGURE_DESCRIPTIONS]
[0] Flow diagram illustrating a signal processing or data transformation pipeline. The top row shows a rectangular box labeled Input medium connected to a rectangular box labeled Input, followed by a rectangular box labeled Circular shift; arrows indicate directional flow. A labeled legend in the upper left corner defines two line styles: a solid line for 'Pipe' and a dashed line for 'System I/O'. A lower branch begins with a rectangular box labeled Alphabettizer connected by a line to a rectangular box labeled Output, which in turn connects to a rectangular box labeled Output medium. The overall layout resembles a modular chain with horizontal progression and a vertical branching connection from the top path down to the bottom path. The image emphasizes components, interfaces, and data flow between stages in a processing system.



[3]
[SECTION]: Designing the Architecture > 5.4 Architectural Styles And Strategies
[CONTENT]: Researchers are continuously analyzing good software designs, looking for useful architectural styles that can be applied more generally. These styles are then collected in style catalogues that an architect can reference when considering the best architecture for a given set of requirements. A few of these catalogues are listed at the end of this chapter.
In  the  rest  of  this  section, we  examine  six  architectural  styles  commonly  used in software development: pipe-and-filter, client-server, peer-to-peer, publish-subscribe, repositories , and layering . For each style, we describe the software elements comprising the style, the constraints on interactions among elements, and some properties (good and bad) of the resulting system.
","[
  {
    ""role"": ""sentence"",
    ""segment"": ""In a pipe-and-filter style, illustrated in Figure 5.6, system functionality is achieved by passing input data through a sequence of data-transforming components, called filters , to produce output data."",
    ""citations"": [
      {
        ""type"": ""source_text"",
        ""content"": ""In a pipe-and-filter style, illustrated in Figure 5.6, system functionality is achieved by passing input data through a sequence of data-transforming components, called filters , to produce output data."",
        ""img_id"": null
      }
    ],
    ""type"": null
  }
]","In a pipe-and-filter style, illustrated in Figure 5.6, system functionality is achieved by passing input data through a sequence of data-transforming components, called filters , to produce output data.",2.186,3.668
What is a reference model?,"
[0]
[SECTION]: Designing the Architecture > 5.1 The Design Process > Design Is a Creative Process
[CONTENT]: There  are  many  ways  to  leverage  existing  solutions. One  extreme  is cloning , whereby we borrow a whole design, and perhaps even the code, making minor adjustments to fit our particular problem. For example, a developer might clone an existing system to customize it for a new customer-though,as we will see, there are better ways of producing variations of the same product. Slightly less extreme is to base our design on  a reference  model : a  standard  generic  architecture  for  a  particular  application domain.A reference model suggests only how we decompose our system into its major components and how those components interact with each other. The design of the individual components and the details of their interactions will depend on the specific application being developed.As an example, Figure 5.3 shows the reference model for a compiler; the specifics of the parser, semantic analyzer, optimizations, and data repositories will vary greatly with the compiler's programming language. There are existing or proposed reference models for a variety of application domains, including operating systems, interpreters, database  management  systems, process-control  systems, integrated tool environments, communication networks, and Web services.


[1]
[SECTION]: Designing the Architecture > 5.1 The Design Process > Design Is a Creative Process
[CONTENT]: [FIGURE 5.2 Sources of design advice.] 
More typically, our problem does not have a reference model, and we create a design by combining and adapting generic design solutions. In your other courses, you have learned about generic, low-level design solutions such as data structures (e.g., lists, trees) and algorithm paradigms (e.g., divide-and-conquer, dynamic programming) that are useful in addressing entire classes of problems. Software architectures have generic solutions too, called architectural styles . Like reference models, architectural styles give advice about how to decompose a problem into software units and how those units should interact with each other. Unlike reference models, architectural styles are not optimized for specific application domains. Rather, they give generic advice about how to  approach  generic  design  problems  (e.g., how  to  encapsulate  data  shared  by  all aspects of the system).
[FIGURE_DESCRIPTIONS]
[0] Diagram illustrating a central concept labeled Design, with multiple spokes radiating outward. Each spoke ends in a label: Similar Systems, Reference Models, Architectural Styles, Design Patterns, Design Conversations, Design Principles, Experience, and Resources? (text appears as) likely 'Experience' and 'Resources' around the bottom. The center node is an oval/ellipse containing the word 'Design'. Surrounding labels describe related concepts guiding theory and practice. The layout suggests a hub-and-spokes model where Design is the core and various aspects such as Architectural Styles, Design Patterns, and Reference Models feed into or from Design. The surrounding words appear in plain sans-serif font; lines connect the central shape to each peripheral label. The top of the image is blank white, with the diagram occupying the middle. The text is small but legible: 'Similar Systems', 'Reference Models', 'Architectural Styles', 'Design Patterns', 'Design Conversations', 'Design Principles', 'Experience'.



[2]
[SECTION]: Designing the Architecture > 5.1 The Design Process > Design Is a Creative Process
[CONTENT]: [FIGURE 5.3 Reference model for a compiler (adapted from Shaw and Garlan 1996).] 
[FIGURE_DESCRIPTIONS]
[0] Diagram depicting a software architecture/data flow pipeline with a symbol table at the top connected to multiple processing components. Visible components include Lexical analyzer, Parser, Semantic analyzer, Optimizer, and Code generator arranged horizontally. Dashed lines indicate control flow, solid lines indicate data store connections. A Key box labeled Component shows Data store and Data fetch/store vs Control flow distinctions. Arrows illustrate interactions: from the Symbol table down to each processor, and back paths among processors suggesting bidirectional data exchange. The diagram emphasizes orchestration of compilation phases, with a central Symbol table feeding lexical, syntactic, semantic, optimization, and code generation steps, and cross-links among stages implying intermediate representations and attributes propagation. Text elements include labels for each block and the key. 



[3]
[SECTION]: Modeling the Process and Life Cycle > 2.11 Key References
[CONTENT]: As a result of the Fifth International Software Process Workshop,a working group chaired by Kellner formulated a standard problem, to be used to evaluate and compare some of the more popular process modeling techniques.The problem was designed to be complex enough so that it would test a technique's ability to include each of the following:
 - multiple levels of abstraction
 - control flow, sequencing, and constraints on sequencing


[4]
[SECTION]: Capturing the Requirements > 4.5 Modeling Notations > Entity-Relationship Diagrams
[CONTENT]: Early in the requirements phase, it is convenient to build a conceptual model of the problem that identifies what objects or entities are involved, what they look like (by defining their attributes), and how they relate to one another. Such a model designates names for the basic elements of the problem. These elements are then reused in other descriptions of the requirements (possibly written in other notations) that specify how the objects, their attributes, and their relationships would change in the course of the proposed system's execution.Thus, the conceptual model helps to tie together multiple views and descriptions of the requirements.
The entity-relationship diagram (ER diagram) (Chen 1976) is a popular graphical notational paradigm for representing conceptual models.As we will see in Chapter 6, it forms the basis of most object-oriented requirements and design notations, where it is used to model the relationships among objects in a problem description or to model the structure of a software application. This notation paradigm is also popular for describing database schema (i.e., describing the logical structure of data stored in a database).


[5]
[SECTION]: Evaluating Products, Processes, and Resources > 12.4 Evaluating Products > Product Quality Models
[CONTENT]:  - evaluating the model, identifying its weaknesses, and refining or re-creating it Clearly, these steps can be used to produce models for requirements, designs, code, and other development products, and each model will reflect product and project goals.
","[
  {
    ""role"": ""paragraph"",
    ""segment"": ""A reference model suggests only how we decompose our system into its major components and how those components interact with each other. There are existing or proposed reference models for a variety of application domains, including operating systems, interpreters, database management systems, process-control systems, integrated tool environments, communication networks, and Web services."",
    ""citations"": [
      {
        ""type"": ""source_text"",
        ""content"": ""a reference model suggests only how we decompose our system into its major components and how those components interact with each other."",
        ""img_id"": null
      },
      {
        ""type"": ""source_text"",
        ""content"": ""There are existing or proposed reference models for a variety of application domains, including operating systems, interpreters, database management systems, process-control systems, integrated tool environments, communication networks, and Web services."",
        ""img_id"": null
      }
    ],
    ""type"": null
  }
]","A reference model suggests only how we decompose our system into its major components and how those components interact with each other. There are existing or proposed reference models for a variety of application domains, including operating systems, interpreters, database management systems, process-control systems, integrated tool environments, communication networks, and Web services.",2.211,4.513
What defines a peer-to-peer (P2P) architecture?,"
[0]
[SECTION]: Designing the Architecture > 5.4 Architectural Styles And Strategies > Peer-to-Peer
[CONTENT]: Technically, a peer-to-peer (P2P) architecture is one in which each component executes as its own process and acts as both a client of and a server to other peer components. Each component has an interface that specifies not only the services it provides, but also the services that it requests from other peer components. Peers communicate by requesting  services  from  each  other. In  this  way, P2P  communication  is  like  the request/reply communication found in client-server architecture, but any component can initiate a request to any other peer component.
[FIGURE 5.7 Three-tiered client-server architecture.] 
The best known P2P architectures are file-sharing networks, such as Napster and Freenet, in which the components provide similar services to each other. What differs among components are the data each component stores locally.Thus, the system's data are distributed among the components; whenever a component needs information not stored locally, it retrieves it from a peer component.
[FIGURE_DESCRIPTIONS]
[0] Diagram illustrating a multi-layer client-server architecture with labeled components and data flow. The top row shows three client-side elements: Web Browser, Web Browser, Desktop Client Presentation. A central Application Server box connects downward to a Database Server, forming a layered Information System: Business Logic and Information System shown on the right. A small KEY box in the left corner defines arrows: request/reply between client and server, and the server-to-database interaction. Arrows indicate the flow from clients to the Application Server, then to the Database Server. The overall structure highlights distribution of responsibilities: client presentation, application logic on the Application Server, and persistent data in the Database Server, with business logic and information system labels aligning to the right. Readable text includes the component labels and the KEY matter, useful for retrieval by architecture terms.



[1]
[SECTION]: Designing the Architecture > 5.4 Architectural Styles And Strategies > Peer-to-Peer
[CONTENT]: P2P networks are attractive because they scale up well. Although each added component increases demands on the system in the form of additional requests, it also increases the system's capabilities, in the form of new or replicated data and as additional server capacity. P2P networks are also highly tolerant of component and network failures, because data are replicated and distributed over multiple peers. Sidebar 5.4 describes the pros and cons of Napster's P2P architecture.


[2]
[SECTION]: Designing the Architecture > 5.4 Architectural Styles And Strategies > SIDEBAR 5.4 NAPSTER'S P2P ARCHITECTURE
[CONTENT]: N apster, the popular music-sharing system, uses a P2P architecture.Typically, the peers are users' desktop computer systems running general-purpose computing applications, such as electronic mail clients, word processors, Web browsers, and more. Many of these user systems do not have stable Internet protocol (IP) addresses, and they are not always available to the rest of the network. And most users are not sophisticated; they are more interested in content than in the network's configuration and protocols. Moreover, there is great variation in methods for accessing the network, from slow dial-up lines to fast broadband connections.
Napster's sophistication comes instead from its servers, which organize requests and manage content. The actual content is provided by users, in the form of files that are shared from peer to peer, and the sharing goes to other (anonymous) users, not to a centralized file server.
This type of architecture works well when the files are static (i.e., their content does not change often or at all), when file content or quality do not matter, and when the speed and reliability of sharing are not important. But if the file content changes frequently (e.g., stock prices or evaluations), sharing speed is key (e.g., large files are needed quickly), file quality is critical (e.g., photographs or video), or one peer needs to be able to trust another (e.g., the content is protected or contains valuable corporate information), then a P2P architecture may not be the best choice; a centralized server architecture may be more appropriate.


[3]
[SECTION]: Designing the Architecture > 5.5 Achieving Quality Attributes > Security
[CONTENT]: TCP/IP, introduced in 1973, cemented the notion of direct host-to-host communication, with the network handling the mechanics of guiding the packets to their destination. Most of the protocols created since then (HTTP , SMTP , DNS, etc.) build on the idea that a host that needs data connects directly to the host that has it, and that it is the network's task to enable this.The techniques used by P2P file-sharing networking systems are simply an evolution of these principles.
Although a P2P network has advantages such as replication and redundancy, the underlying design encourages data sharing even when the data are not intended for open view.
To see how, consider that a typical P2P network involves users who place shareable items in a designated folder.You may think that a careful user's files would be safe. But there are many ways that data are unintentionally shared:
 - The user accidentally shares files or folders containing sensitive information.
 - Files or data are misplaced.
 - The user interface may be confusing, so the user does not realize that a file is being shared.Good and Krekelberg (2003) found the KaZaA system to have this problem.
 - Files or data are poorly organized.
 - The user relies on software to recognize file or data types and make them available, and the software mistakenly includes a file or data that should have been protected.
 - Malicious software shares files or folders without the user's knowledge.
Indeed, Krebs (2008) describes how an investment firm employee used his company computer to participate in LimeWire, an online P2P file-sharing network for people trading in music and videos. In doing so, he inadvertently exposed his firm's private files. These files included the names, dates of birth, and Social Security numbers for 2000 of the firm's clients, among whom was a U.S. Supreme Court Justice! The head of Tiversa, the company hired to help contain the breach said, 'such breaches are hardly rare.About 40 to 60 percent of all data leaks take place outside of a company's secured network, usually as a result of employees or contractors installing file-sharing software on company computers' (Krebs 2008). Leaked often are files containing confidential company plans or  designs  for  new  products. So  architectural  considerations  should address both conventional and unconventional uses of the system being developed.
","[
  {
    ""role"": ""sentence"",
    ""segment"": ""A peer-to-peer (P2P) architecture is one in which each component executes as its own process and acts as both a client of and a server to other peer components, with an interface that specifies both the services it provides and the services it requests from other peers; peers communicate by requesting services from each other, so any component can initiate a request to any other peer component."",
    ""citations"": [
      {
        ""type"": ""source_text"",
        ""content"": ""Technically, a peer-to-peer (P2P) architecture is one in which each component executes as its own process and acts as both a client of and a server to other peer components. Each component has an interface that specifies not only the services it provides, but also the services that it requests from other peer components. Peers communicate by requesting  services  from  each  other. In  this  way, P2P  communication  is  like  the request/reply communication found in client-server architecture, but any component can initiate a request to any other peer component."",
        ""img_id"": null
      }
    ],
    ""type"": null
  }
]","A peer-to-peer (P2P) architecture is one in which each component executes as its own process and acts as both a client of and a server to other peer components, with an interface that specifies both the services it provides and the services it requests from other peers; peers communicate by requesting services from each other, so any component can initiate a request to any other peer component.",2.357,5.576
How do components interact in a publish-subscribe architecture?,"
[0]
[SECTION]: Designing the Architecture > 5.4 Architectural Styles And Strategies > Publish-Subscribe
[CONTENT]: In a publish-subscribe architecture, components interact by broadcasting and reacting to events. A component expresses interest in an event by subscribing to it. Then, when another component announces ( publishes ) that the event has taken place, the subscribing components are notified.The underlying publish-subscribe infrastructure is responsible both for registering event subscriptions and for delivering published events to the appropriate components. Implicit invocation is  a  common form of publish-subscribe architecture, in which a subscribing component associates one of its procedures with each event of interest (called registering the procedure). In this case, when the event occurs, the publish-subscribe infrastructure invokes all of the event's registered procedures. In contrast to client-server and P2P components, publish-subscribe components know nothing about each other. Instead, the publishing component simply announces events and then waits for interested components to react; each subscribing component simply reacts to event announcements, regardless of how they are published. In models of this kind of architecture, the underlying infrastructure is often represented as an event bus to which all publish-subscribe components are connected.


[1]
[SECTION]: Designing the Architecture > 5.4 Architectural Styles And Strategies > Publish-Subscribe
[CONTENT]: This is a common architectural style for integrating tools in a shared environment. For example, Reiss (1990) reports on an environment called Field, where tools such as editors register for events that might occur during a debugger's functioning.To see how, consider that the debugger processes code, one line at a time. When it recognizes that it has reached a set breakpoint, it announces the event 'reached breakpoint'; then, the system forwards the event to all registered tools, including the editor, and the editor reacts to the event by automatically scrolling to the source-code line that corresponds  to  the  breakpoint. Other  events  that  the  debugger  might  announce  include entry and exit points of functions, runtime errors, and comments to clear or reset the program's execution. However, the debugger is not aware of which tools, if any, have registered for the different events, and it has no control over what the other tools will do in response to one of its events. For this reason, a publish-subscribe system will often include  some  explicit  invocations  (e.g., calls  to  access  methods)  when  a  component wants to enforce or confirm a specific reaction to a critical event.
Publish-subscribe  systems  have  several  strengths  and  weaknesses  (Shaw  and Garlan 1996):
 - Such  systems  provide  strong  support  for  system  evolution  and  customization. Because  all  interactions  are  orchestrated  using  events, any  publish-subscribe
 - component can be added to the system and can register itself without affecting other components.
 - For the same reason, we can easily reuse publish-subscribe components in other event-driven systems.
 - Components can pass data at the time they announce events. But if components need to share persistent data, the system must include a shared repository to support  that  interaction. This  sharing  can  diminish  the  system's  extensibility  and reusability.


[2]
[SECTION]: Designing the Architecture > 5.4 Architectural Styles And Strategies > Publish-Subscribe
[CONTENT]:  - Publish-subscribe systems are difficult to test, because the behavior of a publishing component will depend on which subscribing components are monitoring its events.Thus, we cannot test the component in isolation and infer its correctness in an integrated system.


[3]
[SECTION]: Designing the Architecture > 5.4 Architectural Styles And Strategies > Combining Architectural Styles
[CONTENT]: It is easiest to think about an architectural style and its associated properties when we consider the style in its purest form. However, actual software architectures are rarely based purely on a single style. Instead, we build our software architecture by combining different architectural styles, selecting and adapting aspects of styles to solve particular problems in our design.
Architectural styles can be combined in several ways:
 - We might use different styles at different levels of our system's decomposition. For example, we might view our system's overall structure as a client-server architecture, but subsequently decompose the server component into a series of layers. Or a simple intercomponent connection at one level of abstraction may be refined to be a collection of components and connectors at a lower level of decomposition.
For  instance, we  might  decompose  one  architecture's  publish-subscribe  interactions to elaborate the components and protocols used to manage event subscriptions and to notify subscribing components of event announcements.
 - Our architecture  may  use  a  mixture  of  architectural  styles  to  model  different components or different types of interactions among components, such as the architecture  shown  in  Figure  5.10. In  this  example, several  client  components interact  with  each  other  using  publish-subscribe  communications. These  same components  use  server  components  via  request/reply  protocols; in  turn, the server components interact with a shared data repository. In this example, the architecture integrates different styles into a single model by allowing components to play multiple roles (e.g., client, publisher, and subscriber) and to engage in multiple types of interactions.


[4]
[SECTION]: Designing the Architecture > 5.4 Architectural Styles And Strategies > Combining Architectural Styles
[CONTENT]: [FIGURE 5.10 Combination of publish-subscribe, client-server, and repository architecture styles.] 
[FIGURE_DESCRIPTIONS]
[0] Diagrammatic slide fragment showing a client-server architecture with labeled components and data flow. Left side contains a KEY box mapping symbols to actions: client, server, repository, publish/subscribe, query, and database transactions. Arrows indicate flows between client or server and repository or database. Right side depicts a Web Server and Web Browser stack, including a Web Server and Web Browser communicating with a Desktop Application labeled as Client Application, Server-side Presentation, and Business Logic. Beneath, two Application Databases are connected to Application Server blocks representing data storage for each application. Text labels include: Web Browser, Web Server, Desktop Client Application, Server-side Presentation, Business Logic, Enterprise Information Systems, Application Databases. The diagram conveys separation of concerns among presentation, logic, and data layers, with explicit data paths for publish/subscribe, database reads/writes, and application communication.

","[
  {
    ""role"": ""sentence"",
    ""segment"": ""In a publish-subscribe architecture, components interact by broadcasting and reacting to events; a component expresses interest in an event by subscribing to it, and when another component announces that the event has taken place, the subscribing components are notified."",
    ""citations"": [
      {
        ""type"": ""source_text"",
        ""content"": ""In a publish-subscribe architecture, components interact by broadcasting and reacting to events. A component expresses interest in an event by subscribing to it. Then, when another component announces ( publishes ) that the event has taken place, the subscribing components are notified."",
        ""img_id"": null
      }
    ]
  }
]","In a publish-subscribe architecture, components interact by broadcasting and reacting to events; a component expresses interest in an event by subscribing to it, and when another component announces that the event has taken place, the subscribing components are notified.",2.468,5.592
What information is mapped in a deployment view of an architecture?,"
[0]
[SECTION]: Designing the Architecture > 5.3 Decomposition And Views > Architectural Views
[CONTENT]:  - Execution view: This view is the traditional box-and-arrow diagram that software architects draw, showing the runtime structure of a system in terms of its components and connectors. Each component is a distinct executing entity, possibly with its  own  program  stack. A connector is  some  intercomponent  communication mechanism, such as a communication channel, shared data repository, or remote procedure call.
 - Implementation view: This view maps code units, such as modules, objects, and procedures, to the source file that contains their implementation. This view helps programmers find the implementation of a software unit within a maze of sourcecode files.
 - Deployment view: This view maps runtime entities, such as components and connectors, onto computer resources, such as processors, data stores, and communication networks. It helps the architect analyze the quality attributes of a design, such as performance, reliability, and security.
 - Work-assignment  view: This  view  decomposes  the  system's  design  into  work tasks that can be assigned to project teams. It helps project managers plan and allocate project resources, as well as track each team's progress.
Each view is a model of some aspect of the system's structure, such as code structure, runtime structure, file structure, or project team structure. A system's architecture represents  the  system's  overall  design  structure; thus, it  is  the  full  collection  of  these views. Normally, we do not attempt to combine views into a single integrated design, because such a description-comprising multiple overlays of different decompositionswould be too difficult to read and keep up-to-date. Later in this chapter, we discuss how to document a system's architecture as a collection of views.The documentation includes mappings among views so that we can understand the big picture.


[1]
[SECTION]: Designing the Architecture > 5.8 Documenting Software Architectures > Mappings among Views
[CONTENT]: How many and which views to include in the SAD depends on the structure of the system being designed and the quality attributes that we want to measure. At the very least, the SAD should contain a decomposition view showing the design's constituent code units, plus an execution view showing the system's runtime structure. In addition, a deployment view that assigns software units to computing resources is essential if we want to reason about the system's performance.Alternatively, we may include multiple execution  views, each  based  on  a  different  architectural  style, if  each  of  the  styles reflects  useful  ways  of  thinking  about  the  system's  structure  and  interactions. For example, if our design is based on a publish-subscribe style, in which components are triggered by events, we may also include a pipe-and-filter view that depicts the order in which components are to be invoked.
Because our design is documented as a collection of views, we should show how the views relate to one another. If one view details an element that is a software unit in a more abstract view, then this relationship is straightforward. However, if two views show different aspects of the same part of the design, and if there is no obvious correspondence between the elements in the two views, then mapping this correspondence is essential. For example, it is useful to record how runtime components and connectors in an execution view map to code-level units in a decomposition view. Such a mapping documents how the components and connectors will be implemented. Similarly, it is useful to record how elements in one decomposition view (e.g., a module view) map to elements in another decomposition view (e.g., a layer view). Such a mapping reveals all of the units needed to implement each layer.


[2]
[SECTION]: Designing the Architecture > 5.8 Documenting Software Architectures > Mappings among Views
[CONTENT]: Clements et al. (2003) describe how to document a mapping between two views as a table, indexed by the elements in one of the views. For each element in the first view, the table lists the corresponding element(s) in the second view and describes the nature of  the  correspondence. For  example, the  indexed  element implements the  other  element(s), or is a generalization of the other element(s). Because it is possible that parts of elements in one view map to parts of elements in the other view, we should also indicate whether the correspondence is partial or complete.


[3]
[SECTION]: Designing the Architecture > 5.3 Decomposition And Views > Architectural Views
[CONTENT]: We want to decompose the system's design into its constituent programmable units, such as modules, objects, or procedures. However, this set of elements may not be the only decomposition we consider. If the proposed system is to be distributed over several computers, we may want a view of the design that shows the distribution of the system's  components as well as how those components communicate with each other. Alternatively, we may want a view of the design that shows the various services that the system is to offer and how the services operate together, regardless of how the services are mapped to code modules.
Common types of architectural views include the following:
 - Decomposition view: This traditional view of a system's decomposition portrays the system as programmable units.As depicted in Figure 5.5, this view is likely to be
 - hierarchical and may be represented by multiple models. For example, a software unit in one model may be expanded in another model to show its constituent units.
 - Dependencies view: This view shows dependencies among software units, such as when one unit calls another unit's procedures or when one unit relies on data produced by one or more other units.This view is useful in project planning, to identify which software units are dependency free and thus can be implemented and tested in isolation. It is also useful for assessing the impact of making a design change to some software unit.
 - Generalization view: This view shows software units that are generalizations or specializations of one another. An obvious example is an inheritance hierarchy among  object-oriented  classes. In  general, this  view  is  useful  when  designing abstract or extendible software units: the general unit encapsulates common data and functionality, and  we  derive  various  specialized  units  by  instantiating  and extending the general unit.
","[
    {
        ""role"": ""sentence"",
        ""segment"": ""A deployment view maps runtime entities (such as components and connectors) onto computer resources (such as processors, data stores, and communication networks)."",
        ""citations"": [
            {
                ""type"": ""source_text"",
                ""content"": ""This view maps runtime entities, such as components and connectors, onto computer resources, such as processors, data stores, and communication networks."",
                ""img_id"": null
            }
        ],
        ""type"": null
    }
]","A deployment view maps runtime entities (such as components and connectors) onto computer resources (such as processors, data stores, and communication networks).",2.166,3.821
How do layered systems organize software units?,"
[0]
[SECTION]: Designing the Architecture > 5.4 Architectural Styles And Strategies > Layering
[CONTENT]: Layered systems organize the system's software units into layers, each of which provides services to the layer above it and acts as a client to the layer below. In a 'pure' layered system, a software unit in a given layer can access only the other units in the same layer and services offered by the interface to the layer immediately below it. To improve performance, this constraint may be relaxed in some cases, allowing a layer to access the services of layers below its lower neighbor; this is called layer bridging . However, if a design includes a lot of layer bridging, then it loses some of the portability and maintainability that the layering style offers. Under no circumstances does a layer access the services offered by a higher-level layer; the resulting architecture would no longer be called layered.


[1]
[SECTION]: Designing the Architecture > 5.4 Architectural Styles And Strategies > Layering
[CONTENT]: [FIGURE 5.9 Layered architecture of OSI model for network communications.] 
On the other hand, it is not always easy to structure a system into distinct layers of increasingly powerful services, especially when software units are seemingly interdependent. Also, it may appear that layers introduce a performance cost from the set of calls  and  data  transfers  between  system  layers. Fortunately, sophisticated  compilers, linkers, and loaders can reduce this overhead (Clements et al. 2003).
[FIGURE_DESCRIPTIONS]
[0] Diagram depicts a data flow model with labeled stages and arrows indicating directional movement of data between components. Leftmost column labeled KEY shows a hierarchical legend for layer, procedure call, and physical cable. The main flow area, titled Data flow, contains stacked rounded rectangles representing sequential layers: Physical, Send (bit/byte), Network, Transport, Session, Data, and Application, each paired with sub-labels like send (data), receive (data), and corresponding actions. Arrows illustrate bidirectional data exchange between sender and receiver stacks across the central flow, including labels such as send(my file), receive(my file), send(data), receive(data), and close session. A large upward arrow on the right suggests data propagation or system exit. The diagram emphasizes end-to-end communication, file transfer, and protocol-layer interactions across application, session, transport, network, data, and physical layers with explicit text markers like Application, Presentation, and Messaging stages on both sides.



[2]
[SECTION]: Designing the Architecture > 5.10 Software Product Lines > Advantages of Product-Line Architecture
[CONTENT]: A product-line architecture promotes planned modifiability, where known differences among product-family members are isolated in the architecture to allow for easy adaptation. Examples of product-line variability are given below:
 - Component replacements: A software unit can be realized by any implementation that  satisfies  the  unit's  interface  specification. Thus, we  can  instantiate  a  new product-family member by changing the implementations of one or more software units. For example, we can use a layered architecture to isolate a product family's  interfaces  to  users, communication  networks, other  software  components, the computing platforms, input sensors, and so on.This way, we can instantiate new family members by reimplementing the interface layers to accommodate new interfaces. Similarly, we can improve quality attributes, such as performance, by reimplementing key software units.
 - Component specializations: Specialization is a special case of component replacement that is most strongly supported by object-oriented designs. We can replace any class with a subclass whose methods augment or override the parent's methods. Thus, we can instantiate new family members by creating and using new subclasses.
 - Product-line  parameters: We can think  of  software  units  as  parameters  in  the product-line architecture, so that varying the parameters results in a set of possible system configurations. For example, parameters could be used to specify feature  combinations, which  are  then  instantiated  as  component  additions  or replacements. If parameters are the only source of product-line variation, then we can automatically configure and generate products by setting parameter values. See  Sidebar  5.9  for  a  description  of  other  work  on  generating  product-family members automatically.


[3]
[SECTION]: Designing the Modules > 6.2 Design Principles > Incremental Development
[CONTENT]: Given a design consisting of software units and their interfaces, we can use the information about the units' dependencies to devise an incremental schedule of development. We start by mapping out the units' uses relation (Parnas 1978b), which relates each software unit to the other software units on which it depends. Recall from our discussion about coupling that two software units, A and B, need not invoke each other in order to depend on each other; for example, unit A may depend on unit B to populate a data structure, stored in a separate unit C, that unit A subsequently queries. In general, we say that a software unit A 'uses' a software unit B if A 'requires the presence of a correct version of B' in order for A to complete its task, as specified in its interface (Parnas 1978b).Thus,a unit A uses a unit B if A does not work correctly unless B works. The above discussion assumes that we can determine a system's uses relation from its units' interface specifications. If the interface specifications do not completely describe the units' dependencies, then we will need to know enough about each unit's planned implementations to know which other units it will use.
Figure 6.8 depicts the uses relation of a system as a uses graph , in which nodes represent software units, and directed edges run from the using units, such as A, to the used units, such as B. Such a uses graph can help us to identify progressively larger subsets of our system that we can implement and test incrementally.A subset of our system is some useful subprogram together with all of the software units that it uses, and all of the software units that those units use, and so on.'Conceptually, we pluck a program P1 out from the uses graph, and then see what programs come dangling beneath it.This is our subset' (Clements et al. 2003). Thus, the degree to which our system can be constructed incrementally depends on the degree to which we can find useful small subsets that we can implement and test early.


[4]
[SECTION]: Improving Predictions, Products, Processes, and Resources > 13.11 Term Project
[CONTENT]: Consider  how  you  and  your  team  built  the  Loan Arranger  project. What  resource improvements would you have needed to do a better job? Training? Different skills? More time? More quiet in your workplace? Devise a list to present to your instructor, suggesting better ways to organize this project the next time it is assigned in class.
","[
  {
    ""role"": ""paragraph"",
    ""segment"": ""Layered systems organize the system's software units into layers, each of which provides services to the layer above it and acts as a client to the layer below. In a 'pure' layered system, a software unit in a given layer can access only the other units in the same layer and services offered by the interface to the layer immediately below it. To improve performance, this constraint may be relaxed in some cases, allowing a layer to access the services of layers below its lower neighbor; this is called layer bridging."",
    ""citations"": [
      {
        ""type"": ""source_text"",
        ""content"": ""Layered systems organize the system's software units into layers, each of which provides services to the layer above it and acts as a client to the layer below."",
        ""img_id"": null
      },
      {
        ""type"": ""source_text"",
        ""content"": ""In a 'pure' layered system, a software unit in a given layer can access only the other units in the same layer and services offered by the interface to the layer immediately below it."",
        ""img_id"": null
      },
      {
        ""type"": ""source_text"",
        ""content"": ""To improve performance, this constraint may be relaxed in some cases, allowing a layer to access the services of layers below its lower neighbor; this is called layer bridging."",
        ""img_id"": null
      }
    ],
    ""type"": null
  }
]","Layered systems organize the system's software units into layers, each of which provides services to the layer above it and acts as a client to the layer below. In a 'pure' layered system, a software unit in a given layer can access only the other units in the same layer and services offered by the interface to the layer immediately below it. To improve performance, this constraint may be relaxed in some cases, allowing a layer to access the services of layers below its lower neighbor; this is called layer bridging.",2.109,8.836
What is layer bridging?,"
[0]
[SECTION]: Designing the Architecture > 5.4 Architectural Styles And Strategies > Layering
[CONTENT]: Layered systems organize the system's software units into layers, each of which provides services to the layer above it and acts as a client to the layer below. In a 'pure' layered system, a software unit in a given layer can access only the other units in the same layer and services offered by the interface to the layer immediately below it. To improve performance, this constraint may be relaxed in some cases, allowing a layer to access the services of layers below its lower neighbor; this is called layer bridging . However, if a design includes a lot of layer bridging, then it loses some of the portability and maintainability that the layering style offers. Under no circumstances does a layer access the services offered by a higher-level layer; the resulting architecture would no longer be called layered.


[1]
[SECTION]: Preface > BRIDGING THE GAP BETWEEN RESEARCH AND PRACTICE
[CONTENT]: Software engineering has come a long way since 1968, when the term was first used at a NATO conference.And software itself has entered our lives in ways that few had anticipated, even a decade ago. So a firm grounding in software engineering theory and practice is essential for understanding how to build good software and for evaluating the risks and opportunities that software presents in our everyday lives.This text represents the blending of the two current software engineering worlds: that of the practitioner, whose  main  focus  is  to  build  high-quality  products  that  perform  useful functions, and that of the researcher, who strives to find ways to improve the quality of products and the productivity of those who build them. Edsgar Dykstra continually reminded us that rigor in research and practice tests our understanding of software engineering and helps us to improve our thinking, our approaches, and ultimately our products.
It is in this spirit that we have enhanced our book, building an underlying framework for this questioning and improvement. In particular, this fourth edition contains extensive material about how to abstract and model a problem, and how to use models, design principles, design patterns, and design strategies to create appropriate solutions. Software engineers are more than programmers following instructions, much as chefs are more than cooks following recipes.There is an art to building good software, and the art is embodied in understanding how to abstract and model the essential elements of a problem and then use those abstractions to design a solution.We often hear good developers talk about 'elegant' solutions, meaning that the solution addresses the heart of the problem, such that not only does the software solve the problem in its current form but it can also be modified as the problem evolves over time. In this way, students learn to blend research with practice and art with science, to build solid software.


[2]
[SECTION]: Preface > BRIDGING THE GAP BETWEEN RESEARCH AND PRACTICE
[CONTENT]: The science is always grounded in reality. Designed for an undergraduate software engineering curriculum, this book paints a pragmatic picture of software engineering research and practices so that students can apply what they learn directly to the real-world problems they are trying to solve. Examples speak to a student's limited experience  but  illustrate  clearly  how  large  software  development  projects  progress from need to idea to reality. The examples represent the many situations that readers are likely to experience: large projects and small,'agile' methods and highly structured ones, object-oriented and procedural approaches, real-time and transaction processing, development and maintenance situations.
The book is also suitable for a graduate course offering an introduction to software engineering concepts and practices, or for practitioners wishing to expand their knowledge  of  the  subject. In  particular, Chapters  12, 13, and  14  present  thoughtprovoking material designed to interest graduate students in current research topics.


[3]
[SECTION]: Designing the Architecture > 5.4 Architectural Styles And Strategies > Layering
[CONTENT]: To see how this type of system works, consider Figure 5.9, which depicts the Open Systems Interconnection (OSI) reference model for network communications (International  Telecommunication  Union  1994). The  bottom  layer  provides  facilities  for transferring data bits over a physical link, like a cable-possibly unsuccessfully. The next layer, the Data Link Layer, provides more complex facilities: it transmits fixedsized data frames, routes data frames to local addressable machines, and recovers from simple transmission errors.The Data Link Layer uses the bottom Physical Layer's facilities to perform the actual transmission of bits between physically connected machines. The Network Layer adds the ability to transmit variable-sized data packets, by breaking packets into fixed-sized data frames which are then sent using the Data Link facilities; the Network Layer also expands the routing of data packets to nonlocal machines. The Transport Layer adds reliability, by recovering from routing errors, such as when data frames are lost or reordered as they are routed (along possibly different paths) through the network.The Session Layer uses the Transport Layer's reliable data-transfer services  to  provide  long-term  communication  connections, over  which  lengthy  data exchanges can take place.The Presentation Layer provides translation among different data representations, to support data exchanges among components that use different data formats. The Application Layer provides application-specific services, such as file transfers if the application is a file-transfer program.
In the OSI example, each layer raises the level of abstraction of the communication services that are available to the next layer, and hides all of the details about how those services are implemented. In general, the layering style is useful whenever we can decompose our system's functionality into steps, each of which builds on previous steps. The resulting design is easier to port to other platforms, if the lowest level encapsulates the software's interactions with the platform. Moreover, because a layer can interact only  with  its  neighboring  layers, layer  modification  is  relatively  easy; such  changes should affect at most only the two adjacent layers.
","[
  {
    ""role"": ""sentence"",
    ""segment"": ""Layer bridging is when the constraint that a layer can access only the layer immediately below it is relaxed, allowing a layer to access the services of layers below its lower neighbor; this is called layer bridging."",
    ""citations"": [
      {
        ""type"": ""source_text"",
        ""content"": ""To improve performance, this constraint may be relaxed in some cases, allowing a layer to access the services of layers below its lower neighbor; this is called layer bridging"",
        ""img_id"": null
      }
    ],
    ""type"": null
  }
]","Layer bridging is when the constraint that a layer can access only the layer immediately below it is relaxed, allowing a layer to access the services of layers below its lower neighbor; this is called layer bridging.",2.158,4.633
"In a fault tree, when is a parent node drawn as an and-gate?","
[0]
[SECTION]: Designing the Architecture > 5.7 Architecture Evaluation And Refinement > Safety Analysis
[CONTENT]: We learned earlier about the importance of fault identification, correction, and tolerance in creating reliable and robust designs.There are several techniques that can be used during design to identify possible faults or their likely locations. Fault-tree analysis , a method originally  developed  for  the  U.S. Minuteman  missile  program, helps  us  to  examine  a design and look for faults that might lead to failure.We build fault trees that trace backwards through a design, along the logical path from effect to cause. The trees are then used to help us decide which faults to correct or avoid, and which faults to tolerate.
We begin our analysis by identifying possible failures.Although our identification takes place during design, we consider failures that might be affected by design, operation, or even maintenance. We can use a set of guidewords to help us understand how the system might deviate from its intended behavior. Table 5.1 illustrates some of the guidewords  that  might  be  used; you  can  select  your  own  guidewords  or  checklists, based on your system's application domain.
Next, we build an upside-down tree whose root node is some failure that we want to analyze, and whose other nodes are events or faults that realize or lead to the root node's failure. The edges of the graph indicate the relationships among nodes. Parent nodes are drawn as logic gate operators: an and -gate if both of the child nodes' events must occur for the parent node's event to occur; an orgate if one child's event is sufficient to cause the parent's event. Sometimes, an edge is labeled n_of_m if the system includes m redundant components, where n faulty components lead to the designated failure. Each node represents an independent event; otherwise, the analysis results may be invalid, especially with respect to compound faults.


[1]
[SECTION]: Designing the Architecture > 5.7 Architecture Evaluation And Refinement > Safety Analysis
[CONTENT]: The cut-set is the set of leaf nodes in the cut-set tree. For example, consider the fault tree on the left side of Figure 5.12. G1 is the top logic gate in the fault tree, and its or condition leads us to expand its corresponding node in the cut-set tree to have two child nodes, G2 and G3. In turn, G2 in the fault tree is composed of both G4 and G5,so G2 in the cut-set tree is expanded to have a composition child node with label {G4, G5}. Continuing in this manner, we end up with the cut-set {A1,A3}, {A1,A4}, {A2,A3}, {A2, A4}, {A4,A5}.The cut-set represents the set of minimal event combinations that could lead to the failure listed at the top of the cut-set tree.Thus, if any member of the cut-set is a singleton event set, {A i }, then the top failure could be caused by a single event, A i . Similarly, the  cut-set  element  {A i , A j }  means  that  the  top  failure  can  occur  if  both events A i and A j occur, and cut-set element {A i , A j , . . ., A n }  means that failure can occur only if all of the composite events occur.Thus, we have reasoned from a failure to all possible causes of it.


[2]
[SECTION]: Designing the Architecture > 5.7 Architecture Evaluation And Refinement > Safety Analysis
[CONTENT]: The concepts we have described can be applied to any system's hardware or software. The  challenge  is  to  identify  key  possible  failures, and  then  trace  backwards through the design, looking for data and computations that could contribute to the failure. Data-flow and control-flow graphs can help us trace through a design.As we saw in Chapter 4, a data-flow graph depicts the transfer of data from one process to another. The same ideas can be applied to an architectural design, to show what kinds of data flow among the design's software units. In this way, if one of the failures we are analyzing is data related, we can trace backwards through the data-flow graph to find the software  units  that  could  affect  the  data  and  thereby  cause  the  fault. Similarly, a control-flow graph depicts possible transfers of control among software units. When applied to a design, a control-flow graph can show how a control thread progresses from one unit to the next during execution. If we are analyzing a failure that is related to computation or to a quality attribute, we can trace backwards through the controlflow graph to find the software units involved in that computation.
Once  the  fault  tree  is  constructed, we  can  search  for  design  weaknesses. For example, we can derive another tree, called a cut-set tree , that reveals which event combinations can cause the failure. A cut-set tree is especially useful when the fault tree is complex and difficult to analyze by eye. The rules for forming the cut-set tree are as follows:
 - Assign the top node of the cut-set tree to match the logic gate at the top of the fault tree.
 - Working from the top down, expand the cut-set tree as follows:
 - Expand an or -gate node to have two children, one for each or -gate child.
 - Expand an and -gate node to have a child composition node listing both of the and -gate children.
 - Expand  a  composition  node  by  propagating  the  node  to  its  children, but expanding one of the gates listed in the node.
 - Continue until all leaf nodes are basic events or composition nodes of basic events.


[3]
[SECTION]: Designing the Architecture > 5.7 Architecture Evaluation And Refinement > Safety Analysis
[CONTENT]: We can also use fault trees to calculate the probability that a given failure will occur by estimating the probability of the basic events and propagating these computations up through the tree. But there are some drawbacks to fault-tree analysis. First, constructing the graphs can be time consuming. Second, many systems involve many dependencies, which means that analysis of the design's data-flow and control-flow graphs yields a large number of suspect software units to explore; it is difficult to focus only on the most critical parts of the design unless we have very low coupling. Moreover, the number and kinds of preconditions that are necessary for each failure are daunting and not always easy to spot, and there is no measurement to help us sort them out. However, researchers continue to seek ways to automate the tree building and analysis. In the United States and Canada, fault-tree analysis is used for critical aviation and nuclear applications, where the risk of failure is worth the intense and substantial effort to build and evaluate the fault trees.
","[
  {
    ""role"": ""sentence"",
    ""segment"": ""A parent node is drawn as an and-gate when both of the child nodes' events must occur for the parent node's event to occur."",
    ""citations"": [
      {
        ""type"": ""source_text"",
        ""content"": ""Parent nodes are drawn as logic gate operators: an and -gate if both of the child nodes' events must occur for the parent node's event to occur; an orgate if one child's event is sufficient to cause the parent's event."",
        ""img_id"": null
      }
    ],
    ""type"": null
  }
]",A parent node is drawn as an and-gate when both of the child nodes' events must occur for the parent node's event to occur.,2.283,5.002
How is the return on investment (ROI) of a design change calculated?,"
[0]
[SECTION]: Designing the Architecture > 5.7 Architecture Evaluation And Refinement > Cost-Benefit Analysis
[CONTENT]: If there are multiple attributes to consider (e.g., the time it takes to update, reindex, and re-sort  the  catalogue), then  a  design's  total  financial  added  value  is  the  sum  of  the added values ascribed to each of the attributes-some of whose added values may be negative if a design improves one attribute at the expense of a conflicting attribute.
Computing Return on Investment (ROI). The return on investment of making one of these design changes is the ratio of the benefits gained from making the change to the cost of its implementation:
[FORMULA]
ROI = Benefits/Cost These costs are estimated using the techniques described in Chapter 3. The estimated costs of the proposed design changes in our example are shown in Table 5.4. In general,
an ROI of 1 or greater means that the design's benefits outweigh its costs. The higher the ROI value, the more effective the design.
Another useful measure is the payback period : the length of time before accumulated benefits recover the costs of implementation. In our example, the payback period for restructuring the sorted-index module (design 2) is $300,000/$280,000 = 1.07 of a year = approximately 13 months We return to calculations such as these in Chapter 12, where we investigate the best techniques for evaluating the return on investing in software reuse.


[1]
[SECTION]: Annotated Bibliography
[CONTENT]: This paper examines the ways in which 33 organizations calculate return on investment from software. It shows great inconsistencies that make it impossible for us to amalgamate the results.
 - Brooks,Frederick P., Jr. (1987).'No silver bullet: Essence and accidents of software engineering.' IEEE Computer , 20(4) (April): 10-19.
 - Brooks, Frederick P., Jr. (1995). The Mythical Man-Month 20th Anniversary Edition . Reading, MA:Addison-Wesley.
A classic book of essays, based on the author's experience building the OS-360 operating system. Many of his observations involve organizational dynamics, such as adding extra staff to a late project. Originally published in 1975.
 - Brownsword, Lisa, and Paul Clements (1996). 'A case study in successful product line development.' CMU/SEI-96-TR-016. Pittsburgh, PA: Software Engineering Institute, Carnegie Mellon University.
 - Busby, J.S., and S.C. Barton (1996) 'Predicting the cost of engineering: Does intuition help or hinder?' Engineering Management Journal , 6(4): 177-182.
 - Buschmann,F.,R.Meunier,H.Rohner,P.Sommerlad and M.Stal (1996). Pattern-Oriented Software Architecture:A System of Patterns. Chichester, UK: John Wiley & Sons.
 - Canadian Engineering Qualifications Board (CEQB) (2004).'Software Engineering Syllabus2004.' http://www.ccpe.ca/e/files/syllabus_4_20.pdf.
 - Canadian Engineering Quality Board (2001). 'Core and Supplementary Bodies of Knowledge for Software Engineering: A report prepared for the CCPE as part of the CEQB Body of Knowledge Development Pilot Project.' Draft version 0.4 (September 5).
 - Card, David  N. (1992). 'Capability  evaluations  rated  highly  variable.' IEEE  Software , 9(5) (September): 105-107.
 - Card, David N., V.E. Church, and William W. Agresti (1986). 'An empirical study of software design practices.' IEEE Transactions on Software Engineering , 12(2) (February): 264-271.
 - Card, David N., and Robert L. Glass (1990). Measuring Software Design Quality . Englewood Cliffs, NJ: Prentice Hall.
 - Interesting discussion of how a measure evolved based on the measure's goals and behavior.


[2]
[SECTION]: Why Software Engineering? > 1.3 What Is Good Software? > Quality in the Context of the Business Environment
[CONTENT]: However, Brodman and Johnson (1995) found that the U.S. government and U.S. industry interpret ROI in very different ways, each different from the other, and both different from the standard business school approaches.The government views ROI in terms of dollars,looking at reducing operating costs,predicting dollar savings,and calculating the cost of employing new technologies. Government investments are also expressed in dollars, such as the cost of introducing new technologies or process improvement initiatives.
On the other hand, industry viewed investment in terms of effort, rather than cost or dollars. That is, companies were interested in saving time or using fewer people, and their  definition  of  return  on  investment  reflected  this  focus  on  decreasing  effort. Among the companies surveyed, return on investment included such items as The cost issues included in the definition involve meeting cost predictions, improving cost performance, and staying within budget, rather than reducing operating costs or streamlining  the  project  or  organization. Figure  1.6 summarizes the frequency with which many organizations included an investment item in their definition of ROI. For example, about 5 percent of those interviewed included a quality group's effort in the ROI effort calculation, and approximately 35 percent included software costs when considering number of dollars invested.
 - training
 - schedule
 - risk
 - quality
 - productivity
 - process
 - customer
 - costs
 - business


[3]
[SECTION]: Evaluating Products, Processes, and Resources > 12.6 Evaluating Resources > SIDEBAR 12.8 RETURN ON INVESTMENT AT CHASE MANHATTAN
[CONTENT]: The acceptance rule for NPV is simple: invest in a project if its NPV is greater than zero. To see how NPV works, consider the following situation. A company can create a new product line in two ways:
 - Base  it  on  commercial  off-the-shelf  software  (COTS). This  choice  involves  a large initial procurement cost, with subsequent high returns (based on avoided work), but the COTS product will be outdated and must be replaced after three years.
 - Build the product with a reusable design. The reuse requires considerable upfront costs for design and documentation, but the long-term costs are less than normal.
The net present value calculation may resemble Table 12.14. The COTS alternative has a slightly higher NPV and is therefore preferred.
The  NPV  approach  is  sensitive  to  the  timing  of  the  cash  flows; the  later  the returns, the more the overall value is penalized. Thus, time to market is essential to the analysis and affects the outcome.The size or scale of a project is also reflected in the NPV. Because NPV is additive, we can evaluate the effects of collections of projects simply by summing their individual NPVs. On the other hand, significant gains from one technology can mask losses from investment in another; for this reason, it is useful to evaluate each type of investment separately. In real-world practice, NPV is not used for naive single-project evaluation, but rather in the context of a more comprehensive financial and strategic framework (Favaro 1996).
","[
  {
    ""role"": ""paragraph"",
    ""segment"": ""The ROI of a design change is calculated as the ratio of the benefits gained from making the change to the cost of its implementation: ROI = Benefits/Cost. An ROI of 1 or greater means that the design's benefits outweigh its costs."",
    ""citations"": [
      {
        ""type"": ""source_text"",
        ""content"": ""ROI = Benefits/Cost"",
        ""img_id"": null
      },
      {
        ""type"": ""source_text"",
        ""content"": ""The return on investment of making one of these design changes is the ratio of the benefits gained from making the change to the cost of its implementation:"",
        ""img_id"": null
      },
      {
        ""type"": ""source_text"",
        ""content"": ""An ROI of 1 or greater means that the design's benefits outweigh its costs."",
        ""img_id"": null
      }
    ],
    ""type"": null
  }
]",The ROI of a design change is calculated as the ratio of the benefits gained from making the change to the cost of its implementation: ROI = Benefits/Cost. An ROI of 1 or greater means that the design's benefits outweigh its costs.,2.279,3.138
How is the payback period defined?,"
[0]
[SECTION]: Designing the Architecture > 5.7 Architecture Evaluation And Refinement > Cost-Benefit Analysis
[CONTENT]: If there are multiple attributes to consider (e.g., the time it takes to update, reindex, and re-sort  the  catalogue), then  a  design's  total  financial  added  value  is  the  sum  of  the added values ascribed to each of the attributes-some of whose added values may be negative if a design improves one attribute at the expense of a conflicting attribute.
Computing Return on Investment (ROI). The return on investment of making one of these design changes is the ratio of the benefits gained from making the change to the cost of its implementation:
[FORMULA]
ROI = Benefits/Cost These costs are estimated using the techniques described in Chapter 3. The estimated costs of the proposed design changes in our example are shown in Table 5.4. In general,
an ROI of 1 or greater means that the design's benefits outweigh its costs. The higher the ROI value, the more effective the design.
Another useful measure is the payback period : the length of time before accumulated benefits recover the costs of implementation. In our example, the payback period for restructuring the sorted-index module (design 2) is $300,000/$280,000 = 1.07 of a year = approximately 13 months We return to calculations such as these in Chapter 12, where we investigate the best techniques for evaluating the return on investing in software reuse.


[1]
[SECTION]: Capturing the Requirements > 4.1 The Requirements Process
[CONTENT]: Note that none of these requirements specify how the system is to be implemented. There is no mention of what database-management system to use,whether a client-server architecture will be employed, how much memory the computer is to have, or what programming language must be used to develop the system.These implementation-specific descriptions are not considered to be requirements (unless they are mandated by the customer).The goal of the requirements phase is to understand the customer's problems and needs.Thus, requirements focus on the customer and the problem, not on the solution or the implementation. We often say that requirements designate what behavior the customer  wants, without  saying how that  behavior  will  be  realized. Any  discussion  of  a solution is premature until the problem is clearly defined.
It helps to describe requirements as interactions among real-world phenomena, without any reference to system phenomena. For example, billing requirements should refer to customers, services billed, billing periods and amounts-without mentioning system data or procedures. We take this approach partly to get at the heart of the customer's needs, because sometimes the stated needs are not the real needs. Moreover, the customer's problem is usually most easily stated in terms of the customer's business.Another reason we take this approach is to give the designer maximum flexibility in deciding how to carry out the requirements. During the specification phase, we will decide  which  requirements  will  be  fulfilled  by  our  software  system  (as  opposed  to requirements that are addressed by special-purpose hardware devices, by other software systems,or by human operators or users); during the design phase,we will devise a plan for how the specified behavior will be implemented.
Figure 4.1 illustrates the process of determining the requirements for a proposed software  system. The  person  performing  these  tasks  usually  goes  by  the  title  of requirements analyst or systems analyst . As a requirements analyst, we first work with our customers to elicit the requirements by asking questions, examining current behavior, or demonstrating similar systems. Next, we capture the requirements in a model or a prototype.This exercise helps us to better understand the required behavior, and usually raises additional questions about what the customer wants to happen in certain situations (e.g., what if an employee leaves the company in the middle of a pay period?). Once the requirements are well understood, we progress to the specification phase, in which we decide which parts of the required behavior will be implemented in software. During validation, we check that our specification matches what the customer expects to see in the final product. Analysis and validation activities may expose problems or omissions in our models or specification that cause us to revisit the customer and revise our models and specification. The eventual outcome of the requirements process is a Software Requirements Specification (SRS), which is used to communicate to other software developers (designers, testers, maintainers) how the final product ought to behave. Sidebar 4.2 discusses how the use of agile methods affects the requirements process  and  the  resulting  requirements  documents. The  remainder  of  this  chapter explores the requirements process in more detail.


[2]
[SECTION]: Evaluating Products, Processes, and Resources > 12.6 Evaluating Resources > Return on Investment
[CONTENT]: Not all investment analysis reflects this reality. Taking the perspective of a financial  analyst, Favaro  and  Pfleeger  (1998)  look  critically  at  the  most  commonly  used approaches: net present value, payback, average return on book value, internal rate of return, and profitability index.They show that net present value (NPV) makes the most sense for evaluating software-related investments.
NPV expresses economic value in terms of total project life, regardless of scale or time frame. Since investment planning involves spending money in the future, we can think of the present value of an investment as the value today of a predicted future cash flow. The NPV calculation uses a discount rate or opportunity cost , corresponding to


[3]
[SECTION]: Writing the Programs > 7.10 Term Project
[CONTENT]: In preceding chapters, you examined requirements for the Loan Arranger, and devised several designs to implement your solution to the described problem. Now it is time to implement  the  system. There  are  several  areas  that  deserve  particular  attention, because they are more difficult than their requirements description makes them seem. One is the need to allow four loan analysts to use the system at once.This requirement should have suggested to you that it is necessary to design the Loan Arranger so that certain loans are locked while they are being considered for a bundle. What is the best way to implement this scheme? How can the implementation be done so that you can easily change the number of analysts allowed on the system at a given time?
A  second  implementation  difficulty  arises  when  you  implement  the  bundling algorithm. How will your code find the best bundle to fit the criteria? Remember that you must respond to the user in a short period of time.
Finally, how does your choice of language affect the ability to meet the performance requirements?
","[
  {
    ""role"": ""sentence"",
    ""segment"": ""The payback period is the length of time before accumulated benefits recover the costs of implementation."",
    ""citations"": [
      {
        ""type"": ""source_text"",
        ""content"": ""Another useful measure is the payback period : the length of time before accumulated benefits recover the costs of implementation."",
        ""img_id"": null
      }
    ],
    ""type"": null
  }
]",The payback period is the length of time before accumulated benefits recover the costs of implementation.,2.128,2.412
"When is the term ""software unit"" used by developers?","
[0]
[SECTION]: Designing the Modules > 6.2 Design Principles > Incremental Development
[CONTENT]: Given a design consisting of software units and their interfaces, we can use the information about the units' dependencies to devise an incremental schedule of development. We start by mapping out the units' uses relation (Parnas 1978b), which relates each software unit to the other software units on which it depends. Recall from our discussion about coupling that two software units, A and B, need not invoke each other in order to depend on each other; for example, unit A may depend on unit B to populate a data structure, stored in a separate unit C, that unit A subsequently queries. In general, we say that a software unit A 'uses' a software unit B if A 'requires the presence of a correct version of B' in order for A to complete its task, as specified in its interface (Parnas 1978b).Thus,a unit A uses a unit B if A does not work correctly unless B works. The above discussion assumes that we can determine a system's uses relation from its units' interface specifications. If the interface specifications do not completely describe the units' dependencies, then we will need to know enough about each unit's planned implementations to know which other units it will use.
Figure 6.8 depicts the uses relation of a system as a uses graph , in which nodes represent software units, and directed edges run from the using units, such as A, to the used units, such as B. Such a uses graph can help us to identify progressively larger subsets of our system that we can implement and test incrementally.A subset of our system is some useful subprogram together with all of the software units that it uses, and all of the software units that those units use, and so on.'Conceptually, we pluck a program P1 out from the uses graph, and then see what programs come dangling beneath it.This is our subset' (Clements et al. 2003). Thus, the degree to which our system can be constructed incrementally depends on the degree to which we can find useful small subsets that we can implement and test early.


[1]
[SECTION]: Designing the Architecture > 5.3 Decomposition And Views
[CONTENT]: No matter which design approach we use, the resulting design is likely to refer to several  types  of  software  units, such  as component, subsystem, runtime  process, module, class, package, library , or procedure . The different terms describe different aspects of a design. For example, we use the term module to refer to a structural unit of the software's code; a module could be an atomic unit, like a Java class, or it could be an aggregation of other modules. We use the term component to refer to an identifiable runtime element (e.g., the parser is a component in a compiler)-although this term sometimes has a specific meaning, as explained in Sidebar 5.2. Some of the above terms designate software units at different levels of abstraction. For example, a system may be made up of subsystems, which may be made up of packages, which are in turn made up of classes. In other cases, the terms may overlap and present different views of the same entity (e.g., a parser might be both a component and a high-level module). We use the term software unit when we want to talk about a system's composite parts without being precise about what type of part.


[2]
[SECTION]: Designing the Modules > 6.2 Design Principles > Incremental Development
[CONTENT]: A  uses  graph  can  also  help  us  to  identify  areas  of  the  design  that  could  be improved, with respect to enabling incremental development. For example, consider Designs 1 and 2 in Figure 6.8 as two possible designs of the same system. We use the term fan-in to refer to the number of units that use a particular software unit, and the term fan-out to refer to the number of units used by a software unit.Thus, unit A has a fan-out of three in Design 1 but a fan-out of five in Design 2. In general, we want to minimize the number of units with high fan-out. High fan-out usually indicates that the software unit is doing too much and probably ought to be decomposed into smaller, simpler units.Thus, Design 1 may be better than Design 2, because its components have lower fan-out. On the other hand, if several units perform similar functions, such as string searching, then we may prefer to combine these units into a single, more generalpurpose unit that can be used in place of any of the original units. Such a utility unit is likely to have high fan-in. One of our goals in designing a system is to create software units with high fan-in and low fan-out.


[3]
[SECTION]: Designing the Architecture > 5.10 Software Product Lines
[CONTENT]:  - Software  units: The  reuse  of  software  units  is  more  than  just  code  reuse. It includes the reuse of significant design work, including interface specifications, relationships and interactions with other units, documentation, test cases, scaffolding code (i.e., code developed to support testing and analysis that is not delivered with the final product), and more.
 - Testing: Reuse of testing includes test plans, test documentation, test data, and testing environments. It may also include the test results of reused software units.
 - Project planning: Project budgets and delivery schedules of product-family members  are  likely  to  be  more  accurate  than  products  developed  from  scratch, because we use our knowledge of the costs and schedules of past family members as guides in estimating the costs of subsequent members.
 - Team organization: Because product-family members have similar design structures, we can reuse information from past decisions on how to decompose a product into work pieces, how to assign work pieces to teams, and what skill sets those teams need.
According to the Software Engineering Institute's Product Line Hall of Fame (at http://www.sei.cmu.edu/productlines/plp_hof.html), companies such as Nokia, HewlettPackard,Boeing,and Lucent report a three- to sevenfold improvement in development costs, time-to-market, and productivity from using a product-line approach to software development. Sidebar 5.8 describes one company's conversion to a software product line.


[4]
[SECTION]: Designing the Modules > 6.2 Design Principles > Generality
[CONTENT]: Recall from Chapter 1 that one of Wasserman's principles of software engineering is reusability : creating software units that may be used again in future software products. The  goal  is  to  amortize  the  cost  of  developing  the  unit  by  using  it  multiple  times. ( Amortization means that we consider the cost of a software unit in terms of its cost per use  rather  than  associate  the  full  cost  with  the  project  that  developed  the  unit.) Generality is the design principle that makes a software unit as universally applicable as possible, to increase the chance that it will be useful in some future system.We make
","[
    {
        ""role"": ""sentence"",
        ""segment"": ""We use the term software unit when we want to talk about a system's composite parts without being precise about what type of part."",
        ""citations"": [
            {
                ""type"": ""source_text"",
                ""content"": ""We use the term software unit when we want to talk about a system's composite parts without being precise about what type of part."",
                ""img_id"": null
            }
        ],
        ""type"": null
    }
]",We use the term software unit when we want to talk about a system's composite parts without being precise about what type of part.,2.004,3.422
"According to McCall's quality model, what are the specific internal product quality criteria (on the right-hand side) that map to the external quality factors (on the left-hand side)?","
[0]
[SECTION]: Why Software Engineering? > 1.3 What Is Good Software? > The Quality of the Product
[CONTENT]: We can ask people to name the characteristics of software that contribute to its overall quality, but we are likely to get different answers from each person we ask. This difference occurs because the importance of the characteristics depends on who is analyzing the software. Users judge software to be of high quality if it does what they want in a way that is easy to learn and easy to use. However, sometimes quality and functionality are intertwined; if something is hard to learn or use but its functionality is worth the trouble, then it is still considered to have high quality.
We try  to  measure  software  quality  so  that  we  can  compare  one  product  with another. To do so, we identify those aspects of the system that contribute to its overall quality. Thus, when measuring software quality, users assess such external characteristics as the number of failures and type of failures. For example, they may define failures as minor,major,and catastrophic,and hope that any failures that occur are only minor ones.
The software must also be judged by those who are designing and writing the code and by those who must maintain the programs after they are written.These practitioners tend to look at internal characteristics of the products, sometimes even before the product is delivered to the user. In particular, practitioners often look at numbers and types of faults for evidence of a product's quality (or lack of it). For example, developers track the number of faults found in requirements, design, and code inspections and use them as indicators of the likely quality of the final product.
For this reason, we often build models to relate the user's external view to the developer's internal view of the software. Figure 1.5 is an example of an early quality model built by McCall and his colleagues to show how external quality factors (on the left-hand side) relate to product quality criteria (on the right-hand side). McCall associated each right-hand criterion with a measurement to indicate the degree to which an element of quality was addressed (McCall, Richards, and Walters 1977).We will examine several product quality models in Chapter 12.


[1]
[SECTION]: Evaluating Products, Processes, and Resources > 12.4 Evaluating Products > Product Quality Models
[CONTENT]:  - does what the user wants it do
 - uses computer resources correctly and efficiently
 - is easy for the user to learn and use
 - is well-designed, well-coded, and easily tested and maintained The standard recommends measuring the right-hand characteristics directly, but it does not give details about how the measurement is to be done.
One major difference between the ISO model and those of McCall and Boehm is that the ISO hierarchy is strict: each right-hand characteristic is related only to exactly one left-hand attribute. Moreover, the right-hand characteristics are related to the user view of the software, rather than to an internal, developer view.
These models, and many others, are helpful in articulating just what it is that we value in the software we build and use. But none of the models includes a rationale for why some characteristics are included and others left out, and for where in the hierarchy a particular attribute appears. For example, why do none of the models include safety? And why is portability a top-level characteristic in the ISO 9126 model, rather than a subcharacteristic? In addition, there is no guidance about how to compose lower-level characteristics into higher-level ones, to produce an overall assessment of quality.These problems make it difficult for us to determine if a given model is complete or consistent.


[2]
[SECTION]: Evaluating Products, Processes, and Resources > 12.4 Evaluating Products > Product Quality Models
[CONTENT]: There are several quality models that suggest ways to tie together different quality attributes. Each model helps us to understand how the several facets contribute to the whole. Often, we narrow our focus and think only about faults and failures; these models show us that quality is much broader.When we evaluate the quality of development products, we must see this bigger picture.
Boehm's Model. There are many software quality models, and Boehm and colleagues have constructed one of the best-known, shown in Figure 12.2. It is similar to McCall's in that it presents a hierarchy of characteristics, each of which contributes to overall quality (Boehm et al. 1978). Note that Boehm's notion of successful software includes the needs and expectations of users, as does McCall's; however, Boehm also includes characteristics of hardware performance that are missing in the McCall model. Let us examine Boehm's model in more detail.
Boehm's model begins with the general utility of the software. Thus, Boehm and his colleagues are asserting that first and foremost, a software system must be useful. If it is not, then its development has been a waste of time, money, and effort.We can consider utility in several ways, corresponding to the types of users who remain involved once the system is delivered.


[3]
[SECTION]: Why Software Engineering? > 1.3 What Is Good Software? > The Quality of the Product
[CONTENT]: [FIGURE 1.5 McCall's quality model.] 
[FIGURE_DESCRIPTIONS]
[0] Diagram showing a set of labeled rectangular blocks aligned vertically on the left, each connected by arrows to multiple blocks on the right. Left column labels include: Correctness, Reliability, Efficiency, Integrity, Usability, Maintainability, Testability, Flexibility, Portability, Reusability, Interoperability. Right column contains corresponding attributes such as traceability, compliance, consistency, accuracy, error tolerance, resilience, storage efficiency, data integrity, access control, availability, training, communicativeness, simplicity, extensibility, instrumentation, user-facing design, software engineering, management, domain-specific concepts, and dependency relationships. Visual links indicate cross-relations between left-side quality attributes and right-side system properties. The diagram emphasizes quality attributes mapping to system properties, with arrows illustrating dependency and influence relationships. Text appears in standard sans-serif font, left-aligned labels and right-side property terms, suggesting a conceptual model of software quality attributes and their interactions within theory-practice discourse. 



[4]
[SECTION]: Evaluating Products, Processes, and Resources > 12.4 Evaluating Products
[CONTENT]: We have seen that software development produces a large number of artifacts: requirements, designs, code components, test cases, test scripts, user guides, cross-references, and more.In each case, we can examine a product to determine if it has desirable attributes.That is, we can ask whether a document, file, or system has certain properties, such as completeness, consistency, reliability, or maintainability. And we can use the notions of quality, such as the McCall model introduced in Chapter 1, to provide a framework for our questions.
","[
  {
    ""role"": ""paragraph"",
    ""segment"": ""The chatbot can't answer this question. Please try again with another question."",
    ""citations"": [],
    ""type"": ""abstained""
  }
]",The chatbot can't answer this question. Please try again with another question.,2.336,5.637
"Which specific personnel roles (e.g., analyst, designer, programmer, tester, trainer) are actively involved during the System Testing phase of the software development lifecycle?","
[0]
[SECTION]: Testing the System > 9.1 Principles Of System Testing > Test Team
[CONTENT]: As we will see, the developers have primary responsibility for function and performance testing, but the customer plays a large role in acceptance and installation tests. However,the test teams for all tests are drawn from both staffs. Often, no programmers from the project are involved in system testing; they are too familiar with the implementation's structure and intention, and they may have difficulty recognizing the differences between implementation and required function or performance.
Thus,the test team is often independent of the implementation staff. Ideally, some test  team  members  are  already  experienced  as  testers. Usually, these 'professional testers' are former analysts, programmers, and designers who now devote all their time to testing systems. The testers are familiar not only with the system specification, but also with testing methods and tools.
Professional testers organize and run the tests.They are involved from the beginning, designing  test  plans  and  test  cases  as  the  project  progresses. The  professional testers work with the configuration management team to provide documentation and other mechanisms for tying tests to the requirements, design components, and code.
The  professional  testers  focus  on  test  development, methods, and  procedures. Because the testers may not be as well-versed in the particulars of the requirements as those who wrote them, the test team includes additional people who are familiar with the requirements. Analysts who were involved in the original requirements definition and specification are useful in testing because they understand the problem as defined by  the  customer. Much  of  system  testing  compares  the  new  system  to  its  original requirements, and the analysts have a good feeling for the customer's needs and goals. Since they have worked with the designers to fashion a solution, analysts have some idea of how the system should work to solve the problem.


[1]
[SECTION]: Planning and Managing the Project > 3.2 Project Personnel > Staff Roles and Characteristics
[CONTENT]: In Chapter 2, we examined several software process models, each depicting the way in which the several activities of software development are related. No matter the model, there  are  certain  activities  necessary  to  any  software  project. For  example, every project requires people to interact with the customers to determine what they want and by when they want it. Other project personnel design the system, and still others write or test the programs. Key project activities are likely to include However, not every task is performed by the same person or group; the assignment of staff to tasks depends on project size, staff expertise, and staff experience.There is great advantage in assigning  different  responsibilities  to  different  sets  of  people, offering 'checks and balances' that can identify faults early in the development process. For example, suppose the test team is separate from those who design and code the system. Testing new or modified software involves a system test, where the developers demonstrate to the customer that the system works as specified.The test team must define and document the way in which this test will be conducted and the criteria for linking the demonstrated functionality and performance characteristics to the requirements specified by the customer. The test team can generate its test plan from the requirements documents without knowing how the internal pieces of the system are put together. Because the test team has no preconceptions about how the hardware and software will work, it can concentrate on system functionality. This approach makes it easier for the test team to catch errors and omissions made by the designers or programmers. It is in part for this reason that the cleanroom method is organized to use an independent test team, as we will see in later chapters (Mills, Dyer, and Linger 1987).
 - requirements analysis
 - system design
 - program design
 - program implementation
 - testing
 - training
 - maintenance
 - quality assurance


[2]
[SECTION]: Planning and Managing the Project > 3.2 Project Personnel > Staff Roles and Characteristics
[CONTENT]: For similar reasons, it is useful for program designers to be different from system designers. Program designers become deeply involved with the details of the code, and they sometimes neglect the larger picture of how the system should work.We will see in later chapters that techniques such as walkthroughs, inspections, and reviews can bring the two types of designers together to double-check the design before it goes on to be coded, as well as to provide continuity in the development process.
We saw in Chapter 1 that there are many other roles for personnel on the development or maintenance team. As we study each of the major tasks of development in subsequent chapters, we will describe the project team members who perform those tasks.
Once we have decided on the roles of project team members, we must decide which kinds of people we need in each role. Project personnel may differ in many ways, and it is not enough to say that a project needs an analyst, two designers, and five programmers, for example.Two people with the same job title may differ in at least one of the following ways:
 - ability to perform the work
 - interest in the work
 - experience with similar applications
 - experience with similar tools or languages
 - experience with similar techniques
 - experience with similar development environment
 - training
 - ability to communicate with others
 - ability to share responsibility with others
 - management skills Each of these characteristics can affect an individual's ability to perform productively. These variations help to explain why one programmer can write a particular routine in a  day, whereas another requires a week. The differences can be critical, not only to schedule estimation, but also to the success of the project.


[3]
[SECTION]: Testing the System > 9.5 Acceptance Testing > Purpose and Roles
[CONTENT]: Until now, we as developers have designed the test cases and administered all tests. Now the customer leads testing and defines the cases to be tested. The purpose of acceptance testing is to enable the customers and users to determine if the system we built really meets their needs and expectations.Thus, acceptance tests are written, conducted, and evaluated by the customers, with assistance from the developers only when the  customer  requests  an  answer  to  a  technical  question. Usually, those  customer employees who were involved in requirements definition play a large part in acceptance testing, because they understand what kind of system the customer intended to have built.
","[
  {
    ""role"": ""paragraph"",
    ""segment"": ""The system testing phase uses an independent test team drawn from both staffs, consisting of professional testers (often former analysts, programmers, and designers) who design and run tests, with input from analysts who were involved in the original requirements."",
    ""citations"": [
      {
        ""type"": ""source_text"",
        ""content"": ""Thus,the test team is often independent of the implementation staff."",
        ""img_id"": null
      },
      {
        ""type"": ""source_text"",
        ""content"": ""The test teams for all tests are drawn from both staffs."",
        ""img_id"": null
      },
      {
        ""type"": ""source_text"",
        ""content"": ""Usually, these 'professional testers' are former analysts, programmers, and designers who now devote all their time to testing systems."",
        ""img_id"": null
      }
    ],
    ""type"": null
  }
]","The system testing phase uses an independent test team drawn from both staffs, consisting of professional testers (often former analysts, programmers, and designers) who design and run tests, with input from analysts who were involved in the original requirements.",2.254,7.743
"Based on the work styles framework charting communication against decision-making, what are the two primary defining traits of a Rational Introvert?","
[0]
[SECTION]: Planning and Managing the Project > 3.2 Project Personnel > Work Styles
[CONTENT]: Different people have different preferred styles for interacting with others on the job and for understanding problems that arise in the course of their work. For example, you may prefer to do a detailed analysis of all possible information before making a decision, whereas your colleague may rely on 'gut feeling' for most of his important decisions. You can think of your preferred work style in terms of two components: the way in which your thoughts are communicated and ideas gathered, and the degree to which your emotions affect decision making. When communicating ideas, some people tell others their thoughts, and some people ask for suggestions from others before forming an opinion. Jung (1959) calls the former extroverts and the latter introverts . Clearly, your communication style affects the way you interact with others on a project. Similarly, intuitive people base their decisions on feelings about and emotional reactions to a problem. Others are rational , deciding primarily by examining the facts and carefully considering all options.
We can describe the variety of work styles by considering the graph of Figure 3.10, where communication style forms the horizontal axis and decision style the vertical one.The more extroverted you are, the farther to the right your work style falls on the graph. Similarly, the more emotions play a part in your decisions, the higher up you go. Thus, we can define four basic work styles, corresponding to the four quadrants of the graph. The rational extroverts tend to assert their ideas and not let 'gut feeling' affect their decision making.They tell their colleagues what they want them to know, but they rarely ask for more information before doing so.When reasoning,they rely on logic, not emotion.The rational introverts also avoid emotional decisions, but they are willing to take time to consider all possible courses of action. Rational introverts are information gatherers; they do not feel comfortable making a decision unless they are convinced that all the facts are at hand.


[1]
[SECTION]: Planning and Managing the Project > 3.2 Project Personnel > Work Styles
[CONTENT]: To see how work styles affect interactions on a project, consider several typical staff profiles. Kai, a rational extrovert, judges her colleagues by the results they produce. When making a decision, her top priority is efficiency. Thus, she wants to know only the bottom line. She examines her options and their probable effects, but she does not need to see documents or hear explanations supporting each option. If her time is wasted or her efficiency is hampered in some way, she asserts her authority to regain control of the situation.Thus, Kai is good at making sound decisions quickly.
Marcel, a rational introvert, is very different from his colleague Kai. He judges his peers by how busy they are, and he has little tolerance for those who appear not to be working hard all the time. He is a good worker, admired for the energy he devotes to his work. His reputation as a good worker is very important to him, and he prides himself on being accurate and thorough. He does not like to make decisions without complete information. When asked to make a presentation, Marcel does so only after gathering all relevant information on the subject.
Marcel shares an office with David, an intuitive extrovert. Whereas Marcel will not make a decision without complete knowledge of the situation, David prefers to follow his feelings. Often, he will trust his intuition about a problem, basing his decision on professional judgment rather than a slow, careful analysis of the information at hand. Since he is assertive, David tends to tell the others on his project about his new ideas. He is creative, and he enjoys when others recognize his ideas. David likes to work in an environment where there is a great deal of interaction among the staff members.


[2]
[SECTION]: Planning and Managing the Project > 3.2 Project Personnel > Work Styles
[CONTENT]: In  contrast, intuitive  extroverts base  many  decisions  on  emotional  reactions, tending to want to tell others about them rather than ask for input.They use their intuition to be creative, and they often suggest unusual approaches to solving a problem. The intuitive introvert is creative, too, but applies creativity only after having gathered INTUITIVE sufficient information on which to base a decision. Winston Churchill was an intuitive introvert; when he wanted to learn about an issue, he read every bit of material available that addressed it. He often made his decisions based on how he felt about what he had learned (Manchester 1983).
[FIGURE_DESCRIPTIONS]
[0] Diagram showing a 2x2 grid with axes labeled INTUITIVE vs RATIONAL and INWARD vs OUTWARD, forming four quadrants. The top-left quadrant is labeled INTUITIVE INWARD and includes sublabels: 'Intuitive', 'Introvert', 'Asks others', 'Acknowledges feelings'? The top-right quadrant labeled INTUITIVE OUTEXTROVERT? and contains 'Tells others', 'Acknowledges feelings'. The bottom-left quadrant labeled RATIONAL INTROVERT includes 'Asks others' and 'Decides logically'. The bottom-right quadrant labeled RATIONAL EXTROVERT includes 'Tells others' and 'Decides logically'. Along the top edge there are text cues 'INTUITIVE' on the left and 'WORK styles' on the right. Vertical axis reads from INWARD at bottom to OUTWARD at top, and a separate vertical label 'EXPERT' on the right side of the diagram. The central cross marks likely indicate a personality framework differentiating intuition vs rationality and inward vs outward orientation, presenting a matrix of work styles with associated behaviors. The diagram emphasizes how different combinations influence communication: intuitive vs rational and introvert vs extrovert, with actions like telling others or asking others and the tendency to acknowledge feelings vs decide logically.



[3]
[SECTION]: Planning and Managing the Project > 3.9 What This Chapter Means For You
[CONTENT]: This chapter has introduced you to some of the key concepts in project management, including project planning, cost and schedule estimation, risk management, and team organization.You can make use of this information in many ways, even if you are not a manager. Project planning involves input from all team members, including you, and understanding the planning process and estimation techniques gives you a good idea of how your input will be used to make decisions for the whole team. Also, we have seen how  the  number  of  possible  communication  paths  grows  as  the  size  of  the  team increases.You can take communication into account when you are planning your work and estimating the time it will take you to complete your next task.
We have also seen how communication styles differ and how they affect the way we interact with each other on the job. By understanding your teammates' styles, you can create reports and presentations for them that match their expectations and needs. You can prepare summary information for people with a bottom-line style and offer complete analytical information to those who are rational.
","[
  {
    ""role"": ""paragraph"",
    ""segment"": ""Rational introverts avoid emotional decisions and are information gatherers who do not feel comfortable making a decision unless they are convinced that all the facts are at hand."",
    ""citations"": [
      {
        ""type"": ""source_text"",
        ""content"": ""The rational introverts also avoid emotional decisions, but they are willing to take time to consider all possible courses of action. Rational introverts are information gatherers; they do not feel comfortable making a decision unless they are convinced that all the facts are at hand."",
        ""img_id"": null
      }
    ],
    ""type"": null
  }
]",Rational introverts avoid emotional decisions and are information gatherers who do not feel comfortable making a decision unless they are convinced that all the facts are at hand.,2.382,9.197
"In the decision tree calculating risk exposure for regression testing, what is the exact combined risk exposure value in dollars if the development team chooses not to perform regression testing?","
[0]
[SECTION]: Planning and Managing the Project > 3.4 Risk Management > Risk Management Activities
[CONTENT]: L(UO). For instance, there are three possible consequences of performing regression testing: finding a critical fault if one exists, not finding the critical fault (even though it exists), or deciding (correctly) that there is no critical fault. As the figure illustrates, we have estimated the probability of the first case to be 0.75, of the second to be 0.05, and of the third to be 0.20. The loss associated with an unwanted outcome is estimated to be $500,000 if a critical fault is found, so that the risk exposure is $375,000. Similarly, we calculate the risk exposure for the other branches of this decision tree, and we find that our risk exposure if we perform regression testing is almost $2 million. However, the same kind of analysis shows us that the risk exposure if we do not perform regression testing is almost $17 million. Thus, we say (loosely) that more is at risk if we do not perform regression testing.
Risk exposure helps us to list the risks in priority order, with the risks of most concern given the highest priority. Next, we must take steps to control the risks.The notion of control acknowledges that we may not be able to eliminate all risks. Instead, we may be able to minimize the risk or mitigate it by taking action to handle the unwanted outcome in an acceptable way. Therefore, risk control involves risk reduction, risk planning, and risk resolution.
There are three strategies for risk reduction:
 - avoiding the risk, by changing requirements for performance or functionality
 - transferring the risk, by allocating risks to other systems or by buying insurance to cover any financial loss should the risk become a reality
 - assuming the risk, by accepting it and controlling it with the project's resources To aid decision making about risk reduction, we must take into account the cost of reducing the risk. We call risk leverage the difference in risk exposure divided by the cost of reducing the risk. In other words, risk reduction leverage is If the leverage value is not high enough to justify the action, then we can look for other less costly or more effective reduction techniques.


[1]
[SECTION]: Planning and Managing the Project > 3.4 Risk Management > Risk Management Activities
[CONTENT]: The risk exposure is computed from the risk impact and the risk probability, so we must estimate each of these risk aspects. To see how the quantification is done, consider the analysis depicted in Figure 3.16. Suppose we have analyzed the system development process and we know we are working under tight deadlines for delivery.We have decided to build the system in a series of releases, where each release has more functionality than the one that preceded it. Because the system is designed so that functions are relatively independent, we consider testing only the new functions for a release, and we assume that the existing functions still work as they did before. However, we may worry that there are risks associated with not performing regression testing : the assurance that existing functionality still works correctly.
For  each  possible  outcome, we  estimate  two  quantities: the  probability  of  an unwanted  outcome, P(UO), and  the  loss  associated  with  the  unwanted  outcome,
[FIGURE 3.16 Example of risk exposure calculation.] 
[FIGURE_DESCRIPTIONS]
[0] The image presents a schematic decision tree for a reliability assessment or risk exposure analysis. It begins with a decision node asking whether a regression testing step is performed, with Yes/No branches. Each path branches into checks for finding a critical fault or not, and computes P(U0) and L(U0) values at each stage. Leftmost branch shows a regression testing decision leading to sub-branches: If Yes, then “Find critical fault” with P(U0)=0.75, L(U0)=$5M, resulting in combined risk exposure of $1.875M; If No, a different path with P(U0)=0.25, L(U0)=$0.5M, leading to subsequent checks and updated values such as $16.625M total exposure. The diagram includes numeric labels: P(U0) values (0.75, 0.25, 0.20, 0.0, etc.), L(U0) monetary amounts (e.g., $5M, $0.5M, $30M, $50M, $0M), and final combined exposure amounts at the right edge (e.g., $1.875M, $16.625M). Text boxes on the left indicate decision points and outcomes; there is a dotted or solid flow indicating Yes/No paths and subsequent checks for critical fault presence. The visual emphasizes risk exposure calculation, conditional probabilities, and cost labels, suitable for lecture notes on risk assessment or software testing economics.



[2]
[SECTION]: Planning and Managing the Project > 3.4 Risk Management > SIDEBAR 3.4 BOEHM'S TOP TEN RISK ITEMS
[CONTENT]:  - The likelihood that the event will occur. We must have some idea of the probability that the event will occur. For example, suppose a project is being developed on one machine and will be ported to another when the system is fully tested. If the second machine is a new model to be delivered by the vendor, we must estimate the likelihood that it will not be ready on time. The likelihood of the risk, measured from 0 (impossible) to 1 (certainty) is called the risk probability . When the risk probability is 1, then the risk is called a problem , since it is certain to happen.
 - The degree to which we can change the outcome. For each risk, we must determine what we can do to minimize or avoid the impact of the event. Risk control involves a set of actions taken to reduce or eliminate a risk. For example, if the requirements may change after design, we can minimize the impact of the change by creating a flexible design. If the second machine is not ready when the software is tested, we may be able to identify other models or brands that have the same functionality and performance and can run our new software until the new model is delivered.
We can quantify the effects of the risks we identify by multiplying the risk impact by the risk probability, to yield the risk exposure . For example, if the likelihood that the requirements will change after design is 0.3, and the cost to redesign to new requirements is $50,000, then the risk exposure is $15,000. Clearly, the risk probability can change over time, as can the impact, so part of a project manager's job is to track these values over time and plan for the events accordingly.


[3]
[SECTION]: Planning and Managing the Project > 3.4 Risk Management > Risk Management Activities
[CONTENT]: / 1 cost of risk reduction 2 1 Risk exposure before reduction -risk exposure after reduction 2 In some cases, we can choose a development process to help reduce the risk. For example,we saw in Chapter 2 that prototyping can improve understanding of the requirements and design,so selecting a prototyping process can reduce many project risks.
It is useful to record decisions in a risk management plan , so that both customer and development team can review how problems are to be avoided, as well as how they are to be  handled  should  they  arise. Then, we  should  monitor  the  project  as  development progresses, periodically reevaluating the risks, their probability, and their likely impact.
","[
  {
    ""role"": ""sentence"",
    ""segment"": ""The exact combined risk exposure is $16.625M."",
    ""citations"": [
      {
        ""type"": ""img"",
        ""content"": null,
        ""img_id"": ""img0_se_theory_practice.pdf__chunk_1090_1092_269""
      }
      ,
      {
        ""type"": ""source_text"",
        ""content"": null,
        ""img_id"": null
      }
      ]
    ,
    ""type"": null
  }
]",The exact combined risk exposure is $16.625M.,2.378,5.871
"When visually mapping requirements versus specifications, what domain sits exactly at the intersection where the Environment domain overlaps with the System domain?","
[0]
[SECTION]: Capturing the Requirements > 4.3 Types Of Requirements > Two Kinds of Requirements Documents
[CONTENT]: The requirements specification restates the requirements as a specification of how the proposed system shall behave. The specification also is written entirely in terms of the environment, except that it refers solely to environmental entities that are accessible to the system via its interface. That is, the system boundary makes explicit those environmental entities that can be monitored or controlled by the system.This distinction is depicted in Figure 4.3, with requirements defined anywhere within the environment's domain, including, possibly, the system's interface, and with the specification restricted only to the intersection between the environment and system domains. To see the distinction, consider the requirement that no one should enter the zoo without paying an entrance fee. If the turnstile has a coin slot and is able to detect when a valid coin is inserted, then it can determine when an entrance fee has been paid. In contrast, the concept of an entry event may be outside the scope of the system.Thus, the requirement must be rewritten to realize entry events using only events and states that the turnstile can detect and control, such as whether the turnstile is unlocked and whether it detects a visitor pushing the turnstile:
When a visitor applies a certain amount of force on an unlocked turnstile, the turnstile will automatically rotate a one-half turn, ending in a locked position.
In this way, the specification refines the original requirements definition.
The requirements specification is written by the requirements analyst and is used by the other software developers. The analyst must be especially careful that no information is lost or changed when refining the requirements into a specification. There must be a direct correspondence between each requirement in the definition document and those in the specification document.


[1]
[SECTION]: Capturing the Requirements > 4.5 Modeling Notations > SIDEBAR 4.5 GROUND REQUIREMENTS IN THE REAL WORLD
[CONTENT]: J ackson's advice (Jackson 1995) to ground the requirements in the real world goes beyond the message about expressing the requirements and the specification in terms of the proposed system's environment. Jackson argues that any model of the requirements will include primitive terms that have no formal meaning (e.g., Patron , Publication , and Article in our library example), and that the only way to establish the meaning of a primitive term is to relate it to some phenomenon in the real world. He calls these descriptions designations , and he distinguishes designations from definitions and assertions . Definitions are formal meanings of terms based on the meanings of other terms used in the model (e.g., the definition of a book out on loan ), whereas assertions describe constraints on terms (e.g., patrons can borrow only those items not currently out on loan). If a model is to have any meaning with respect to real-world behavior, its primitive terms must be clearly and precisely tied to the real world, and its designations 'must be maintained as an essential part of the requirements documentation' (Zave and Jackson 1997).
declared  as  powersets  ( P )  of Items ; these  declarations  mean  that  the  values  of Catalogue and OnReserve can change during execution to be any subset of Items . The  schema  also  declares  partial  mappings  ( ß )  that  record  the Borrowers and DueDates for the subset of Items that are out on loan, and record Fines for the subset of Patrons who have outstanding fines.The domain ( dom ) of a partial mapping is the subset of entities currently being mapped; hence, we assert that the subset of items out  on  loan  should  be  exactly  the  subset  of  items  that  have  due  dates. The InitLibrary scheme initializes all of the variables to be empty sets and functions.All of the remaining schemas correspond to library operations.


[2]
[SECTION]: Capturing the Requirements > 4.8 Requirements Documentation > SIDEBAR 4.7 HIDDEN ASSUMPTIONS
[CONTENT]: Z ave and Jackson (1997) have looked carefully at problems in software requirements and specification, including undocumented assumptions about how the real world behaves.
There are actually two types of environmental behavior of interest: desired behavior to be  realized  by  the  proposed  system  (i.e., the  requirements)  and  existing  behavior  that  is unchanged by the proposed system.The latter type of behavior is often called assumptions or domain knowledge . Most requirements writers consider assumptions to be simply the conditions under which the system is guaranteed to operate correctly.While necessary, these conditions are not the only assumptions. We also make assumptions about how the environment will behave in response to the system's outputs.
Consider a railroad-crossing  gate  at  the  intersection  of  a  road  and  a  set  of  railroad tracks. Our requirement is that trains and cars do not collide in the intersection. However, the trains and cars are outside the control of our system; all our system can do is lower the crossing gate upon the arrival of a train and lift the gate after the train passes. The only way our crossing gate will prevent collisions is if trains and cars follow certain rules. For one thing, we have to assume that the trains travel at some maximum speed, so that we know how early to lower the crossing gate to ensure that the gate is down well before a sensed train reaches the intersection. But we also have to make assumptions about how car drivers will react to the crossing gate being lowered: we have to assume that cars will not stay in or enter the intersection when the gate is down.
or exact orderings of inputs and outputs. We may use an entity-relationship diagram to collect related activities and operations into classes. In the end, the specification  should  be  complete, meaning  that  it  should  specify  an  output  for  any feasible sequence of inputs.Thus, we include validity checks on inputs and system responses to exceptional situations, such as violated pre-conditions.
","[
    {
        ""role"": ""sentence"",
        ""segment"": ""The intersection is comprised of environmental entities that can be monitored or controlled by the system, i.e., environmental entities accessible to the system via its interface."",
        ""citations"": [
            {
                ""type"": ""source_text"",
                ""content"": ""the intersection between the environment and system domains"",
                ""img_id"": null
            },
            {
                ""type"": ""source_text"",
                ""content"": ""environmental entities that can be monitored or controlled by the system"",
                ""img_id"": null
            }
        ],
        ""type"": null
    }
]","The intersection is comprised of environmental entities that can be monitored or controlled by the system, i.e., environmental entities accessible to the system via its interface.",2.328,4.255
"In the reference architecture model for a compiler, which specific component bridges the gap between the Semantic analyzer and the Code generator?","
[0]
[SECTION]: Designing the Architecture > 5.1 The Design Process > Design Is a Creative Process
[CONTENT]: There  are  many  ways  to  leverage  existing  solutions. One  extreme  is cloning , whereby we borrow a whole design, and perhaps even the code, making minor adjustments to fit our particular problem. For example, a developer might clone an existing system to customize it for a new customer-though,as we will see, there are better ways of producing variations of the same product. Slightly less extreme is to base our design on  a reference  model : a  standard  generic  architecture  for  a  particular  application domain.A reference model suggests only how we decompose our system into its major components and how those components interact with each other. The design of the individual components and the details of their interactions will depend on the specific application being developed.As an example, Figure 5.3 shows the reference model for a compiler; the specifics of the parser, semantic analyzer, optimizations, and data repositories will vary greatly with the compiler's programming language. There are existing or proposed reference models for a variety of application domains, including operating systems, interpreters, database  management  systems, process-control  systems, integrated tool environments, communication networks, and Web services.


[1]
[SECTION]: Designing the Architecture > 5.1 The Design Process > Design Is a Creative Process
[CONTENT]: [FIGURE 5.3 Reference model for a compiler (adapted from Shaw and Garlan 1996).] 
[FIGURE_DESCRIPTIONS]
[0] Diagram depicting a software architecture/data flow pipeline with a symbol table at the top connected to multiple processing components. Visible components include Lexical analyzer, Parser, Semantic analyzer, Optimizer, and Code generator arranged horizontally. Dashed lines indicate control flow, solid lines indicate data store connections. A Key box labeled Component shows Data store and Data fetch/store vs Control flow distinctions. Arrows illustrate interactions: from the Symbol table down to each processor, and back paths among processors suggesting bidirectional data exchange. The diagram emphasizes orchestration of compilation phases, with a central Symbol table feeding lexical, syntactic, semantic, optimization, and code generation steps, and cross-links among stages implying intermediate representations and attributes propagation. Text elements include labels for each block and the key. 



[2]
[SECTION]: Designing the Architecture > 5.3 Decomposition And Views
[CONTENT]: No matter which design approach we use, the resulting design is likely to refer to several  types  of  software  units, such  as component, subsystem, runtime  process, module, class, package, library , or procedure . The different terms describe different aspects of a design. For example, we use the term module to refer to a structural unit of the software's code; a module could be an atomic unit, like a Java class, or it could be an aggregation of other modules. We use the term component to refer to an identifiable runtime element (e.g., the parser is a component in a compiler)-although this term sometimes has a specific meaning, as explained in Sidebar 5.2. Some of the above terms designate software units at different levels of abstraction. For example, a system may be made up of subsystems, which may be made up of packages, which are in turn made up of classes. In other cases, the terms may overlap and present different views of the same entity (e.g., a parser might be both a component and a high-level module). We use the term software unit when we want to talk about a system's composite parts without being precise about what type of part.


[3]
[SECTION]: Designing the Architecture > 5.11 Information Systems Example
[CONTENT]: So, what might be a suitable software architecture for the Piccadilly system? Certainly a key component would be the repository of information that needs to be maintained about television programs, program scheduling, commercial spots, agreements, and so on.In addition, the system should be able to process multiple heterogeneous queries on this information, in parallel, so that the information can be kept up-to-date and can be used to make important decisions about future commercial campaigns.
A typical reference architecture for an information or business-processing system is an n-tiered client-server architecture (Morgan 2002). Such an architecture for our Piccadilly system is depicted in Figure 5.19. The bottom layer is a data server that simply maintains all the information that Piccadilly must track for its own business as well as information about its competitors.The application programming interface (API) for this layer is likely to consist of basic queries and updates on these data.The middle layer consists of application services that provide richer, more application-specific queries and updates on the lower-level data.An example of an application-specific query might be to find all television programs that air at the same time as some Piccadilly program.The top layer of the architecture consists of the user interfaces through which Piccadilly's managers, accountants, television-programming specialists, and sales force use the information system.
In addition to the high-level architecture of the system, we also need to provide some details about each of the components. For example, we need to describe the data and relationships that the data server is to maintain, the application services that the application layer is to maintain, and the user interfaces that the presentation layer is to provide. The domain model that we created in Chapter 4, as part of our elaboration of the system's requirements, can form the basis of the data model for the data server.The model is reproduced in Figure 5.20. We augment this model with additional concepts and relationships that arise as we work out the details of the application services. For example, a high-level description of the query to find the television programs that are aired at the same time as Piccadilly programs might look like the following:
","[
  {
    ""role"": ""sentence"",
    ""segment"": ""The Optimizer."",
    ""citations"": [
      {
        ""type"": ""img"",
        ""content"": null,
        ""img_id"": ""image_0_1""
      }
    ],
    ""type"": null
  }
]",The chatbot can't answer this question. Please try again with another question.,2.238,5.855
"In the messy UML statechart diagram for the Publication class, what specific input event triggers the transition directly from the onloan state to the recall state?","
[0]
[SECTION]: Capturing the Requirements > 4.5 Modeling Notations > Example: UML Statechart Diagrams
[CONTENT]: (footnote: 3 The messy statechart also has a recall state that covers the case where a publication that is being put on reserve is on loan and needs to be recalled; this behavior cannot be modeled as a transition from onloan to reserveloan , because state reserveloan has a transition cancel (used to disallow a loan request if the Patron has outstanding fines) that would be inappropriate in this situation.This special case is modeled in Figure 4.9 by testing on entry (keyword entry is explained below) to state reserve whether the concurrent submachine is In state onloan and issuing a recall event if it is.)
[FIGURE 4.10 Messy UML statechart diagram for Publication class.] 
The UML statechart diagram for the Loan association class in Figure 4.11 illustrates how states can be annotated with local variables (e.g., variable num renews ), actions, and activities. Variables that are local to a state are declared and initialized in the center section of the state.The state's lower section lists actions and activities on the state's  local  variables  as  well  as  on  the  object's  attributes. The  distinction  between actions and activities is subtle: an action is a computation that takes relatively no time to complete and that is uninterruptible, such as assigning an expression to a variable or sending a message. An action can be triggered by a transition entering or exiting the state, in which case it is designated by keyword entry or exit followed by arbitrarily many actions and generated events; or it  can  be  triggered  by  the  occurrence  of  an event, in which case it is designated by the event name followed by arbitrarily many actions and generated events. In our Loan statechart, variable num renews is incremented every time state item  on  loan is  entered, that is, every time the loan is renewed; and  a recallNotify event  is  sent  to  the Patron whenever a recall event is received in that state. In contrast to actions, an activity is a more complex computation that executes over a period of time and that may be interruptible, such as executing an operation. Activities are initiated on entry to the state. When a transition, including a looping transition like the one triggered by renew , executes, the order in which actions are applied is as follows: first, the exit actions of the transition's source state are applied, followed by the transition's own actions, followed by the entry actions and activities of the new state.
[FIGURE_DESCRIPTIONS]
[0] Diagram labeled Publication depicting a software-like control flow with entities such as strike, reserve, loan, and cancel. Central node appears to be a black circle connected to labeled rectangular blocks via arrows: loan, reserve, cancel, recall, and lose. The diagram shows bidirectional arrows and multiple loops indicating create, borrow, return, and delete operations. Text labels include: publish/Publication at top, by, lose, loan, reserve, recall, cancel, delete, create, and return. Arrows indicate operations like borrow/patron, return/loan.delete, and loss/lose. There are rounded rectangular nodes representing processes or state changes (e.g., loan, reserve, recall, cancel, create) connected by arrows with labels such as return, lose, and create. The overall structure resembles a state machine or activity diagram outlining lifecycle actions for publications with operations to borrow, reserve, recall, cancel, and delete, including edge cases for lose and return. Visible typography is small but legible: Publication, by, lose, loan, reserve, recall, cancel, delete, create, return, recall, and lose several times. The diagram uses a bordered, rounded rectangle container with a schematic flow of actions around a central node.



[1]
[SECTION]: Capturing the Requirements > 4.5 Modeling Notations > Example: UML Statechart Diagrams
[CONTENT]: A superstate can actually comprise multiple concurrent submachines, separated by dashed lines.The UML statechart for Publication includes two submachines:one that indicates  whether  or  not  the  publication  is  out  on  loan, and  another  that  indicates whether  or  not  the  publication  is  on  reserve. The  submachines  are  said  to  operate concurrently , in that a Publication instance could at any time receive and respond to events of interest to either or both submachines. In general, concurrent submachines are used  to  model  separate, unrelated  subbehaviors, making  it  easier  to  understand  and consider each subbehavior. An equivalent statechart for Publication in Figure 4.10 that does not make use of state hierarchy or concurrency is comparatively messy and repetitive. Note  that  this  messy  statechart  has  a  state  for  each  combination  of  states from Figure 4.9 ( stacks = Publication is in library and not on reserve, onloan = Publication is on loan and not on reserve, etc.). 3 State transitions are labeled with their enabling events and conditions and with their side effects.Transition labels have syntax where  the  triggering event is  a  message  that  may  carry  parameters. The  enabling condition , delimited by square brackets, is a predicate on the object's attribute values. If the transition is taken, its actions , each prefaced with a slash (/), specify assignments made to the object's attributes; the asterisk indicates that a transition may have arbitrarily  many  actions. If  the  transition  is  taken, it  may  generate  arbitrarily  many output events , /^Object.event , each prefaced with a caret an output event may carry parameters and is either designated for a target Object or is broadcast to all objects. For example, in the messy Publication statechart (Figure 4.10), the transition to state recall is enabled if the publication is in state onloan when a request to put the item on reserve is received.When the transition is taken, it sends an event to the Loan object, which in turn will notify the borrower that the item must be returned to the library sooner than the loan's due date. Each of the transition-label elements is optional. For example, a transition need not be enabled by an input event; it could be enabled  only  by  a  condition  or  by  nothing, in  which  case  the  transition  is  always enabled. 1 ¿ 2 ; ' '*''
","[
  {
    ""role"": ""sentence"",
    ""segment"": ""The transition from onloan to recall is triggered when a request to put the item on reserve is received."",
    ""citations"": [
      {
        ""type"": ""source_text"",
        ""content"": ""the transition to state recall is enabled if the publication is in state onloan when a request to put the item on reserve is received."",
        ""img_id"": null
      }
      ]
    ,
    ""type"": null
  }
]",The transition from onloan to recall is triggered when a request to put the item on reserve is received.,2.239,2.907
"In the Petri net model of the library problem, what specific variables or tuples are shown being passed as inputs into the Process Payment transition?","
[0]
[SECTION]: Capturing the Requirements > 4.5 Modeling Notations > Example: Petri Nets
[CONTENT]: Basic Petri nets are fine for modeling how control flows through events or among concurrent entities. But if we want to model control that depends on the value of data (e.g., borrowing a particular book from a collection of books), then we need to use a high-level Petri net notation.A number of extensions to basic Petri nets have been proposed to improve the notation's expressibility, including inhibitor arcs, which enable a transition only if the input place is empty of tokens; priority among transitions; timing constraints; and structured tokens, which have values.
To model our library problem, which tracks information and events for multiple patrons and publications, we need a Petri net notation that supports structured tokens and transition actions (Ghezzi et al. 1991). A transition action constrains which tokens in  the  input  places  can  enable  the  transition  and  specifies  the  values  of  the  output tokens. Figure 4.13 is a high-level Petri net specification for the library problem. Each place stores tokens of a different data type. Avail stores a token for every library item that is not currently out on loan.A token in Fines is an n -tuple (i.e., an ordered set of n elements, sometimes called a tuple for short) that maps a patron to the value of his or her total outstanding library fines.A token in OnLoan is another type of tuple that maps a patron and a library item to a due date . A few of the transition predicates and actions are shown in Figure 4.13, such as the action on Process Payment , where the inputs are a payment and the patron's current fines , and the output is a new Fines tuple. The predicates not shown assert that if the token elements in a transition's input or output tokens have the same name, they must have the same value. So in  transition Borrow , the patron making  the Loan  Request must  match  the patron with no outstanding Fines and match the patron who appears in the generated OnLoan tuple; at the same time, the item being borrowed must match an item in Avail . Otherwise, those tuples do not enable the transition. The net starts with an initial marking of item tuples in Avail and ( patron, 0 ) tuples in Fines . As library users trigger input transitions Pay , Initiate Loan , and Initiate Return , new tokens are introduced to the system, which enable the library transitions, which in turn fire and update the Fines tokens and the Avail and OnLoan tokens, and so on.


[1]
[SECTION]: Capturing the Requirements > 4.5 Modeling Notations > Example: Petri Nets
[CONTENT]: [FIGURE 4.13 Petri net of the library problem.] 
[FIGURE_DESCRIPTIONS]
[0] Flowchart diagram illustrating a financial loan process with labeled nodes and directed edges. Key entities include Pay, Payment, Fines, Overdue Fines, Item, Avail, Return, OnLoan, Withdraw/Return Requests, and Loan Request. The top section shows a payer paying an amount labeled as (patron, payment) and (patron, fines - payment). Transitions indicate Initialize/Withdraw Loan Request at left, leading to OnLoan and Available items, and cycles involving Fines, Overdue Fines, and Return Requests. The diagram includes phrases such as 'patron, fines > 0', 'patron, item, due date', 'item', 'Return Request', and 'Withdraw/Return Request'. There are circular nodes and arrows representing state changes between loan initiation, payment, fines accrual, borrowing, and returning items. Visual emphasis on the flow between 'Loan Request', 'OnLoan', 'Avail', and ‘Return’ processes with decision points implied by labels.



[2]
[SECTION]: Capturing the Requirements > 4.5 Modeling Notations > Example: Petri Nets
[CONTENT]: UML statechart diagrams nicely modularize a problem's dynamic behavior into the behaviors of individual class objects, with the effect that it may be easier to consider each class's behavior separately than it is to specify the whole problem in one diagram. This modularization makes it harder, though, to see how objects interact with each other. Looking at an individual statechart diagram, we can see when an object sends a message to another object. However, we have to examine the two objects' diagrams simultaneously to see that a message sent by one object can be received by the other. In fact, to be completely sure, we would have to search the possible executions (event traces) of the two machines, to confirm that whenever one object sends a message to the other, the target object is ready to receive and react to the message.
Petri nets (Peterson 1977) are a form of state-transition notation that is used to model concurrent activities and their interactions. Figure 4.12 shows a basic Petri net specifying the behavior of a book loan. The circles in the net are places that represent activities or conditions, and the bars represent transitions . Directed arrows, called arcs , connect a transition with its input places and its output places . The places are populated with tokens , which act as enabling conditions for the transitions.When a transition fires , it removes tokens from each of its input places and inserts tokens into each of its output places. Each arc can be assigned a weight that specifies how many tokens are removed from the arc's input place, or inserted into the arc's output place, when the transition fires. A transition is enabled if each of its input places contains enough tokens to contribute its arc's weight's worth of tokens, should the enabled transition actually fire.Thus, in  Figure  4.12, transitions Return,Withdraw  Return  Request , and Withdraw Loan Request are all enabled; firing transition Return removes a token from each of the places ReturnRequest and OnLoan , and inserts a token into Avail . The net's marking , which is the distribution of tokens among places, changes as transitions fire. In each execution step, the marking determines the set of enabled transitions; one enabled transition is nondeterministically selected to fire; the firing of this transition produces a new marking, which may enable a different set of transitions.We can model concurrent behavior by combining into a single net the activities, transitions, and tokens for several executing entities. Concurrent entities are synchronized whenever their activities, or places, act as input places to the same transition. This synchronization ensures that all of the pre-transition activities occur before the transition fires, but does not constrain the order in which these activities occur.
","[
  {
    ""role"": ""sentence"",
    ""segment"": ""Process Payment inputs are a payment and the patron's current fines."",
    ""citations"": [
      {
        ""type"": ""source_text"",
        ""content"": ""action on Process Payment , where the inputs are a payment and the patron's current fines , and the output is a new Fines tuple."",
        ""img_id"": null
      }
    ],
    ""type"": null
  }
]",Process Payment inputs are a payment and the patron's current fines.,2.135,3.898
"In the use-case diagram for the library system, which two specific use cases are connected to the reserve item use case via an <<extend>> relationship?","
[0]
[SECTION]: Capturing the Requirements > 4.5 Modeling Notations > Example: Use Cases
[CONTENT]: Each use case encompasses several possible scenarios, some successful and some not, but all related to some usage of the system. External to the use-case diagram, the use cases and their variants are detailed as textual event traces. Each use case identifies pre-conditions and alternative behavior if the pre-conditions are not met, such as looking for a lost book; post-conditions, which summarize the effects of the use case; and a normal, error-free scenario comprising a sequence of steps performed by actors or by the system.A completely detailed use case specifies all possible variations of each step in the normal scenario, including both valid behaviors and errors. It also describes the possible scenarios that stem from the valid variations and from recoverable failures. If there is a sequence of steps common to several use cases, the sequence can be extracted out to form a subcase that can be called by a base use case like a procedure call. In the use-case diagram, we draw a dashed arrow from a base case to each of its subcases and annotate  these  arrows  with  stereotype <<include>> . 4 A  use  case  can  also  be appended with an extension subcase that adds functionality to the end of the use case. In the use-case diagram, we draw a dashed arrow from the extension subcase to the base  use  case  and  annotate  the  arrow  with  stereotype <<extend>> . Examples  of stereotypes are included in Figure 4.15.
(footnote: 4 In UML, a stereotype is a meta-language facility for extending a modeling notation, allowing the user to augment one of the notation's constructs with a new < <keyword> >.)


[1]
[SECTION]: Capturing the Requirements > 4.5 Modeling Notations > Example: Use Cases
[CONTENT]: A UML use-case diagram (OMG 2003) is similar to a top-level data-flow diagram that depicts observable, user-initiated functionality in terms of interactions between the system and its environment.A large box represents the system boundary. Stick figures outside the box portray actors, both humans and systems, and each oval inside the box is a use  case  that  represents  some  major  required  functionality  and  its  variants. A  line between an actor and a use case indicates that the actor participates in the use case. Use cases are not meant to model all the tasks that the system should provide. Rather, they are used to specify user views of essential system behavior. As such, they model only system  functionality  that  can  be  initiated  by  some  actor  in  the  environment. For example, in Figure 4.15, key library uses include borrowing a book, returning a borrowed book, and paying a library fine.
[FIGURE 4.15 Library use cases.] 
[FIGURE_DESCRIPTIONS]
[0] Diagram shows a system with two external actors labeled ""Patron"" on the left and ""Librarian"" on the left bottom, connected to a central data flow or process area enclosed by a large rectangle. Within the inner area are ovals representing use cases: at top cluster: ""pay fines"", ""check fines"", ""find item"", ""extend"" (labeled as (extend) near some arrows), ""borrow item"", and ""return item"" with arrows indicating relationships among them. Some use cases are linked with dashed lines indicating optional or extended relationships; e.g., ""reserve item"" and ""recall item"" appear in a middle-left cluster with the librarian actor involved. Text markers like ""include"" and ""extend"" appear beside arrows to denote UML use-case relationships; the librarian interacts with use cases like ""unreserve item"" and possibly a general inventory interface labeled ""Library inventory"" on the right. The diagram emphasizes relationships between patrons and librarians with the library inventory boundary on the right, showing user actions: paying fines, finding, borrowing, returning, reserving, recalling, unreserve. The visual arrangement suggests a use-case diagram with actors on the periphery, ovals for actions, and directed lines indicating associations and include/extend relationships. Readable labels include: pay fines, check fines, find item, borrow item, return item, reserve item, recall item, unreserve item, extend, include, extend, Library inventory.



[2]
[SECTION]: Capturing the Requirements > 4.5 Modeling Notations > Example: UML Class Diagrams
[CONTENT]: [FIGURE 4.5 UML class model of the library problem.] 
UML also allows the specifier to designate attributes and operations as being associated  with  the  class  rather  than  with  instances  of  the  class. A class-scope  attribute , represented as an underlined attribute,is a data value that is shared by all instances of the class. In the library class diagram, the attributes reserve loan period and reserve fine rate are values that apply to all publications on reserve. Thus in this model, the librarian can set and modify the loan duration for classes of items (e.g., books, periodicals, items on reserve) but not for individual items. Similarly, a class-scope operation , written  as  an  underlined  operation, is  an  operation  performed  by  the  abstract  class, rather than by class instances, on a new instance or on the whole collection of instances; create() , search() , and delete() are common class-scope operations.
[FIGURE_DESCRIPTIONS]
[0] Diagrammatic overview of a bibliographic system with labeled boxes representing entities and relationships. The upper left shows Patron, with subfields for name, address, and other identifiers; connected to Borrower via a thin line, indicating a one-to-one or optional association. The central area includes a Loan box detailing due date, fines, and callbacks such as renew() and recall() in parentheses, suggesting functional methods associated with the loan record. To the right, a Publication entity lists fields like call number, title, volume, issue, and year, plus status state transitions (borrow, reserve, renew, etc.). Text labels such as copy, fines, and dates appear repeatedly, implying a data flow between Patron, Borrower, Loan, and Publication. Lower-level boxes show relationships to Book, which connects to an Author, and a Periodical comprising Editor, Volume, Number, and other bibliographic attributes; an Article under Periodical links to Author. Overall, the diagram encodes data model relations for library circulation: patrons → loans → publications (books/periodicals/articles) with attributes and basic behaviors.



[3]
[SECTION]: Capturing the Requirements > 4.5 Modeling Notations > Example: UML Class Diagrams
[CONTENT]: (footnote: 2 In later examples,we model an item's loan state and reserve state as states in a state-machine model (Figure 4.9), and this information is included in the library's detailed class model (Figure 4.18).)
The Loan class in the library model is an association class , which relates attributes and operations to an association. Association classes are used to collect information that cannot be attributed solely to one class or another. For example, the Loan attributes are not properties of the borrower or of the item borrowed, but rather of the loan transaction or contract. An association class has exactly one instantiation per link in the association, so our modeling Loan as an association class is correct only if we want to model snapshots of the library inventory (i.e., model only current loans). If we wanted instead to maintain a history of all loan transactions, then (because a patron might borrow an item multiple times), we would model Loan as a full-fledged class.
","[
  {
    ""role"": ""sentence"",
    ""segment"": ""The two use cases connected via an <<extend>> relationship to Reserve item are borrow item and remember item."",
    ""citations"": [
      {
        ""type"": ""img"",
        ""content"": null,
        ""img_id"": ""img0_se_theory_practice.pdf__chunk_1468_1471_363""
      }
    ],
    ""type"": null
  }
]",The two use cases connected via an <<extend>> relationship to Reserve item are borrow item and remember item.,2.422,6.386
"In the fault tree analyzing a security breach, what are the two specific basic events that must both occur (linked by an AND-gate) for an Illegal access granted condition to be met?","
[0]
[SECTION]: Designing the Architecture > 5.7 Architecture Evaluation And Refinement > Safety Analysis
[CONTENT]: [FIGURE 5.11 Fault tree for a security breach.] 
For example, consider the fault tree presented in Figure 5.11.The tree shows that a security breach could occur either if a previous logout is not recognized (leaving the previous user logged in) or an unauthorized user gains access to the system. For the latter to happen, both of two basic events must happen: a valid user's password is exposed, and the password is not changed between the time of the exposure and the time an unauthorized user attempts to use it.
[FIGURE_DESCRIPTIONS]
[0] Diagram illustrating a security breach flow with labeled blocks and logical operators. At the top, a rectangle labeled Security breach is connected by a dashed line from a left node labeled Failure. An OR gateway splits to indicate Either event leads to failure. The main path shows an AND gateway beneath a block labeled Illegal access granted, which in turn connects to two oval shapes labeled Password exposed and Password not changed via arrows meeting at the AND. The right branch near the OR gateway includes a note: Either event leads to failure and a secondary flow labeled Previous logout not recognized, leading into a Basic events node. Surrounding text indicates relationships between events, with arrows and gate shapes emphasizing conditional dependencies in a security failure scenario. The diagram uses standard UI-like shapes to represent event flow and control logic.



[1]
[SECTION]: Designing the Architecture > 5.7 Architecture Evaluation And Refinement > Safety Analysis
[CONTENT]: We learned earlier about the importance of fault identification, correction, and tolerance in creating reliable and robust designs.There are several techniques that can be used during design to identify possible faults or their likely locations. Fault-tree analysis , a method originally  developed  for  the  U.S. Minuteman  missile  program, helps  us  to  examine  a design and look for faults that might lead to failure.We build fault trees that trace backwards through a design, along the logical path from effect to cause. The trees are then used to help us decide which faults to correct or avoid, and which faults to tolerate.
We begin our analysis by identifying possible failures.Although our identification takes place during design, we consider failures that might be affected by design, operation, or even maintenance. We can use a set of guidewords to help us understand how the system might deviate from its intended behavior. Table 5.1 illustrates some of the guidewords  that  might  be  used; you  can  select  your  own  guidewords  or  checklists, based on your system's application domain.
Next, we build an upside-down tree whose root node is some failure that we want to analyze, and whose other nodes are events or faults that realize or lead to the root node's failure. The edges of the graph indicate the relationships among nodes. Parent nodes are drawn as logic gate operators: an and -gate if both of the child nodes' events must occur for the parent node's event to occur; an orgate if one child's event is sufficient to cause the parent's event. Sometimes, an edge is labeled n_of_m if the system includes m redundant components, where n faulty components lead to the designated failure. Each node represents an independent event; otherwise, the analysis results may be invalid, especially with respect to compound faults.


[2]
[SECTION]: Designing the Architecture > 5.7 Architecture Evaluation And Refinement > Safety Analysis
[CONTENT]: The cut-set is the set of leaf nodes in the cut-set tree. For example, consider the fault tree on the left side of Figure 5.12. G1 is the top logic gate in the fault tree, and its or condition leads us to expand its corresponding node in the cut-set tree to have two child nodes, G2 and G3. In turn, G2 in the fault tree is composed of both G4 and G5,so G2 in the cut-set tree is expanded to have a composition child node with label {G4, G5}. Continuing in this manner, we end up with the cut-set {A1,A3}, {A1,A4}, {A2,A3}, {A2, A4}, {A4,A5}.The cut-set represents the set of minimal event combinations that could lead to the failure listed at the top of the cut-set tree.Thus, if any member of the cut-set is a singleton event set, {A i }, then the top failure could be caused by a single event, A i . Similarly, the  cut-set  element  {A i , A j }  means  that  the  top  failure  can  occur  if  both events A i and A j occur, and cut-set element {A i , A j , . . ., A n }  means that failure can occur only if all of the composite events occur.Thus, we have reasoned from a failure to all possible causes of it.


[3]
[SECTION]: Designing the Architecture > 5.7 Architecture Evaluation And Refinement > Safety Analysis
[CONTENT]: The concepts we have described can be applied to any system's hardware or software. The  challenge  is  to  identify  key  possible  failures, and  then  trace  backwards through the design, looking for data and computations that could contribute to the failure. Data-flow and control-flow graphs can help us trace through a design.As we saw in Chapter 4, a data-flow graph depicts the transfer of data from one process to another. The same ideas can be applied to an architectural design, to show what kinds of data flow among the design's software units. In this way, if one of the failures we are analyzing is data related, we can trace backwards through the data-flow graph to find the software  units  that  could  affect  the  data  and  thereby  cause  the  fault. Similarly, a control-flow graph depicts possible transfers of control among software units. When applied to a design, a control-flow graph can show how a control thread progresses from one unit to the next during execution. If we are analyzing a failure that is related to computation or to a quality attribute, we can trace backwards through the controlflow graph to find the software units involved in that computation.
Once  the  fault  tree  is  constructed, we  can  search  for  design  weaknesses. For example, we can derive another tree, called a cut-set tree , that reveals which event combinations can cause the failure. A cut-set tree is especially useful when the fault tree is complex and difficult to analyze by eye. The rules for forming the cut-set tree are as follows:
 - Assign the top node of the cut-set tree to match the logic gate at the top of the fault tree.
 - Working from the top down, expand the cut-set tree as follows:
 - Expand an or -gate node to have two children, one for each or -gate child.
 - Expand an and -gate node to have a child composition node listing both of the and -gate children.
 - Expand  a  composition  node  by  propagating  the  node  to  its  children, but expanding one of the gates listed in the node.
 - Continue until all leaf nodes are basic events or composition nodes of basic events.
","[
  {
    ""role"": ""sentence"",
    ""segment"": ""a valid user's password is exposed, and the password is not changed between the time of the exposure and the time an unauthorized user attempts to use it."",
    ""citations"": [
      {
        ""type"": ""source_text"",
        ""content"": ""For the latter to happen, both of two basic events must happen: a valid user's password is exposed, and the password is not changed between the time of the exposure and the time an unauthorized user attempts to use it."",
        ""img_id"": null
      }
    ],
    ""type"": null
  }
]","a valid user's password is exposed, and the password is not changed between the time of the exposure and the time an unauthorized user attempts to use it.",2.201,3.368
"In the diagram illustrating the relationship between computer science and software engineering, what specific component directly connects SOFTWARE ENGINEERING to the Problem?","
[0]
[SECTION]: Why Software Engineering? > 1.1 What Is Software Engineering?
[CONTENT]: As software engineers, we use our knowledge of computers and computing to help solve problems. Often the problem with which we are dealing is related to a computer or an existing computer system, but sometimes the difficulties underlying the problem have nothing to do with computers.Therefore, it is essential that we first understand the nature of the problem. In particular, we must be very careful not to impose computing machinery or techniques on every problem that comes our way. We must solve the problem first. Then, if need be, we can use technology as a tool to implement our solution. For the remainder of this book, we assume that our analysis has shown that some kind of computer system is necessary or desirable to solve a particular problem at hand.


[1]
[SECTION]: Why Software Engineering? > 1.1 What Is Software Engineering? > Where Does the Software Engineer Fit In?
[CONTENT]: [FIGURE 1.3 The relationship between computer science and software engineering.] 
[FIGURE_DESCRIPTIONS]
[0] Diagrammatic flow illustrating relationships between theoretical computer science, customer problems, and software engineering processes. Top row contains three labeled blocks: left labeled “COMPUTER SCIENCE,” middle labeled “CUSTOMER,” and their arrows feed downward to hexagonal nodes. The left hexagon is labeled “Theories,” the middle hexagon is labeled “Computer Functions,” and the right side hexagon is labeled “Problem.” Arrows converge toward a central rectangular box labeled “SOFTWARE ENGINEERING.” From this central box, a downward arrow points to a final hexagonal node labeled “Tools and Techniques to Solve Problem.” Each element is connected by directional arrows indicating a decomposition workflow from abstract theory and customer problem to software engineering practice and practical tools. Visible text includes the exact labels on each shape and the sequence of flow from theories and computer functions toward software engineering and applied techniques.



[2]
[SECTION]: Preface > xvi Preface
[CONTENT]: Wasserman's key factors that help define software engineering: abstraction, analysis and design methods and notations, modularity and architecture, software life cycle and process, reuse, measurement, tools and integrated environments, and user interface and prototyping. We discuss the difference between computer science and software engineering, explaining some of the major types of problems that can be encountered, and laying the groundwork for the rest of the book.We also explore the need to take a systems approach to building software, and we introduce the two common examples that will  be  used  in  every  chapter. It  is  here  that  we  introduce  the  context  for  the  term project.


[3]
[SECTION]: The Future of Software Engineering > 14.4 The Professionalization Of Software Engineering: Licensing, Certification, And Ethics > Software Engineering Education
[CONTENT]: Historically, software engineering has been considered a relatively small aspect of computer science. At best, a university computer science curriculum included a course on software  engineering, usually  offered  in  the  junior  or  senior  year. At  the  least, it included several lectures on the meaning and intent of software engineering. With the increasing emphasis on software quality and security, and with the recent push to professionalize software developers, universities have increasingly viewed software engineering as a distinct academic discipline. There are now many ways in which a student can navigate through a university curriculum and end up with a software engineering education:
 - Specializing in software engineering as part of a computer science major
 - Specializing in software engineering as part of a computer engineering major
 - Specializing in software engineering as part of an engineering major
 - Majoring in software engineering as a separate degree from computer science or computer engineering As Table 14.6 shows, a software engineering program borrows from both computer science and engineering curricula. Computer science courses provide the technical  knowledge  and  expertise  needed  to  create  and  manipulate  software  artifacts: programming  principles; data  structures; algorithm  paradigms; programming  languages; grammars, parsing, and translation; concurrency and control structures; and the theoretical limits of computing. In addition, computer science and computer engineering courses cover key system components (e.g., computer architecture, operating system, middleware, networks)  and  key  software  components  (e.g., databases, user interfaces), and how the design and implementation of these components can affect the performance, usability, and quality of our software.


[4]
[SECTION]: Why Software Engineering? > 1.1 What Is Software Engineering? > Solving Problems
[CONTENT]: Most problems are large and sometimes tricky to handle, especially if they represent something new that has never been solved before. So we must begin investigating a problem by analyzing it, that is, by breaking it into pieces that we can understand and try to deal with. We can thus describe the larger problem as a collection of small problems and their interrelationships. Figure 1.1 illustrates how analysis works. It is important  to  remember  that  the  relationships  (the  arrows  in  the  figure, and  the  relative positions of the subproblems) are as essential as the subproblems themselves. Sometimes, it is the relationships that hold the clue to how to solve the larger problem, rather than simply the nature of the subproblems.
Once we have analyzed the problem, we must construct our solution from components that address the problem's various aspects. Figure 1.2 illustrates this reverse process: Synthesis is the putting together of a large structure from small building blocks.As with analysis, the composition of the individual solutions may be as challenging as the process of finding the solutions. To see why, consider the process of writing a novel. The dictionary contains all the words that you might want to use in your writing. But the most difficult part of writing is deciding how to organize and compose the words into sentences,and likewise the sentences into paragraphs and chapters to form the complete book.Thus, any problem-solving technique must have two parts: analyzing the problem to determine its nature, and then synthesizing a solution based on our analysis.
","[
  {
    ""role"": ""paragraph"",
    ""segment"": ""Tools and Techniques to Solve Problem"",
    ""citations"": [
      {
        ""type"": ""source_text"",
        ""content"": ""Tools and Techniques to Solve Problem"",
        ""img_id"": ""img0_se_theory_practice.pdf__chunk_144_144_44""
      }
      ,
      {
        ""type"": ""img"",
        ""content"": null,
        ""img_id"": ""img0_se_theory_practice.pdf__chunk_144_144_44""
      }
    ],
    ""type"": null
  }
]",Tools and Techniques to Solve Problem,2.338,5.384
"In the structure of software development model by Abdel-Hamid, what specific components fall under the HUMAN RESOURCE MANAGEMENT category?","
[0]
[SECTION]: Modeling the Process and Life Cycle > 2.3 Tools And Techniques For Process Modeling > Dynamic Modeling: System Dynamics
[CONTENT]: The power of system dynamics is impressive, but this method should be used with caution. The simulated results depend on the quantified relationships, which are often heuristic or vague, not clearly based on empirical research. However, as we will see in later  chapters, a  historical  database  of  measurement  information  about  the  various aspects of development can help us gain confidence in our understanding of relationships, and thus in the results of dynamic models.
[FIGURE 2.14 Structure of software development (Abdel-Hamid 1996).] 
[FIGURE_DESCRIPTIONS]
[0] Diagrammatic schematic showing four interconnected domains: Software Production, Human Resource Management, Planning, and Control. The Software Production domain at top-left features process inputs such as error detection and correction, quality assurance effort, software development, error rate, potential productivity, and actual productivity connected via arrows indicating feedback loops. The Human Resource Management domain at top-right includes arrows between workforce, workforce experience, mix, hirings, and perceived productivity with links to perceived progress. The Planning domain at bottom-left includes scheduled completion dates, adjustments to workload and schedule, forecasted completion date, and labor allocation as factors affecting scheduling. The Control domain at bottom-right shows project tasks perceived status, effort perceived still needed, perceived progress, and perceived level of effort, forming feedback loops with the other domains. Visible text labels include: SOFTWARE PRODUCTION, HUMAN RESOURCE MANAGEMENT, PLANNING, CONTROL, Error detection and correction, Quality assurance effort, Schedule pressure, Forecasted completion date, Perceived progress, Perceived productivity, Workforce, Hirings, and Project status. The diagram emphasizes inter-domain influence and feedback among productivity, scheduling, resources, and task status.



[1]
[SECTION]: Modeling the Process and Life Cycle > 2.3 Tools And Techniques For Process Modeling > Dynamic Modeling: System Dynamics
[CONTENT]: A desirable property of a process model is the ability to enact the process, so that we can watch what happens to resources and artifacts as activities occur. In other words, we want to describe a model of the process and then watch as software shows us how resources flow through activities to become outputs.This dynamic process view enables us  to  simulate  the  process  and  make  changes  before  the  resources  are  actually expended. For example, we can use a dynamic process model to help us decide how many testers we need or when we must initiate testing in order to finish on schedule. Similarly, we can include or exclude activities to see their effects on effort and schedule. For instance, we can add a code-review activity, making assumptions about how many faults we will find during the review, and determine whether reviewing shortens test time significantly.
There are several ways to build dynamic process models. The systems dynamics approach, introduced by Forrester in the 1950s, has been useful for simulating diverse processes, including  ecological, economic, and  political  systems  (Forrester  1991). Abdel-Hamid and Madnick have applied system dynamics to software development, enabling project managers to 'test out' their process choices before imposing them on developers (Abdel-Hamid 1989;Abdel-Hamid and Madnick 1991).
To see how system dynamics works, consider how the software development process affects productivity. We can build a descriptive model of the various activities that involve developers' time and then look at how changes in the model increase or decrease the time it takes to design, write, and test the code. First, we must determine which factors affect  overall  productivity. Figure  2.13 depicts Abdel-Hamid's understanding of these factors. The arrows indicate how changes in one factor affect changes in another. For example,if the fraction of experienced staff increases from one-quarter to one-half of the people assigned to the project, then we would expect the average potential productivity to increase, too. Similarly, the larger the staff (reflected in staff size), the more time is devoted to communication among project members (communication overhead).


[2]
[SECTION]: Improving Predictions, Products, Processes, and Resources > 13.4 Improving Resources > SIDEBAR 13.5 VIEWING USERS AS A RESOURCE
[CONTENT]: I n Chapter 11, we saw how Bell Atlantic built its SaleService Negotiation System (SSNS) to replace three legacy systems. By using on-screen prompts, SSNS guides sales representatives through an order cycle.The application created a more profitable relationship with Bell Atlantic's customers, making Bell Atlantic much more competitive in the marketplace (Field 1997a).
One of the reasons for SSNS's success was its developers' use of users as a resource. By forming a collaborative relationship between the information systems developers and Bell Atlantic's business managers, the SSNS team worked to define the problem carefully. Users pointed out problems and forced the information systems developers to address key issues. Information systems personnel encouraged users' input and listened carefully to their advice.
Performance issues were addressed by having the users work side by side with the software engineers.When the system was completed, some of the users were trained to be system advocates who explained the technology and trained others to use it.This mutual trust helped in the technology transfer, and users were eager to master the skills needed to use SSNS.
Abdel-Hamid (1990) uses systems dynamics models to investigate the effects of schedule compression. He notes that project scheduling is a continuous process; the project manager revises the schedule as more is known about a project. Thus, the final cost and completion time depend on an initial estimate and how realistic it is, and also on how resources are adjusted to address the initial estimate.
Abdel-Hamid (1990) applied his models to data from NASA Goddard Space Flight Center, looking at the effects of management's policies on project cost and on completion time.For example,Figure 13.11 shows the effect of two different hypothetical policies on the number of person-days to finish the project.The first policy, represented by circles, assumes that management will always adjust the workforce to the level necessary to keep the project on schedule.The second policy, represented by squares, eliminates  the  pressure  of  a  maximum  tolerable  completion  date. That  is, schedule difficulties are addressed by extending the schedule, not by adjusting the workforce level. The trade-off behaviors are significantly different, and Abdel-Hamid's models help managers decide which policies to implement.


[3]
[SECTION]: Evaluating Products, Processes, and Resources > 12.6 Evaluating Resources > People Maturity Model
[CONTENT]:  - develops capabilities
 - builds teams and cultures
 - motivates and manages performance
 - shapes the workforce
","[
  {
    ""role"": ""bullet_intro"",
    ""segment"": ""HUMAN RESOURCE MANAGEMENT components:"",
    ""citations"": [],
    ""type"": null
  },
  {
    ""role"": ""bullet"",
    ""segment"": ""Hiring rate"",
    ""citations"": [
      {
        ""type"": ""source_text"",
        ""content"": ""Hiring rate"",
        ""img_id"": null
      }
    ],
    ""type"": null
  },
  {
    ""role"": ""bullet"",
    ""segment"": ""Turnover rate"",
    ""citations"": [
      {
        ""type"": ""source_text"",
        ""content"": ""Turnover rate"",
        ""img_id"": null
      }
    ],
    ""type"": null
  },
  {
    ""role"": ""bullet"",
    ""segment"": ""Workforce experience mix"",
    ""citations"": [
      {
        ""type"": ""source_text"",
        ""content"": ""Workforce experience mix"",
        ""img_id"": null
      }
    ],
    ""type"": null
  },
  {
    ""role"": ""bullet"",
    ""segment"": ""Workforce"",
    ""citations"": [
      {
        ""type"": ""source_text"",
        ""content"": ""Workforce"",
        ""img_id"": null
      }
    ],
    ""type"": null
  }
]","HUMAN RESOURCE MANAGEMENT components:
- Workforce",2.224,9.098
"In the three-tiered client-server architecture diagram, what specific software components are contained within the Client Presentation tier?","
[0]
[SECTION]: Designing the Architecture > 5.4 Architectural Styles And Strategies > SIDEBAR 5.3 THE WORLD CUP CLIENT-SERVER SYSTEM
[CONTENT]: Because this architectural style separates client code and server code into different components, it is possible to improve system performance by shuffling the components among computer processes. For example, client code might execute locally on a user's personal computer or might execute remotely on a more powerful server computer. In a multitier system, like the example shown in Figure 5.7, servers are structured hierarchically into application-specific servers (the middle tiers) that in turn use servers offering more generic services (the bottom tier) (Clements et al. 2003). This architecture improves the system's modularity and gives designers more flexibility in assigning activities to processes. Moreover, the client-server style supports reuse, in that servers providing common services may be useful in multiple applications.


[1]
[SECTION]: Designing the Architecture > 5.4 Architectural Styles And Strategies > Peer-to-Peer
[CONTENT]: Technically, a peer-to-peer (P2P) architecture is one in which each component executes as its own process and acts as both a client of and a server to other peer components. Each component has an interface that specifies not only the services it provides, but also the services that it requests from other peer components. Peers communicate by requesting  services  from  each  other. In  this  way, P2P  communication  is  like  the request/reply communication found in client-server architecture, but any component can initiate a request to any other peer component.
[FIGURE 5.7 Three-tiered client-server architecture.] 
The best known P2P architectures are file-sharing networks, such as Napster and Freenet, in which the components provide similar services to each other. What differs among components are the data each component stores locally.Thus, the system's data are distributed among the components; whenever a component needs information not stored locally, it retrieves it from a peer component.
[FIGURE_DESCRIPTIONS]
[0] Diagram illustrating a multi-layer client-server architecture with labeled components and data flow. The top row shows three client-side elements: Web Browser, Web Browser, Desktop Client Presentation. A central Application Server box connects downward to a Database Server, forming a layered Information System: Business Logic and Information System shown on the right. A small KEY box in the left corner defines arrows: request/reply between client and server, and the server-to-database interaction. Arrows indicate the flow from clients to the Application Server, then to the Database Server. The overall structure highlights distribution of responsibilities: client presentation, application logic on the Application Server, and persistent data in the Database Server, with business logic and information system labels aligning to the right. Readable text includes the component labels and the KEY matter, useful for retrieval by architecture terms.



[2]
[SECTION]: Designing the Architecture > 5.4 Architectural Styles And Strategies > Client-Server
[CONTENT]: In  a  client-server  architecture, the  design  is  divided  into  two  types  of  components: clients and servers. Server components offer services, and clients access them using a request/reply protocol . The components execute concurrently and are usually distributed across several computers. There may be one centralized server, several replicated servers distributed over several machines, or several distinct servers each offering a different set of services.The relationship between clients and servers is asymmetric: Clients know the identities  of  the  servers  from  which  they  request  information, but  servers


[3]
[SECTION]: Designing the Architecture > 5.11 Information Systems Example
[CONTENT]: So, what might be a suitable software architecture for the Piccadilly system? Certainly a key component would be the repository of information that needs to be maintained about television programs, program scheduling, commercial spots, agreements, and so on.In addition, the system should be able to process multiple heterogeneous queries on this information, in parallel, so that the information can be kept up-to-date and can be used to make important decisions about future commercial campaigns.
A typical reference architecture for an information or business-processing system is an n-tiered client-server architecture (Morgan 2002). Such an architecture for our Piccadilly system is depicted in Figure 5.19. The bottom layer is a data server that simply maintains all the information that Piccadilly must track for its own business as well as information about its competitors.The application programming interface (API) for this layer is likely to consist of basic queries and updates on these data.The middle layer consists of application services that provide richer, more application-specific queries and updates on the lower-level data.An example of an application-specific query might be to find all television programs that air at the same time as some Piccadilly program.The top layer of the architecture consists of the user interfaces through which Piccadilly's managers, accountants, television-programming specialists, and sales force use the information system.
In addition to the high-level architecture of the system, we also need to provide some details about each of the components. For example, we need to describe the data and relationships that the data server is to maintain, the application services that the application layer is to maintain, and the user interfaces that the presentation layer is to provide. The domain model that we created in Chapter 4, as part of our elaboration of the system's requirements, can form the basis of the data model for the data server.The model is reproduced in Figure 5.20. We augment this model with additional concepts and relationships that arise as we work out the details of the application services. For example, a high-level description of the query to find the television programs that are aired at the same time as Piccadilly programs might look like the following:
","[
    {
        ""role"": ""paragraph"",
        ""segment"": ""The Client Presentation tier contains the client-side presentation components, such as the Web Browser and the Desktop Client."",
        ""citations"": [
            {
                ""type"": ""img"",
                ""content"": null,
                ""img_id"": ""img0_se_theory_practice.pdf__chunk_2003_2007_489""
            }
            ]
        ,
        ""type"": null
    }
]","The Client Presentation tier contains the client-side presentation components, such as the Web Browser and the Desktop Client.",2.327,8.512
"In the Enrollment Management model used during Digital's Alpha AXP program, what are the four specific sub-elements or factors listed under the COMMITMENT DELEGATION quadrant?","
[0]
[SECTION]: Planning and Managing the Project > 3.6 Process Models And Project Management > Enrollment Management
[CONTENT]: Digital Equipment Corporation spent many years developing its Alpha AXP system, a new system architecture and associated products that formed the largest project in Digital's history. The software portion of the effort involved four operating systems and 22 software engineering groups, whose roles included designing migration tools, network systems, compilers, databases, integration frameworks, and applications. Unlike many other development projects, the major problems with Alpha involved reaching milestones too early! Thus, it is instructive to look at how the project was managed and what effects the management process had on the final product.
During the course of development, the project managers developed a model that incorporated four tenets, called the Enrollment Management model:
 - establishing an appropriately large shared vision
 - delegating completely and eliciting specific commitments from participants
 - inspecting vigorously and providing supportive feedback
 - acknowledging every advance and learning as the program progressed (Conklin 1996)
Figure  3.17 illustrates  the  model. Vision  was  used  to 'enroll' the  related  programs, so they all shared common goals. Each group or subgroup of the project defined its own objectives in terms of the global ones stated for the project, including the company's  business  goals. Next, as  managers  developed  plans, they  delegated  tasks  to groups, soliciting comments and commitments about the content of each task and the schedule constraints imposed. Each required result was measurable and identified with a particular owner who was held accountable for delivery. The owner may not have been the person doing the actual work; rather, he or she was the person responsible for getting the work done.


[1]
[SECTION]: Annotated Bibliography
[CONTENT]:  - Cohen, David, Siddhartha Dalal, Jesse Parelius, and Gardner Patton (1996). 'The combinatorial approach to automatic test generation.' IEEE Software , 13(5) (September): 83-88.
Describes using combinatorial design to reduce test plan development from one month to less than one week.
 - Cole,M.,and P.Griffin (1990).'Cultural amplifiers reconsidered.' In D.R. Olson (ed.), The Social Foundations of Language and Thought , pp. 343-364. New York:W.W. Norton.
 - Coleman,Derek,Patrick Arnold, Stephanie Bodoff, Chris Dollin, Helena Gilchrist, Fiona Hayes, and Paul Jeremaes (1994). Object-Oriented Development: The Fusion Method . Englewood Cliffs, NJ: Prentice Hall.
Describes a method to integrate and extend the best features of OMT, Booch, CRC, and Objectory. Gives lots of well-explained examples.
 - Coleman,Don,Dan Ash,Bruce Lowther,and Paul Oman (1994).'Using metrics to evaluate software system maintainability.' IEEE Computer , 27(8) (August): 44-49.
Describes use of metrics at Hewlett-Packard in guiding maintenance decisions.
 - Collier, Bonnie, Tom DeMarco, and Peter Fearey (1996). 'A defined process for project postmortem reviews.' IEEE Software , 13(4) (July): 65-72.
 - Compton,B.T., and C.Withrow (1990).'Prediction and control of Ada software defects.' Journal of Systems and Software , 12: 199-207.
Report on software fault behavior at Unisys.
 - Computer Weekly Report (1994).'Sources of errors.'August 12.
 - Conklin, Peter F. (1996). 'Enrollment management: Managing the Alpha AXP program.' IEEE Software 13(4) (July): 53-64.
Describes a project management approach that was very successful in developing Digital's Alpha chip.
 - Conte, S., H. Dunsmore, and V. Shen (1986). Software Engineering Metrics and Models . Menlo Park, CA: Benjamin-Cummings.
A nice survey and history of software metrics. Especially good section comparing cost estimation models.
 - Courtney, R.E., and  D.A. Gustafson  (1993). 'Shotgun  correlations  in  software  measures.' Software Engineering Journal , 8(1): 5-13.


[2]
[SECTION]: Preface > Chapter 3: Planning and Managing the Project
[CONTENT]: Here, we look at project planning and scheduling. We introduce notions such as activities and milestones, work breakdown structure, activity graphs, risk management, and costs and cost estimation. Estimation models are used to estimate the cost and schedule of the two common examples. We focus on actual case studies, including management of software development for the F-16 airplane and for Digital's alpha AXP programs.


[3]
[SECTION]: Planning and Managing the Project > 3.6 Process Models And Project Management
[CONTENT]: We have seen how different aspects of a project can affect the effort, cost, and schedule required, as well as the risks involved. Managers most successful at building quality products on time and within budget are those who tailor the project management techniques to the particular characteristics of the resources needed, the chosen process, and the people assigned.
To understand what to do on your next project, it is useful to examine project management techniques used by successful projects from the recent past. In this section, we look at two projects: Digital's Alpha AXP program and the F-16 aircraft software.We also investigate the merging of process and project management.


[4]
[SECTION]: Planning and Managing the Project > 3.6 Process Models And Project Management > Enrollment Management
[CONTENT]: Another cusp occurred when a critical task was announced to be several months behind schedule.The management addressed this problem by instituting regular operational  inspections  of  progress  so  there  would  be  no  more  surprises. The  inspection involved presentation of a one-page report, itemizing key points about the project:
 - schedule
 - milestones
 - critical path events in the past month
 - activities along the critical path in the next month
 - issues and dependencies resolved
 - issues and dependencies not resolved (with ownership and due dates)
An important aspect of Alpha's success was the managers' realization that engineers  are  usually  motivated  more  by  recognition  than  by  financial  gain. Instead  of rewarding participants with money, they focused on announcing progress and on making sure that the public knew how much the managers appreciated the engineers' work.
The result of Alpha's flexible and focused management was a program that met its  schedule to the month, despite setbacks along the way. Enrollment management enabled small groups to recognize their potential problems early and take steps to handle them while the problems were small and localized. Constancy of purpose was combined with continual learning to produce an exceptional product. Alpha met its performance goals, and its quality was reported to be very high.
","[
  {
    ""role"": ""paragraph"",
    ""segment"": ""The four tenets under the Commitment Delegation quadrant are: establishing an appropriately large shared vision; delegating completely and eliciting specific commitments from participants; inspecting vigorously and providing supportive feedback; acknowledging every advance and learning as the program progressed."",
    ""citations"": [
      {
        ""type"": ""source_text"",
        ""content"": ""- establishing an appropriately large shared vision\n- delegating completely and eliciting specific commitments from participants\n- inspecting vigorously and providing supportive feedback\n- acknowledging every advance and learning as the program progressed (Conklin 1996)"",
        ""img_id"": null
      }
    ],
    ""type"": null
    }
]",The four tenets under the Commitment Delegation quadrant are: establishing an appropriately large shared vision; delegating completely and eliciting specific commitments from participants; inspecting vigorously and providing supportive feedback; acknowledging every advance and learning as the program progressed.,2.345,6.607
"According to the decision table for library functions, if the input conditions are that the event is reserve and the item is out on loan, what are the exact three actions that must be performed?","
[0]
[SECTION]: Capturing the Requirements > 4.5 Modeling Notations > Example: Decision Tables
[CONTENT]: A decision table (Hurley 1983) is a tabular representation of a functional specification that maps events and conditions to appropriate responses or actions. We say that the specification  is informal because  the  inputs  (events  and  conditions)  and  outputs (actions) may be expressed in natural language, as mathematical expressions, or both.
Figure 4.16 shows a decision table for the library functions borrow , return , reserve , and unreserve . All of the possible input events (i.e., function invocations), conditions, and actions are listed along the left side of the table, with the input events and conditions listed above the horizontal line and the actions listed below the line. Each  column  represents  a  rule  that  maps  a  set  of  conditions  to  its  corresponding result(s). An entry of 'T' in a cell means that the row's input condition is true, 'F' means that the input condition is false, and a dash indicates that the value of the condition does not matter. An entry of 'X' at the bottom of the table means that the row's action should be performed whenever its corresponding input conditions hold. Thus, column 1 represents the situation where a library patron wants to borrow a book, the book is not already out on loan, and the patron has no outstanding fine; in this situation, the loan is approved and a due date is calculated. Similarly, column 7 illustrates the case where there is a request to put a book on reserve but the book is currently out on loan; in this case, the book is recalled and the due date is recalculated to reflect the recall.


[1]
[SECTION]: Capturing the Requirements > 4.5 Modeling Notations > Example: UML Statechart Diagrams
[CONTENT]: A superstate can actually comprise multiple concurrent submachines, separated by dashed lines.The UML statechart for Publication includes two submachines:one that indicates  whether  or  not  the  publication  is  out  on  loan, and  another  that  indicates whether  or  not  the  publication  is  on  reserve. The  submachines  are  said  to  operate concurrently , in that a Publication instance could at any time receive and respond to events of interest to either or both submachines. In general, concurrent submachines are used  to  model  separate, unrelated  subbehaviors, making  it  easier  to  understand  and consider each subbehavior. An equivalent statechart for Publication in Figure 4.10 that does not make use of state hierarchy or concurrency is comparatively messy and repetitive. Note  that  this  messy  statechart  has  a  state  for  each  combination  of  states from Figure 4.9 ( stacks = Publication is in library and not on reserve, onloan = Publication is on loan and not on reserve, etc.). 3 State transitions are labeled with their enabling events and conditions and with their side effects.Transition labels have syntax where  the  triggering event is  a  message  that  may  carry  parameters. The  enabling condition , delimited by square brackets, is a predicate on the object's attribute values. If the transition is taken, its actions , each prefaced with a slash (/), specify assignments made to the object's attributes; the asterisk indicates that a transition may have arbitrarily  many  actions. If  the  transition  is  taken, it  may  generate  arbitrarily  many output events , /^Object.event , each prefaced with a caret an output event may carry parameters and is either designated for a target Object or is broadcast to all objects. For example, in the messy Publication statechart (Figure 4.10), the transition to state recall is enabled if the publication is in state onloan when a request to put the item on reserve is received.When the transition is taken, it sends an event to the Loan object, which in turn will notify the borrower that the item must be returned to the library sooner than the loan's due date. Each of the transition-label elements is optional. For example, a transition need not be enabled by an input event; it could be enabled  only  by  a  condition  or  by  nothing, in  which  case  the  transition  is  always enabled. 1 ¿ 2 ; ' '*''


[2]
[SECTION]: Capturing the Requirements > 4.5 Modeling Notations > Example: Parnas Tables
[CONTENT]: Parnas tables (Parnas 1992) are tabular representations of mathematical functions or relations. Like decision tables, Parnas tables use rows and columns to separate a function's definition into its different cases. Each table entry either specifies an input condition that partially identifies some case, or it specifies the output value for some case. Unlike decision tables, the inputs and outputs of a Parnas table are purely mathematical expressions.
To  see  how  Parnas  tables  work, consider  Figure  4.17. The  rows  and  columns define Calc due date , an operation in our library example.The information is represented as a Normal Table, which is a type of Parnas table.The column and row headers are predicates used to specify cases, and the internal table entries store the possible function results. Thus, each internal table entry represents a distinct case in the function's definition. For example, if the event is to renew a loan (column header), and the publication being borrowed is on reserve (column header), and the patron making the request has no outstanding fines (row header), then the due date is calculated to be publication.reserve loan period days from Today . A table entry of 'X' indicates that the operation is invalid under the specified conditions; in other specifications, an entry of 'X' could mean that the combination of conditions is infeasible. Notice how the column and row headers are structured to cover all possible combinations of conditions that can affect the calculation of a loaned item's due date. (The symbol ¬ means 'not', so ¬publication.InState(reserve) means that the publication is not on reserve.)


[3]
[SECTION]: Capturing the Requirements > 4.5 Modeling Notations > Example: UML Class Diagrams
[CONTENT]: (footnote: 2 In later examples,we model an item's loan state and reserve state as states in a state-machine model (Figure 4.9), and this information is included in the library's detailed class model (Figure 4.18).)
The Loan class in the library model is an association class , which relates attributes and operations to an association. Association classes are used to collect information that cannot be attributed solely to one class or another. For example, the Loan attributes are not properties of the borrower or of the item borrowed, but rather of the loan transaction or contract. An association class has exactly one instantiation per link in the association, so our modeling Loan as an association class is correct only if we want to model snapshots of the library inventory (i.e., model only current loans). If we wanted instead to maintain a history of all loan transactions, then (because a patron might borrow an item multiple times), we would model Loan as a full-fledged class.
","[
    {
        ""role"": ""paragraph"",
        ""segment"": ""The chatbot can't answer this question. Please try again with another question."",
        ""citations"": [],
        ""type"": ""abstained""
    }
]",The chatbot can't answer this question. Please try again with another question.,2.218,8.885
"In the data-module solution architecture for KWIC, what are the four specific data access operations (represented as an annotated arrow) used by the Master control module to interact with the Index module?","
[0]
[SECTION]: Designing the Architecture > 5.7 Architecture Evaluation And Refinement > Trade-off Analysis
[CONTENT]: Shaw and Garlan (1996) present four different architectural designs to implement KWIC: repository, data abstraction, implicit invocation (a type of publish-subscribe), and pipe-and-filter. The  repository-based  solution, shown  in  Figure  5.13, breaks  the problem into its four primary functions: input, circular shift, alphabetize, and output. Thus, the system's functionality is decomposed and modularized. These four modules are coordinated by a master program that calls them in sequence. Because the data are localized in their own modules, and not replicated or passed among the computational modules, the design is efficient. However, as Parnas points out, this design is difficult to change. Because the computational modules access and manipulate the data directly, via read and write operations, any change to the data and data format will affect all modules.Also, none of the elements in the design are particularly reusable.
Figure 5.14 illustrates a second design that has a similar decomposition of functionality into sequentially called modules. However, in this design, the data computed by each computational module is stored in that module. For example, the circular-shift module maintains the index to keywords in the text, and the alphabetic-shift module maintains a sorted (alphabetized) version of this index. Each module's data are accessible via access methods, rather than directly.Thus, the modules form data abstractions . In a data abstraction, the methods' interfaces give no hint of the module's data or data representations, making  it  easier  to  modify  data-related  design  decisions  without affecting other modules. And because data-abstraction modules encompass both the data to be maintained and the operations for maintaining the data, these modules are easier to reuse in other applications than modules from our first design. On the downside, changes to the system's functionality may not be so easy, because the functionality is so tightly coupled with the data. For example, omitting indices whose circular shifts start with noise words means either (1) enhancing an existing module, making it more complex, more context specific, and less reusable; or (2) inserting a new module to remove useless indices after they have been created, which is inefficient, and modifying existing modules to call the new module (Garlan, Kaiser, and Notkin 1992).


[1]
[SECTION]: Designing the Architecture > 5.7 Architecture Evaluation And Refinement > Trade-off Analysis
[CONTENT]: [FIGURE 5.14 Data-module solution for KWIC (Shaw and Garlan 1996).] 
Instead, Garlan, Kaiser, and  Notkin  (1992)  propose  a  third  design, shown  in Figure 5.15, in which the data are stored in ADTs that manage generic data types, such as  lines  of  text  and  sets  of  indices, rather  than  in  KWIC-based  data  abstractions. Because ADTs are generic, they are even more reusable than data abstractions. Moreover, the data and operations on data are encapsulated in the ADT modules, so changes to data representation are confined to these modules. This design resembles the first design, in that the system's functionality is decomposed and modularized into computational modules. However, in this design, many of the computational modules are triggered by the occurrence of events rather than by explicit procedure invocation. For example, the circular-shift module is activated whenever a new line of text is input.The design can be easily extended, via new computational modules whose methods are triggered by system events; existing modules do not need to be modified to integrate the new modules into the system.
[FIGURE_DESCRIPTIONS]
[0] Diagram depicting a master control system with labeled blocks: Master control at the top, Input, Output, and Alphabetized index groups arranged below. Visible text includes a key in the upper left corner showing two line styles: solid arrows for Subprogram call and dotted lines for System I/O. Arrows originate from Master control to Input, Output, and two index groups. Input section splits into sub-blocks labeled Input medium and additional small blocks with text such as Text and perhaps other items. The leftmost column shows an arrow labeled Input connecting to a vertical stack of small blocks with illegible labels. The right side shows an Alphabetized index group with multiple small blocks linked from the index to the Output section. Dashed lines form connectivity to the left side, while solid arrows indicate master control directing to the major components. The diagram conveys a microarchitecture of a system with I/O, indexing, and subroutine relationships.



[2]
[SECTION]: Designing the Architecture > 5.7 Architecture Evaluation And Refinement > Trade-off Analysis
[CONTENT]: [FIGURE 5.13 Shared-data solution for KWIC (Shaw and Garlan 1996).] 
[FIGURE_DESCRIPTIONS]
[0] Diagram illustrating a memory hierarchy and control flow with labeled blocks and arrows. The top section contains a master control box connected by arrows to input, circular shift, and alphabetizer blocks, and to an output path. The input block feeds into a text block, an index block, and within the lower row there are labeled blocks: Input medium and Output Medium. A direct memory access path and a system I/O path are indicated by legend arrows: solid for direct memory access and dashed for system I/O or subprogram calls. The lower row shows two blocks under the input chain: Text and Index, then an Alphabetized index connected to an Alphabetizer box and to the Output. The overall structure suggests a processing pipeline with data entering as text, generating an index, performing a circular shift, and alphabetizing to produce an output, with a master control coordinating flow. Visible text includes: KEY, Direct memory access, Subprogram call, System I/O, Master control, Input, Circular shift, Alphabetizer, Output, Text, Index, Alphabetized index, Input medium, Output medium. 

","[
  {
    ""role"": ""paragraph"",
    ""segment"": ""The chatbot can't answer this question. Please try again with another question."",
    ""citations"": [],
    ""type"": ""abstained""
  }
]",The chatbot can't answer this question. Please try again with another question.,1.492,8.111
"How does the chronological relationship between errors, faults, and failures described in Chapter 1 fundamentally differ from the analytical direction used when constructing a fault-tree analysis as described in Chapter 5? -Required source types: both -Brief reasoning type label: comparison","
[0]
[SECTION]: Designing the Architecture > 5.7 Architecture Evaluation And Refinement > Safety Analysis
[CONTENT]: We learned earlier about the importance of fault identification, correction, and tolerance in creating reliable and robust designs.There are several techniques that can be used during design to identify possible faults or their likely locations. Fault-tree analysis , a method originally  developed  for  the  U.S. Minuteman  missile  program, helps  us  to  examine  a design and look for faults that might lead to failure.We build fault trees that trace backwards through a design, along the logical path from effect to cause. The trees are then used to help us decide which faults to correct or avoid, and which faults to tolerate.
We begin our analysis by identifying possible failures.Although our identification takes place during design, we consider failures that might be affected by design, operation, or even maintenance. We can use a set of guidewords to help us understand how the system might deviate from its intended behavior. Table 5.1 illustrates some of the guidewords  that  might  be  used; you  can  select  your  own  guidewords  or  checklists, based on your system's application domain.
Next, we build an upside-down tree whose root node is some failure that we want to analyze, and whose other nodes are events or faults that realize or lead to the root node's failure. The edges of the graph indicate the relationships among nodes. Parent nodes are drawn as logic gate operators: an and -gate if both of the child nodes' events must occur for the parent node's event to occur; an orgate if one child's event is sufficient to cause the parent's event. Sometimes, an edge is labeled n_of_m if the system includes m redundant components, where n faulty components lead to the designated failure. Each node represents an independent event; otherwise, the analysis results may be invalid, especially with respect to compound faults.


[1]
[SECTION]: Designing the Architecture > 5.5 Achieving Quality Attributes > SIDEBAR 5.6 THE NEED FOR SAFE DESIGN
[CONTENT]: Anthes (1997) reports the suggestions of Alan Barbell, a project manager at Environmental Criminology Research, an institute that evaluates medical devices. Barbell notes that software designers must see directly how their products will be used, rather than rely on salespeople and marketers. Then the designers can build in preventative measures to make sure that their products are not misused.
How do faults occur? As we saw in Chapter 1, a fault in a software product is the result  of  some  human  error. For  example, we  might  misunderstand  a  user-interface requirement and create a design that reflects our misunderstanding. The design fault can be propagated as incorrect code, incorrect instructions in the user manual, or incorrect test scripts. In this way, a single error can generate one or more faults, in one or more development products.
We distinguish faults from failures. A failure is an observable departure of the system from its required behavior. Failures can be discovered both before and after system delivery,because they can occur in testing as well as during operation.In some sense,faults and failures refer respectively to invisible and visible flaws. In other words, faults represent flaws that only developers see, whereas failures are problems that users or customers see.
It is important to realize that not every fault corresponds to a failure, since the conditions  under  which  a  fault  manifests  itself  as  an  observable  failure  may  never be met. For example, fault-containing code may never be executed or may not exceed the boundaries of correct behavior (as with Ariane-4).
We make our software more reliable by preventing or tolerating faults. That is, rather than waiting for the software to fail and then fixing the problem, we anticipate what might happen and construct the system to react in an acceptable way.


[2]
[SECTION]: Testing the Programs > 8.1 Software Faults And Failures > Types of Faults
[CONTENT]: In  developing real-time systems, a critical consideration is the coordination of several processes executing simultaneously or in a carefully defined sequence. Timing or coordination faults occur when the code coordinating these events is inadequate. There are two reasons why this kind of fault is hard to identify and correct. First, it is usually difficult for designers and programmers to anticipate all possible system states. Second, because so many factors are involved with timing and processing, it may be impossible to replicate a fault after it has occurred.
Throughput or performance faults occur when the system does not perform at the speed prescribed by the requirements. These are timing problems of a different sort: Time constraints are placed on the system's performance by the customer's requirements rather than by the need for coordination.
As we saw during design and programming, we take great care to ensure that the system can recover from a variety of failures. Recovery faults can occur when a failure is encountered and the system does not behave as the designers desire or as the customer requires. For example, if a power failure occurs during system processing, the system should recover in an acceptable manner, such as restoring all files to their state just prior to the failure. For some systems, such recovery may mean that the system will continue full processing by using a backup power source; for others, this recovery means that the system keeps a log of transactions, allowing it to continue processing whenever power is restored.
For many systems, some of the hardware and related system software are prescribed in the requirements, and the components are designed according to the specifications of the reused or purchased programs. For example, if a prescribed modem is used for communications, the modem driver generates the commands expected by the modem and reads commands received from the modem. However, hardware and system software faults can arise when the supplied hardware and system software do not actually work according to the documented operating conditions and procedures.


[3]
[SECTION]: Why Software Engineering? > 1.2 How Successful Have We Been?
[CONTENT]: There is an enormous difference between an error in a class project and one in a large software system. In fact, software faults and the difficulty in producing fault-free software are frequently discussed in the literature  and  in  the  hallways. Some  faults are merely annoying; others cost a great deal of time and money. Still others are lifethreatening. Sidebar 1.1 explains the relationships among faults, errors, and failures. Let us look at a few examples of failures to see what is going wrong and why.
","[
  {
    ""role"": ""paragraph"",
    ""segment"": ""Chapter 1 describes a chronological flow where a fault in a software product is the result of some human error, and notes that not every fault leads to a failure, since the conditions for a fault to manifest as a failure may never be met."",
    ""citations"": [
      {
        ""type"": ""source_text"",
        ""content"": ""a fault in a software product is the result of some human error"",
        ""img_id"": null
      },
      {
        ""type"": ""source_text"",
        ""content"": ""We distinguish faults from failures"",
        ""img_id"": null
      },
      {
        ""type"": ""source_text"",
        ""content"": ""In some sense,faults and failures refer respectively to invisible and visible flaws. In other words, faults represent flaws that only developers see, whereas failures are problems that users or customers see."",
        ""img_id"": null
      }
    ],
    ""type"": null
  },
  {
    ""role"": ""paragraph"",
    ""segment"": ""In contrast, Chapter 5 describes fault-tree analysis as an analytical direction that starts from a failure and traces backward through the design to identify its possible causes, using an upside-down tree where the root node is the failure and edges show relationships among events (with AND/OR gates and optional n_of_m redundancy)."",
    ""citations"": [
      {
        ""type"": ""source_text"",
        ""content"": ""We begin our analysis by identifying possible failures.Although our identification takes place during design, we consider failures that might be affected by design, operation, or even maintenance."",
        ""img_id"": null
      },
      {
        ""type"": ""source_text"",
        ""content"": ""Next, we build an upside-down tree whose root node is some failure that we want to analyze, and whose other nodes are events or faults that realize or lead to the root node's failure."",
        ""img_id"": null
      },
      {
        ""type"": ""source_text"",
        ""content"": ""The edges of the graph indicate the relationships among nodes. Parent nodes are drawn as logic gate operators: an and -gate if both of the child nodes' events must occur for the parent node's event to occur; an or-gate if one child's event is sufficient to cause the parent's event."",
        ""img_id"": null
      },
      {
        ""type"": ""source_text"",
        ""content"": ""The trees are then used to help us decide which faults to correct or avoid, and which faults to tolerate."",
        ""img_id"": null
      }
    ],
    ""type"": null
  }
]","Chapter 1 describes a chronological flow where a fault in a software product is the result of some human error, and notes that not every fault leads to a failure, since the conditions for a fault to manifest as a failure may never be met.

In contrast, Chapter 5 describes fault-tree analysis as an analytical direction that starts from a failure and traces backward through the design to identify its possible causes, using an upside-down tree where the root node is the failure and edges show relationships among events (with AND/OR gates and optional n_of_m redundancy).",1.463,8.798
Contrast how the traditional Waterfall process model and the Extreme Programming (XP) agile method handle the documentation of requirements and the adaptation to changing requirements late in the development cycle. -Required source types: text -Brief reasoning type label: comparison,"
[0]
[SECTION]: Capturing the Requirements > 4.2 Requirements Elicitation > SIDEBAR 4.2 AGILE REQUIREMENTS MODELING
[CONTENT]: Extreme programming (XP) takes agile requirements processes to the extreme, in that the system is built to the requirements that happen to be defined at the time, with no planning or designing for possible future requirements. Moreover, XP forgoes traditional requirements documentation, and instead encodes the requirements as test cases that the eventual implementation must pass.Berry (2002a) points out that the trade-off for agile methods' flexibility is the difficulty of making changes to the system as requirements are added, deleted, or changed. But there can be additional problems: XP uses test cases to specify requirements, so a poorly written test case can lead to the kinds of misunderstandings described in this chapter.
assumptions  with  which  we  may  not  be  familiar. Likewise, we  as  developers  know about computer solutions, but not always about how possible solutions will affect our customers' business activities.We, too, have our jargon and assumptions, and sometimes we think everyone is speaking the same language, when in fact people have different meanings for the same words. It is only by discussing the requirements with everyone who has a stake in the system, coalescing these different views into a coherent set of requirements, and reviewing these documents with the stakeholders that we all come to an agreement about what the requirements are. (See Sidebar 4.3 for an alternative viewpoint.) If we cannot agree on what the requirements are,then the project is doomed to fail.


[1]
[SECTION]: Modeling the Process and Life Cycle > 2.2 Software Process Models > SIDEBAR 2.2 WHEN IS EXTREME TOO EXTREME?
[CONTENT]: A s with most software development approaches, agile methods are not without their critics. For example, Stephens and Rosenberg (2003) point out that many of extreme programming's practices are interdependent, a vulnerability if one of them is modified. To see why, suppose some people are uncomfortable with pair programming. More coordination and documentation may be required to address the shared vision that is missing when people work on their own. Similarly, many developers prefer to do some design before they write code. Scrum addresses this preference by organizing around monthly sprints. Elssamadissy and Schalliol (2002) note that, in extreme programming, requirements are expressed as a set of test cases that must be passed by the software.This approach may cause customer representatives to focus on the test cases instead of the requirements. Because the test cases are a detailed expression of the requirements and may be solution oriented, the emphasis on test cases can distract the representatives from the project's underlying goals and can lead to a situation where the system passes all the tests but is not what the customers thought they were paying for.As we will see in Chapter 5, refactoring may be the Achilles heel of agile methods; it is difficult to rework a software system without degrading its architecture.


[2]
[SECTION]: Modeling the Process and Life Cycle > 2.2 Software Process Models > Agile Methods
[CONTENT]:  - Coding standards: Many observers think of XP and other agile methods as providing an unconstrained environment where anything goes. But in fact XP advocates clear definition of coding standards, to encourage teams to be able to understand and change each other's work. These standards support other practices, such as testing and refactoring. The result should be a body of code that appears to have been written by one person, and is consistent in its approach and expression.
Extreme programming and agile methods are relatively new.The body of evidence for its effectiveness is small but growing. We will revisit many agile methods and concepts, and their empirical evaluation, in later chapters, as we discuss their related activities.
The process models presented in this chapter are only a few of those that are used or discussed. Other process models can be defined and tailored to the needs of the user, customer,and developer.As Sidebar 2.3 notes,we should really capture the development process as a collection of process models, rather than focusing on a single model or view.


[3]
[SECTION]: Modeling the Process and Life Cycle > 2.2 Software Process Models > Agile Methods
[CONTENT]:  - Pair programming: As noted in Chapter 1, there is a tension between viewing software engineering as an art and as a science. Pair programming attempts to address  the  artistic  side  of  software  development, acknowledging  that  the apprentice-master metaphor can be useful in teaching novice software developers how to develop the instincts of masters. Using one keyboard, two paired programmers develop a system from the specifications and design. One person has responsibility for finishing the code, but the pairing is flexible: a developer may have more than one partner on a given day.We will see in Chapter 7 how pair programming compares with the more traditional approach of individuals working separately until their modules have been unit-tested.
 - Collective ownership: In XP, any developer can make a change to any part of the system as it is being developed. In Chapter 11, we will address the difficulties in managing change, including the errors introduced when two people try to change the same module simultaneously.
 - Continuous integration: Delivering functionality quickly means that working systems  can  be  promised  to  the  customer  daily  and  sometimes  even  hourly. The emphasis is on small increments or improvements rather than on grand leaps from one revision to the next.
 - Sustainable pace: XP's emphasis on people includes acknowledging that fatigue can produce errors. So proponents of XP suggest a goal of 40 hours for each work week; pushing developers to devote heroic amounts of time to meeting deadlines is  a  signal  that  the  deadlines  are  unreasonable  or  that  there  are  insufficient resources for meeting them.
 - On-site customer: Ideally, a customer should be present on-site, working with the developers to determine requirements and providing feedback about how to test them.


[4]
[SECTION]: Preface > Chapter 2: Modeling the Process and Life Cycle
[CONTENT]: In this chapter, we present an overview of different types of process and life-cycle models, including the waterfall model, the V-model, the spiral model, and various prototyping models.We address the need for agile methods, where developers are given a great deal of autonomy, and contrast them with more traditional software development processes. We  also  describe  several  modeling  techniques  and  tools, including  systems dynamics and other commonly-used approaches. Each of the two common examples is modeled in part with some of the techniques introduced here.
","[
    {
        ""role"": ""paragraph"",
        ""segment"": ""The chatbot can't answer this question. Please try again with another question."",
        ""citations"": [],
        ""type"": ""abstained""
    }
]",The chatbot can't answer this question. Please try again with another question.,1.309,10.707
"Based on the Application Point approach in COCOMO II Stage 1, how do the number of data tables and views determine the complexity weight of a screen, and how is that weight ultimately combined with CASE maturity and developer experience to calculate an initial effort estimate? -Required source types: both -Brief reasoning type label: process reasoning","
[0]
[SECTION]: Planning and Managing the Project > 3.3 Effort Estimation > Algorithmic Methods
[CONTENT]: By  stage  3, the  postarchitecture  stage, development  has  begun, and  far  more information is known. In this stage, sizing can be done in terms of function points or lines of code, and many cost factors can be estimated with some degree of comfort.
COCOMO II also includes models of reuse, takes into account maintenance and breakage (i.e., the change in requirements over time), and more. As with the original COCOMO,the model includes cost factors to adjust the initial effort estimate.A research group at the University of Southern California is assessing and improving its accuracy.
Let us look at COCOMO II in more detail.The basic model is of the form where the initial size-based estimate, is adjusted by the vector of cost driver information, m ( ). Table 3.9 describes the cost drivers at each stage, as well as the use of other models to modify the estimate. bS c , E = bS c m 1 X 2 At stage 1, application points supply the size measure. This size measure is an extension of the object-point approach suggested by Kauffman and Kumar (1993) and productivity data reported by Banker, Kauffman, and Kumar (1992).To compute application points, you first count the number of screens, reports, and third-generation language components that will be involved in the application. It is assumed that these elements are defined in a standard way as part of an integrated computer-aided software engineering environment. Next, you classify each application element as simple, medium,or difficult. Table 3.10 contains guidelines for this classification.


[1]
[SECTION]: Planning and Managing the Project > 3.7 Information Systems Example
[CONTENT]: Let us return to the Piccadilly Television airtime sales system to see how we might estimate the amount of effort required to build the software. Because we are in the preliminary stages of understanding just what the software is to do, we can use COCOMO II's initial effort model to suggest the number of person-months needed. A person-month is the amount of time one person spends working on a software development project for one month.The COCOMO model assumes that the number of person-months does not include holidays and vacations, nor time off at weekends. The number of personmonths is not the same as the time needed to finish building the system. For instance, a system may require 100 person-months, but it can be finished in one month by having ten people work in parallel for one month, or in two months by having five people work in parallel (assuming that the tasks can be accomplished in that manner).
The first COCOMO II model, application composition, is designed to be used in the  earliest  stages  of  development. Here, we  compute  application  points  to  help  us determine the likely size of the project.The application point count is determined from three calculations: the number of server data tables used with a screen or report, the number of client data tables used with a screen or report, and the percentage of screens, reports, and modules reused from previous applications. Let us assume that we are not reusing any code in building the Piccadilly system. Then we must begin our estimation process by predicting how many screens and reports we will be using in this application. Suppose our initial estimate is that we need three screens and one report:
 - a booking screen to record a new advertising sales booking
 - a ratecard screen showing the advertising rates for each day and hour
 - an availability screen showing which time slots are available
 - a sales report showing total sales for the month and year, and comparing them with previous months and years


[2]
[SECTION]: Planning and Managing the Project > 3.3 Effort Estimation > Algorithmic Methods
[CONTENT]: Boehm (1981) developed the original COCOMO model in the 1970s, using an extensive database of information from projects at TRW, an American company that built software for many different clients. Considering software development from both an engineering and an economics viewpoint, Boehm used size as the primary determinant of cost and then adjusted the initial estimate using over a dozen cost drivers, including attributes of the staff, the project, the product, and the development environment. In the  1990s, Boehm updated the original COCOMO model, creating COCOMO II to reflect the ways in which software development had matured.
The COCOMO II estimation process reflects three major stages of any development project. Whereas the original COCOMO model used delivered source lines of code as its key input, the new model acknowledges that lines of code are impossible to know early in the development cycle. At stage 1, projects usually build prototypes to resolve high-risk issues involving user interfaces, software and system interaction, performance, or technological maturity. Here, little is known about the likely size of the final product under consideration, so COCOMO II estimates size in what its creators call application points. As we shall see, this technique captures size in terms of highlevel effort generators, such as the number of screens and reports, and the number of third-generation language components.
At stage 2, the early design stage, a decision has been made to move forward with development, but the designers must explore alternative architectures and concepts of operation. Again, there is not enough information to support fine-grained effort and duration estimation, but far more is known than at stage 1. For stage 2, COCOMO II employs function points as a size measure. Function points, a technique explored in depth  in  IFPUG  (1994a  and  b), estimate  the  functionality  captured  in  the  requirements, so they offer a richer system description than application points.
","[
    {
        ""role"": ""sentence"",
        ""segment"": ""In COCOMO II Stage 1, the application point count is determined from three calculations: the number of server data tables used with a screen or report, the number of client data tables used with a screen or report, and the percentage of screens, reports, and modules reused from previous applications."",
        ""citations"": [
            {
                ""type"": ""source_text"",
                ""content"": ""The application point count is determined from three calculations: the number of server data tables used with a screen or report, the number of client data tables used with a screen or report, and the percentage of screens, reports, and modules reused from previous applications."",
                ""img_id"": null
            }
        ],
        ""type"": null
    },
    {
        ""role"": ""sentence"",
        ""segment"": ""The initial size-based estimate is adjusted by the vector of cost driver information, m ( )."",
        ""citations"": [
            {
                ""type"": ""source_text"",
                ""content"": ""the initial size-based estimate, is adjusted by the vector of cost driver information, m ( )."",
                ""img_id"": null
            }
        ],
        ""type"": null
    },
    {
        ""role"": ""sentence"",
        ""segment"": ""The model includes cost factors to adjust the initial effort estimate."",
        ""citations"": [
            {
                ""type"": ""source_text"",
                ""content"": ""the model includes cost factors to adjust the initial effort estimate."",
                ""img_id"": null
            }
        ],
        ""type"": null
    },
    {
        ""role"": ""sentence"",
        ""segment"": ""Note: The provided documents describe how application points are derived and that the size estimate is adjusted by cost drivers, but they do not specify how CASE maturity or developer experience are incorporated as explicit factors in this Stage 1 calculation."",
        ""citations"": [
            {
                ""type"": ""source_text"",
                ""content"": ""The basic model is of the form where the initial size-based estimate, is adjusted by the vector of cost driver information, m ( )."",
                ""img_id"": null
            },
            {
                ""type"": ""source_text"",
                ""content"": ""The COCOMO II estimation process reflects three major stages of any development project."",
                ""img_id"": null
            }
        ],
        ""type"": null
    }
]","In COCOMO II Stage 1, the application point count is determined from three calculations: the number of server data tables used with a screen or report, the number of client data tables used with a screen or report, and the percentage of screens, reports, and modules reused from previous applications. The initial size-based estimate is adjusted by the vector of cost driver information, m ( ). The model includes cost factors to adjust the initial effort estimate. Note: The provided documents describe how application points are derived and that the size estimate is adjusted by cost drivers, but they do not specify how CASE maturity or developer experience are incorporated as explicit factors in this Stage 1 calculation.",1.615,13.236
"In software architecture, how does the method of passing and storing data between computational units in a Pipe-and-Filter architecture differ from the interactions in a Blackboard repository architecture? -Required source types: both -Brief reasoning type label: structure interpretation","
[0]
[SECTION]: Designing the Architecture > 5.4 Architectural Styles And Strategies > Pipe-and-Filter
[CONTENT]: In a pipe-and-filter style, illustrated in Figure 5.6, system functionality is achieved by passing input data through a sequence of data-transforming components, called filters , to produce output data. Pipes are connectors that simply transmit data from one filter to  the  next  without  modifying  the  data. Each  filter  is  an  independent  function  that makes no assumptions about other filters that may be applied to the data.Thus, we can build our system by connecting together different filters to form a variety of configurations. If the format of the data is fixed-that is, if all of the filters and pipes assume a common  representation  of  the  data  being  transmitted-then  we  can  join  filters together in any configuration. Such systems have several important properties (Shaw and Garlan 1996):
 - We can understand the system's transformation of input data to output data as the functional composition of the filters' data transformations.
[FIGURE 5.6 Pipes and filters.] 
[FIGURE_DESCRIPTIONS]
[0] Block diagram illustrating a multi-path processing chain with sequential and parallel branches. Left-to-right flow shows an initial input entering a parallel set of two paths, each with series blocks, then re-joining into a subsequent shared path. A third parallel path exists at a lower level, mirroring the upper branches, with arrows indicating data routing between stages. On the top-right, a small legend titled KEY identifies two shapes: a ""Pipe"" represented by a long rectangle and a ""Filter"" represented by a smaller rectangle. The diagram emphasizes modular, pipelined processing units, potential fan-out, and three distinct output lines from the final stage. The visual focus is on data-path topology, with no numerical metrics provided. Readable text includes the labels ""Pipe"" and ""Filter"" in the legend, and connecting arrows denote signal flow between blocks.



[1]
[SECTION]: Designing the Architecture > 5.7 Architecture Evaluation And Refinement > Trade-off Analysis
[CONTENT]: Shaw and Garlan (1996) present four different architectural designs to implement KWIC: repository, data abstraction, implicit invocation (a type of publish-subscribe), and pipe-and-filter. The  repository-based  solution, shown  in  Figure  5.13, breaks  the problem into its four primary functions: input, circular shift, alphabetize, and output. Thus, the system's functionality is decomposed and modularized. These four modules are coordinated by a master program that calls them in sequence. Because the data are localized in their own modules, and not replicated or passed among the computational modules, the design is efficient. However, as Parnas points out, this design is difficult to change. Because the computational modules access and manipulate the data directly, via read and write operations, any change to the data and data format will affect all modules.Also, none of the elements in the design are particularly reusable.
Figure 5.14 illustrates a second design that has a similar decomposition of functionality into sequentially called modules. However, in this design, the data computed by each computational module is stored in that module. For example, the circular-shift module maintains the index to keywords in the text, and the alphabetic-shift module maintains a sorted (alphabetized) version of this index. Each module's data are accessible via access methods, rather than directly.Thus, the modules form data abstractions . In a data abstraction, the methods' interfaces give no hint of the module's data or data representations, making  it  easier  to  modify  data-related  design  decisions  without affecting other modules. And because data-abstraction modules encompass both the data to be maintained and the operations for maintaining the data, these modules are easier to reuse in other applications than modules from our first design. On the downside, changes to the system's functionality may not be so easy, because the functionality is so tightly coupled with the data. For example, omitting indices whose circular shifts start with noise words means either (1) enhancing an existing module, making it more complex, more context specific, and less reusable; or (2) inserting a new module to remove useless indices after they have been created, which is inefficient, and modifying existing modules to call the new module (Garlan, Kaiser, and Notkin 1992).


[2]
[SECTION]: Designing the Architecture > 5.7 Architecture Evaluation And Refinement > Trade-off Analysis
[CONTENT]: This complication leads us to a fourth design, based on a pipe-and-filter architecture (Figure 5.16), where the sequence of processing is controlled by the sequence of the filter modules.This design is easily extended to include new features, in that we can simply insert additional filters into the sequence. Also, each filter is an independent entity that can be changed without affecting other filters. The design supports the reuse of filters in other pipe-and-filter applications, as long as a filter's input data is in the form that it expects (Shaw and Garlan 1996).The filters may execute in parallel, processing inputs as they are received (although the Alphabetizer cannot output its results until it has received and sorted all of the input lines); this concurrent processing can enhance performance. Unlike the other designs, a data item is no longer stored in any location, but rather flows from one filter to another, being transformed along the way. As such, the design is not conducive to changes that would require the storage of persistent data,
[FIGURE_DESCRIPTIONS]
[0] Flow diagram illustrating a signal processing or data transformation pipeline. The top row shows a rectangular box labeled Input medium connected to a rectangular box labeled Input, followed by a rectangular box labeled Circular shift; arrows indicate directional flow. A labeled legend in the upper left corner defines two line styles: a solid line for 'Pipe' and a dashed line for 'System I/O'. A lower branch begins with a rectangular box labeled Alphabettizer connected by a line to a rectangular box labeled Output, which in turn connects to a rectangular box labeled Output medium. The overall layout resembles a modular chain with horizontal progression and a vertical branching connection from the top path down to the bottom path. The image emphasizes components, interfaces, and data flow between stages in a processing system.

","[
  {
    ""role"": ""paragraph"",
    ""segment"": ""In a Pipe-and-Filter architecture, data are passed between independently functioning filters via pipes, with filters transforming data and pipes simply transmitting it; there is no persistent data storage in transit because 'a pipe-and-filter architecture' has 'the sequence of processing is controlled by the sequence of the filter modules' and 'the data item is no longer stored in any location, but rather flows from one filter to another, being transformed along the way.' In contrast, a repository (Blackboard-like) design keeps data in centralized modules: 'the data are localized in their own modules, and not replicated or passed among the computational modules,' and are coordinated by a master program that calls them in a defined sequence, with the four functions (input, circular shift, alphabetize, and output) broken out into separate repository modules."",
    ""citations"": [
      {
        ""type"": ""source_text"",
        ""content"": ""Pipes are connectors that simply transmit data from one filter to  the  next  without  modifying  the  data."",
        ""img_id"": null
      },
      {
        ""type"": ""source_text"",
        ""content"": ""the sequence of processing is controlled by the sequence of the filter modules"",
        ""img_id"": null
      },
      {
        ""type"": ""source_text"",
        ""content"": ""the data item is no longer stored in any location, but rather flows from one filter to another, being transformed along the way"",
        ""img_id"": null
      },
      {
        ""type"": ""source_text"",
        ""content"": ""the data are localized in their own modules, and not replicated or passed among the computational modules, the design is efficient"",
        ""img_id"": null
      },
      {
        ""type"": ""source_text"",
        ""content"": ""This repository-based solution, shown in Figure 5.13, breaks the problem into its four primary functions: input, circular shift, alphabetize, and output."",
        ""img_id"": null
      },
      {
        ""type"": ""source_text"",
        ""content"": ""these four modules are coordinated by a master program that calls them in sequence"",
        ""img_id"": null
      }
    ]
  }
]","In a Pipe-and-Filter architecture, data are passed between independently functioning filters via pipes, with filters transforming data and pipes simply transmitting it; there is no persistent data storage in transit because 'a pipe-and-filter architecture' has 'the sequence of processing is controlled by the sequence of the filter modules' and 'the data item is no longer stored in any location, but rather flows from one filter to another, being transformed along the way.' In contrast, a repository (Blackboard-like) design keeps data in centralized modules: 'the data are localized in their own modules, and not replicated or passed among the computational modules,' and are coordinated by a master program that calls them in a defined sequence, with the four functions (input, circular shift, alphabetize, and output) broken out into separate repository modules.",1.519,7.394
"According to the V-model of software development, how do the specific objectives of validation and verification map to the different testing phases on the right side of the ""V"" relative to the analysis and design phases on the left? -Required source types: both -Brief reasoning type label: synthesis","
[0]
[SECTION]: Modeling the Process and Life Cycle > 2.2 Software Process Models > V Model
[CONTENT]: The V model is a variation of the waterfall model that demonstrates how the testing activities are related to analysis and design (German Ministry of Defense 1992). As shown in Figure 2.4, coding forms the point of the V, with analysis and design on the left, testing and maintenance on the right. Unit and integration testing addresses the correctness of programs, as we shall see in later chapters. The V model suggests that unit and integration testing can also be used to verify the program design. That is, during unit and integration testing, the coders and test team members should ensure that all aspects of the program design have been implemented correctly in the code. Similarly, system testing should verify the system design, making sure that all system design aspects are correctly implemented. Acceptance testing, which is conducted by the customer rather than the developer, validates the requirements by associating a testing step with each element of the specification; this type of testing checks to see that all requirements have been fully implemented before the system is accepted and paid for.
The model's linkage of the left side with the right side of the V implies that if problems are found during verification and validation, then the left side of the V can be reexecuted to fix and improve the requirements, design, and code before the testing steps on the right side are reenacted. In other words, the V model makes more explicit some of the iteration and rework that are hidden in the waterfall depiction. Whereas the focus of the waterfall is often documents and artifacts, the focus of the V model is activity and correctness.


[1]
[SECTION]: Modeling the Process and Life Cycle > 2.2 Software Process Models > SIDEBAR 2.1 DRAWBACKS OF THE WATERFALL MODEL
[CONTENT]: The software development process can help to control the thrashing by including activities  and  subprocesses  that  enhance  understanding. Prototyping  is  such  a  subprocess; a prototype is a partially developed product that enables customers and developers to examine some aspect of the proposed system and decide if it is suitable or appropriate for the finished product. For example, developers may build a system to implement a small portion of some key requirements to ensure that the requirements are consistent, feasible, and practical; if not, revisions are made at the requirements stage rather than at the more costly testing stage. Similarly, parts of the design may be prototyped, as shown in Figure 2.3. Design prototyping helps developers assess alternative design strategies and decide which is best for a particular project.As we will see in Chapter 5, the designers may address the requirements with several radically different designs to see which has the best properties. For instance, a network may be built as a ring in one prototype and a star in another, and performance characteristics evaluated to see which structure is better at meeting performance goals or constraints.
Often, the user interface is built and tested as a prototype, so that the users can understand what the new system will be like, and the designers get a better sense of how the  users  like  to  interact  with  the  system. Thus, major  kinks  in  the  requirements  are addressed and fixed well before the requirements are officially validated during system testing; validation ensures  that  the  system  has  implemented  all  of  the  requirements, so that  each  system  function  can  be  traced  back  to  a  particular  requirement  in  the specification. System testing also verifies the requirements; verification ensures that each function works correctly.That is, validation makes sure that the developer is building the right product (according to the specification), and verification checks the quality of the implementation. Prototyping is useful for verification and validation, but these activities can occur during other parts of the development process, as we will see in later chapters.


[2]
[SECTION]: Capturing the Requirements > 4.9 Validation And Verification > Requirements Validation
[CONTENT]:  - The customer's representatives review the information flow and the proposed functions, to confirm that they accurately reflect the customer's needs and intentions. Our representatives review the proposed functions and constraints, to confirm that they are realistic and within our development abilities.All requirements are checked again for omissions, incompleteness, and inconsistency.
 - If any risk is involved in the development or in the actual functioning of the system, we can assess and document this risk, discuss and compare alternatives, and come to some agreement on the approaches to be used.
 - We can talk about testing the system: how the requirements will be revalidated as the requirements grow and change; who will provide test data to the test team; which requirements will be tested in which phases, if the system is to be developed in phases.
Whenever a problem is identified, the problem is documented, its cause is determined, and the requirements analysts are charged with the task of fixing the problem. For example, validation may reveal that there is a great misunderstanding about the way in which a certain function will produce results.The customers may require data to be reported in miles, whereas the users want the data in kilometers.The customers may set a reliability or availability goal that developers deem impossible to meet.These conflicts need to be resolved before design can begin. To resolve a conflict, the developers may need to construct simulations or prototypes to explore feasibility constraints and then work with the customer to agree on an acceptable requirement. Sidebar 4.8 discusses the nature and number of requirements-related problems you are likely to find.


[3]
[SECTION]: Modeling the Process and Life Cycle > 2.2 Software Process Models > V Model
[CONTENT]: [FIGURE 2.4 The V model.] 
[FIGURE_DESCRIPTIONS]
[0] Diagram depicting V-model software development process with labeled stages and directional flow. Top-left block labeled REQUIREMENTS ANALYSIS connected by solid arrows to SYSTEM DESIGN; from there an arrow leads to PROGRAM DESIGN and ultimately to CODING at the bottom center. Right side shows ACCEPTANCE TESTING at top-right, connected down to SYSTEM TESTING, then to UNIT & INTEGRATION TESTING, forming a parallel path to CODING. Dashed arrows indicate validation and verification: Validate requirements from REQUIREMENTS ANALYSIS to OPERATION & MAINTENANCE and from SYSTEM TESTING back to SYSTEM DESIGN; Verify design from SYSTEM DESIGN/PROGRAM DESIGN to CODING; dashed arrows also link UNIT & INTEGRATION TESTING back to PROGRAM DESIGN. The figure title reads FIGURE 2.4 The V-model. There are multiple rectangular blocks with bold uppercase labels and solid connectors, creating a V-shaped workflow emphasizing correspondence between development phases and testing phases.

","[
  {
    ""role"": ""paragraph"",
    ""segment"": ""In the V-model, verification on the left (analysis and design) maps to testing on the right as follows: unit and integration testing addresses the correctness of programs and verifies that the program design has been implemented correctly in the code, while system testing verifies the system design, ensuring that all system design aspects are correctly implemented. Acceptance testing, conducted by the customer, validates the requirements by associating a testing step with each element of the specification."",
    ""citations"": [
      {
        ""type"": ""source_text"",
        ""content"": ""Unit and integration testing addresses the correctness of programs, as we shall see in later chapters. The V model suggests that unit and integration testing can also be used to verify the program design. That is, during unit and integration testing, the coders and test team members should ensure that all aspects of the program design have been implemented correctly in the code. Similarly, system testing should verify the system design, making sure that all system design aspects are correctly implemented. Acceptance testing, which is conducted by the customer rather than the developer, validates the requirements by associating a testing step with each element of the specification; this type of testing checks to see that all requirements have been fully implemented before the system is accepted and paid for.""
      }
    ],
    ""type"": null
  }
]","In the V-model, verification on the left (analysis and design) maps to testing on the right as follows: unit and integration testing addresses the correctness of programs and verifies that the program design has been implemented correctly in the code, while system testing verifies the system design, ensuring that all system design aspects are correctly implemented. Acceptance testing, conducted by the customer, validates the requirements by associating a testing step with each element of the specification.",2.471,4.981
"Why might a Chief Programmer team be a poor organizational choice if the majority of the team members are categorized as ""Rational Introverts"" in Jung's work styles framework, and what alternative team structure is recommended for highly uncertain projects? -Required source types: both -Brief reasoning type label: causal reasoning","
[0]
[SECTION]: Planning and Managing the Project > 3.2 Project Personnel > Project Organization
[CONTENT]: [FIGURE 3.11 Chief programmer team organization.] 
Clearly, the chief programmer must be good at making decisions quickly, so the chief is likely to be an extrovert. However, if most of the team members are introverts, the chief programmer team may not be the best structure for the project. An alternative is based on the idea of 'egoless' programming, as described by Weinberg (1971). Instead of a single point of responsibility, an egoless approach holds everyone equally responsible. Moreover, the process is separated from the individuals; criticism is made of  the  product  or  the  result, not  the  people  involved. The  egoless  team  structure  is democratic, and all team members vote on a decision, whether it concerns design considerations or testing techniques.
Of course, there are many other ways to organize a development or maintenance project, and the two described above represent extremes.Which structure is preferable? The more people on the project, the more need there is for a formal structure. Certainly, a development team with only three or four members does not always need an elaborate organizational structure. However, a team of several dozen workers must have a welldefined organization.In fact, your company or your customer may impose a structure on the development team, based on past success, on the need to track progress in a certain way, or on the desire to minimize points of contact. For example, your customer may insist that the test team be totally independent of program design and development.


[1]
[SECTION]: Planning and Managing the Project > 3.2 Project Personnel > Project Organization
[CONTENT]: The organization of the chief programmer team is illustrated in Figure 3.11. By placing all responsibility for all decisions with the chief programmer, the team structure minimizes the amount of communication needed during the project.Each team member must communicate often with the chief, but not necessarily with other team members. Thus, if the team consists of programmers plus the chief, the team can establish only paths of communication (one path for each team member's interaction with the chief) out of a potential paths. For example, rather than working out a problem themselves, the programmers can simply approach the chief for an answer. Similarly, the chief reviews all design and code, removing the need for peer reviews. n 1 n -1 2> 2 n -1 n -1 Although a chief programmer team is a hierarchy, groups of workers may be formed to accomplish a specialized task. For instance, one or more team members may form an administrative group to provide a status report on the project's current cost and schedule.
[FIGURE_DESCRIPTIONS]
[0] Organizational chart depicting software development hierarchy with labeled roles. Topmost box reads Chief programmer, connected downward to Assistant chief programmer. A horizontal row of four boxes labeled Senior programmers, Librarians, Administration, and Test team extends from the assistant position, indicating parallel departments. A branch from Senior programmers extends downward to Junior programmers, showing a sublayer. The diagram conveys reporting structure and departmental segmentation within a software engineering team, focusing on role responsibilities and lines of authority. Text is in a plain sans-serif font within rectangular boxes, with vertical and horizontal connectors illustrating chain-of-command relationships in a classic hierarchical model.



[2]
[SECTION]: Planning and Managing the Project > 3.2 Project Personnel > Project Organization
[CONTENT]: Software development and maintenance project teams do not consist of people working independently or without coordination. Instead, team members are organized in ways that  enhance the swift completion of quality products. The choice of an appropriate structure for your project depends on several things:
 - the backgrounds and work styles of the team members
 - the number of people on the team
 - the management styles of the customers and developers Good project managers are aware of these issues, and they seek team members who are flexible enough to interact with all players, regardless of work style.
One popular organizational structure is the chief programmer team, first used at IBM (Baker 1972).On a chief programmer team , one person is totally responsible for a system's design and development. All other team members report to the chief programmer, who has the final say on every decision.The chief programmer supervises all others, designs all programs, and assigns the code development to the other team members. Assisting the chief is an understudy, whose principal job is substituting for the chief programmer when necessary. A librarian assists the team, responsible for maintaining all project documentation. The librarian also compiles and links the code, and performs preliminary testing of all modules submitted to the library. This division of labor allows the programmers to focus on what they do best: programming.


[3]
[SECTION]: Planning and Managing the Project > 3.10 What This Chapter Means For Your Development Team
[CONTENT]: At  the  same  time, you  have  learned  how  to  organize  a  development  team  so  that team interaction helps produce a better product. There are several choices for team structure, from  a  hierarchical  chief  programmer  team  to  a  loose, egoless  approach. Each has its benefits, and each depends to some degree on the uncertainty and size of the project.
We have also seen how the team can work to anticipate and reduce risk from the project's beginning. Redundant functionality, team reviews, and other techniques can help us catch errors early, before they become embedded in the code as faults waiting to cause failures.
Similarly, cost estimation should be done early and often, including input from team members about progress in specifying, designing, coding, and testing the system. Cost estimation and risk management can work hand in hand; as cost estimates raise concerns about finishing on time and within budget, risk management techniques can be used to mitigate or even eliminate risks.


[4]
[SECTION]: Planning and Managing the Project > 3.2 Project Personnel > Project Organization
[CONTENT]: Table 3.5 summarizes the characteristics of projects and the suggested organizational structure to address them.A large project with high certainty and repetition probably needs a highly structured organization, whereas a small project with new techniques and a high degree of certainty needs a looser structure. Sidebar 3.2 describes the need to balance structure with creativity.
","[
    {
        ""role"": ""sentence"",
        ""segment"": ""If most team members are Rational Introverts, the chief programmer team may not be the best structure for the project; an alternative is a loose, egoless approach where everyone is equally responsible and criticism targets the product, not the people."",
        ""citations"": [
            {
                ""type"": ""source_text"",
                ""content"": ""However, if most of the team members are introverts, the chief programmer team may not be the best structure for the project."",
                ""img_id"": null
            },
            {
                ""type"": ""source_text"",
                ""content"": ""The egoless  team  structure  is democratic"",
                ""img_id"": null
            },
            {
                ""type"": ""source_text"",
                ""content"": ""loose, egoless approach"",
                ""img_id"": null
            }
        ],
        ""type"": null
    }
]","If most team members are Rational Introverts, the chief programmer team may not be the best structure for the project; an alternative is a loose, egoless approach where everyone is equally responsible and criticism targets the product, not the people.",1.46,9.402
"How does the Object Constraint Language (OCL) supplement a standard UML class diagram to enforce that no two publications can share the same call number, and what specific OCL navigational constructs are used to express this invariant? -Required source types: both -Brief reasoning type label: structure interpretation","
[0]
[SECTION]: Capturing the Requirements > 4.5 Modeling Notations > Example: Object Constraint Language (OCL)
[CONTENT]: The Object Constraint Language (OCL) is an attempt to create a constraint language that is both mathematically precise and easy for nonmathematicians, like customers, to read, write, and  understand. The  language  is  specially  designed  for  expressing  constraints on object models (i.e., ER diagrams), and introduces language constructs for navigating from one object to another via association paths, for dealing with collections of objects, and for expressing queries on object type.
A partial Library class model from Figure 4.5 appears in Figure 4.18, in which three classes have been detailed and annotated with OCL constraints. The leftmost constraint is an invariant on the Patron class, and specifies that no patron's fines may have  a  negative  value  (i.e., the  library  always  makes  change  if  a  patron's  payment exceeds his or her fines). The topmost constraint is an invariant on the Publication class, and specifies that call numbers are unique.This constraint introduces Thus, the constraint literally says that for any two publications, p1 and p2 , returned by allinstances, if p1 and p2 are not the same publication, then they have different call numbers.The third constraint, attached to the method borrow() , expresses the operation's pre- and post-conditions. One of the pre-conditions concerns an attribute in the Patron class, which is accessible via the borrow association; the patron object can be referenced either by its role name, borrower , or by the class name written in lowercase letters, if the association's far end has no role name. If the association's multiplicity were greater than 0..1, then  navigating  the  association  would  return  a  collection  of objects, and we would use notation, rather than dot notation, to access the objects' attributes. :


[1]
[SECTION]: Capturing the Requirements > 4.5 Modeling Notations > Example: Object Constraint Language (OCL)
[CONTENT]: Although not originally designed as part of UML, OCL is now tightly coupled with UML and is part of the UML standard.OCL can augment many of UML's models. For example, it can be used to express invariants, preconditions, and post-conditions in class diagrams, or invariants and transition conditions in statechart diagrams. It can also express conditions on events in Message Sequence Charts (Warmer and Kleppe 1999). OCL annotations of UML require a relatively  detailed  class  model, complete  with attribute types, operation signatures, role names, multiplicities, and state enumerations of the class's statechart diagram. OCL expressions can appear in UML diagrams as UML notes,or they can be listed in a supporting document.


[2]
[SECTION]: Capturing the Requirements > 4.6 Requirements And Specification Languages > Unified Modeling Language (UML)
[CONTENT]: The Unified Modeling Language (UML) (OMG 2003) is the language best known for combining  multiple  notation  paradigms. Altogether, the  UML  standard  comprises eight graphical modeling notations, plus the OCL constraint language.The UML notations that are used during requirements definition and specification include Most of these notations were discussed in the preceding section, as examples of different notation paradigms. In Chapter 6, we will see more details about how UML works, by applying it to a real-world problem for both specification and design.
 - Use-case diagram (a high-level DFD): A use-case diagram is used at the start of a new project, to record the essential top-level functions that the to-be-developed product should provide. In the course of detailing the use cases' scenarios, we may identify important entities that play a role in the problem being modeled.
 - Class diagram (an ER diagram): As mentioned previously, the class diagram is the flagship model of a UML specification, emphasizing the problem's entities and their interrelationships. The remaining UML specification models provide more detail about how the classes' objects behave and how they interact with one another. As we gain a better understanding of the problem being modeled, we detail the class diagram, with additional attributes, attribute classes, operations, and  signatures. Ideally, new  insight  into  the  problem  is  more  likely  to  cause changes to these details than to affect the model's entities or relationships.
 - Sequence  diagram  (an  event  trace): Sequence  diagrams  are  early  behavioral models that depict traces of messages passed between class instances. They are best used to document important scenarios that involve multiple objects. When creating sequence diagrams, we look for common subsequences that appear in several diagrams; these subsequences may help us to identify states (e.g., the start and end points of the subsequence) in the objects' local behaviors.


[3]
[SECTION]: Designing the Modules > 6.4 Representing Oo Designs In The Uml
[CONTENT]: The UML is a suite of design notations that is popular for describing OO solutions. It can be tailored to fit different development situations and software life cycles. In fact, organizations such as the Object Management Group have adopted the UML as the OO notational standard. In this section, we review the UML constructs introduced in Chapter 4 and apply them to an example problem. For a more complete introduction to the UML,see Larman (1998).
The UML can be used to visualize, specify, or document a software design. It is especially useful for describing different design alternatives, and eventually for documenting design artifacts. UML diagrams include the dynamic view of the system, the static view, restrictions, and formalization.The dynamic view is depicted with use cases, lists  of  activities, interaction  diagrams  showing  sequences  and  communication, and state machines to illustrate states and their changes. The static view is depicted with class  diagrams, showing  relationships  (association, generalization, dependency, and realization) and extensibility (constraints, tagged values, and stereotypes). In addition, the  static  view  shows  packages  and  deployment. Restrictions  and  formalization  are expressed with the Object Constraint Language (OCL).
","[
  {
    ""role"": ""sentence"",
    ""segment"": ""OCL adds invariants to UML class diagrams; for Publication, it can express that call numbers are unique by stating that for any two publications p1 and p2 returned by allinstances, if p1 and p2 are not the same publication, then they have different call numbers."",
    ""citations"": [
      {
        ""type"": ""source_text"",
        ""content"": ""The topmost constraint is an invariant on the Publication class, and specifies that call numbers are unique.This constraint introduces Thus, the constraint literally says that for any two publications, p1 and p2 , returned by allinstances, if p1 and p2 are not the same publication, then they have different call numbers."",
        ""img_id"": null
      }
    ],
    ""type"": null
  }
]","OCL adds invariants to UML class diagrams; for Publication, it can express that call numbers are unique by stating that for any two publications p1 and p2 returned by allinstances, if p1 and p2 are not the same publication, then they have different call numbers.",1.685,13.357
"Why does the textbook argue that high-level Petri nets are better suited than state-machine models for representing processes like an emergency room triage, where multiple preliminary events must occur before a transition to treatment begins? -Required source types: text -Brief reasoning type label: comparison","
[0]
[SECTION]: Capturing the Requirements > 4.5 Modeling Notations > Example: Petri Nets
[CONTENT]: [FIGURE 4.12 Petri net of book loan.] 
These features of concurrency and synchronization are especially useful for modeling events whose order of occurrence is not important. Consider the emergency room in a hospital. Before a patient can be treated, several events must occur.The triage staff must attempt to find out the name and address of the patient and to determine the patient's blood type. Someone must see if the patient is breathing, and also examine the patient for injuries. The events occur in no particular order, but all must occur before a team of doctors begins a more thorough examination. Once the treatment begins (i.e., once the transition is made from a preliminary examination to a thorough one), the  doctors  start  new  activities. The  orthopedic  doctors  check  for  broken  bones, while the hematologist runs blood tests and the surgeon puts stitches in a bleeding wound.The doctors' activities are independent of one another, but none can occur until the transition from the preliminary examination takes place.A state-machine model of the emergency room might specify only a single order of events, thereby excluding several acceptable behaviors, or it might specify all possible sequences of events, resulting in an overly complex model for a relatively simple problem. A Petri net model of the same emergency room nicely avoids both of these problems.
[FIGURE_DESCRIPTIONS]
[0] Diagram illustrating a loan origin and return flow in software engineering theory. Leftmost: Initiate Loan entry point connected to Withdraw Loan Request and Borrow. Central loop shows a diamond-shaped decision/flow with Avail at top and OnLoan at bottom, connected to Borrow and Return paths forming a cycle. Right side mirrors left: Initiate Return and Return Request nodes feeding into Withdraw Return Request. Circular nodes labeled Avail, OnLoan, and Return. Arrows indicate sequence: Initiate Loan → Loan Request → Borrow; Avail/OnLoan bifurcations manage state transitions within a two-branch diamond, then Return path leads to Return Request and Withdraw Return Request. Edges labeled with arrowheads and small circular endpoints emphasize state changes. Overall depicts a state machine or resource lifecycle with loan authorization, borrowing, ownership state Avail vs OnLoan, and return processing, including initiation and withdrawal of requests. Visible text includes: Initiate Loan, Withdraw Loan Request, Loan Request, Avail, OnLoan, Return, Return Request, Withdraw Return Request.



[1]
[SECTION]: Capturing the Requirements > 4.5 Modeling Notations > Example: Petri Nets
[CONTENT]: Basic Petri nets are fine for modeling how control flows through events or among concurrent entities. But if we want to model control that depends on the value of data (e.g., borrowing a particular book from a collection of books), then we need to use a high-level Petri net notation.A number of extensions to basic Petri nets have been proposed to improve the notation's expressibility, including inhibitor arcs, which enable a transition only if the input place is empty of tokens; priority among transitions; timing constraints; and structured tokens, which have values.
To model our library problem, which tracks information and events for multiple patrons and publications, we need a Petri net notation that supports structured tokens and transition actions (Ghezzi et al. 1991). A transition action constrains which tokens in  the  input  places  can  enable  the  transition  and  specifies  the  values  of  the  output tokens. Figure 4.13 is a high-level Petri net specification for the library problem. Each place stores tokens of a different data type. Avail stores a token for every library item that is not currently out on loan.A token in Fines is an n -tuple (i.e., an ordered set of n elements, sometimes called a tuple for short) that maps a patron to the value of his or her total outstanding library fines.A token in OnLoan is another type of tuple that maps a patron and a library item to a due date . A few of the transition predicates and actions are shown in Figure 4.13, such as the action on Process Payment , where the inputs are a payment and the patron's current fines , and the output is a new Fines tuple. The predicates not shown assert that if the token elements in a transition's input or output tokens have the same name, they must have the same value. So in  transition Borrow , the patron making  the Loan  Request must  match  the patron with no outstanding Fines and match the patron who appears in the generated OnLoan tuple; at the same time, the item being borrowed must match an item in Avail . Otherwise, those tuples do not enable the transition. The net starts with an initial marking of item tuples in Avail and ( patron, 0 ) tuples in Fines . As library users trigger input transitions Pay , Initiate Loan , and Initiate Return , new tokens are introduced to the system, which enable the library transitions, which in turn fire and update the Fines tokens and the Avail and OnLoan tokens, and so on.


[2]
[SECTION]: Capturing the Requirements > 4.5 Modeling Notations > State Machines
[CONTENT]: State-machine notations are used to represent collections of event traces in a single model.A state machine is a graphical description of all dialog between the system and its  environment. Each node, called a state , represents a stable set of conditions that exists between event occurrences. Each edge, called a transition , represents a change in behavior or condition due to the occurrence of an event; each transition is labeled with the triggering event, and possibly with an output event, preceded by the symbol '/', that is generated when the transition occurs.
State machines are useful both for specifying dynamic behavior and for describing how behavior should change in response to the history of events that have already occurred. That is, they are particularly suited for modeling how the system's responses to the same input change over the course of the system's execution. For each state, the set of transitions emanating from that state designates both the set of events that can trigger a response and the corresponding responses to those events. Thus, when our turnstile (shown in Figure 4.8) is in the unlocked state, its behavior is different from when it is in state locked ; in particular, it responds to different input events. If an unanticipated event occurs (e.g., if the user tries to push through the turnstile when the machine is in state locked ), the event will be ignored and discarded. We could have specified  this  latter  behavior  explicitly  as  a  transition  from  state locked to  state locked , triggered by event push ; however, the inclusion of such 'no-effect' transitions can clutter the model. Thus, it is best to restrict the use of self-looping transitions to those that have an observable effect, such as an output event.
","[
  {
    ""role"": ""paragraph"",
    ""segment"": ""High-level Petri nets are preferred because they handle concurrency and synchronization for events whose order of occurrence is not important, such as multiple preliminary steps that must occur before treatment begins in an emergency room. A Petri net model of the emergency room nicely avoids both prescribing a single order of events and becoming overly complex by accommodating these concurrent, interdependent activities until the transition to thorough examination occurs."",
    ""citations"": [
      {
        ""type"": ""source_text"",
        ""content"": ""These features of concurrency and synchronization are especially useful for modeling events whose order of occurrence is not important."",
        ""img_id"": null
      },
      {
        ""type"": ""source_text"",
        ""content"": ""A Petri net model of the same emergency room nicely avoids both of these problems."",
        ""img_id"": null
      },
      {
        ""type"": ""source_text"",
        ""content"": ""Before a patient can be treated, several events must occur.The triage staff must attempt to find out the name and address of the patient and to determine the patient's blood type. Someone must see if the patient is breathing, and also examine the patient for injuries. The events occur in no particular order, but all must occur before a team of doctors begins a more thorough examination."",
        ""img_id"": null
      }
    ]
  }
]","High-level Petri nets are preferred because they handle concurrency and synchronization for events whose order of occurrence is not important, such as multiple preliminary steps that must occur before treatment begins in an emergency room. A Petri net model of the emergency room nicely avoids both prescribing a single order of events and becoming overly complex by accommodating these concurrent, interdependent activities until the transition to thorough examination occurs.",1.504,4.765
"Using the Critical Path Method (CPM), how does a delay in an activity that has zero slack time logically affect the projected staff-days on a resource histogram, and what is the specific term for the path that contains these zero-slack activities? -Required source types: both -Brief reasoning type label: causal reasoning","
[0]
[SECTION]: Planning and Managing the Project > 3.1 Tracking Progress > Slack time = latest start time -earliest start time
[CONTENT]: Since the critical path has no slack, there is no margin for error when performing the activities along its route.
Notice what happens when an activity on the critical path begins late (i.e., later than its earliest start time). The late start pushes all subsequent critical path activities forward, forcing them to be late, too, if there is no slack. And for activities not on the critical path, the subsequent activities may also lose slack time. Thus, the activity graph helps us to understand the impact of any schedule slippage.
Consider what happens if the activity graph has several loops in it. Loops may occur when an activity must be repeated. For instance, in our house-building example, the building inspector may require the plumbing to be redone.In software development, a design inspection may require design or requirements to be respecified. The appearance of these loops may change the critical path as the loop activities are exercised more than once. In this case, the effects on the schedule are far less easy to evaluate.
Figure 3.4 is a bar chart that shows some software development project activities, including information about the early and late start dates; this chart is typical of those produced by automated project management tools. The horizontal bars represent the duration of each activity; those bars composed of asterisks indicate the critical path. Activities depicted by dashes and Fs are not on the critical path, and an F represents float or slack time.
Critical path analysis of a project schedule tells us who must wait for what as the project is being developed. It also tells us which activities must be completed on schedule to avoid delay. This kind of analysis can be enhanced in many ways. For instance, our house-building example supposes that we know exactly how long each activity will take. Often, this is not the case. Instead, we have only an estimated duration for an activity, based on our knowledge of similar projects and events. Thus, to each activity, we can ***********************


[1]
[SECTION]: Planning and Managing the Project > 3.1 Tracking Progress > Slack time = latest start time -earliest start time
[CONTENT]: assign a probable duration according to some probability distribution, so that each activity has associated with it an expected value and a variance. In other words, instead of knowing an exact duration, we estimate a window or interval in which the actual time is likely to fall. The expected value is a point within the interval, and the variance describes the width of the interval. You may be familiar with a standard probability distribution called a normal distribution, whose graph is a bell-shaped curve.The Program Evaluation and Review Technique (PERT) is a popular critical path analysis technique that assumes a  normal distribution. (See Hillier and Lieberman [2001] for more information about PERT.) PERT determines the probability that the earliest start time for an activity is close to the scheduled time for that activity. Using information such as probability distribution, latest and earliest start times, and the activity graph, a PERT program can calculate the critical path and identify those activities most likely to be bottlenecks. Many project managers use the CPM or PERT method to examine their projects. However, these methods are valuable only for stable projects in which several activities take place concurrently. If the project's activities are mostly sequential, then almost all activities are on the critical path and are candidates for bottlenecks. Moreover, if the project requires redesign or rework,the activity graph and critical path are likely to change during development.


[2]
[SECTION]: Planning and Managing the Project > 3.1 Tracking Progress > Estimating Completion
[CONTENT]: We can make an activity  graph  more  useful  by  adding  to  it  information  about  the estimated time it will take to complete each activity. For a given activity, we label the corresponding edge of the graph with the estimate. For example, for the activities in phase 2 of Table 2.1, we can append to the activity graph of Figure 3.2 estimates of the number of days it will take to complete each activity. Table 3.3 contains the estimates for each activity.
The result is the graph shown in Figure 3.3. Notice that milestones 2.7, 2.8, 3.4, and 3.6 are precursors to the finish.That is, these milestones must all be reached in order to consider the project complete. The zeros on the links from those nodes to the finish show that no additional time is needed. There is also an implicit zero on the link from node 1.2 to 1.1, since no additional time is accrued on the dashed link.
This graphical depiction of the project tells us a lot about the project's schedule. For example,since we estimated that the first activity would take 3 days to complete, we cannot hope to reach milestone 1.1 before the end of day 3. Similarly, we cannot reach milestone 1.2 before the end of day 15. Because the beginning of excavation (activity 1.3)  cannot  begin  until  milestones  1.1  and  1.2  are  both  reached, excavation  cannot begin until the beginning of day 16.
Analyzing the paths among the milestones of a project in this way is called the Critical Path Method (CPM) . The paths can show us the minimum amount of time it will take to complete the project, given our estimates of each activity's duration. Moreover, CPM reveals those activities that are most critical to completing the project on time.


[3]
[SECTION]: Planning and Managing the Project > 3.1 Tracking Progress > Estimating Completion
[CONTENT]: To see how CPM works, consider again our house-building example. First, we notice that the activities leading to milestones 1.1 (surveying) and 1.2 (requesting permits) can occur concurrently. Since excavation (the activity culminating in milestone 1.3) cannot begin until day 16, surveying has 15 days in which to be completed, even though it is only 3 days in duration. Thus, surveying has 15 days of available time, but requires only 3 days of real time. In the same way, for each activity in our graph, we can compute a pair of times: real time and available time.The real time or actual time for an activity is the estimated amount of time required for the activity to be completed, and the available time is the amount of time available in the schedule for the activity's completion. Slack time or float for an activity is the difference between the available time and the real time for that activity:
Slack time = available time -real time 1.1 FINISH Another way of looking at slack time is to compare the earliest time an activity may begin  with  the  latest  time  the  activity  may  begin  without  delaying  the  project. For example, surveying may begin on day 1, so the earliest start time is day 1. However, because it will take 15 days to request and receive permits, surveying can begin as late as day 13 and still not hold up the project schedule.Therefore,
","[
    {
        ""role"": ""paragraph"",
        ""segment"": ""In CPM, a delay in an activity with zero slack pushes all subsequent activities on the critical path forward, delaying the project finish because there is no slack to absorb the delay. Consequently, the resource histogram's staff-days profile shifts later and may extend total duration, increasing the required staff effort over the extended period."",
        ""citations"": [
            {
                ""type"": ""source_text"",
                ""content"": ""Since the critical path has no slack, there is no margin for error when performing the activities along its route."",
                ""img_id"": null
            },
            {
                ""type"": ""source_text"",
                ""content"": ""The late start pushes all subsequent critical path activities forward, forcing them to be late, too, if there is no slack."",
                ""img_id"": null
            },
            {
                ""type"": ""source_text"",
                ""content"": ""Analyzing the paths among the milestones of a project in this way is called the Critical Path Method (CPM)."",
                ""img_id"": null
            }
        ],
        ""type"": null
    }
]","In CPM, a delay in an activity with zero slack pushes all subsequent activities on the critical path forward, delaying the project finish because there is no slack to absorb the delay. Consequently, the resource histogram's staff-days profile shifts later and may extend total duration, increasing the required staff effort over the extended period.",1.446,9.922
"How does the U.S. government's definition of Return on Investment (ROI) differ from industry's definition, and how is the ""payback period"" mathematically calculated when a company performs a cost-benefit analysis on a new software architecture design? -Required source types: text -Brief reasoning type label: comparison","
[0]
[SECTION]: Why Software Engineering? > 1.3 What Is Good Software? > Quality in the Context of the Business Environment
[CONTENT]: However, Brodman and Johnson (1995) found that the U.S. government and U.S. industry interpret ROI in very different ways, each different from the other, and both different from the standard business school approaches.The government views ROI in terms of dollars,looking at reducing operating costs,predicting dollar savings,and calculating the cost of employing new technologies. Government investments are also expressed in dollars, such as the cost of introducing new technologies or process improvement initiatives.
On the other hand, industry viewed investment in terms of effort, rather than cost or dollars. That is, companies were interested in saving time or using fewer people, and their  definition  of  return  on  investment  reflected  this  focus  on  decreasing  effort. Among the companies surveyed, return on investment included such items as The cost issues included in the definition involve meeting cost predictions, improving cost performance, and staying within budget, rather than reducing operating costs or streamlining  the  project  or  organization. Figure  1.6 summarizes the frequency with which many organizations included an investment item in their definition of ROI. For example, about 5 percent of those interviewed included a quality group's effort in the ROI effort calculation, and approximately 35 percent included software costs when considering number of dollars invested.
 - training
 - schedule
 - risk
 - quality
 - productivity
 - process
 - customer
 - costs
 - business


[1]
[SECTION]: Why Software Engineering? > 1.3 What Is Good Software? > Quality in the Context of the Business Environment
[CONTENT]: The difference in views is disturbing, because it means that calculations of ROI cannot be compared across organizations. But there are good reasons for these differing views. Dollar savings from reduced schedule, higher quality, and increased productivity are returned to the government rather than the contractor. On the other hand, contractors are usually looking for a competitive edge and increased work capacity as well as greater profit; thus, the contractor's ROI is more effort- than cost-based. In particular, more accurate cost and schedule estimation can mean customer satisfaction and repeat business.And decreased time to market as well as improved product quality are perceived as offering business value, too.
[FIGURE 1.6 Terms included in industry definition of return on investment.] 
[FIGURE_DESCRIPTIONS]
[0] Bar chart illustrating percentage of interviewees across various categories related to software engineering theory versus practice. The horizontal axis ranges from 0% to 70% in 10% increments, labeled at bottom, with a zero-to-seventy percent scale. The vertical axis lists groups (Della/Bella? appears as 'Delta' or 'Della'?) and subcategories such as Facilities, Software costs, Hardware costs, Materials, General, Assessments, SCE costs, Internal R&D, Process, Documentation, Quality group, Software process group, General. Each bar represents the proportion of interviewees endorsing or experiencing a given item, with bars extending to varying lengths (roughly 0% to 60%+). Notable bars show high percentages for 'General' within the lower group and for 'Software process group' in the upper group, while 'Documentation' and 'Process' have mid-range representations. The chart appears to compare theory and practice perspectives, though explicit legend labels for theory vs practice are not visible. Visible text includes 'Percent of interviewees', '0%', '10%', '20%', '30%', '40%', '50%', '60%', '70%'. The layout resembles a horizontal bar chart with category labels on the left and percentage scales on the bottom, indicating a survey of interviewees about particular factors in software engineering projects.



[2]
[SECTION]: Designing the Architecture > 5.7 Architecture Evaluation And Refinement > Cost-Benefit Analysis
[CONTENT]: If there are multiple attributes to consider (e.g., the time it takes to update, reindex, and re-sort  the  catalogue), then  a  design's  total  financial  added  value  is  the  sum  of  the added values ascribed to each of the attributes-some of whose added values may be negative if a design improves one attribute at the expense of a conflicting attribute.
Computing Return on Investment (ROI). The return on investment of making one of these design changes is the ratio of the benefits gained from making the change to the cost of its implementation:
[FORMULA]
ROI = Benefits/Cost These costs are estimated using the techniques described in Chapter 3. The estimated costs of the proposed design changes in our example are shown in Table 5.4. In general,
an ROI of 1 or greater means that the design's benefits outweigh its costs. The higher the ROI value, the more effective the design.
Another useful measure is the payback period : the length of time before accumulated benefits recover the costs of implementation. In our example, the payback period for restructuring the sorted-index module (design 2) is $300,000/$280,000 = 1.07 of a year = approximately 13 months We return to calculations such as these in Chapter 12, where we investigate the best techniques for evaluating the return on investing in software reuse.


[3]
[SECTION]: Why Software Engineering? > 1.3 What Is Good Software? > Quality in the Context of the Business Environment
[CONTENT]: Even though the different ROI calculations can be justified for each organization, it is worrying that software technology return on investment is not the same as financial ROI. At some point, program success must be reported to higher levels of management, many of which are related not to software but to the main company business, such as telecommunications or banking. Much confusion will result from the use of the same terminology to mean vastly different things.Thus, our success criteria must make sense not only for software projects and processes, but also for the more general business practices they support.We will examine this issue in more detail in Chapter 12 and look at using several common measures of business value to choose among technology options.


[4]
[SECTION]: Evaluating Products, Processes, and Resources > 12.6 Evaluating Resources > Return on Investment
[CONTENT]: Not all investment analysis reflects this reality. Taking the perspective of a financial  analyst, Favaro  and  Pfleeger  (1998)  look  critically  at  the  most  commonly  used approaches: net present value, payback, average return on book value, internal rate of return, and profitability index.They show that net present value (NPV) makes the most sense for evaluating software-related investments.
NPV expresses economic value in terms of total project life, regardless of scale or time frame. Since investment planning involves spending money in the future, we can think of the present value of an investment as the value today of a predicted future cash flow. The NPV calculation uses a discount rate or opportunity cost , corresponding to
","[
    {
        ""role"": ""paragraph"",
        ""segment"": ""The government views ROI in terms of dollars, looking at reducing operating costs, predicting dollar savings, and calculating the cost of employing new technologies. Government investments are also expressed in dollars, such as the cost of introducing new technologies or process improvement initiatives. On the other hand, industry viewed investment in terms of effort, rather than cost or dollars. That is, companies were interested in saving time or using fewer people, and their definition of return on investment reflected this focus on decreasing effort."",
        ""citations"": [
            {
                ""type"": ""source_text"",
                ""content"": ""The government views ROI in terms of dollars,looking at reducing operating costs,predicting dollar savings,and calculating the cost of employing new technologies. Government investments are also expressed in dollars, such as the cost of introducing new technologies or process improvement initiatives."",
                ""img_id"": null
            },
            {
                ""type"": ""source_text"",
                ""content"": ""On the other hand, industry viewed investment in terms of effort, rather than cost or dollars. That is, companies were interested in saving time or using fewer people, and their  definition  of  return on  investment  reflected  this  focus  on  decreasing  effort."",
                ""img_id"": null
            }
        ],
        ""type"": null
    },
    {
        ""role"": ""paragraph"",
        ""segment"": ""In cost-benefit analysis for a design change, the payback period is the length of time before accumulated benefits recover the costs of implementation; for example, the payback period for restructuring the sorted-index module (design 2) is $300,000/$280,000 = 1.07 of a year = approximately 13 months."",
        ""citations"": [
            {
                ""type"": ""source_text"",
                ""content"": ""The payback period for restructuring the sorted-index module (design 2) is $300,000/$280,000 = 1.07 of a year = approximately 13 months"",
                ""img_id"": null
            }
        ],
        ""type"": null
    }
]","The government views ROI in terms of dollars, looking at reducing operating costs, predicting dollar savings, and calculating the cost of employing new technologies. Government investments are also expressed in dollars, such as the cost of introducing new technologies or process improvement initiatives. On the other hand, industry viewed investment in terms of effort, rather than cost or dollars. That is, companies were interested in saving time or using fewer people, and their definition of return on investment reflected this focus on decreasing effort.

In cost-benefit analysis for a design change, the payback period is the length of time before accumulated benefits recover the costs of implementation; for example, the payback period for restructuring the sorted-index module (design 2) is $300,000/$280,000 = 1.07 of a year = approximately 13 months.",2.264,7.323
Contrast the primary development goal of building a throwaway rapid prototype during the requirements elicitation phase versus building one during the software architecture design phase. -Required source types: text -Brief reasoning type label: comparison,"
[0]
[SECTION]: Capturing the Requirements > 4.7 Prototyping Requirements
[CONTENT]: There are two approaches to prototyping: throwaway and evolutionary. A throwaway prototype is software that is developed to learn more about a problem or about a proposed solution, and that is never intended to be part of the delivered software. This approach allows us to write 'quick-and-dirty' software that is poorly structured, inefficient, with no error checking-that, in fact, may be a facade that does not implement any of the desired functionality-but that gets quickly to the heart of questions we have about the problem or about a proposed solution. Once our questions are answered, we throw away the prototype software and start engineering the software that will be delivered. In contrast, an evolutionary prototype is software that is developed not only to help us answer questions but also to be incorporated into the final product. As such, we have to be much more careful in its development, because this software has to eventually exhibit the quality requirements (e.g., response rate, modularity) of the final product, and these qualities cannot be retrofitted.
Both techniques are sometimes called rapid prototyping , because they involve building  software  in  order  to  answer  questions  about  the requirements . The  term 'rapid'distinguishes software prototyping from that in other engineering disciplines, in which a prototype is typically a complete solution, like a prototype car or plane that is built manually according to an already approved design. The purpose of such a prototype is to test the design and product before automating or optimizing the manufacturing step for mass production. In contrast, a rapid prototype is a partial solution that is built to help us understand the requirements or to evaluate design alternatives.


[1]
[SECTION]: Designing the Architecture > 5.7 Architecture Evaluation And Refinement > Prototyping
[CONTENT]: If a prototype is intended only to explore design issues, we may not give its development the same careful attention that we would give to a real system. For this reason, we frequently discard the prototype and build the actual system from scratch, rather than try to salvage parts from the prototype. In these cases, the throw-away prototype is meant to be discarded; its development is intended only to assess the feasibility or particular characteristics in a proposed design. In fact, Brooks (1995) recommends building a system, throwing it away, and building it again.The second version of the system benefits from the learning and the mistakes made in the process of building the first system.
Alternatively, we may attempt to reuse parts of the prototype in the actual system. By taking care in the design and development of the prototype's components, we can produce a prototype that answers questions about the design and at the same time provides building blocks for the final system.The challenge is to ensure that this style of prototyping is still fast. If the prototype cannot be built more quickly than the actual system, then it loses its value. Moreover, if too much effort is invested in developing a quality prototype, we may become too attached to the design decisions and other assets embedded in the prototype,and we may be less open to considering design alternatives.
An extreme version of this approach is called rapid prototyping , in which we progressively refine the prototype until it becomes the final system. We start with a prototype of the requirements, in the form of a preliminary user interface that simulates the system's responses to user input. In successive iterations of the prototype, we flesh out the system's design and implementation, providing the functionality promised by the initial user interface. In many ways, rapid prototyping resembles an agile development process, in that the system's development is iterative and there is continual feedback from the customer. The difference is that the initial prototype is a user-interface shell rather than the core of the operational system.


[2]
[SECTION]: Modeling the Process and Life Cycle > 2.2 Software Process Models > SIDEBAR 2.1 DRAWBACKS OF THE WATERFALL MODEL
[CONTENT]: The software development process can help to control the thrashing by including activities  and  subprocesses  that  enhance  understanding. Prototyping  is  such  a  subprocess; a prototype is a partially developed product that enables customers and developers to examine some aspect of the proposed system and decide if it is suitable or appropriate for the finished product. For example, developers may build a system to implement a small portion of some key requirements to ensure that the requirements are consistent, feasible, and practical; if not, revisions are made at the requirements stage rather than at the more costly testing stage. Similarly, parts of the design may be prototyped, as shown in Figure 2.3. Design prototyping helps developers assess alternative design strategies and decide which is best for a particular project.As we will see in Chapter 5, the designers may address the requirements with several radically different designs to see which has the best properties. For instance, a network may be built as a ring in one prototype and a star in another, and performance characteristics evaluated to see which structure is better at meeting performance goals or constraints.
Often, the user interface is built and tested as a prototype, so that the users can understand what the new system will be like, and the designers get a better sense of how the  users  like  to  interact  with  the  system. Thus, major  kinks  in  the  requirements  are addressed and fixed well before the requirements are officially validated during system testing; validation ensures  that  the  system  has  implemented  all  of  the  requirements, so that  each  system  function  can  be  traced  back  to  a  particular  requirement  in  the specification. System testing also verifies the requirements; verification ensures that each function works correctly.That is, validation makes sure that the developer is building the right product (according to the specification), and verification checks the quality of the implementation. Prototyping is useful for verification and validation, but these activities can occur during other parts of the development process, as we will see in later chapters.
","[
  {
    ""role"": ""paragraph"",
    ""segment"": ""During requirements elicitation, a throwaway rapid prototype is created to learn more about the problem or proposed solution and is not intended to be part of the delivered software."",
    ""citations"": [
      {
        ""type"": ""source_text"",
        ""content"": ""A throwaway prototype is software that is developed to learn more about a problem or about a proposed solution, and that is never intended to be part of the delivered software."",
        ""img_id"": null
      }
    ],
    ""type"": null
  },
  {
    ""role"": ""paragraph"",
    ""segment"": ""During software architecture design, if a prototype is intended only to explore design issues, the development may not receive the same care as a real system and the prototype is frequently discarded so the actual system can be built from scratch."",
    ""citations"": [
      {
        ""type"": ""source_text"",
        ""content"": ""If a prototype is intended only to explore design issues, we may not give its development the same careful attention that we would give to a real system. For this reason, we frequently discard the prototype and build the actual system from scratch"",
        ""img_id"": null
      }
    ],
    ""type"": null
  }
]","During requirements elicitation, a throwaway rapid prototype is created to learn more about the problem or proposed solution and is not intended to be part of the delivered software.

During software architecture design, if a prototype is intended only to explore design issues, the development may not receive the same care as a real system and the prototype is frequently discarded so the actual system can be built from scratch.",1.671,6.285
"How does the representation of conditions and states in a Parnas Table for calculating a library due date differ structurally from the representation of pre-conditions and post-conditions in a formal Z specification schema for a ""Return"" operation? -Required source types: both -Brief reasoning type label: structure interpretation","
[0]
[SECTION]: Capturing the Requirements > 4.5 Modeling Notations > Example: Parnas Tables
[CONTENT]: Parnas tables (Parnas 1992) are tabular representations of mathematical functions or relations. Like decision tables, Parnas tables use rows and columns to separate a function's definition into its different cases. Each table entry either specifies an input condition that partially identifies some case, or it specifies the output value for some case. Unlike decision tables, the inputs and outputs of a Parnas table are purely mathematical expressions.
To  see  how  Parnas  tables  work, consider  Figure  4.17. The  rows  and  columns define Calc due date , an operation in our library example.The information is represented as a Normal Table, which is a type of Parnas table.The column and row headers are predicates used to specify cases, and the internal table entries store the possible function results. Thus, each internal table entry represents a distinct case in the function's definition. For example, if the event is to renew a loan (column header), and the publication being borrowed is on reserve (column header), and the patron making the request has no outstanding fines (row header), then the due date is calculated to be publication.reserve loan period days from Today . A table entry of 'X' indicates that the operation is invalid under the specified conditions; in other specifications, an entry of 'X' could mean that the combination of conditions is infeasible. Notice how the column and row headers are structured to cover all possible combinations of conditions that can affect the calculation of a loaned item's due date. (The symbol ¬ means 'not', so ¬publication.InState(reserve) means that the publication is not on reserve.)


[1]
[SECTION]: Capturing the Requirements > 4.5 Modeling Notations > Example: Decision Tables
[CONTENT]: A decision table (Hurley 1983) is a tabular representation of a functional specification that maps events and conditions to appropriate responses or actions. We say that the specification  is informal because  the  inputs  (events  and  conditions)  and  outputs (actions) may be expressed in natural language, as mathematical expressions, or both.
Figure 4.16 shows a decision table for the library functions borrow , return , reserve , and unreserve . All of the possible input events (i.e., function invocations), conditions, and actions are listed along the left side of the table, with the input events and conditions listed above the horizontal line and the actions listed below the line. Each  column  represents  a  rule  that  maps  a  set  of  conditions  to  its  corresponding result(s). An entry of 'T' in a cell means that the row's input condition is true, 'F' means that the input condition is false, and a dash indicates that the value of the condition does not matter. An entry of 'X' at the bottom of the table means that the row's action should be performed whenever its corresponding input conditions hold. Thus, column 1 represents the situation where a library patron wants to borrow a book, the book is not already out on loan, and the patron has no outstanding fine; in this situation, the loan is approved and a due date is calculated. Similarly, column 7 illustrates the case where there is a request to put a book on reserve but the book is currently out on loan; in this case, the book is recalled and the due date is recalculated to reflect the recall.


[2]
[SECTION]: Capturing the Requirements > 4.5 Modeling Notations > SIDEBAR 4.5 GROUND REQUIREMENTS IN THE REAL WORLD
[CONTENT]: The top section of an operation schema indicates whether the operation modifies ( D ) or simply queries ( X ) the system state, and identifies the inputs (?) and outputs (!) of the operation. The bottom section of an operation schema specifies the operation's pre-conditions  and  post-conditions. In  operations  that  modify  the  system  state, unprimed variables represent variable values before the operation is performed, and primed variables represent values following the operation. For example, the input to operation Buy is a new library Item , and the pre-condition specifies that the Item not already be in the library Catalogue . The post-conditions update the Catalogue to include the new Item , and specify that the other library variables do not change value (e.g., the updated value Fine equals the old value Fine ). Operation Return is more complicated. It takes as input the library Item being returned, the Patron who borrowed the Item , and the Date of the return. The post-conditions remove the returned item from variables Borrowers and DueDates ; these updates use Z symbol y , 'domain subtraction,' to return a submapping of their pre-operation values, excluding any element whose domain value is the Item being returned.The next two post-conditions are updates to variable Fines , conditioned on whether the Patron incurs an overdue fine for returning the Item later than the loan's due date.These updates use symbol å , which 'maps' a domain value 'to' a range value, and symbol ± which 'overrides' a function mapping, usually with a new 'maps-to' element. Thus, if today's date is later than the returned Item's DueDate , then the Patron's Fine is overridden with a new value that reflects the old fine value plus the new overdue fine. The last two post-conditions specify that the values of variables Catalogue and OnReserve do not change. ¿


[3]
[SECTION]: Capturing the Requirements > 4.5 Modeling Notations > Example: UML Statechart Diagrams
[CONTENT]: The  hardest  part  of  constructing  a  state-machine  model  is  deciding  how  to decompose an object's behavior into states. Some ways of thinking about states include Some object properties could be modeled either as an attribute (defined in the class diagram) or as a state (defined in the object's statechart diagram), and it is not obvious which representation is best. Certainly, if the set of possible property values is large (e.g., a Patron's library fines), then it is best to model the property as an attribute. Alternatively, if the events to which the object is ready to react depend on a property (e.g., whether a book is out on loan), then it is best to model the property as a state. Otherwise,choose the representation that results in the simplest model that is easiest to understand.
 - Equivalence classes of possible future behavior, as defined by sequences of input events accepted by the machine: for example, every iteration of event sequence coin,push,rotated leaves the turnstile in a locked position waiting for the next visitor
 - Periods of time between consecutive events, such as the time between the start and the end of an operation
 - Named control points in an object's evolution,during which the object is performing some computation (e.g., state calculate fine ) or waiting for some input event (e.g., state item on loan )
 - Partitions of an object's behavior: for example, a book is out on loan or is in the library stacks; an item is on reserve, meaning that it can be borrowed for only short periods, or it is not on reserve
","[
  {
    ""role"": ""paragraph"",
    ""segment"": ""Parnas tables represent conditions and outcomes purely as a function of input cases: the column and row headers are predicates used to specify cases, and the internal table entries store the possible function results; a table entry of 'X' indicates that the operation is invalid under the specified conditions, so each internal table entry represents a distinct case in the function's definition. By contrast, a Z specification schema for an operation like Return explicitly separates structure into a top section that indicates whether the operation modifies or queries the system state and lists inputs and outputs, and a bottom section that specifies pre-conditions and post-conditions; unprimed variables denote values before the operation and primed variables denote values after the operation. The post-conditions in the Return schema describe concrete state updates (e.g., removing the returned item from Borrowers and DueDates, updating Fines, and leaving Catalogue and OnReserve unchanged) using formal constructs such as domain subtraction (y) and mapping/override operators (Å, ±). Thus, Parnas tables encode behavior as a mapping from condition combinations to results in a single table, while Z schemas encode explicit state-transformations with separate pre/post-condition structure. "",
    ""citations"": [
      {
        ""type"": ""source_text"",
        ""content"": ""Parnas tables (Parnas 1992) are tabular representations of mathematical functions or relations."",
        ""img_id"": null
      },
      {
        ""type"": ""source_text"",
        ""content"": ""The column and row headers are predicates used to specify cases, and the internal table entries store the possible function results."",
        ""img_id"": null
      },
      {
        ""type"": ""source_text"",
        ""content"": ""A table entry of 'X' indicates that the operation is invalid under the specified conditions; in other specifications, an entry of 'X' could mean that the combination of conditions is infeasible."",
        ""img_id"": null
      },
      {
        ""type"": ""source_text"",
        ""content"": ""The top section of an operation schema indicates whether the operation modifies ( D ) or simply queries ( X ) the system state, and identifies the inputs (?) and outputs (!) of the operation."",
        ""img_id"": null
      },
      {
        ""type"": ""source_text"",
        ""content"": ""The bottom section of an operation schema specifies the operation's pre-conditions and post-conditions."",
        ""img_id"": null
      },
      {
        ""type"": ""source_text"",
        ""content"": ""In operations that modify the system state, unprimed variables represent variable values before the operation is performed, and primed variables represent values following the operation."",
        ""img_id"": null
      },
      {
        ""type"": ""source_text"",
        ""content"": ""The post-conditions remove the returned item from variables Borrowers and DueDates ; these updates use Z symbol y , 'domain subtraction,' to return a submapping of their pre-operation values, excluding any element whose domain value is the Item being returned."",
        ""img_id"": null
      },
      {
        ""type"": ""source_text"",
        ""content"": ""The last two post-conditions specify that the values of variables Catalogue and OnReserve do not change."",
        ""img_id"": null
      }
    ]
  }
]","Parnas tables represent conditions and outcomes purely as a function of input cases: the column and row headers are predicates used to specify cases, and the internal table entries store the possible function results; a table entry of 'X' indicates that the operation is invalid under the specified conditions, so each internal table entry represents a distinct case in the function's definition. By contrast, a Z specification schema for an operation like Return explicitly separates structure into a top section that indicates whether the operation modifies or queries the system state and lists inputs and outputs, and a bottom section that specifies pre-conditions and post-conditions; unprimed variables denote values before the operation and primed variables denote values after the operation. The post-conditions in the Return schema describe concrete state updates (e.g., removing the returned item from Borrowers and DueDates, updating Fines, and leaving Catalogue and OnReserve unchanged) using formal constructs such as domain subtraction (y) and mapping/override operators (Å, ±). Thus, Parnas tables encode behavior as a mapping from condition combinations to results in a single table, while Z schemas encode explicit state-transformations with separate pre/post-condition structure.",2.394,10.68
"Why did the ""hot standby"" redundancy fault-recovery tactic fail during the Ariane-5 maiden flight, and how does the textbook explain this failure using the inherent difference between hardware failures and software failures? -Required source types: text -Brief reasoning type label: causal reasoning","
[0]
[SECTION]: Designing the Architecture > 5.12 Real-Time Example
[CONTENT]: One of the findings of the inquiry board that was set up to investigate the Ariane-5 accident was that the Ariane program in general had a 'culture...of only addressing random hardware failures' (Lions et  al. 1996)  and  of  assuming  that  seemingly  correct software was in fact correct. The board came to this conclusion partly because of the way the Ariane-5's fault-recovery system was designed. The Ariane-5 included a number of redundant components in which both the hardware equipment and the associated software were identical. In most cases, one of the components was supposed to be active; the other was to stay in 'hot standby' mode, ready to become the active component if the current active component failed. But this architecture is not a good choice for this kind of system, because hardware failures are very different from software failures. Hardware failures are independent: if one unit fails, the standby unit is usually unaffected and can take over as the active unit. By contrast, software faults tend to be logical errors, so all copies of a software component have the same set of faults. Moreover, even if the software is not the underlying cause of a failure, replicated software components are likely to exhibit the same bad behavior in response to bad input. For these reasons, the hot standby redundancy in Ariane-5 is likely to recover only from hardware failures.
To see why, consider Table 5.5's list of sources of software failures (NASA 2004). Some of the software faults are internal to the software itself, and some are caused by input errors or erroneous events in the environment. Regardless of the source, most types of faults would adversely affect all instances of replicated software components that are processing the same input at the same time (with the exception of gamma radiation, which is a serious concern in software on spacecraft). As a result, software failures among replicated components in hot standby mode are rarely independent. This was the situation with the failed inertial reference systems (SRIs) on the Ariane-5: both units suffered the same overflow error, simultaneously.


[1]
[SECTION]: Planning and Managing the Project > 3.8 Real-Time Example
[CONTENT]: The board investigating the Ariane-5 failure examined the software, the documentation, and the data captured before and during flight to determine what caused the failure  (Lions  et  al. 1996). Its  report  notes  that  the  launcher  began  to  disintegrate  39 seconds after  takeoff  because  the  angle  of  attack  exceeded  20  degrees, causing  the boosters to separate from the main stage of the rocket; this separation triggered the launcher's self-destruction. The angle of attack was determined by software in the onboard computer on the basis of data transmitted by the active inertial reference system, SRI2.As the report notes, SRI2 was supposed to contain valid flight data, but instead it contained a diagnostic bit pattern that was interpreted erroneously as flight data. The erroneous data had been declared a failure, and the SRI2 had been shut off. Normally, the on-board computer would have switched to the other inertial reference system, SRI1, but that, too, had been shut down for the same reason.
The error occurred in a software module that computed meaningful results only before lift-off.As soon as the launcher lifted off, the function performed by this module served no useful purpose, so it was no longer needed by the rest of the system. However, the module continued its computations for approximately 40 seconds of flight based on a requirement for the Ariane-4 that was not needed for Ariane-5.
The internal events that led to the failure were reproduced by simulation calculations supported by memory readouts and examination of the software itself. Thus, the Ariane-5 destruction might have been prevented had the project managers developed a risk management plan, reviewed it, and developed risk avoidance or mitigation plans for each identified risk. To see how, consider again the steps of Figure 3.15. The first stage of risk assessment is risk identification. The possible problem with reuse of the Ariane-4 software might have been identified by a decomposition of the functions; someone  might  have  recognized  early  on  that  the  requirements  for Ariane-5  were different  from  Ariane-4. Or  an  assumption  analysis  might  have  revealed  that  the assumptions for the SRI in Ariane-4 were different from those for Ariane-5.


[2]
[SECTION]: Testing the System > 9.11 Real-Time Example
[CONTENT]: We have seen in  earlier  chapters  that  problems  with  requirements  and  inadequate reviews contributed to the failure of Ariane-5's inertial reference software, SRI. The committee evaluating the failure also considered the preventative role that simulation might have played. They noted that it would have been impossible to isolate and test the  SRI  during  flight, but  software  or  hardware  simulations  could  have  generated signals related to predicted flight parameters while a turntable provided angular movements. Had this approach been taken during acceptance testing, the investigators think the failure conditions would have been revealed.
In addition, testing and simulation were being carried out at a Functional Simulation Facility, with the intention of qualifying At  this  facility, engineers  ran  closed-loop  simulations  of  the  complete  flight, including  ground operations, telemetry flow, and launcher dynamics. They hoped to verify that the nominal trajectory was correct, as well as trajectories degraded using internal launcher parameters, atmospheric parameters, and equipment failures. During these tests, the actual SRIs were not used; instead, the SRIs were simulated using specially developed software. Only some open-loop tests were performed with the actual SRI, and just for electrical integration and communication compliance.
 - the guidance, navigation, and control systems
 - the redundancy of the sensors
 - the functions of each rocket stage
 - the on-board computer software's compliance with the flight control system The investigators note that It is not mandatory, even if preferable, that all the parts of the subsystem are present in all the tests at a given level. Sometimes this is not physically possible or it is not possible to exercise them completely or in a representative way. In these cases, it is logical to replace them with simulators but only after a careful check that the previous test levels have covered the scope completely. (Lions et al. 1996)
","[
  {
    ""role"": ""paragraph"",
    ""segment"": ""The hot standby redundancy failed on Ariane-5 because software faults are not independent across replicated components; while hardware failures are independent and one standby unit can take over, replicated software tends to share the same faults and respond similarly to the same input, so both units can fail together."",
    ""citations"": [
      {
        ""type"": ""source_text"",
        ""content"": ""The Ariane-5 included a number of redundant components in which both the hardware equipment and the associated software were identical."",
        ""img_id"": null
      },
      {
        ""type"": ""source_text"",
        ""content"": ""This architecture is not a good choice for this kind of system, because hardware failures are very different from software failures."",
        ""img_id"": null
      },
      {
        ""type"": ""source_text"",
        ""content"": ""Hardware failures are independent: if one unit fails, the standby unit is usually unaffected and can take over as the active unit."",
        ""img_id"": null
      },
      {
        ""type"": ""source_text"",
        ""content"": ""by contrast, software faults tend to be logical errors, so all copies of a software component have the same set of faults."",
        ""img_id"": null
      },
      {
        ""type"": ""source_text"",
        ""content"": ""As a result, software failures among replicated components in hot standby mode are rarely independent."",
        ""img_id"": null
      },
      {
        ""type"": ""source_text"",
        ""content"": ""the same overflow error, simultaneously."",
        ""img_id"": null
      }
    ],
    ""type"": null
  }
]","The hot standby redundancy failed on Ariane-5 because software faults are not independent across replicated components; while hardware failures are independent and one standby unit can take over, replicated software tends to share the same faults and respond similarly to the same input, so both units can fail together.",1.678,7.91
"How does a ""pure"" layered architecture (such as the OSI model) utilize the tactics of reducing coupling and using explicit interfaces to minimize the impact on indirectly affected software units when a layer is modified? -Required source types: both -Brief reasoning type label: synthesis","
[0]
[SECTION]: Designing the Architecture > 5.4 Architectural Styles And Strategies > Layering
[CONTENT]: Layered systems organize the system's software units into layers, each of which provides services to the layer above it and acts as a client to the layer below. In a 'pure' layered system, a software unit in a given layer can access only the other units in the same layer and services offered by the interface to the layer immediately below it. To improve performance, this constraint may be relaxed in some cases, allowing a layer to access the services of layers below its lower neighbor; this is called layer bridging . However, if a design includes a lot of layer bridging, then it loses some of the portability and maintainability that the layering style offers. Under no circumstances does a layer access the services offered by a higher-level layer; the resulting architecture would no longer be called layered.


[1]
[SECTION]: Designing the Architecture > 5.4 Architectural Styles And Strategies > Layering
[CONTENT]: [FIGURE 5.9 Layered architecture of OSI model for network communications.] 
On the other hand, it is not always easy to structure a system into distinct layers of increasingly powerful services, especially when software units are seemingly interdependent. Also, it may appear that layers introduce a performance cost from the set of calls  and  data  transfers  between  system  layers. Fortunately, sophisticated  compilers, linkers, and loaders can reduce this overhead (Clements et al. 2003).
[FIGURE_DESCRIPTIONS]
[0] Diagram depicts a data flow model with labeled stages and arrows indicating directional movement of data between components. Leftmost column labeled KEY shows a hierarchical legend for layer, procedure call, and physical cable. The main flow area, titled Data flow, contains stacked rounded rectangles representing sequential layers: Physical, Send (bit/byte), Network, Transport, Session, Data, and Application, each paired with sub-labels like send (data), receive (data), and corresponding actions. Arrows illustrate bidirectional data exchange between sender and receiver stacks across the central flow, including labels such as send(my file), receive(my file), send(data), receive(data), and close session. A large upward arrow on the right suggests data propagation or system exit. The diagram emphasizes end-to-end communication, file transfer, and protocol-layer interactions across application, session, transport, network, data, and physical layers with explicit text markers like Application, Presentation, and Messaging stages on both sides.



[2]
[SECTION]: Designing the Architecture > 5.4 Architectural Styles And Strategies > Layering
[CONTENT]: To see how this type of system works, consider Figure 5.9, which depicts the Open Systems Interconnection (OSI) reference model for network communications (International  Telecommunication  Union  1994). The  bottom  layer  provides  facilities  for transferring data bits over a physical link, like a cable-possibly unsuccessfully. The next layer, the Data Link Layer, provides more complex facilities: it transmits fixedsized data frames, routes data frames to local addressable machines, and recovers from simple transmission errors.The Data Link Layer uses the bottom Physical Layer's facilities to perform the actual transmission of bits between physically connected machines. The Network Layer adds the ability to transmit variable-sized data packets, by breaking packets into fixed-sized data frames which are then sent using the Data Link facilities; the Network Layer also expands the routing of data packets to nonlocal machines. The Transport Layer adds reliability, by recovering from routing errors, such as when data frames are lost or reordered as they are routed (along possibly different paths) through the network.The Session Layer uses the Transport Layer's reliable data-transfer services  to  provide  long-term  communication  connections, over  which  lengthy  data exchanges can take place.The Presentation Layer provides translation among different data representations, to support data exchanges among components that use different data formats. The Application Layer provides application-specific services, such as file transfers if the application is a file-transfer program.
In the OSI example, each layer raises the level of abstraction of the communication services that are available to the next layer, and hides all of the details about how those services are implemented. In general, the layering style is useful whenever we can decompose our system's functionality into steps, each of which builds on previous steps. The resulting design is easier to port to other platforms, if the lowest level encapsulates the software's interactions with the platform. Moreover, because a layer can interact only  with  its  neighboring  layers, layer  modification  is  relatively  easy; such  changes should affect at most only the two adjacent layers.


[3]
[SECTION]: Designing the Architecture > 5.5 Achieving Quality Attributes > Modifiability
[CONTENT]:  - Cohesion: We will see in Chapter 6 that a software unit is cohesive if its pieces, data, and functionality all contribute to the unit's purpose and responsibilities. By keeping our software units highly cohesive, we increase the chances that a change to the system's responsibilities is confined to the few units that are assigned those responsibilities.
 - Generality: The more general our software units, the more likely we can accommodate change by modifying a unit's inputs rather than modifying the unit itself. This  characteristic  is  particularly  true  of  servers, which  ought  to  be  general enough to accommodate all variants of requests for their services. For example,
an  object  that  encapsulates  a  data  structure  should  provide  sufficient  access methods to enable other objects to easily retrieve and update data values.
By  contrast, tactics  for  minimizing  the  impact  on  indirectly  affected  software units focus on reducing dependencies among software units. The goal is to reduce the degree to which a change to a directly affected unit also affects the system's other units:
 - Coupling: As we discuss in detail in Chapter 6,the level of coupling among software units is the degree to which the units depend on each other. By lowering coupling, we reduce the likelihood that a change to one unit will ripple to other units.
 - Interfaces: A  software  unit's  interface  reveals  the  unit's  public  requisites  and responsibilities, and hides the unit's private design decisions. If a unit interacts with other units only through their interfaces (e.g., calling public access methods), then changes to one unit will not spread beyond the unit's boundary unless its interface changes (e.g., if method signatures, preconditions, or postconditions change).
 - Multiple interfaces: A unit modified to provide new data or services can offer them using a new interface to the unit without changing any of the unit's existing interfaces.This way, dependencies on the existing interfaces are unaffected by the change.
","[
  {
    ""role"": ""paragraph"",
    ""segment"": ""In a pure layered system, a software unit in a given layer can access only the other units in the same layer and services offered by the interface to the layer immediately below it. Because a layer can interact only with its neighboring layers, layer modification is relatively easy; such changes should affect at most only the two adjacent layers, helping minimize the impact of changes on indirectly affected units."",
    ""citations"": [
      {
        ""type"": ""source_text"",
        ""content"": ""In a 'pure' layered system, a software unit in a given layer can access only the other units in the same layer and services offered by the interface to the layer immediately below it."",
        ""img_id"": null
      },
      {
        ""type"": ""source_text"",
        ""content"": ""because a layer can interact only with its neighboring layers, layer modification is relatively easy; such changes should affect at most only the two adjacent layers."",
        ""img_id"": null
      }
    ],
    ""type"": null
    }
]","In a pure layered system, a software unit in a given layer can access only the other units in the same layer and services offered by the interface to the layer immediately below it. Because a layer can interact only with its neighboring layers, layer modification is relatively easy; such changes should affect at most only the two adjacent layers, helping minimize the impact of changes on indirectly affected units.",1.649,7.95
How does the transition from Stage 1 (Application Composition) to Stage 3 (Postarchitecture) in the COCOMO II model change the metrics used to measure system size and the types of cost drivers that are applied to the effort estimate? -Required source types: both -Brief reasoning type label: process reasoning,"
[0]
[SECTION]: Planning and Managing the Project > 3.3 Effort Estimation > Algorithmic Methods
[CONTENT]: By  stage  3, the  postarchitecture  stage, development  has  begun, and  far  more information is known. In this stage, sizing can be done in terms of function points or lines of code, and many cost factors can be estimated with some degree of comfort.
COCOMO II also includes models of reuse, takes into account maintenance and breakage (i.e., the change in requirements over time), and more. As with the original COCOMO,the model includes cost factors to adjust the initial effort estimate.A research group at the University of Southern California is assessing and improving its accuracy.
Let us look at COCOMO II in more detail.The basic model is of the form where the initial size-based estimate, is adjusted by the vector of cost driver information, m ( ). Table 3.9 describes the cost drivers at each stage, as well as the use of other models to modify the estimate. bS c , E = bS c m 1 X 2 At stage 1, application points supply the size measure. This size measure is an extension of the object-point approach suggested by Kauffman and Kumar (1993) and productivity data reported by Banker, Kauffman, and Kumar (1992).To compute application points, you first count the number of screens, reports, and third-generation language components that will be involved in the application. It is assumed that these elements are defined in a standard way as part of an integrated computer-aided software engineering environment. Next, you classify each application element as simple, medium,or difficult. Table 3.10 contains guidelines for this classification.


[1]
[SECTION]: Planning and Managing the Project > 3.3 Effort Estimation > Algorithmic Methods
[CONTENT]: |    | ModelAspect                          | Stage 1: Application Composition                | Stage 2: Early Design                                                                                                               | Stage 3: Postarchitecture                                                                                                                      |
|---:|:-------------------------------------|:------------------------------------------------|:------------------------------------------------------------------------------------------------------------------------------------|:-----------------------------------------------------------------------------------------------------------------------------------------------|
|  0 | Size                                 | Application points                              | Function points (FPs) and language                                                                                                  | FP and language or source lines of code (SLOC)                                                                                                 |
|  1 | Reuse                                | Implict in model                                | Equivalent SLOCas function of other variables                                                                                       | Equivalent SLOCas function of other variables                                                                                                  |
|  2 | Requirements change                  | Implicit in model                               | %change expressed as a cost factor                                                                                                  | %change expressed as a cost factor                                                                                                             |
|  3 | Maintenance                          | Application points, annual change traffic (ACT) | Function ofACT,software understanding, unfmiliarity                                                                                 | Function ofACT,software understanding, unfamiliarity                                                                                           |
|  4 | Scale (c) in nominal effort equation | 1.0                                             | 0.91 to 1.23, depending on precedentedness, conformity, early architecture, risk resolution,team cohesion, and SEI process maturity | 0.91 to 1.23, depending on precedentedness, conformity, early architecture, risk resolution,team cohesion,and SEI process maturity             |
|  5 | Product cost drivers                 | None                                            | Complexity, required reusability                                                                                                    | Reliability, database size, documentation needs, required reuse,and product complexity                                                         |
|  6 | Platform cost drivers                | None                                            | Platform difficulty                                                                                                                 | Execution time constraints, main storage constraints,and virtual machine volatility                                                            |
|  7 | Personnel cost drivers               | None                                            | Personnel capability and experience                                                                                                 | Analyst capability, applications experience,programmer capability,programmer experience, language and tool experience,and personnel continuity |
|  8 | Project cost drivers                 | None                                            | Required development schedule, development environment                                                                              | Use of software tools, required development schedule,and multisite development                                                                 |
","[
  {
    ""role"": ""paragraph"",
    ""segment"": ""The size metric shifts from using application points in Stage 1 (Application Composition) to functional points and language or source lines of code (SLOC) in Stage 3 (Postarchitecture)."",
    ""citations"": [
      {
        ""type"": ""source_text"",
        ""content"": ""|    | ModelAspect                          | Stage 1: Application Composition                | Stage 2: Early Design                                                                                                               | Stage 3: Postarchitecture                                                                                                                      |"",
        ""img_id"": null
      },
      {
        ""type"": ""source_text"",
        ""content"": ""|  0 | Size                                 | Application points                              | Function points (FPs) and language                                                                                                  | FP and language or source lines of code (SLOC)                                                                                                 |"",
        ""img_id"": null
      }
    ],
    ""type"": null
  },
  {
    ""role"": ""paragraph"",
    ""segment"": ""Cost drivers become explicit and varied across stages in Stage 3. In Stage 3, the model includes explicit product, platform, personnel, and project cost drivers (e.g., Complexity, required reusability; Execution time constraints, main storage constraints, and virtual machine volatility; Analyst capability, applications experience, programmer capability, programmer experience, language and tool experience, and personnel continuity), whereas Stage 1 has none for many of these categories."",
    ""citations"": [
      {
        ""type"": ""source_text"",
        ""content"": ""|  4 | Scale (c) in nominal effort equation | 1.0                                             | 0.91 to 1.23, depending on precedentedness, conformity, early architecture, risk resolution,team cohesion, and SEI process maturity | 0.91 to 1.23, depending on precedentedness, conformity, early architecture, risk resolution,team cohesion,and SEI process maturity             |"",
        ""img_id"": null
      },
      {
        ""type"": ""source_text"",
        ""content"": ""|  5 | Product cost drivers                 | None                                            | Complexity, required reusability                                                                                                    | Reliability, database size, documentation needs, required reuse,and product complexity                                                         |"",
        ""img_id"": null
      },
      {
        ""type"": ""source_text"",
        ""content"": ""|  6 | Platform cost drivers                | None                                            | Platform difficulty                                                                                                                 | Execution time constraints, main storage constraints,and virtual machine volatility                                                            |"",
        ""img_id"": null
      },
      {
        ""type"": ""source_text"",
        ""content"": ""|  7 | Personnel cost drivers               | None                                            | Personnel capability and experience                                                                                                 | Analyst capability, applications experience,programmer capability,programmer experience, language and tool experience,and personnel continuity |"",
        ""img_id"": null
      },
      {
        ""type"": ""source_text"",
        ""content"": ""|  8 | Project cost drivers                 | None                                            | Required development schedule, development environment                                                                              | Use of software tools, required development schedule,and multisite development                                                                 |"",
        ""img_id"": null
      }
    ],
    ""type"": null
  }
]","The size metric shifts from using application points in Stage 1 (Application Composition) to functional points and language or source lines of code (SLOC) in Stage 3 (Postarchitecture).

Cost drivers become explicit and varied across stages in Stage 3. In Stage 3, the model includes explicit product, platform, personnel, and project cost drivers (e.g., Complexity, required reusability; Execution time constraints, main storage constraints, and virtual machine volatility; Analyst capability, applications experience, programmer capability, programmer experience, language and tool experience, and personnel continuity), whereas Stage 1 has none for many of these categories.",1.543,9.256
"If a risk has an estimated probability of 0.25 and a potential loss impact of $500,000, what is the initial risk exposure, and what mathematical steps must a project manager take next to determine the ""risk reduction leverage"" if a proposed mitigation strategy costs $50,000? -Required source types: both -Brief reasoning type label: process reasoning","
[0]
[SECTION]: Planning and Managing the Project > 3.4 Risk Management > Risk Management Activities
[CONTENT]: L(UO). For instance, there are three possible consequences of performing regression testing: finding a critical fault if one exists, not finding the critical fault (even though it exists), or deciding (correctly) that there is no critical fault. As the figure illustrates, we have estimated the probability of the first case to be 0.75, of the second to be 0.05, and of the third to be 0.20. The loss associated with an unwanted outcome is estimated to be $500,000 if a critical fault is found, so that the risk exposure is $375,000. Similarly, we calculate the risk exposure for the other branches of this decision tree, and we find that our risk exposure if we perform regression testing is almost $2 million. However, the same kind of analysis shows us that the risk exposure if we do not perform regression testing is almost $17 million. Thus, we say (loosely) that more is at risk if we do not perform regression testing.
Risk exposure helps us to list the risks in priority order, with the risks of most concern given the highest priority. Next, we must take steps to control the risks.The notion of control acknowledges that we may not be able to eliminate all risks. Instead, we may be able to minimize the risk or mitigate it by taking action to handle the unwanted outcome in an acceptable way. Therefore, risk control involves risk reduction, risk planning, and risk resolution.
There are three strategies for risk reduction:
 - avoiding the risk, by changing requirements for performance or functionality
 - transferring the risk, by allocating risks to other systems or by buying insurance to cover any financial loss should the risk become a reality
 - assuming the risk, by accepting it and controlling it with the project's resources To aid decision making about risk reduction, we must take into account the cost of reducing the risk. We call risk leverage the difference in risk exposure divided by the cost of reducing the risk. In other words, risk reduction leverage is If the leverage value is not high enough to justify the action, then we can look for other less costly or more effective reduction techniques.


[1]
[SECTION]: Planning and Managing the Project > 3.4 Risk Management > SIDEBAR 3.4 BOEHM'S TOP TEN RISK ITEMS
[CONTENT]:  - The likelihood that the event will occur. We must have some idea of the probability that the event will occur. For example, suppose a project is being developed on one machine and will be ported to another when the system is fully tested. If the second machine is a new model to be delivered by the vendor, we must estimate the likelihood that it will not be ready on time. The likelihood of the risk, measured from 0 (impossible) to 1 (certainty) is called the risk probability . When the risk probability is 1, then the risk is called a problem , since it is certain to happen.
 - The degree to which we can change the outcome. For each risk, we must determine what we can do to minimize or avoid the impact of the event. Risk control involves a set of actions taken to reduce or eliminate a risk. For example, if the requirements may change after design, we can minimize the impact of the change by creating a flexible design. If the second machine is not ready when the software is tested, we may be able to identify other models or brands that have the same functionality and performance and can run our new software until the new model is delivered.
We can quantify the effects of the risks we identify by multiplying the risk impact by the risk probability, to yield the risk exposure . For example, if the likelihood that the requirements will change after design is 0.3, and the cost to redesign to new requirements is $50,000, then the risk exposure is $15,000. Clearly, the risk probability can change over time, as can the impact, so part of a project manager's job is to track these values over time and plan for the events accordingly.


[2]
[SECTION]: Planning and Managing the Project > 3.4 Risk Management > Risk Management Activities
[CONTENT]: The risk exposure is computed from the risk impact and the risk probability, so we must estimate each of these risk aspects. To see how the quantification is done, consider the analysis depicted in Figure 3.16. Suppose we have analyzed the system development process and we know we are working under tight deadlines for delivery.We have decided to build the system in a series of releases, where each release has more functionality than the one that preceded it. Because the system is designed so that functions are relatively independent, we consider testing only the new functions for a release, and we assume that the existing functions still work as they did before. However, we may worry that there are risks associated with not performing regression testing : the assurance that existing functionality still works correctly.
For  each  possible  outcome, we  estimate  two  quantities: the  probability  of  an unwanted  outcome, P(UO), and  the  loss  associated  with  the  unwanted  outcome,
[FIGURE 3.16 Example of risk exposure calculation.] 
[FIGURE_DESCRIPTIONS]
[0] The image presents a schematic decision tree for a reliability assessment or risk exposure analysis. It begins with a decision node asking whether a regression testing step is performed, with Yes/No branches. Each path branches into checks for finding a critical fault or not, and computes P(U0) and L(U0) values at each stage. Leftmost branch shows a regression testing decision leading to sub-branches: If Yes, then “Find critical fault” with P(U0)=0.75, L(U0)=$5M, resulting in combined risk exposure of $1.875M; If No, a different path with P(U0)=0.25, L(U0)=$0.5M, leading to subsequent checks and updated values such as $16.625M total exposure. The diagram includes numeric labels: P(U0) values (0.75, 0.25, 0.20, 0.0, etc.), L(U0) monetary amounts (e.g., $5M, $0.5M, $30M, $50M, $0M), and final combined exposure amounts at the right edge (e.g., $1.875M, $16.625M). Text boxes on the left indicate decision points and outcomes; there is a dotted or solid flow indicating Yes/No paths and subsequent checks for critical fault presence. The visual emphasizes risk exposure calculation, conditional probabilities, and cost labels, suitable for lecture notes on risk assessment or software testing economics.



[3]
[SECTION]: Planning and Managing the Project > 3.4 Risk Management > Risk Management Activities
[CONTENT]: / 1 cost of risk reduction 2 1 Risk exposure before reduction -risk exposure after reduction 2 In some cases, we can choose a development process to help reduce the risk. For example,we saw in Chapter 2 that prototyping can improve understanding of the requirements and design,so selecting a prototyping process can reduce many project risks.
It is useful to record decisions in a risk management plan , so that both customer and development team can review how problems are to be avoided, as well as how they are to be  handled  should  they  arise. Then, we  should  monitor  the  project  as  development progresses, periodically reevaluating the risks, their probability, and their likely impact.
","[
    {
        ""role"": ""paragraph"",
        ""segment"": ""Initial risk exposure is computed from the risk impact and the risk probability, i.e., risk exposure = risk impact × risk probability."",
        ""citations"": [
            {
                ""type"": ""source_text"",
                ""content"": ""The risk exposure is computed from the risk impact and the risk probability, so we must estimate each of these risk aspects."",
                ""img_id"": null
            },
            {
                ""type"": ""source_text"",
                ""content"": ""We can quantify the effects of the risks we identify by multiplying the risk impact by the risk probability, to yield the risk exposure."",
                ""img_id"": null
            }
        ],
        ""type"": null
    },
    {
        ""role"": ""paragraph"",
        ""segment"": ""To determine the risk reduction leverage, compute the reduction in risk exposure (pre-reduction exposure minus post-reduction exposure) and then divide by the cost of reducing the risk. In other words, risk reduction leverage = (risk exposure before reduction − risk exposure after reduction) ÷ cost of reducing the risk."",
        ""citations"": [
            {
                ""type"": ""source_text"",
                ""content"": ""We call risk leverage the difference in risk exposure divided by the cost of reducing the risk."",
                ""img_id"": null
            },
            {
                ""type"": ""source_text"",
                ""content"": ""In other words, risk reduction leverage is"",
                ""img_id"": null
            }
        ],
        ""type"": null
    }
]","Initial risk exposure is computed from the risk impact and the risk probability, i.e., risk exposure = risk impact × risk probability.

To determine the risk reduction leverage, compute the reduction in risk exposure (pre-reduction exposure minus post-reduction exposure) and then divide by the cost of reducing the risk. In other words, risk reduction leverage = (risk exposure before reduction − risk exposure after reduction) ÷ cost of reducing the risk.",1.635,8.948
How does a Message Sequence Chart visually depict the passage of time and the creation of new entities differently from how a UML Statechart diagram depicts the local variables and internal activities of a single entity? -Required source types: both -Brief reasoning type label: structure interpretation,"
[0]
[SECTION]: Capturing the Requirements > 4.5 Modeling Notations > Example: Message Sequence Chart
[CONTENT]: Message Sequence Charts (ITU 1996) are an enhanced event-trace notation, with facilities for creating and destroying entities, specifying actions and timers, and composing traces. Figure 4.7 displays an example Message Sequence Chart (MSC) for a loan transaction in our library problem. Each vertical line represents a participating entity , and a message is  depicted as an arrow from the sending entity to the receiving entity; the arrow's label specifies the message name and data parameters, if any.A message arrow may slope downwards (e.g., message recall notice ) to reflect the passage of time between when the message is sent and when it is received. Entities may come and go during the course of a trace; a dashed arrow, optionally annotated with data parameters, represents a create event that spawns a new entity, and a cross at the bottom of an entity line represents the end of that entity's execution. In contrast, a solid rectangle at the end of the line represents the end of an entity's specification without meaning the end of its execution. Actions , such as invoked operations or changes to variable values, are specified as labeled rectangles positioned on an entity's execution line, located at the point in the trace where the action occurs.Thus, in our MSC model of a library loan, loan requests are sent to the Publication to be borrowed, and the Publication entity is responsible for creating a Loan entity that manages loan-specific data, such as the due date . Reserving an item that is out on loan results in a recall of that item. Returning  the  borrowed  item  terminates  the  loan, but  not  before  calculating  the overdue fine , if any, for returning the item after the loan's due date .


[1]
[SECTION]: Capturing the Requirements > 4.5 Modeling Notations > Example: UML Statechart Diagrams
[CONTENT]: A UML statechart diagram depicts the dynamic behavior of the objects in a UML class. A UML class diagram gives a static, big-picture view of a problem, in terms of the entities involved and their relationships; it says nothing about how the entities behave, or how their behaviors change in response to input events.A statechart diagram shows how a class's instances should change state and how their attributes should change value as the  objects  interact  with  each  other. Statechart  diagrams  are  a  nice  counterpart  to Message Sequence Charts (MSC).An MSC shows the events that pass between entities without saying much about each entity's behavior, whereas a statechart diagram shows how a single entity reacts to input events and generates output events.
A UML model is a collection  of  concurrently  executing  statecharts-one  per instantiated  object-that  communicate  with  each  other  via  message  passing  (OMG 2003). Every class in a UML class diagram has an associated statechart diagram that specifies the dynamic behavior of the objects of that class. Figure 4.9 shows the UML statechart diagram for the Publication class from our Library class model.
UML statechart diagrams have a rich syntax, much of it borrowed from Harel's original conception of statecharts (Harel 1987), including state hierarchy, concurrency, and intermachine communication. State hierarchy is used to unclutter diagrams by collecting into superstates those states with common transitions.We can think of a superstate as a submachine, with its own set of states and transitions. A transition whose destination state is a superstate acts as a transition to the superstate's default initial state, designated  by  an  arrow  from  the  superstate's  internal  black  circle. A  transition  whose source state is a superstate acts as a set of transitions, one from each of the superstate's internal states. For example, in the Publication state diagram, the transition triggered by event lose can be enabled from any of the superstate's internal states; this transition ends in a final state and designates the end of the object's life.


[2]
[SECTION]: Designing the Modules > 6.4 Representing Oo Designs In The Uml > Other UML Diagrams
[CONTENT]: There are two kinds of interaction diagrams: sequence and communication. A sequence diagram shows the sequence in which activities or behaviors occur.An object is depicted as a box at the top of a vertical line, known as the object's lifeline . A narrow box on the lifeline indicates a period of time when the object is actively computing, usually in response to a received message. An arrow between two lifelines represents a message between the two objects, and it is labeled with the message's name and sometimes with the condition that must be met for the message to be sent.An asterisk on the arrow  indicates  that  the  message  is  sent  many  times, to  several  different  receiving objects. When the message arrow loops back to its starting box on the same object, the object is sending a message to itself. Figure 6.23 is an example of a sequence diagram for the Royal Service Station, showing the use case for the Refuel class.
A communication diagram also depicts a sequence of messages between objects, but it is superimposed on an object model and uses the links between objects as implicit communication channels.As with sequence diagrams, the objects are icons, and arrows are used to depict the messages. However, unlike sequence diagrams, the sequence of messages is indicated by a numbering scheme. For example, the communication diagram  in  Figure  6.24 shows  the Parking use  case. First, the parking() message, labeled '1,' is sent from the Customer class to the Service station class.Then, the check_availability() message is sent from Service station to Parking ; it is labeled with a '2.'There are five messages sent within this single use case.


[3]
[SECTION]: Capturing the Requirements > 4.5 Modeling Notations > Example: Message Sequence Chart
[CONTENT]: There  are  facilities  for  composing  and  refining  Message  Sequence  Charts. For example, important states in an entity's evolution can be specified as conditions , represented as labeled hexagons.We can then specify a small collection of subtraces between conditions, and derive a variety of traces by composing the charts at points where the entities' states are the same. For example there are multiple scenarios between state publication on loan and the end of the loan transition: the patron renews the loan once, the patron renews the loan twice, the patron returns the publication, the patron reports the publication as being lost. Each of these subscenarios could be appended to a prefix trace of a patron successfully borrowing the publication. Such composition and refinement features help to reduce the number of MSCs one would need to write to specify a problem completely. However, these features do not completely address the trace-explosion  problem, so  Message  Sequences  Charts  are  usually  used  only  to describe key scenarios rather than to specify entire problems.
","[
    {
        ""role"": ""paragraph"",
        ""segment"": ""In a Message Sequence Chart (MSC), time is conveyed by the visual flow of messages: a message arrow may slope downwards to reflect the passage of time between when the message is sent and when it is received."",
        ""citations"": [
            {
                ""type"": ""source_text"",
                ""content"": ""A message arrow may slope downwards (e.g., message recall notice ) to reflect the passage of time between when the message is sent and when it is received."",
                ""img_id"": null
            }
        ],
        ""type"": null
    },
    {
        ""role"": ""paragraph"",
        ""segment"": ""MSC also explicitly shows creation of new entities with dashed arrows: a dashed arrow, optionally annotated with data parameters, represents a create event that spawns a new entity."",
        ""citations"": [
            {
                ""type"": ""source_text"",
                ""content"": ""a dashed arrow, optionally annotated with data parameters, represents a create event that spawns a new entity"",
                ""img_id"": null
            }
        ],
        ""type"": null
    },
    {
        ""role"": ""paragraph"",
        ""segment"": ""By contrast, a UML statechart diagram focuses on the behavior of a single entity, showing how a class's instances should change state and how their attributes should change value as the objects interact with each other; it shows how a single entity reacts to input events and generates output events."",
        ""citations"": [
            {
                ""type"": ""source_text"",
                ""content"": ""A UML statechart diagram shows how a class's instances should change state and how their attributes should change value as the  objects  interact  with  each  other."",
                ""img_id"": null
            },
            {
                ""type"": ""source_text"",
                ""content"": ""A statechart  diagram shows how a single entity reacts to input events and generates output events."",
                ""img_id"": null
            }
        ],
        ""type"": null
    }
]","In a Message Sequence Chart (MSC), time is conveyed by the visual flow of messages: a message arrow may slope downwards to reflect the passage of time between when the message is sent and when it is received.

MSC also explicitly shows creation of new entities with dashed arrows: a dashed arrow, optionally annotated with data parameters, represents a create event that spawns a new entity.

By contrast, a UML statechart diagram focuses on the behavior of a single entity, showing how a class's instances should change state and how their attributes should change value as the objects interact with each other; it shows how a single entity reacts to input events and generates output events.",1.623,6.485
"According to Abdel-Hamid's system dynamics model of software development, how does increasing the staff size to alleviate schedule pressure inadvertently impact the average nominal potential productivity and communication overhead? -Required source types: both -Brief reasoning type label: causal reasoning","
[0]
[SECTION]: Modeling the Process and Life Cycle > 2.3 Tools And Techniques For Process Modeling > Dynamic Modeling: System Dynamics
[CONTENT]: A desirable property of a process model is the ability to enact the process, so that we can watch what happens to resources and artifacts as activities occur. In other words, we want to describe a model of the process and then watch as software shows us how resources flow through activities to become outputs.This dynamic process view enables us  to  simulate  the  process  and  make  changes  before  the  resources  are  actually expended. For example, we can use a dynamic process model to help us decide how many testers we need or when we must initiate testing in order to finish on schedule. Similarly, we can include or exclude activities to see their effects on effort and schedule. For instance, we can add a code-review activity, making assumptions about how many faults we will find during the review, and determine whether reviewing shortens test time significantly.
There are several ways to build dynamic process models. The systems dynamics approach, introduced by Forrester in the 1950s, has been useful for simulating diverse processes, including  ecological, economic, and  political  systems  (Forrester  1991). Abdel-Hamid and Madnick have applied system dynamics to software development, enabling project managers to 'test out' their process choices before imposing them on developers (Abdel-Hamid 1989;Abdel-Hamid and Madnick 1991).
To see how system dynamics works, consider how the software development process affects productivity. We can build a descriptive model of the various activities that involve developers' time and then look at how changes in the model increase or decrease the time it takes to design, write, and test the code. First, we must determine which factors affect  overall  productivity. Figure  2.13 depicts Abdel-Hamid's understanding of these factors. The arrows indicate how changes in one factor affect changes in another. For example,if the fraction of experienced staff increases from one-quarter to one-half of the people assigned to the project, then we would expect the average potential productivity to increase, too. Similarly, the larger the staff (reflected in staff size), the more time is devoted to communication among project members (communication overhead).


[1]
[SECTION]: Modeling the Process and Life Cycle > 2.3 Tools And Techniques For Process Modeling > Dynamic Modeling: System Dynamics
[CONTENT]: [FIGURE 2.13 Model of factors contributing to productivity (Abdel-Hamid 1996).] 
The figure shows us that average nominal potential productivity is affected by three things: the productivity of the experienced staff, the fraction of experienced staff, and the productivity of the new staff. At the same time, new staff must learn about the project; as more of the project is completed, the more the new staff must learn before they can become productive members of the team.
Other issues affect the overall development productivity. First, we must consider the fraction of each day that each developer can devote to the project. Schedule pressures  affect  this  fraction, as  do  the  developers'  tolerances  for  workload. Staff  size affects productivity, too, but the more staff, the more likely it is that time will be needed just to communicate information among team members.Communication and motivation, combined with the potential productivity represented in the upper half of Figure 2.13, suggest a general software development productivity relationship.
[FIGURE_DESCRIPTIONS]
[0] Diagram illustrating a multi-factor model of software development productivity. Central node labeled Software development productivity with upstream inputs including Average nominal potential productivity and Potential productivity, influenced by New staff nominal productivity, Experienced staff nominal potential productivity, Fraction of staff experienced, Percent of project completed, Learning multiplier, and Motivation and potential losses. Downstream effects connect to Actual fraction of person-days on project and Schedule pressure, which are further impacted by Over/under work tolerances and Staff size. Visible text includes: Fraction of staff experienced, Percent of project completed, New staff nominal productivity, Average nominal potential productivity, Potential productivity, Software development productivity, Motivation and potential losses, Actual fraction of person-days on project, Schedule pressure, Learning multiplier, Communication overhead, staff size. The layout resembles a flow-diagram or influence diagram with arrows indicating causal relationships among inputs and outcomes, emphasizing productivity drivers, efficiency losses, and project completion dynamics.



[2]
[SECTION]: Annotated Bibliography
[CONTENT]:  - Abdel-Ghaly,A.A., P.Y. Chan, and B. Littlewood (1986).'Evaluation of competing software reliability predictions.' IEEE Transactions on Software Engineering , SE 12(9): 950-967.
Analyzes several reliability models. Introduces the notions of u -plots, prequential likeli-
 - hood, noise.
 - Abdel-Hamid, Tarek  (1989). 'The  dynamics  of  software  project  staffing: A  system  dynamics based simulated approach.' IEEE Transactions on Software Engineering , 15(2) (February): 109-119.
Uses system dynamics models to simulate the effects of different staffing levels on a software development project.
 - --- (1990).'Investigating the cost/schedule trade-off in software development.' IEEE Software , 7(1): 97-105, January.
 - --- (1996). 'The slippery path to productivity improvement.' IEEE Software , 13(4) (July): 43-52.
Suggests the use of systems dynamics to optimize resource use in software development projects.
 - Abdel-Hamid, Tarek, and  Stuart  Madnick  (1991). Software  Project  Dynamics: An  Integrated Approach . Englewood Cliffs, NJ: Prentice Hall.
Contains extensive system dynamics models of the software development process.
 - Ackerman, F., L.S. Buchwald, and F.H. Lewski (1986).'Software inspections:An effective verification process.' IEEE Software , 6(3) (May): 31-36.
 - Adams, E. (1984). 'Optimizing  preventive  service  of  software  products.' IBM  Journal  of Research and Development , 28(1): 2-14.
Analyzes a number of large software systems and shows that many software faults rarely lead to failures, whereas a small portion causes the most frequent failures.
 - Agile Alliance (2001). Principles of the Agile Alliance. http://www.agilealliance.org/.
 - Akao,Yoji (1990). Quality Function Deployment: Integrating Customer Requirements Into Product Design . Productivity Press, 1990.
 - Alexander, Christopher (1979a). The Timeless Way of Building . New York: Oxford University Press.
The first book to introduce the notion of design patterns in the context of architecture.
--- (1979b). Notes on the Synthesis of Form . Cambridge, MA: Harvard University Press.
","[
  {
    ""role"": ""paragraph"",
    ""segment"": ""Increasing staff size raises communication overhead, i.e., the more staff there are, the more time is needed to communicate information among team members."",
    ""citations"": [
      {
        ""type"": ""source_text"",
        ""content"": ""the more staff, the more likely it is that time will be needed just to communicate information among team members."",
        ""img_id"": null
      }
    ],
    ""type"": null
  },
  {
    ""role"": ""paragraph"",
    ""segment"": ""As a result, even though nominal potential productivity is shaped by factors such as the productivity of experienced staff and the fraction of experienced staff, the added communication overhead from a larger team can offset productivity gains and affect the average nominal potential productivity."",
    ""citations"": [
      {
        ""type"": ""source_text"",
        ""content"": ""Average nominal potential productivity is affected by three things: the productivity of the experienced staff, the fraction of experienced staff, and the productivity of the new staff."",
        ""img_id"": null
      },
      {
        ""type"": ""source_text"",
        ""content"": ""Staff size affects productivity, too, but the more staff, the more likely it is that time will be needed just to communicate information among team members."",
        ""img_id"": null
      }
    ],
    ""type"": null
  }
]","Increasing staff size raises communication overhead, i.e., the more staff there are, the more time is needed to communicate information among team members.

As a result, even though nominal potential productivity is shaped by factors such as the productivity of experienced staff and the fraction of experienced staff, the added communication overhead from a larger team can offset productivity gains and affect the average nominal potential productivity.",1.941,5.955
"How does a company mathematically and strategically justify the initial higher development costs of creating a core asset base for a software product line, and how does the ""scoping"" of product commonality affect the eventual return on investment for derived products? -Required source types: text -Brief reasoning type label: causal reasoning","
[0]
[SECTION]: Designing the Architecture > 5.10 Software Product Lines
[CONTENT]: A distinguishing feature of building a product line is the treatment of the derived products as  a product family . Their  simultaneous  development is  planned  from  the beginning. The family's commonalities are described as a collection of reusable assets (including requirements, designs, code, and test cases), all stored in a core asset base . When developing products in the family, we retrieve assets from the base as needed.As a  result, development  resembles  an  assembly  line: many  of  the  components  can  be adapted from components in the core asset base and then plugged together, rather than developing each from scratch. The design of the core asset base is planned carefully, and it evolves as the product family grows to include new products.
Because  the  products  in  the  product  family  are  related, the  opportunities for reuse  abound  and  extend  well  beyond  the  reuse  of  code  units. Clements  and Northrop (2002) describe why a number of candidate elements may belong in the core asset base:
 - Requirements: Related  products  often  have  common  functional  requirements and quality attributes.
 - Software  architecture: Product  lines  are  based  on  a  common  architecture  that realizes  the  product  family's  shared  requirements. Differences  among  family members can be isolated or parameterized as variations in the architecture; for example, features, user interfaces, computing platforms, and some quality attributes can be altered to address particular product needs.
 - Models and analysis results: Models and analyses (e.g., performance analysis) of an individual product's architecture are likely to build on analyses of the productline  architecture. So  it  is  important  to  get  the  product-line  architecture  right, because it affects the performance of so many associated products.


[1]
[SECTION]: Designing the Architecture > 5.10 Software Product Lines > SIDEBAR 5.8 PRODUCT-LINE PRODUCTIVITY
[CONTENT]: Product-line scoping is a challenging problem. If we strive for some notion of optimal commonality among the products (e.g.,by insisting on reusing 80 percent of the code), we may exclude some interesting and profitable products that lie outside of the scope. On the other hand, if we try to include any product that looks related, we reduce the degree of commonality among the derived products, and consequently the amount of savings that can be achieved.A successful product line lies somewhere in the middle of these two extremes, with a core architecture that strongly supports the more promising products that we want to build.
In the end, a product line's success depends on both its inherent variability and the degree of overlap between its core asset base and the derived products. To obtain desired productivity-improvement numbers, each derived product's architecture must start with the product-line architecture, incorporating a significant fraction of its software units from the product line's core asset base. Then the product design adds easily accommodated changes, such as component replacements or extensions and retractions of the architecture. The less the final derived product has in common with the product line, the more the derived product's development will resemble a completely new (i.e., nonderived) product.


[2]
[SECTION]: Evaluating Products, Processes, and Resources > 12.6 Evaluating Resources > SIDEBAR 12.8 RETURN ON INVESTMENT AT CHASE MANHATTAN
[CONTENT]: The acceptance rule for NPV is simple: invest in a project if its NPV is greater than zero. To see how NPV works, consider the following situation. A company can create a new product line in two ways:
 - Base  it  on  commercial  off-the-shelf  software  (COTS). This  choice  involves  a large initial procurement cost, with subsequent high returns (based on avoided work), but the COTS product will be outdated and must be replaced after three years.
 - Build the product with a reusable design. The reuse requires considerable upfront costs for design and documentation, but the long-term costs are less than normal.
The net present value calculation may resemble Table 12.14. The COTS alternative has a slightly higher NPV and is therefore preferred.
The  NPV  approach  is  sensitive  to  the  timing  of  the  cash  flows; the  later  the returns, the more the overall value is penalized. Thus, time to market is essential to the analysis and affects the outcome.The size or scale of a project is also reflected in the NPV. Because NPV is additive, we can evaluate the effects of collections of projects simply by summing their individual NPVs. On the other hand, significant gains from one technology can mask losses from investment in another; for this reason, it is useful to evaluate each type of investment separately. In real-world practice, NPV is not used for naive single-project evaluation, but rather in the context of a more comprehensive financial and strategic framework (Favaro 1996).


[3]
[SECTION]: Designing the Architecture > 5.10 Software Product Lines
[CONTENT]: The corporate strategy for designing and developing the related products is based on the reuse of elements of a common product line . The company plans upfront to manufacture and market several related products. Part of the planning process involves deciding how those products will share assets and resources. The products may appear to be quite different from one another, varying in size, quality, features, or price. But they have enough in common to allow the company to take advantage of economies of scope by sharing technologies (e.g., architecture, common parts, test suites, or environments), assembly facilities (e.g., workers, assembly plants), business plans (e.g., budgets, release  schedules), marketing  strategies  and  distribution  channels, and  so  on. As  a result, the cost and effort to develop the family of products is far less than the sum of the costs to develop the products individually.The product-line notion is not particular to software; it has been used for years in all types of manufacturing. For example, an automobile company offers multiple models of cars, each with its own specifications of passenger and cargo space, power, and fuel economy. Individual brands have their own distinct  appearance, dashboard  interfaces, feature  packages, and  luxury  options; the brand is targeted at a particular market and sold at prices within a particular range. But many of the models are built on the same chassis, use common parts from the same suppliers, use common software, are assembled at the same manufacturing plant, and are sold at the same dealerships as other models.
","[
  {
    ""role"": ""paragraph"",
    ""segment"": ""Strategically, a company justifies higher upfront development costs for a core asset base by framing long-term savings through reuse and economies of scope: the core asset base enables many derived products to be built by adapting and plugging together reusable assets, reducing development effort across the product family."",
    ""citations"": [
      {
        ""type"": ""source_text"",
        ""content"": ""The family's commonalities are described as a collection of reusable assets (including requirements, designs, code, and test cases), all stored in a core asset base . When developing products in the family, we retrieve assets from the base as needed.As a result, development resembles  an  assembly  line: many  of the  components  can  be adapted from components in the core asset base and then plugged together, rather than developing each from scratch."",
        ""img_id"": null
      },
      {
        ""type"": ""source_text"",
        ""content"": ""The corporate strategy for designing and developing the related products is based on the reuse of elements of a common product line . The company plans upfront to manufacture and market several related products."",
        ""img_id"": null
      }
    ],
    ""type"": null
  },
  {
    ""role"": ""paragraph"",
    ""segment"": ""Financially, the value of that upfront investment is evaluated with net present value (NPV): if the derived design approach yields a positive NPV, the investment is justified, and the model contrasts building from a reusable design with basing on commercial off-the-shelf software (COTS)."",
    ""citations"": [
      {
        ""type"": ""source_text"",
        ""content"": ""The acceptance rule for NPV is simple: invest in a project if its NPV is greater than zero."",
        ""img_id"": null
      },
      {
        ""type"": ""source_text"",
        ""content"": ""The net present value calculation may resemble Table 12.14. The COTS alternative has a slightly higher NPV and is therefore preferred."",
        ""img_id"": null
      },
      {
        ""type"": ""source_text"",
        ""content"": ""The reuse requires considerable upfront costs for design and documentation, but the long-term costs are less than normal."",
        ""img_id"": null
      },
      {
        ""type"": ""source_text"",
        ""content"": ""The NPV approach is sensitive to the timing of the cash flows; the later the returns, the more the overall value is penalized."",
        ""img_id"": null
      },
      {
        ""type"": ""source_text"",
        ""content"": ""Because NPV is additive, we can evaluate the effects of collections of projects simply by summing their individual NPVs."",
        ""img_id"": null
      }
    ],
    ""type"": null
  },
  {
    ""role"": ""paragraph"",
    ""segment"": ""Scoping the product commonality—how much of the product line’s architecture and assets are shared with derived products—significantly impacts ROI: a core architecture that strongly supports the more promising products and a substantial fraction of software units from the core asset base lead to higher productivity improvements, while less overlap makes derived products resemble new, nonderived products and erodes the savings."",
    ""citations"": [
      {
        ""type"": ""source_text"",
        ""content"": ""To obtain desired productivity-improvement numbers, each derived product's architecture must start with the product-line architecture, incorporating a significant fraction of its software units from the product line's core asset base."",
        ""img_id"": null
      },
      {
        ""type"": ""source_text"",
        ""content"": ""The less the final derived product has in common with the product line, the more the derived product's development will resemble a completely new (i.e., nonderived) product."",
        ""img_id"": null
      },
      {
        ""type"": ""source_text"",
        ""content"": ""The product-line notion is not particular to software; it has been used for years in all types of manufacturing. For example, an automobile company offers multiple models of cars, each with its own specifications... many of the models are built on the same chassis, use common parts from the same suppliers, use common software, are assembled at the same manufacturing plant, and are sold at the same dealerships as other models."",
        ""img_id"": null
      }
    ],
    ""type"": null
  }
]","Strategically, a company justifies higher upfront development costs for a core asset base by framing long-term savings through reuse and economies of scope: the core asset base enables many derived products to be built by adapting and plugging together reusable assets, reducing development effort across the product family.

Financially, the value of that upfront investment is evaluated with net present value (NPV): if the derived design approach yields a positive NPV, the investment is justified, and the model contrasts building from a reusable design with basing on commercial off-the-shelf software (COTS).

Scoping the product commonality—how much of the product line’s architecture and assets are shared with derived products—significantly impacts ROI: a core architecture that strongly supports the more promising products and a substantial fraction of software units from the core asset base lead to higher productivity improvements, while less overlap makes derived products resemble new, nonderived products and erodes the savings.",1.519,9.995
"How does the role of the ""Transformed Specification"" in the operational specification process model conceptually differ from the transition between a throwaway prototype and an evolutionary prototype during the requirements engineering phase? -Required source types: both -Brief reasoning type label: comparison","
[0]
[SECTION]: Modeling the Process and Life Cycle > 2.2 Software Process Models > Transformational Model
[CONTENT]: Balzer's transformational model tries to reduce the opportunity for error by eliminating several major development steps. Using automated support, the transformational process applies a series of transformations to change a specification into a deliverable system (Balzer 1981a).
[FIGURE 2.6 The operational specification model.] 
Sample transformations can include Because many paths can be taken from the specification to the delivered system, the sequence of transformations and the decisions they reflect are kept as a formal development record.
 - changing the data representations
 - selecting algorithms
 - optimizing
 - compiling
The transformational approach holds great promise. However, a major impediment to its use is the need for a formal specification expressed precisely so the transformations can operate on it, as shown in Figure 2.7. As formal specification methods become more popular, the transformational model may gain wider acceptance.
[FIGURE_DESCRIPTIONS]
[0] Flowchart diagram illustrating the software engineering process from initial requirements to delivered system. Central path shows OPERATIONAL SPECIFICATION (problem-oriented) feeding into TRANSFORMED SPECIFICATION (implementation-oriented), then into TEST, and finally to DELIVERED SYSTEM. At the top, a process box labeled Execute and Revise points back to OPERATIONAL SPECIFICATION, indicating iterative refinement. On the left, the SYSTEM REQUIREMENTS box (sometimes informal or incomplete) connects to OPERATIONAL SPECIFICATION, highlighting requirements-to-spec conversion. Arrows indicate bidirectional feedback loops between requirements, specification, and execution stages, with the TEST box on the right and a downstream DELIVERED SYSTEM. All boxes are rounded-rectangle shapes with light gray fill and black borders. Text is capitalized; the diagram emphasizes iterative development and alignment between problem requirements and implementation-oriented specifications.



[1]
[SECTION]: Modeling the Process and Life Cycle > 2.2 Software Process Models > Operational Specification
[CONTENT]: For many systems, uncertainty about the requirements leads to changes and problems later in development.Zave (1984) suggests a process model that allows the developers and customers to examine the requirements and their implications early in the development process, where they can discuss and resolve some of the uncertainty. In the operational specification  model , the system requirements are evaluated or executed in a way that demonstrates the behavior of the system.That is,once the requirements are specified,they can be enacted using a software package, so their implications can be assessed before design begins. For example, if the specification requires the proposed system to handle 24 users, an executable form of the specification can help analysts determine whether that number of users puts too much of a performance burden on the system.
This type of process is very different from traditional models such as the waterfall model. The waterfall model separates the functionality of the system from the design (i.e., what the system is to do is separated from how the system does it), intending to keep the customer needs apart from the implementation. However,an operational specification allows the functionality and the design to be merged.Figure 2.6 illustrates how an operational specification works.Notice that the operational specification is similar to prototyping; the process enables user and developer to examine requirements early on.


[2]
[SECTION]: Capturing the Requirements > 4.5 Modeling Notations > Algebraic Specifications
[CONTENT]: With the exception of logic and OCL notations, all of the notation paradigms we have considered so far tend to result in models that suggest particular implementations. For example,
 - A UML class model suggests what classes ought to appear in the final (objectoriented) implementation.
 - A data-flow specification suggests how an implementation ought to be decomposed into data-transforming modules.
 - A state-machine model suggests how a reactive system should be decomposed into cases.
 - A Z specification suggests how complex data types can be implemented in terms of sets, sequences, or functions.
Such implementation bias in a requirements specification can lead a software designer to produce a design that adheres to the specification's model , subconsciously disregarding possibly better designs that would satisfy the specified behavior . For example, as we will  see  in  Chapter  6, the  classes  in  a  UML  class  diagram  may  be  appropriate  for expressing  a problem simply  and  succinctly, but  the  same  class  decomposition  in  a design may result in an inefficient solution to the problem.
A completely different way of viewing a system is in terms of what happens when combinations of operations are performed.This multi-operational view is the main idea behind algebraic specifications : to specify the behavior of operations by specifying the interactions between pairs of operations rather than modeling individual operations. An execution trace is the sequence of operations that have been performed since the start of execution. For example, one execution of our turnstile problem, starting with a new turnstile, is the operation sequence Specification axioms specify the effects of applying pairs of operations on an arbitrary sequence of operations that have already executed (where SEQ is some prefix sequence of operations):


[3]
[SECTION]: Capturing the Requirements > 4.13 Real-Time Example > 4.14 WHAT THIS CHAPTER MEANS FOR YOU
[CONTENT]:  - Requirements questions can be answered using models or prototypes.In either case, the goal is to focus on the subproblem that is at the heart of the question, rather than necessarily modeling or prototyping the entire problem. If prototyping, you need to decide ahead of time whether the resulting software will be kept or thrown away.
 - Requirements must be validated to ensure that they accurately reflect the customer's expectations.The requirements should also be checked for completeness,
correctness, consistency, feasibility, and  more, sometimes  using  techniques  or tools that are associated with the specification methods you have chosen. Finally, you should verify that the specification fulfills the requirements.
","[
  {
    ""role"": ""paragraph"",
    ""segment"": ""In the operational specification model, the system requirements are evaluated or executed to demonstrate the system's behavior, and an operational specification allows the functionality and the design to be merged. The transformed specification (implementation-oriented) is the next stage where transformations are applied to turn the specification into a deliverable system, effectively changing data representations, selecting algorithms, optimizing, and compiling."",
    ""citations"": [
      {
        ""type"": ""source_text"",
        ""content"": ""the operational specification model , the system requirements are evaluated or executed in a way that demonstrates the behavior of the system"",
        ""img_id"": null
      },
      {
        ""type"": ""source_text"",
        ""content"": ""However,an operational specification allows the functionality and the design to be merged.Figure 2.6 illustrates how an operational specification works.Notice that the operational specification is similar to prototyping; the process enables user and developer to examine requirements early on."",
        ""img_id"": null
      },
      {
        ""type"": ""source_text"",
        ""content"": ""The transformational approach holds great promise. However, a major impediment to its use is the need for a formal specification expressed precisely so the transformations can operate on it"",
        ""img_id"": null
      },
      {
        ""type"": ""source_text"",
        ""content"": ""transformed specification (implementation-oriented)"",
        ""img_id"": ""img0_se_theory_practice.pdf__chunk_553_562_142""
      }
    ]
  },
  {
    ""role"": ""paragraph"",
    ""segment"": ""In the requirements engineering context described, prototyping is used to answer requirements questions, and there is a decision point about what to do with the prototype: whether the resulting software will be kept or thrown away. This contrasts with the transformational/operational approach, where the focus is on transforming a formal specification into a deliverable system through a defined sequence of transformations."",
    ""citations"": [
      {
        ""type"": ""source_text"",
        ""content"": ""Requirements questions can be answered using models or prototypes.In either case, the goal is to focus on the subproblem that is at the heart of the question, rather than necessarily modeling or prototyping the entire problem."",
        ""img_id"": null
      },
      {
        ""type"": ""source_text"",
        ""content"": ""If prototyping, you need to decide ahead of time whether the resulting software will be kept or thrown away."",
        ""img_id"": null
      }
    ]
  }
]","In the operational specification model, the system requirements are evaluated or executed to demonstrate the system's behavior, and an operational specification allows the functionality and the design to be merged. The transformed specification (implementation-oriented) is the next stage where transformations are applied to turn the specification into a deliverable system, effectively changing data representations, selecting algorithms, optimizing, and compiling.

In the requirements engineering context described, prototyping is used to answer requirements questions, and there is a decision point about what to do with the prototype: whether the resulting software will be kept or thrown away. This contrasts with the transformational/operational approach, where the focus is on transforming a formal specification into a deliverable system through a defined sequence of transformations.",1.555,10.073
"If a software development team uses a data-flow diagram to model a system's high-level functionality, how would the data stores and actors identified in the DFD directly influence the complexity weights used to calculate Application Points in Stage 1 of the COCOMO II estimation model? -Required source types: both -Brief reasoning type label: process reasoning","
[0]
[SECTION]: Capturing the Requirements > 4.5 Modeling Notations > Data-Flow Diagrams
[CONTENT]: One of the strengths of data-flow diagrams is that they provide an intuitive model of a proposed system's high-level functionality and of the data dependencies among the various processes. Domain experts find them easy to read and understand. However, a data-flow diagram can be aggravatingly ambiguous to a software developer who is less familiar with the problem being modeled. In particular, there are multiple ways of interpreting a DFD process that has multiple input flows (e.g., process Borrow ): are all inputs needed to compute the function, is only one of the inputs needed, or is some subset of the inputs needed? Similarly, there are multiple ways of interpreting a DFD process that has multiple output flows: are all outputs generated every time the process executes, is only one of the outputs generated, or is some subset generated? It is also not obvious that two data flows with the same annotation represent the same values: are the Items Returned that flow from Return to Loan Records the same as the Items Returned that flow from Return to Process Fines ? For these reasons, DFDs are best used by users who are familiar with the application domain being modeled, and as early models of a problem, when details are less important.


[1]
[SECTION]: Capturing the Requirements > 4.5 Modeling Notations > Data-Flow Diagrams
[CONTENT]: A data-flow diagram (DFD) models functionality and the flow of data from one function to another. A bubble represents a process , or function, that transforms data. An arrow represents data flow , where an arrow into a bubble represents an input to the bubble's function, and an arrow out of a bubble represents one of the function's outputs. Figure 4.14 shows a high-level data-flow diagram for our library problem. The problem is broken down into steps, with the results of early steps flowing into later steps. Data  that  persist  beyond  their  use  in  a  single  computation  (e.g., information about patrons' outstanding fines) can be saved in a data store -a formal repository or database  of  information-that  is  represented  by  two  parallel  bars. Data  sources  or sinks, represented by rectangles, are actors : entities that provide input data or receive the output results. A bubble can be a high-level abstraction of another data-flow diagram that shows in more detail how the abstract function is computed. A lowest-level bubble is a function whose effects, such as pre-conditions, post-conditions, exceptions, can be specified in another notation (e.g., text, mathematical functions, event traces) in a separately linked document.


[2]
[SECTION]: Capturing the Requirements > 4.5 Modeling Notations > Example: Use Cases
[CONTENT]: A UML use-case diagram (OMG 2003) is similar to a top-level data-flow diagram that depicts observable, user-initiated functionality in terms of interactions between the system and its environment.A large box represents the system boundary. Stick figures outside the box portray actors, both humans and systems, and each oval inside the box is a use  case  that  represents  some  major  required  functionality  and  its  variants. A  line between an actor and a use case indicates that the actor participates in the use case. Use cases are not meant to model all the tasks that the system should provide. Rather, they are used to specify user views of essential system behavior. As such, they model only system  functionality  that  can  be  initiated  by  some  actor  in  the  environment. For example, in Figure 4.15, key library uses include borrowing a book, returning a borrowed book, and paying a library fine.
[FIGURE 4.15 Library use cases.] 
[FIGURE_DESCRIPTIONS]
[0] Diagram shows a system with two external actors labeled ""Patron"" on the left and ""Librarian"" on the left bottom, connected to a central data flow or process area enclosed by a large rectangle. Within the inner area are ovals representing use cases: at top cluster: ""pay fines"", ""check fines"", ""find item"", ""extend"" (labeled as (extend) near some arrows), ""borrow item"", and ""return item"" with arrows indicating relationships among them. Some use cases are linked with dashed lines indicating optional or extended relationships; e.g., ""reserve item"" and ""recall item"" appear in a middle-left cluster with the librarian actor involved. Text markers like ""include"" and ""extend"" appear beside arrows to denote UML use-case relationships; the librarian interacts with use cases like ""unreserve item"" and possibly a general inventory interface labeled ""Library inventory"" on the right. The diagram emphasizes relationships between patrons and librarians with the library inventory boundary on the right, showing user actions: paying fines, finding, borrowing, returning, reserving, recalling, unreserve. The visual arrangement suggests a use-case diagram with actors on the periphery, ovals for actions, and directed lines indicating associations and include/extend relationships. Readable labels include: pay fines, check fines, find item, borrow item, return item, reserve item, recall item, unreserve item, extend, include, extend, Library inventory.



[3]
[SECTION]: Capturing the Requirements > 4.5 Modeling Notations > Data-Flow Diagrams
[CONTENT]: The notation paradigms discussed so far promote decomposing a problem by entity (ER diagram); by scenario (event trace); and by control state (i.e., equivalence classes of scenarios) (state machines). However, early requirements tend to be expressed as Such requirements, when decomposed by entity, scenario, or state, devolve into collections  of  lower-level  behaviors  that  are  distributed  among  multiple  entities  and  that must be coordinated. This modular structure makes it harder to see a model's highlevel  functionality. In  our  library  example, none of the above modeling notations is effective in showing, in a single model, all of the steps, and their variants, that a patron must take to borrow a book. For this reason, notations that promote decomposition by functionality have always been popular.
 - Tasks to be completed
 - Functions to be computed
 - Data to be analyzed, transformed, or recorded
","[
    {
        ""role"": ""paragraph"",
        ""segment"": ""The chatbot can't answer this question. Please try again with another question."",
        ""citations"": [],
        ""type"": ""abstained""
    }
]",The chatbot can't answer this question. Please try again with another question.,1.437,3.442
"According to McCall's quality model, ""Flexibility"" is a key external quality factor. If an architect wants to achieve this factor by minimizing the number of indirectly affected software units when a change occurs, which specific modifiability tactics should be applied to the system's interfaces and coupling? -Required source types: both -Brief reasoning type label: synthesis","
[0]
[SECTION]: Why Software Engineering? > 1.3 What Is Good Software? > The Quality of the Product
[CONTENT]: We can ask people to name the characteristics of software that contribute to its overall quality, but we are likely to get different answers from each person we ask. This difference occurs because the importance of the characteristics depends on who is analyzing the software. Users judge software to be of high quality if it does what they want in a way that is easy to learn and easy to use. However, sometimes quality and functionality are intertwined; if something is hard to learn or use but its functionality is worth the trouble, then it is still considered to have high quality.
We try  to  measure  software  quality  so  that  we  can  compare  one  product  with another. To do so, we identify those aspects of the system that contribute to its overall quality. Thus, when measuring software quality, users assess such external characteristics as the number of failures and type of failures. For example, they may define failures as minor,major,and catastrophic,and hope that any failures that occur are only minor ones.
The software must also be judged by those who are designing and writing the code and by those who must maintain the programs after they are written.These practitioners tend to look at internal characteristics of the products, sometimes even before the product is delivered to the user. In particular, practitioners often look at numbers and types of faults for evidence of a product's quality (or lack of it). For example, developers track the number of faults found in requirements, design, and code inspections and use them as indicators of the likely quality of the final product.
For this reason, we often build models to relate the user's external view to the developer's internal view of the software. Figure 1.5 is an example of an early quality model built by McCall and his colleagues to show how external quality factors (on the left-hand side) relate to product quality criteria (on the right-hand side). McCall associated each right-hand criterion with a measurement to indicate the degree to which an element of quality was addressed (McCall, Richards, and Walters 1977).We will examine several product quality models in Chapter 12.


[1]
[SECTION]: Why Software Engineering? > 1.3 What Is Good Software? > The Quality of the Product
[CONTENT]: [FIGURE 1.5 McCall's quality model.] 
[FIGURE_DESCRIPTIONS]
[0] Diagram showing a set of labeled rectangular blocks aligned vertically on the left, each connected by arrows to multiple blocks on the right. Left column labels include: Correctness, Reliability, Efficiency, Integrity, Usability, Maintainability, Testability, Flexibility, Portability, Reusability, Interoperability. Right column contains corresponding attributes such as traceability, compliance, consistency, accuracy, error tolerance, resilience, storage efficiency, data integrity, access control, availability, training, communicativeness, simplicity, extensibility, instrumentation, user-facing design, software engineering, management, domain-specific concepts, and dependency relationships. Visual links indicate cross-relations between left-side quality attributes and right-side system properties. The diagram emphasizes quality attributes mapping to system properties, with arrows illustrating dependency and influence relationships. Text appears in standard sans-serif font, left-aligned labels and right-side property terms, suggesting a conceptual model of software quality attributes and their interactions within theory-practice discourse. 



[2]
[SECTION]: Designing the Architecture > 5.5 Achieving Quality Attributes > Business Goals
[CONTENT]: The system may have quality attributes that it is expected to exhibit. In addition, we or our customers may have associated business goals that are important to achieve. The most common of these goals is minimizing the cost of development and the time to market. Such goals can have major effects on our design decisions:
 - Buy vs. build: It is becoming increasingly possible to buy major components. In addition to saving development time, we may actually save money by buying a component rather than paying our employees to build it.A purchased component may also be more reliable, especially if it has a history and has been tested out by other users. On the other hand, using a third-party or existing component places constraints  on  the  rest  of  our  design, with  respect  to  how  the  architecture  is decomposed and what its interfaces to the component look like. It can also make our system vulnerable to the availability of the component's supplier, and can be disastrous if the supplier goes out of business or evolves the component so that it is no longer compatible with our hardware, software, or needs.
 - Initial  development  vs. maintenance  costs: Many of the  architectural  styles  and tactics  that  promote  modifiability  also  increase  a  design's  complexity, and  thus increase the system's cost. Because more than half of a system's total development costs are incurred after the first version is released, we can save money by making our system more modifiable.However,increased complexity may delay the system's initial release. During this delay, we collect no payment for our product, we risk losing market share to our competitors, and we risk our reputation as a reliable
 - software supplier.Thus, for each system that we build, we must evaluate the tradeoff between early delivery and easier maintenance.


[3]
[SECTION]: Designing the Architecture > 5.5 Achieving Quality Attributes
[CONTENT]: In Chapter 4, we saw that software requirements are about more than the proposed system's functionality. Other attributes, such as performance, reliability, and usability, are carefully specified, reflecting the characteristics that users want to see in the products  we  build. As  we  design  our  system, we  want  to  select  architectural  styles  that promote  the  required  quality  attributes. However, architectural  style  offers  only  a coarse-grained solution with generally beneficial properties; there is no assurance that a specific quality attribute is optimized. To assure the support of particular attributes, we use tactics (Bass, Clements, and Kazman 2003): more fine-grained design decisions that can improve how well our design achieves specific quality goals.


[4]
[SECTION]: Designing the Architecture > 5.5 Achieving Quality Attributes > Performance
[CONTENT]: A third tactic is to reduce demand for resources.At first glance, this approach may seem unhelpful, because we may have no control over inputs to our software. However, we can sometimes reduce demand on resources by making our code more efficient. Better yet, in some systems, we may be able to service only a fraction of the inputs we receive. For example, if some of the system inputs are sensor data rather than requests for service, our software may be able to sample inputs at a lower frequency without the system's missing important changes in the sensed environment.
","[
  {
    ""role"": ""paragraph"",
    ""segment"": ""The chatbot can't answer this question. Please try again with another question."",
    ""citations"": [],
    ""type"": ""abstained""
  }
]",The chatbot can't answer this question. Please try again with another question.,1.74,4.727
"When quantifying the risk exposure for failing to satisfy a subjective quality requirement like ""usability,"" how can the establishment of specific ""fit criteria"" during the requirements phase alter the parameters used in the risk reduction leverage calculation during project planning? -Required source types: text -Brief reasoning type label: causal reasoning","
[0]
[SECTION]: Capturing the Requirements > 4.3 Types Of Requirements > SIDEBAR 4.4 MAKING REQUIREMENTS TESTABLE
[CONTENT]: I n writing about good design, Alexander (1979a) encourages us to make our requirements testable. By this, he means that once a requirement is stated, we should be able to determine whether or not a proposed solution meets the requirement. This evaluation must be objective; that is, the conclusion as to whether the requirement is satisfied must not vary according to who is doing the evaluation.
Robertson and Robertson (1999) point out that testability (which they call 'measurability')  can  be  addressed  when  requirements  are  being  elicited. The  idea  is  to  quantify  the extent to which each requirement must be met.These fit criteria form objective standards for judging whether a proposed solution satisfies the requirements.When such criteria cannot be easily expressed, then the requirement is likely to be ambiguous, incomplete, or incorrect. For example, a customer may state a quality requirement this way:
Water quality information must be accessible immediately.
How do you test that your product meets this requirement? The customer probably has a clear idea about what 'immediately' means, and that notion must be captured in the requirement.We can restate more precisely what we mean by 'immediately':
Water quality records must be retrieved within 5 seconds of a request.
This second formulation of the requirement can be tested objectively: a series of requests is made, and we check that the system supplies the appropriate record within 5 seconds of each request.
It is relatively easy to determine fit criteria for quality requirements that are naturally quantitative (e.g., performance, size, precision, accuracy, time to delivery). What about more subjective quality requirements, like usability or maintainability? In these cases, developers use focus groups or metrics to evaluate fit criteria:
 - 75% of users shall judge the new system to be as usable as the existing system.
 - After training, 90% of users shall be able to process a new account within 5 minutes.
 - A module will encapsulate the data representation of at most one data type.


[1]
[SECTION]: Planning and Managing the Project > 3.4 Risk Management > Risk Management Activities
[CONTENT]: The risk exposure is computed from the risk impact and the risk probability, so we must estimate each of these risk aspects. To see how the quantification is done, consider the analysis depicted in Figure 3.16. Suppose we have analyzed the system development process and we know we are working under tight deadlines for delivery.We have decided to build the system in a series of releases, where each release has more functionality than the one that preceded it. Because the system is designed so that functions are relatively independent, we consider testing only the new functions for a release, and we assume that the existing functions still work as they did before. However, we may worry that there are risks associated with not performing regression testing : the assurance that existing functionality still works correctly.
For  each  possible  outcome, we  estimate  two  quantities: the  probability  of  an unwanted  outcome, P(UO), and  the  loss  associated  with  the  unwanted  outcome,
[FIGURE 3.16 Example of risk exposure calculation.] 
[FIGURE_DESCRIPTIONS]
[0] The image presents a schematic decision tree for a reliability assessment or risk exposure analysis. It begins with a decision node asking whether a regression testing step is performed, with Yes/No branches. Each path branches into checks for finding a critical fault or not, and computes P(U0) and L(U0) values at each stage. Leftmost branch shows a regression testing decision leading to sub-branches: If Yes, then “Find critical fault” with P(U0)=0.75, L(U0)=$5M, resulting in combined risk exposure of $1.875M; If No, a different path with P(U0)=0.25, L(U0)=$0.5M, leading to subsequent checks and updated values such as $16.625M total exposure. The diagram includes numeric labels: P(U0) values (0.75, 0.25, 0.20, 0.0, etc.), L(U0) monetary amounts (e.g., $5M, $0.5M, $30M, $50M, $0M), and final combined exposure amounts at the right edge (e.g., $1.875M, $16.625M). Text boxes on the left indicate decision points and outcomes; there is a dotted or solid flow indicating Yes/No paths and subsequent checks for critical fault presence. The visual emphasizes risk exposure calculation, conditional probabilities, and cost labels, suitable for lecture notes on risk assessment or software testing economics.



[2]
[SECTION]: Capturing the Requirements > 4.3 Types Of Requirements > SIDEBAR 4.4 MAKING REQUIREMENTS TESTABLE
[CONTENT]:  - Computation errors shall be fixed within 3 weeks of being reported.
Fit criteria that cannot be evaluated before the final product is delivered are harder to assess:
 - The system shall not be unavailable for more than a total maximum of 3 minutes each year.
 - The mean-time-between-failures shall be no less than 1 year.
In  these  cases, we  either  estimate  a  system's  quality  attributes  (e.g., there  are  techniques for estimating system reliability, and for estimating the number of faults per line of code) or evaluate the delivered system during its operation-and suffer some financial penalty if the system does not live up to its promise.
Interestingly, what gets measured gets done.That is, unless a fit criterion is unrealistic, it will probably be met. The key is to determine, with the customer, just how to demonstrate that a delivered system meets its requirements. The Robertsons suggest three ways to help make requirements testable:
 - Specify a quantitative description for each adverb and adjective so that the meaning of qualifiers is clear and unambiguous.
 - Replace pronouns with specific names of entities.
 - Make sure that every noun is defined in exactly one place in the requirements documents.
An alternative approach, advocated by the Quality Function Deployment (QFD) school (Akao 1990), is to realize quality requirements as special-purpose functional requirements, and to test quality requirements by testing how well their associated functional requirements have been satisfied.This approach works better for some quality requirements than it does for others. For example, real-time requirements can be expressed as additional conditions or constraints on when required functionality occurs. Other quality requirements, such as security, maintainability, and performance, may be satisfied by adopting existing designs and protocols that have been developed specifically to optimize a particular quality requirement.
reflect  on  which  of  the  requested  services  and  features  are  most  essential. A  loose prioritization scheme might separate requirements into three categories:
","[
  {
    ""role"": ""paragraph"",
    ""segment"": ""Establishing fit criteria for subjective quality requirements like usability turns vague judgments into measurable targets, which in turn reduces uncertainty in risk calculations. The Robertson and Robertson idea is that testability can be addressed when requirements are elicited, and fit criteria form objective standards for judging whether a proposed solution satisfies the requirements. When such criteria cannot be easily expressed, the requirement is likely to be ambiguous, incomplete, or incorrect."",
    ""citations"": [
      {
        ""type"": ""source_text"",
        ""content"": ""Robertson and Robertson (1999) point out that testability (which they call 'measurability')  can  be  addressed  when  requirements  are  being  elicited. The  idea  is  to  quantify  the extent to which each requirement must be met.These fit criteria form objective standards for judging whether a proposed solution satisfies the requirements."",
        ""img_id"": null
      }
    ],
    ""type"": null
  },
  {
    ""role"": ""paragraph"",
    ""segment"": ""For subjective quality requirements like usability, the text notes that focus groups or metrics can be used to evaluate fit criteria. This enables turning subjective notions (e.g., usability) into concrete, testable measures, which feed into risk assessment by clarifying what counts as a failure and how often it might occur."",
    ""citations"": [
      {
        ""type"": ""source_text"",
        ""content"": ""In these cases, developers use focus groups or metrics to evaluate fit criteria:\n - 75% of users shall judge the new system to be as usable as the existing system.\n - After training, 90% of users shall be able to process a new account within 5 minutes.\n - A module will encapsulate the data representation of at most one data type."",
        ""img_id"": null
      }
    ],
    ""type"": null
  },
  {
    ""role"": ""paragraph"",
    ""segment"": ""In risk management, risk exposure is computed from risk impact and risk probability; to quantify it, one estimates the probability of an unwanted outcome (P(UO)) and the loss associated with that outcome. By defining fit criteria for usability, you can better estimate P(UO) and L(UO) for usability failures, thereby altering the risk reduction leverage calculation used in project planning."",
    ""citations"": [
      {
        ""type"": ""source_text"",
        ""content"": ""The risk exposure is computed from the risk impact and the risk probability, so we must estimate each of these risk aspects. To see how the quantification is done, consider the analysis depicted in Figure 3.16. Suppose we have analyzed the system development process and we know we are working under tight deadlines for delivery."",
        ""img_id"": ""img0_se_theory_practice.pdf__chunk_1090_1092_269""
      },
      {
        ""type"": ""source_text"",
        ""content"": ""For  each  possible  outcome, we  estimate  two  quantities: the  probability  of  an unwanted  outcome, P(UO), and  the  loss  associated  with  the  unwanted  outcome,"",
        ""img_id"": ""img0_se_theory_practice.pdf__chunk_1090_1092_269""
      }
    ],
    ""type"": null
  },
  {
    ""role"": ""paragraph"",
    ""segment"": ""Therefore, by turning usability into measurable fit criteria during requirements, you can obtain more precise estimates of P(UO) and L(UO) for usability failures, which directly influence the risk exposure and the effectiveness of the risk reduction leverage in project planning."",
    ""citations"": [
      {
        ""type"": ""source_text"",
        ""content"": ""The risk exposure is computed from the risk impact and the risk probability, so we must estimate each of these risk aspects."",
        ""img_id"": ""img0_se_theory_practice.pdf__chunk_1090_1092_269""
      },
      {
        ""type"": ""source_text"",
        ""content"": ""For  each  possible  outcome, we  estimate  two  quantities: the  probability  of  an unwanted  outcome, P(UO), and  the  loss  associated  with  the  unwanted  outcome,"",
        ""img_id"": ""img0_se_theory_practice.pdf__chunk_1090_1092_269""
      }
    ],
    ""type"": null
  }
]","Establishing fit criteria for subjective quality requirements like usability turns vague judgments into measurable targets, which in turn reduces uncertainty in risk calculations. The Robertson and Robertson idea is that testability can be addressed when requirements are elicited, and fit criteria form objective standards for judging whether a proposed solution satisfies the requirements. When such criteria cannot be easily expressed, the requirement is likely to be ambiguous, incomplete, or incorrect.

For subjective quality requirements like usability, the text notes that focus groups or metrics can be used to evaluate fit criteria. This enables turning subjective notions (e.g., usability) into concrete, testable measures, which feed into risk assessment by clarifying what counts as a failure and how often it might occur.

In risk management, risk exposure is computed from risk impact and risk probability; to quantify it, one estimates the probability of an unwanted outcome (P(UO)) and the loss associated with that outcome. By defining fit criteria for usability, you can better estimate P(UO) and L(UO) for usability failures, thereby altering the risk reduction leverage calculation used in project planning.

Therefore, by turning usability into measurable fit criteria during requirements, you can obtain more precise estimates of P(UO) and L(UO) for usability failures, which directly influence the risk exposure and the effectiveness of the risk reduction leverage in project planning.",1.495,11.295
"Why would a highly hierarchical Chief Programmer team structure theoretically face fewer communication bottlenecks than a loosely structured, egoless team when developing a system specified with a tightly coupled algebraic specification notation like SDL Data? -Required source types: text -Brief reasoning type label: causal reasoning","
[0]
[SECTION]: Planning and Managing the Project > 3.2 Project Personnel > Project Organization
[CONTENT]: [FIGURE 3.11 Chief programmer team organization.] 
Clearly, the chief programmer must be good at making decisions quickly, so the chief is likely to be an extrovert. However, if most of the team members are introverts, the chief programmer team may not be the best structure for the project. An alternative is based on the idea of 'egoless' programming, as described by Weinberg (1971). Instead of a single point of responsibility, an egoless approach holds everyone equally responsible. Moreover, the process is separated from the individuals; criticism is made of  the  product  or  the  result, not  the  people  involved. The  egoless  team  structure  is democratic, and all team members vote on a decision, whether it concerns design considerations or testing techniques.
Of course, there are many other ways to organize a development or maintenance project, and the two described above represent extremes.Which structure is preferable? The more people on the project, the more need there is for a formal structure. Certainly, a development team with only three or four members does not always need an elaborate organizational structure. However, a team of several dozen workers must have a welldefined organization.In fact, your company or your customer may impose a structure on the development team, based on past success, on the need to track progress in a certain way, or on the desire to minimize points of contact. For example, your customer may insist that the test team be totally independent of program design and development.


[1]
[SECTION]: Planning and Managing the Project > 3.2 Project Personnel > Project Organization
[CONTENT]: Researchers continue to investigate how project team structure affects the resulting product and how to choose the most appropriate organization in a given situation. A National Science Foundation (1983) investigation found that projects with a high degree  of  certainty, stability, uniformity, and  repetition  can  be  accomplished  more effectively  by  a  hierarchical  organizational  structure  such  as  the  chief  programmer team.These projects require little communication among project members, so they are well-suited to an organization that stresses rules, specialization, formality, and a clear definition of organizational hierarchy.
|    | 0                 | 1                                       | 2                                       |
|---:|:------------------|:----------------------------------------|:----------------------------------------|
|  0 | TABLE 3.5         | Comparison of Organizational Structures | Comparison of Organizational Structures |
|  1 | Highly Structured | Highly Structured                       | Loosely Structured                      |
|  2 | High certainty    | High certainty                          | Uncertainty                             |
|  3 | Repetition        | Repetition                              | New techniques or technology            |
|  4 | Large projects    | Large projects                          | Small projects                          |
On the other hand, when there is much uncertainty involved in a project, a more democratic approach may be better. For example, if the requirements may change as development proceeds, the project has a degree of uncertainty. Likewise, suppose your customer is building a new piece of hardware to interface with a system; if the exact specification of the hardware is not yet known, then the level of uncertainty is high. Here, participation in decision making, a loosely defined hierarchy, and the encouragement of open communication can be effective.


[2]
[SECTION]: Planning and Managing the Project > 3.10 What This Chapter Means For Your Development Team
[CONTENT]: At  the  same  time, you  have  learned  how  to  organize  a  development  team  so  that team interaction helps produce a better product. There are several choices for team structure, from  a  hierarchical  chief  programmer  team  to  a  loose, egoless  approach. Each has its benefits, and each depends to some degree on the uncertainty and size of the project.
We have also seen how the team can work to anticipate and reduce risk from the project's beginning. Redundant functionality, team reviews, and other techniques can help us catch errors early, before they become embedded in the code as faults waiting to cause failures.
Similarly, cost estimation should be done early and often, including input from team members about progress in specifying, designing, coding, and testing the system. Cost estimation and risk management can work hand in hand; as cost estimates raise concerns about finishing on time and within budget, risk management techniques can be used to mitigate or even eliminate risks.


[3]
[SECTION]: Planning and Managing the Project > 3.2 Project Personnel > SIDEBAR 3.2 STRUCTURE VS. CREATIVITY
[CONTENT]: K unde (1997) reports the results of experiments by Sally Philipp, a developer of software training materials. When Philipp teaches a management seminar, she divides her class into two groups. Each group is assigned the same task: to build a hotel with construction paper  and  glue. Some  teams  are  structured, and  the  team  members  have  clearly  defined responsibilities. Others are left alone, given no direction or structure other than to build the hotel. Philipp claims that the results are always the same.'The unstructured teams always do incredibly creative, multistoried Taj Mahals and never complete one on time. The structured teams do a Day's Inn [a bland but functional small hotel], but they're finished and putting chairs around the pool when I call time,' she says.
One way she places structure on a team is by encouraging team members to set deadlines. The overall task is broken into small subtasks, and individual team members are responsible for time estimates. The deadlines help to prevent 'scope creep,' the injection of unnecessary functionality into a product.
The experts in Kunde's article claim that good project management means finding a balance between structure and creativity. Left to their own devices, the software developers will focus only on functionality and creativity, disregarding deadlines and the scope of the specification. Many  software  project  management  experts  made  similar  claims. Unfortunately, much of this information is based on anecdote, not on solid empirical investigation.
The two types of organizational structure can be combined, where appropriate. For instance, programmers may be asked to develop a subsystem on their own, using an egoless approach within a hierarchical structure. Or the test team of a loosely structured project may impose a hierarchical structure on itself and designate one person to be responsible for all major testing decisions.
","[
  {
    ""role"": ""paragraph"",
    ""segment"": ""A highly hierarchical Chief Programmer team would face fewer communication bottlenecks because, for projects with high certainty, stability, uniformity, and repetition, hierarchical structures are described as being more effective and requiring little communication among project members, which suits an organization that stresses rules, specialization, formality, and a clear definition of organizational hierarchy."",
    ""citations"": [
      {
        ""type"": ""source_text"",
        ""content"": ""Researchers continue to investigate how project team structure affects the resulting product and how to choose the most appropriate organization in a given situation. A National Science Foundation (1983) investigation found that projects with a high degree  of  certainty, stability, uniformity, and  repetition  can  be  accomplished  more effectively  by  a  hierarchical  organizational  structure  such  as  the  chief  programmer team.These projects require little communication among project members, so they are well-suited to an organization that stresses rules, specialization, formality, and a clear definition of organizational hierarchy."",
        ""img_id"": null
      }
    ],
    ""type"": null
  }
]","A highly hierarchical Chief Programmer team would face fewer communication bottlenecks because, for projects with high certainty, stability, uniformity, and repetition, hierarchical structures are described as being more effective and requiring little communication among project members, which suits an organization that stresses rules, specialization, formality, and a clear definition of organizational hierarchy.",1.66,5.538
"Based on the distinction between an error, a fault, and a failure outlined in Chapter 1, what does a single-element cut-set (e.g., {A1}) derived from a fault-tree analysis strictly represent in terms of a system's observable behavior versus its internal developer view? -Required source types: both -Brief reasoning type label: synthesis","
[0]
[SECTION]: Designing the Architecture > 5.7 Architecture Evaluation And Refinement > Safety Analysis
[CONTENT]: The cut-set is the set of leaf nodes in the cut-set tree. For example, consider the fault tree on the left side of Figure 5.12. G1 is the top logic gate in the fault tree, and its or condition leads us to expand its corresponding node in the cut-set tree to have two child nodes, G2 and G3. In turn, G2 in the fault tree is composed of both G4 and G5,so G2 in the cut-set tree is expanded to have a composition child node with label {G4, G5}. Continuing in this manner, we end up with the cut-set {A1,A3}, {A1,A4}, {A2,A3}, {A2, A4}, {A4,A5}.The cut-set represents the set of minimal event combinations that could lead to the failure listed at the top of the cut-set tree.Thus, if any member of the cut-set is a singleton event set, {A i }, then the top failure could be caused by a single event, A i . Similarly, the  cut-set  element  {A i , A j }  means  that  the  top  failure  can  occur  if  both events A i and A j occur, and cut-set element {A i , A j , . . ., A n }  means that failure can occur only if all of the composite events occur.Thus, we have reasoned from a failure to all possible causes of it.


[1]
[SECTION]: Why Software Engineering? > 1.2 How Successful Have We Been? > SIDEBAR 1.1 TERMINOLOGY FOR DESCRIBING BUGS
[CONTENT]: O ften, we talk about 'bugs'in software,meaning many things that depend on the context.A 'bug' can be a mistake in interpreting a requirement, a syntax error in a piece of code, or the (as-yet-unknown) cause of a system crash. The Institute of Electrical and Electronics Engineers (IEEE) has suggested a standard terminology (in IEEE Standard 729) for describing 'bugs' in our software products (IEEE 1983).
A fault occurs when a human makes a mistake, called an error , in performing some software activity. For example, a designer may misunderstand a requirement and create a design that does not match the actual intent of the requirements analyst and the user.This design fault is an encoding of the error, and it can lead to other faults, such as incorrect code and an incorrect description in a user manual.Thus, a single error can generate many faults, and a fault can reside in any development or maintenance product.
A failure is a departure from the system's required behavior. It can be discovered before or after system delivery, during testing, or during operation and maintenance. As we will see in Chapter 4, the requirements documents can contain faults. So a failure may indicate that the system is not performing as required, even though it may be performing as specified.
Thus, a  fault  is  an  inside  view  of  the  system, as  seen  by  the  eyes  of  the  developers, whereas a failure is an outside view: a problem that the user sees. Not every fault corresponds to a failure; for example, if faulty code is never executed or a particular state is never entered, then the fault will never cause the code to fail. Figure 1.4 shows the genesis of a failure.


[2]
[SECTION]: Designing the Architecture > 5.5 Achieving Quality Attributes > SIDEBAR 5.6 THE NEED FOR SAFE DESIGN
[CONTENT]: Anthes (1997) reports the suggestions of Alan Barbell, a project manager at Environmental Criminology Research, an institute that evaluates medical devices. Barbell notes that software designers must see directly how their products will be used, rather than rely on salespeople and marketers. Then the designers can build in preventative measures to make sure that their products are not misused.
How do faults occur? As we saw in Chapter 1, a fault in a software product is the result  of  some  human  error. For  example, we  might  misunderstand  a  user-interface requirement and create a design that reflects our misunderstanding. The design fault can be propagated as incorrect code, incorrect instructions in the user manual, or incorrect test scripts. In this way, a single error can generate one or more faults, in one or more development products.
We distinguish faults from failures. A failure is an observable departure of the system from its required behavior. Failures can be discovered both before and after system delivery,because they can occur in testing as well as during operation.In some sense,faults and failures refer respectively to invisible and visible flaws. In other words, faults represent flaws that only developers see, whereas failures are problems that users or customers see.
It is important to realize that not every fault corresponds to a failure, since the conditions  under  which  a  fault  manifests  itself  as  an  observable  failure  may  never be met. For example, fault-containing code may never be executed or may not exceed the boundaries of correct behavior (as with Ariane-4).
We make our software more reliable by preventing or tolerating faults. That is, rather than waiting for the software to fail and then fixing the problem, we anticipate what might happen and construct the system to react in an acceptable way.


[3]
[SECTION]: Designing the Architecture > 5.7 Architecture Evaluation And Refinement > Safety Analysis
[CONTENT]: [FIGURE 5.12 Cut-set tree generated from a fault tree.] 
Once we know the points of failure in our design, we can redesign to reduce the vulnerabilities.We have several choices when we find a fault in a design:
 - Correct the fault.
 - Add components or conditions to prevent the conditions that cause the fault.
 - Add components that detect the fault or failure and recover from the damage.
Although the first option is preferable, it is not always possible.
[FIGURE_DESCRIPTIONS]
[0] Diagram displays two tree-like structures: a fault tree on the left and a cut-set tree on the right. Top node labeled G1 branches into G2 and G3; G2 further splits into G4 and G5, while G3 splits into A5 and A4. Leaves under G4 include A1, A2, A3, and under G5 include A4. The fault tree emphasizes logical gates with circular leaves A1–A5 and intermediate events labeled G1–G5. The cut-set tree on the right mirrors the fault tree: root G1 branches into G2 and G3, each branch further into leaf sets like {A1, A3}, {A1, A4}, {A2, A5}, {A2, A4}. Visible text includes exact set notations in braces and gate labels, illustrating the decomposition from failure event G1 into minimal cut-sets across two trees. The diagram contrasts fault tree representation with cut-set extraction, showing hierarchical relationships and event compositions.

","[
  {
    ""role"": ""paragraph"",
    ""segment"": ""A single-element cut-set, such as {A1}, means the top failure could be caused by a single event; i.e., the observable failure can be triggered by that one event alone, not a combination of events."",
    ""citations"": [
      {
        ""type"": ""source_text"",
        ""content"": ""Thus, if any member of the cut-set is a singleton event set, {A i }, then the top failure could be caused by a single event, A i ."",
        ""img_id"": null
      },
      {
        ""type"": ""source_text"",
        ""content"": ""A fault occurs when a human makes a mistake, called an error , in performing some software activity."",
        ""img_id"": null
      },
      {
        ""type"": ""source_text"",
        ""content"": ""A failure is a departure from the system's required behavior."",
        ""img_id"": null
      }
    ],
    ""type"": null
  }
]","A single-element cut-set, such as {A1}, means the top failure could be caused by a single event; i.e., the observable failure can be triggered by that one event alone, not a combination of events.",1.579,7.061
How does the graphical representation of conditions and states in Lai's process transition diagram differ structurally from the representation of enabling conditions and state transitions in a high-level Petri net model like the one used for the library problem? -Required source types: both -Brief reasoning type label: structure interpretation,"
[0]
[SECTION]: Capturing the Requirements > 4.5 Modeling Notations > State Machines
[CONTENT]: State-machine notations are used to represent collections of event traces in a single model.A state machine is a graphical description of all dialog between the system and its  environment. Each node, called a state , represents a stable set of conditions that exists between event occurrences. Each edge, called a transition , represents a change in behavior or condition due to the occurrence of an event; each transition is labeled with the triggering event, and possibly with an output event, preceded by the symbol '/', that is generated when the transition occurs.
State machines are useful both for specifying dynamic behavior and for describing how behavior should change in response to the history of events that have already occurred. That is, they are particularly suited for modeling how the system's responses to the same input change over the course of the system's execution. For each state, the set of transitions emanating from that state designates both the set of events that can trigger a response and the corresponding responses to those events. Thus, when our turnstile (shown in Figure 4.8) is in the unlocked state, its behavior is different from when it is in state locked ; in particular, it responds to different input events. If an unanticipated event occurs (e.g., if the user tries to push through the turnstile when the machine is in state locked ), the event will be ignored and discarded. We could have specified  this  latter  behavior  explicitly  as  a  transition  from  state locked to  state locked , triggered by event push ; however, the inclusion of such 'no-effect' transitions can clutter the model. Thus, it is best to restrict the use of self-looping transitions to those that have an observable effect, such as an output event.


[1]
[SECTION]: Capturing the Requirements > 4.5 Modeling Notations > Example: UML Statechart Diagrams
[CONTENT]: A superstate can actually comprise multiple concurrent submachines, separated by dashed lines.The UML statechart for Publication includes two submachines:one that indicates  whether  or  not  the  publication  is  out  on  loan, and  another  that  indicates whether  or  not  the  publication  is  on  reserve. The  submachines  are  said  to  operate concurrently , in that a Publication instance could at any time receive and respond to events of interest to either or both submachines. In general, concurrent submachines are used  to  model  separate, unrelated  subbehaviors, making  it  easier  to  understand  and consider each subbehavior. An equivalent statechart for Publication in Figure 4.10 that does not make use of state hierarchy or concurrency is comparatively messy and repetitive. Note  that  this  messy  statechart  has  a  state  for  each  combination  of  states from Figure 4.9 ( stacks = Publication is in library and not on reserve, onloan = Publication is on loan and not on reserve, etc.). 3 State transitions are labeled with their enabling events and conditions and with their side effects.Transition labels have syntax where  the  triggering event is  a  message  that  may  carry  parameters. The  enabling condition , delimited by square brackets, is a predicate on the object's attribute values. If the transition is taken, its actions , each prefaced with a slash (/), specify assignments made to the object's attributes; the asterisk indicates that a transition may have arbitrarily  many  actions. If  the  transition  is  taken, it  may  generate  arbitrarily  many output events , /^Object.event , each prefaced with a caret an output event may carry parameters and is either designated for a target Object or is broadcast to all objects. For example, in the messy Publication statechart (Figure 4.10), the transition to state recall is enabled if the publication is in state onloan when a request to put the item on reserve is received.When the transition is taken, it sends an event to the Loan object, which in turn will notify the borrower that the item must be returned to the library sooner than the loan's due date. Each of the transition-label elements is optional. For example, a transition need not be enabled by an input event; it could be enabled  only  by  a  condition  or  by  nothing, in  which  case  the  transition  is  always enabled. 1 ¿ 2 ; ' '*''


[2]
[SECTION]: Capturing the Requirements > 4.5 Modeling Notations > Example: UML Statechart Diagrams
[CONTENT]: A UML statechart diagram depicts the dynamic behavior of the objects in a UML class. A UML class diagram gives a static, big-picture view of a problem, in terms of the entities involved and their relationships; it says nothing about how the entities behave, or how their behaviors change in response to input events.A statechart diagram shows how a class's instances should change state and how their attributes should change value as the  objects  interact  with  each  other. Statechart  diagrams  are  a  nice  counterpart  to Message Sequence Charts (MSC).An MSC shows the events that pass between entities without saying much about each entity's behavior, whereas a statechart diagram shows how a single entity reacts to input events and generates output events.
A UML model is a collection  of  concurrently  executing  statecharts-one  per instantiated  object-that  communicate  with  each  other  via  message  passing  (OMG 2003). Every class in a UML class diagram has an associated statechart diagram that specifies the dynamic behavior of the objects of that class. Figure 4.9 shows the UML statechart diagram for the Publication class from our Library class model.
UML statechart diagrams have a rich syntax, much of it borrowed from Harel's original conception of statecharts (Harel 1987), including state hierarchy, concurrency, and intermachine communication. State hierarchy is used to unclutter diagrams by collecting into superstates those states with common transitions.We can think of a superstate as a submachine, with its own set of states and transitions. A transition whose destination state is a superstate acts as a transition to the superstate's default initial state, designated  by  an  arrow  from  the  superstate's  internal  black  circle. A  transition  whose source state is a superstate acts as a set of transitions, one from each of the superstate's internal states. For example, in the Publication state diagram, the transition triggered by event lose can be enabled from any of the superstate's internal states; this transition ends in a final state and designates the end of the object's life.
","[
    {
        ""role"": ""paragraph"",
        ""segment"": ""The chatbot can't answer this question. Please try again with another question."",
        ""citations"": [],
        ""type"": ""abstained""
    }
]",The chatbot can't answer this question. Please try again with another question.,1.559,7.788
"If a system is designed using a pure publish-subscribe architectural style with implicit invocation, why would attempting to model the complete system's dynamic behavior using Message Sequence Charts (MSCs) be inherently difficult or misleading regarding the interactions between the publishing and subscribing components? -Required source types: both -Brief reasoning type label: causal reasoning","
[0]
[SECTION]: Designing the Architecture > 5.4 Architectural Styles And Strategies > Publish-Subscribe
[CONTENT]: This is a common architectural style for integrating tools in a shared environment. For example, Reiss (1990) reports on an environment called Field, where tools such as editors register for events that might occur during a debugger's functioning.To see how, consider that the debugger processes code, one line at a time. When it recognizes that it has reached a set breakpoint, it announces the event 'reached breakpoint'; then, the system forwards the event to all registered tools, including the editor, and the editor reacts to the event by automatically scrolling to the source-code line that corresponds  to  the  breakpoint. Other  events  that  the  debugger  might  announce  include entry and exit points of functions, runtime errors, and comments to clear or reset the program's execution. However, the debugger is not aware of which tools, if any, have registered for the different events, and it has no control over what the other tools will do in response to one of its events. For this reason, a publish-subscribe system will often include  some  explicit  invocations  (e.g., calls  to  access  methods)  when  a  component wants to enforce or confirm a specific reaction to a critical event.
Publish-subscribe  systems  have  several  strengths  and  weaknesses  (Shaw  and Garlan 1996):
 - Such  systems  provide  strong  support  for  system  evolution  and  customization. Because  all  interactions  are  orchestrated  using  events, any  publish-subscribe
 - component can be added to the system and can register itself without affecting other components.
 - For the same reason, we can easily reuse publish-subscribe components in other event-driven systems.
 - Components can pass data at the time they announce events. But if components need to share persistent data, the system must include a shared repository to support  that  interaction. This  sharing  can  diminish  the  system's  extensibility  and reusability.


[1]
[SECTION]: Designing the Architecture > 5.4 Architectural Styles And Strategies > Publish-Subscribe
[CONTENT]: In a publish-subscribe architecture, components interact by broadcasting and reacting to events. A component expresses interest in an event by subscribing to it. Then, when another component announces ( publishes ) that the event has taken place, the subscribing components are notified.The underlying publish-subscribe infrastructure is responsible both for registering event subscriptions and for delivering published events to the appropriate components. Implicit invocation is  a  common form of publish-subscribe architecture, in which a subscribing component associates one of its procedures with each event of interest (called registering the procedure). In this case, when the event occurs, the publish-subscribe infrastructure invokes all of the event's registered procedures. In contrast to client-server and P2P components, publish-subscribe components know nothing about each other. Instead, the publishing component simply announces events and then waits for interested components to react; each subscribing component simply reacts to event announcements, regardless of how they are published. In models of this kind of architecture, the underlying infrastructure is often represented as an event bus to which all publish-subscribe components are connected.


[2]
[SECTION]: Designing the Architecture > 5.4 Architectural Styles And Strategies > Combining Architectural Styles
[CONTENT]: It is easiest to think about an architectural style and its associated properties when we consider the style in its purest form. However, actual software architectures are rarely based purely on a single style. Instead, we build our software architecture by combining different architectural styles, selecting and adapting aspects of styles to solve particular problems in our design.
Architectural styles can be combined in several ways:
 - We might use different styles at different levels of our system's decomposition. For example, we might view our system's overall structure as a client-server architecture, but subsequently decompose the server component into a series of layers. Or a simple intercomponent connection at one level of abstraction may be refined to be a collection of components and connectors at a lower level of decomposition.
For  instance, we  might  decompose  one  architecture's  publish-subscribe  interactions to elaborate the components and protocols used to manage event subscriptions and to notify subscribing components of event announcements.
 - Our architecture  may  use  a  mixture  of  architectural  styles  to  model  different components or different types of interactions among components, such as the architecture  shown  in  Figure  5.10. In  this  example, several  client  components interact  with  each  other  using  publish-subscribe  communications. These  same components  use  server  components  via  request/reply  protocols; in  turn, the server components interact with a shared data repository. In this example, the architecture integrates different styles into a single model by allowing components to play multiple roles (e.g., client, publisher, and subscriber) and to engage in multiple types of interactions.


[3]
[SECTION]: Designing the Architecture > 5.4 Architectural Styles And Strategies > Publish-Subscribe
[CONTENT]:  - Publish-subscribe systems are difficult to test, because the behavior of a publishing component will depend on which subscribing components are monitoring its events.Thus, we cannot test the component in isolation and infer its correctness in an integrated system.


[4]
[SECTION]: Designing the Architecture > 5.4 Architectural Styles And Strategies > Combining Architectural Styles
[CONTENT]: [FIGURE 5.10 Combination of publish-subscribe, client-server, and repository architecture styles.] 
[FIGURE_DESCRIPTIONS]
[0] Diagrammatic slide fragment showing a client-server architecture with labeled components and data flow. Left side contains a KEY box mapping symbols to actions: client, server, repository, publish/subscribe, query, and database transactions. Arrows indicate flows between client or server and repository or database. Right side depicts a Web Server and Web Browser stack, including a Web Server and Web Browser communicating with a Desktop Application labeled as Client Application, Server-side Presentation, and Business Logic. Beneath, two Application Databases are connected to Application Server blocks representing data storage for each application. Text labels include: Web Browser, Web Server, Desktop Client Application, Server-side Presentation, Business Logic, Enterprise Information Systems, Application Databases. The diagram conveys separation of concerns among presentation, logic, and data layers, with explicit data paths for publish/subscribe, database reads/writes, and application communication.

","[
  {
    ""role"": ""paragraph"",
    ""segment"": ""Modeling the complete system's dynamic behavior with MSCs in a pure publish-subscribe architecture using implicit invocation is inherently difficult because publishers and subscribers are decoupled: the publishing component merely announces events and waits for interested components to react, while the infrastructure invokes all of the event's registered procedures, not a direct, one-to-one communication between specific pairs of components."",
    ""citations"": []
  }
]","Modeling the complete system's dynamic behavior with MSCs in a pure publish-subscribe architecture using implicit invocation is inherently difficult because publishers and subscribers are decoupled: the publishing component merely announces events and waits for interested components to react, while the infrastructure invokes all of the event's registered procedures, not a direct, one-to-one communication between specific pairs of components.",1.61,6.654
"Contrast the treatment of future, unanticipated requirements in the Extreme Programming (XP) agile methodology with the strategic approach used when scoping and designing a core asset base for a Software Product Line architecture. -Required source types: text -Brief reasoning type label: comparison","
[0]
[SECTION]: Capturing the Requirements > 4.2 Requirements Elicitation > SIDEBAR 4.2 AGILE REQUIREMENTS MODELING
[CONTENT]: Extreme programming (XP) takes agile requirements processes to the extreme, in that the system is built to the requirements that happen to be defined at the time, with no planning or designing for possible future requirements. Moreover, XP forgoes traditional requirements documentation, and instead encodes the requirements as test cases that the eventual implementation must pass.Berry (2002a) points out that the trade-off for agile methods' flexibility is the difficulty of making changes to the system as requirements are added, deleted, or changed. But there can be additional problems: XP uses test cases to specify requirements, so a poorly written test case can lead to the kinds of misunderstandings described in this chapter.
assumptions  with  which  we  may  not  be  familiar. Likewise, we  as  developers  know about computer solutions, but not always about how possible solutions will affect our customers' business activities.We, too, have our jargon and assumptions, and sometimes we think everyone is speaking the same language, when in fact people have different meanings for the same words. It is only by discussing the requirements with everyone who has a stake in the system, coalescing these different views into a coherent set of requirements, and reviewing these documents with the stakeholders that we all come to an agreement about what the requirements are. (See Sidebar 4.3 for an alternative viewpoint.) If we cannot agree on what the requirements are,then the project is doomed to fail.


[1]
[SECTION]: Modeling the Process and Life Cycle > 2.2 Software Process Models > SIDEBAR 2.2 WHEN IS EXTREME TOO EXTREME?
[CONTENT]: A s with most software development approaches, agile methods are not without their critics. For example, Stephens and Rosenberg (2003) point out that many of extreme programming's practices are interdependent, a vulnerability if one of them is modified. To see why, suppose some people are uncomfortable with pair programming. More coordination and documentation may be required to address the shared vision that is missing when people work on their own. Similarly, many developers prefer to do some design before they write code. Scrum addresses this preference by organizing around monthly sprints. Elssamadissy and Schalliol (2002) note that, in extreme programming, requirements are expressed as a set of test cases that must be passed by the software.This approach may cause customer representatives to focus on the test cases instead of the requirements. Because the test cases are a detailed expression of the requirements and may be solution oriented, the emphasis on test cases can distract the representatives from the project's underlying goals and can lead to a situation where the system passes all the tests but is not what the customers thought they were paying for.As we will see in Chapter 5, refactoring may be the Achilles heel of agile methods; it is difficult to rework a software system without degrading its architecture.


[2]
[SECTION]: Writing the Programs > 7.4 The Programming Process > Whither Programming?
[CONTENT]: As with almost anything, the answer may be 'all things in moderation.' Drobka, Noftz, and Raghu (2004) describe their use of extreme programming on four mission-critical projects. They found that extra steps were needed to adjust extreme programming to the realities of large-scale, mission-critical software. For example, with no architectural guidelines, each programmer had his or her own vision of what the overall architecture should be, and the visions differed considerably.Thus, the high-level architecture document was used as a roadmap to assist the developers in planning. Rather than use prioritized stories, the researchers found it essential to define baseline architectures, using documented scenarios to help describe key abstractions, and to define system boundaries. Finally, documentation was used to assist in communicating among team members. Strict  agile-methods advocates eschew documentation, but Drobke, Noftz, and Raghu found it to be essential. So, too, were design reviews to ensure that the software being built would be maintainable over its likely 30-year life span.
Thus, in the future, programming is likely to be a blend of the good practices that have been advocated for decades and the flexible approaches being espoused by the agile-methods proponents.We will see in Chapter 14 that software engineers are defining a software engineering body of knowledge that describes the information and practices  that  a  good  software  engineer  should  master  in  order  to  produce  high-quality systems.


[3]
[SECTION]: Modeling the Process and Life Cycle > 2.11 Key References > TABLE 2.3 ( continued )
[CONTENT]:  - The  Data  and  Analysis  Centre  for  Software  Engineering  maintains  a  list  of resources about software process at https://www.thedacs.com/databases/url/key/39.
More information about Lai notation is available  in  David Weiss  and  Robert Lai's book, Software Product Line Engineering: A Family-based Software Development Process (Weiss and Lai 1999).
The  University  of  Southern  California's  Center  for  Software  Engineering  has developed a tool to assist you in selecting a process model suitable for your project's requirements and constraints. It can be ftp-ed from ftp://usc.edu/pub/soft_engineering/ demos/pmsa.zip, and more information can be found on the Center's Web site: http:// sunset.usc.edu.
Journals  such  as Software  Process-Improvement  and  Practice have  articles addressing the role of process modeling in software development and maintenance. They also report the highlights of relevant conferences, such as the International Software Process Workshop and the International Conference on Software Engineering. The July/August 2000 issue of IEEE Software focuses on process diversity and has several articles about the success of a process maturity approach to software development.
There are many resources available for learning about agile methods. The Agile Manifesto is posted at http://www.agilealliance.org. Kent Beck's (1999) is the seminal book on extreme programming, and Alistair Cockburn (2002) describes the Crystal family of methodologies. Martin Beck (1999) explains refactoring, which is one of the most difficult steps of XP . Two excellent references on agile methods are Robert C. Martin's  (2003)  book  on  agile  software  development, and  Daniel  H. Steinberg  and Daniel  W. Palmer's  (2004)  book  on  extreme  software  engineering. Two  Web  sites providing additional information about extreme programming  are http://www. xprgramming.com and http://www.extremeprogramming.org.
","[
  {
    ""role"": ""paragraph"",
    ""segment"": ""In XP, future, unanticipated requirements are not planned for; requirements are encoded as test cases and implemented to pass those tests, reflecting a flexible but potentially incomplete view of the future (with documentation for such changes often deemphasized)."",
    ""citations"": [
      {
        ""type"": ""source_text"",
        ""content"": ""Extreme programming (XP) takes agile requirements processes to the extreme, in that the system is built to the requirements that happen to be defined at the time, with no planning or designing for possible future requirements."",
        ""img_id"": null
      },
      {
        ""type"": ""source_text"",
        ""content"": ""XP uses test cases to specify requirements, so a poorly written test case can lead to the kinds of misunderstandings described in this chapter."",
        ""img_id"": null
      }
    ],
    ""type"": null
  },
  {
    ""role"": ""paragraph"",
    ""segment"": ""By contrast, when scoping and designing a Software Product Line (SPL) core asset base, a strategic approach relies on establishing a baseline architecture and describing key abstractions and system boundaries through documented scenarios, using a roadmap-like high-level architecture to guide planning and maintain consistency as the asset family evolves."",
    ""citations"": [
      {
        ""type"": ""source_text"",
        ""content"": ""Thus, in the future, programming is likely to be a blend of the good practices that have been advocated for decades and the flexible approaches being espoused by the agile-methods proponents."",
        ""img_id"": null
      },
      {
        ""type"": ""source_text"",
        ""content"": ""the high-level architecture document was used as a roadmap to assist the developers in planning. Rather than use prioritized stories, the researchers found it essential to define baseline architectures, using documented scenarios to help describe key abstractions, and to define system boundaries."",
        ""img_id"": null
      }
    ],
    ""type"": null
  }
]","In XP, future, unanticipated requirements are not planned for; requirements are encoded as test cases and implemented to pass those tests, reflecting a flexible but potentially incomplete view of the future (with documentation for such changes often deemphasized).

By contrast, when scoping and designing a Software Product Line (SPL) core asset base, a strategic approach relies on establishing a baseline architecture and describing key abstractions and system boundaries through documented scenarios, using a roadmap-like high-level architecture to guide planning and maintain consistency as the asset family evolves.",1.58,7.378
"How does the software industry's definition of Return on Investment (ROI), which focuses primarily on effort reduction and time savings, contrast with the mathematical calculation of a design's ""payback period"" when performing a formal cost-benefit analysis of architectural trade-offs? -Required source types: both -Brief reasoning type label: comparison","
[0]
[SECTION]: Why Software Engineering? > 1.3 What Is Good Software? > Quality in the Context of the Business Environment
[CONTENT]: However, Brodman and Johnson (1995) found that the U.S. government and U.S. industry interpret ROI in very different ways, each different from the other, and both different from the standard business school approaches.The government views ROI in terms of dollars,looking at reducing operating costs,predicting dollar savings,and calculating the cost of employing new technologies. Government investments are also expressed in dollars, such as the cost of introducing new technologies or process improvement initiatives.
On the other hand, industry viewed investment in terms of effort, rather than cost or dollars. That is, companies were interested in saving time or using fewer people, and their  definition  of  return  on  investment  reflected  this  focus  on  decreasing  effort. Among the companies surveyed, return on investment included such items as The cost issues included in the definition involve meeting cost predictions, improving cost performance, and staying within budget, rather than reducing operating costs or streamlining  the  project  or  organization. Figure  1.6 summarizes the frequency with which many organizations included an investment item in their definition of ROI. For example, about 5 percent of those interviewed included a quality group's effort in the ROI effort calculation, and approximately 35 percent included software costs when considering number of dollars invested.
 - training
 - schedule
 - risk
 - quality
 - productivity
 - process
 - customer
 - costs
 - business


[1]
[SECTION]: Why Software Engineering? > 1.3 What Is Good Software? > Quality in the Context of the Business Environment
[CONTENT]: The difference in views is disturbing, because it means that calculations of ROI cannot be compared across organizations. But there are good reasons for these differing views. Dollar savings from reduced schedule, higher quality, and increased productivity are returned to the government rather than the contractor. On the other hand, contractors are usually looking for a competitive edge and increased work capacity as well as greater profit; thus, the contractor's ROI is more effort- than cost-based. In particular, more accurate cost and schedule estimation can mean customer satisfaction and repeat business.And decreased time to market as well as improved product quality are perceived as offering business value, too.
[FIGURE 1.6 Terms included in industry definition of return on investment.] 
[FIGURE_DESCRIPTIONS]
[0] Bar chart illustrating percentage of interviewees across various categories related to software engineering theory versus practice. The horizontal axis ranges from 0% to 70% in 10% increments, labeled at bottom, with a zero-to-seventy percent scale. The vertical axis lists groups (Della/Bella? appears as 'Delta' or 'Della'?) and subcategories such as Facilities, Software costs, Hardware costs, Materials, General, Assessments, SCE costs, Internal R&D, Process, Documentation, Quality group, Software process group, General. Each bar represents the proportion of interviewees endorsing or experiencing a given item, with bars extending to varying lengths (roughly 0% to 60%+). Notable bars show high percentages for 'General' within the lower group and for 'Software process group' in the upper group, while 'Documentation' and 'Process' have mid-range representations. The chart appears to compare theory and practice perspectives, though explicit legend labels for theory vs practice are not visible. Visible text includes 'Percent of interviewees', '0%', '10%', '20%', '30%', '40%', '50%', '60%', '70%'. The layout resembles a horizontal bar chart with category labels on the left and percentage scales on the bottom, indicating a survey of interviewees about particular factors in software engineering projects.



[2]
[SECTION]: Why Software Engineering? > 1.3 What Is Good Software? > Quality in the Context of the Business Environment
[CONTENT]: Even though the different ROI calculations can be justified for each organization, it is worrying that software technology return on investment is not the same as financial ROI. At some point, program success must be reported to higher levels of management, many of which are related not to software but to the main company business, such as telecommunications or banking. Much confusion will result from the use of the same terminology to mean vastly different things.Thus, our success criteria must make sense not only for software projects and processes, but also for the more general business practices they support.We will examine this issue in more detail in Chapter 12 and look at using several common measures of business value to choose among technology options.


[3]
[SECTION]: Evaluating Products, Processes, and Resources > 12.6 Evaluating Resources > Return on Investment
[CONTENT]: Not all investment analysis reflects this reality. Taking the perspective of a financial  analyst, Favaro  and  Pfleeger  (1998)  look  critically  at  the  most  commonly  used approaches: net present value, payback, average return on book value, internal rate of return, and profitability index.They show that net present value (NPV) makes the most sense for evaluating software-related investments.
NPV expresses economic value in terms of total project life, regardless of scale or time frame. Since investment planning involves spending money in the future, we can think of the present value of an investment as the value today of a predicted future cash flow. The NPV calculation uses a discount rate or opportunity cost , corresponding to


[4]
[SECTION]: Designing the Architecture > 5.7 Architecture Evaluation And Refinement > Cost-Benefit Analysis
[CONTENT]: If there are multiple attributes to consider (e.g., the time it takes to update, reindex, and re-sort  the  catalogue), then  a  design's  total  financial  added  value  is  the  sum  of  the added values ascribed to each of the attributes-some of whose added values may be negative if a design improves one attribute at the expense of a conflicting attribute.
Computing Return on Investment (ROI). The return on investment of making one of these design changes is the ratio of the benefits gained from making the change to the cost of its implementation:
[FORMULA]
ROI = Benefits/Cost These costs are estimated using the techniques described in Chapter 3. The estimated costs of the proposed design changes in our example are shown in Table 5.4. In general,
an ROI of 1 or greater means that the design's benefits outweigh its costs. The higher the ROI value, the more effective the design.
Another useful measure is the payback period : the length of time before accumulated benefits recover the costs of implementation. In our example, the payback period for restructuring the sorted-index module (design 2) is $300,000/$280,000 = 1.07 of a year = approximately 13 months We return to calculations such as these in Chapter 12, where we investigate the best techniques for evaluating the return on investing in software reuse.
","[
  {
    ""role"": ""paragraph"",
    ""segment"": ""The software industry defines ROI in terms of effort reduction and time savings rather than pure dollars, meaning companies focus on saving time or using fewer people, i.e., an effort-based ROI rather than a cost-based one. In contrast, a formal cost-benefit analysis for architectural trade-offs uses the payback period to indicate how long it takes for accumulated benefits to recover the costs of implementation, such as the example where the payback period for restructuring the sorted-index module is $300,000/$280,000 = 1.07 of a year = approximately 13 months."",
    ""citations"": [
      {
        ""type"": ""source_text"",
        ""content"": ""On the other hand, industry viewed investment in terms of effort, rather than cost or dollars. That is, companies were interested in saving time or using fewer people, and their definition of return on investment reflected this focus on decreasing effort."",
        ""img_id"": null
      },
      {
        ""type"": ""source_text"",
        ""content"": ""The payback period : the length of time before accumulated benefits recover the costs of implementation. In our example, the payback period for restructuring the sorted-index module (design 2) is $300,000/$280,000 = 1.07 of a year = approximately 13 months"",
        ""img_id"": null
      }
    ]
  }
]","The software industry defines ROI in terms of effort reduction and time savings rather than pure dollars, meaning companies focus on saving time or using fewer people, i.e., an effort-based ROI rather than a cost-based one. In contrast, a formal cost-benefit analysis for architectural trade-offs uses the payback period to indicate how long it takes for accumulated benefits to recover the costs of implementation, such as the example where the payback period for restructuring the sorted-index module is $300,000/$280,000 = 1.07 of a year = approximately 13 months.",1.593,7.459
